Price,Close,High,Low,Open,Volume
Ticker,XLB,XLB,XLB,XLB,XLB
Date,,,,,
2018-01-02,25.99567985534668,26.004149076753325,25.69926356746933,25.767015723383683,17958400
2018-01-03,26.177757263183594,26.207398722721788,26.004142307886287,26.063425226962675,9904600
2018-01-04,26.40642547607422,26.461474601850288,26.275154980866255,26.287859619330668,8240200
2018-01-05,26.61815643310547,26.64779790318197,26.461479860509815,26.52076280066282,9344000
2018-01-08,26.656265258789062,26.681671308310452,26.52499474668608,26.64356061868951,9078200
2018-01-09,26.61391830444336,26.812940967839797,26.596981477080593,26.69013968126162,9511000
2018-01-10,26.453004837036133,26.567336888831537,26.397955712392726,26.56310147098433,8440800
2018-01-11,26.80023193359375,26.80023193359375,26.537690976610023,26.5588648329082,11642600
2018-01-12,26.842578887939453,26.918800254685877,26.749419080729687,26.90186181422254,9097400
2018-01-16,26.529224395751953,26.956909494853175,26.364077033083884,26.923034231078688,17025800
2018-01-17,26.65202522277832,26.770592689578493,26.541928591469492,26.719777368661887,21698800
2018-01-18,26.635089874267578,26.732483488415337,26.47841171576414,26.571571527270113,11787400
2018-01-19,26.795995712280273,26.808700348745713,26.64778841467012,26.75788503356075,9866400
2018-01-22,26.732484817504883,26.75789086529608,26.58851129044604,26.75789086529608,11438000
2018-01-23,26.728248596191406,26.74942084049414,26.5376951667894,26.6774348867971,8043000
2018-01-24,26.842578887939453,26.978083180968966,26.728246837819814,26.79599898433457,11488400
2018-01-25,27.02042579650879,27.134757831879664,26.910327563038297,26.965376679773545,15536600
2018-01-26,27.13899040222168,27.172867279257318,26.842575804851858,27.037363001791572,7762600
2018-01-29,26.829877853393555,27.151701784690207,26.812939411675053,27.117824901253208,10662200
2018-01-30,26.635089874267578,26.842580125827126,26.575805329911898,26.715545047170856,17635000
2018-01-31,26.656265258789062,26.745189662791635,26.478414835445058,26.719781997931392,19825200
2018-02-01,26.29209327697754,26.64355704267486,26.245513371988327,26.46994206111238,18972200
2018-02-02,25.601865768432617,26.186229027466364,25.58069352603877,26.14811834502202,19349400
2018-02-05,24.62369155883789,25.775477894329565,24.62369155883789,25.496000125712083,37141400
2018-02-06,25.428255081176758,25.470601188438746,24.196011628282374,24.26376378456273,38680600
2018-02-07,25.199588775634766,25.661150805298863,25.199588775634766,25.31392083237784,33502000
2018-02-08,24.314577102661133,25.29275035743693,24.306109496685217,25.23770122656068,25600000
2018-02-09,24.7380313873291,24.903178799391014,23.975819148040767,24.581354812917482,52835000
2018-02-12,25.237699508666992,25.385908448577936,24.860828070178663,24.93281563878425,20940400
2018-02-13,25.174182891845703,25.28851494932924,25.076789275916475,25.136072206017857,13552600
2018-02-14,25.51294708251953,25.563760798687746,24.915880667691553,24.966694383859767,15999400
2018-02-15,25.70349884033203,25.720437283049435,25.39014411141532,25.695029618973333,12298200
2018-02-16,25.610334396362305,25.860170727646143,25.496002351672562,25.584926736873967,16917000
2018-02-20,25.49601173400879,25.68656521194724,25.40285351228041,25.50024715315137,10487400
2018-02-21,25.407081604003906,25.86017443004821,25.402847801152287,25.51717824687221,9994600
2018-02-22,25.576461791992188,25.813593510521123,25.483301979519428,25.51717724702127,9058800
2018-02-23,25.95333480834961,25.96180402957505,25.593400175293052,25.724670681279154,7064000
2018-02-26,26.067668914794922,26.08460574323435,25.80936330086155,26.06343349618089,6509000
2018-02-27,25.707733154296875,26.08037082479206,25.707733154296875,26.04226013558984,11837200
2018-02-28,25.25040054321289,25.805120692007428,25.246165125778997,25.77971464875788,11141400
2018-03-01,24.992095947265625,25.343559686675274,24.805777956583036,25.237696861559108,19925000
2018-03-02,24.96668815612793,25.034440299231647,24.716851825557004,24.84388689195916,16019400
2018-03-05,25.296979904174805,25.368965845633294,24.818479510658566,24.852354772715966,13161200
2018-03-06,25.576461791992188,25.76701360428474,25.288514749202466,25.41131441115266,17615000
2018-03-07,25.48330307006836,25.551055223310154,25.263108168197842,25.30545265822193,16786600
2018-03-08,25.504470825195312,25.589161405673053,25.330855862118252,25.538347703521794,10334600
2018-03-09,25.966033935546875,25.978736957809176,25.567990289722246,25.66538389618981,11726400
2018-03-12,25.90251350402832,26.122708359063683,25.851699803739667,25.995673300672852,9550400
2018-03-13,25.796655654907227,26.14388725055301,25.767014189417992,26.04225821506227,12138400
2018-03-14,25.479066848754883,25.915222835881245,25.428253139259887,25.910987417809086,10858800
2018-03-15,25.144540786743164,25.534115240543503,25.14030536879305,25.512942996808903,10470600
2018-03-16,25.142847061157227,25.278869092924413,25.04933130625084,25.09608918370403,11053000
2018-03-19,24.781530380249023,25.087580677987766,24.598750521489507,25.070577523333377,12682400
2018-03-20,24.756025314331055,24.951556712881555,24.70501585439705,24.870792545407692,7228800
2018-03-21,25.036575317382812,25.261861463600603,24.73052498930564,24.815539149494878,9707400
2018-03-22,24.288454055786133,24.92605786175116,24.27570249855014,24.836793718078535,15399400
2018-03-23,23.812374114990234,24.411721555088356,23.791120981669618,24.343710555556303,15817800
2018-03-26,24.301204681396484,24.322459437988748,23.867635536890926,24.092921687478558,11684200
2018-03-27,24.054664611816406,24.517990076149903,23.931394162243684,24.36496491413,14582000
2018-03-28,23.748615264892578,24.18643763457672,23.672102680734586,24.097171872052204,23688400
2018-03-29,24.203441619873047,24.33096368738497,23.837883440404934,23.859136577820102,12421400
2018-04-02,23.67635154724121,24.24169266323925,23.468066954077663,24.12267382229442,18658800
2018-04-03,24.01215362548828,24.08016461507865,23.58283293622227,23.73160809073926,13572800
2018-04-04,24.169435501098633,24.19068863726232,23.47657223589211,23.612594253152118,12873400
2018-04-05,24.620004653930664,24.705018809145177,24.245944965403034,24.284201254174057,15388600
2018-04-06,24.02065658569336,24.492483594419443,23.86763305610202,24.37771473109336,15822800
2018-04-09,24.15243148803711,24.44147866985359,23.982403161729664,24.15243148803711,12578400
2018-04-10,24.649761199951172,24.785783200867982,24.441476598947844,24.475482909932122,25605200
2018-04-11,24.466981887817383,24.568997580066632,24.37346615199708,24.471231866031857,12914800
2018-04-12,24.726272583007812,24.82828989620961,24.513738000221732,24.577499023661627,7073600
2018-04-13,24.70077133178711,24.930309087651814,24.611507189454272,24.86229808089675,8643600
2018-04-16,25.032316207885742,25.070572487418563,24.756022297046258,24.88354268831908,12664200
2018-04-17,25.31711769104004,25.389378664028865,25.08332837487612,25.193847255519067,9562400
2018-04-18,25.49989891052246,25.610416175575015,25.402131579520823,25.461642622329247,9472400
2018-04-19,25.215099334716797,25.529651187825213,25.121583612155657,25.529651187825213,11639200
2018-04-20,25.079076766967773,25.295861293353468,24.97280949253147,25.21935034754846,8702200
2018-04-23,25.006826400756836,25.108842119421478,24.938813759632925,25.028079540352753,6195400
2018-04-24,24.330961227416992,25.100335426028014,24.075918739689516,25.100335426028014,17448400
2018-04-25,24.462730407714844,24.539242988031024,24.152430108214883,24.373466271182703,15901000
2018-04-26,24.615753173828125,24.717770478162603,24.437224918130337,24.577496887391447,9875200
2018-04-27,24.55198860168457,24.683760596226165,24.377710349037844,24.61999958755866,15796800
2018-04-30,24.233190536499023,24.67526282357342,24.207687426309,24.590248672749873,9750400
2018-05-01,24.21193504333496,24.22043661973936,23.897384823921797,24.10141779309761,12562200
2018-05-02,24.15668296813965,24.343712828941406,24.10992509756164,24.250197087785384,12740600
2018-05-03,24.26719856262207,24.424473698793157,23.927143556775054,24.186436005455334,19521600
2018-05-04,24.56899642944336,24.705018427078926,24.097169415734314,24.109922592800853,8905800
2018-05-07,24.56049156188965,24.713516694108634,24.4754790408879,24.594497867498266,9891600
2018-05-08,24.509483337402344,24.611500631105034,24.377711337517592,24.500981761134632,7349200
2018-05-09,24.86229705810547,24.896301749328956,24.60300459879666,24.60300459879666,24065800
2018-05-10,25.04082489013672,25.18534847366457,24.86654659425109,24.883549750315595,9666000
2018-05-11,25.032316207885742,25.236349158224204,24.99831152691754,25.057820934744207,7105000
2018-05-14,25.13008689880371,25.21085107251463,25.032321191978458,25.10458378837717,5571600
2018-05-15,25.053577423095703,25.09608531491405,24.849544406898467,25.002569574423962,14327600
2018-05-16,25.351125717163086,25.385132029997198,25.053576965905584,25.053576965905584,6724800
2018-05-17,25.410634994506836,25.504150732743504,25.291616143303973,25.291616143303973,20734600
2018-05-18,25.44464111328125,25.51690209481523,25.368128531945146,25.38088008833109,6550800
2018-05-21,25.580665588378906,25.640175019269783,25.49140144204259,25.580665588378906,10592000
2018-05-22,25.368127822875977,25.657174983953116,25.342623089306755,25.58066240475563,7705000
2018-05-23,25.30862045288086,25.31712203142707,25.08333267518212,25.20235315331872,7298800
2018-05-24,25.2193546295166,25.351125034424427,25.09183258133326,25.257609298159363,7098800
2018-05-25,25.083332061767578,25.159844645302023,24.99406792148082,25.113088396706768,8115400
2018-05-29,24.649761199951172,25.019570913599367,24.568997022118584,24.87079573530837,11699800
2018-05-30,24.938804626464844,25.015317198197952,24.751774796400586,24.828287368133694,8706200
2018-05-31,24.73052406311035,25.00681966800014,24.71777250708811,24.968563378423248,11556600
2018-06-01,25.108827590942383,25.18959012328026,24.913296225381412,24.913296225381412,7605400
2018-06-04,25.253355026245117,25.304362863939772,25.189594012994355,25.20659716606255,9079800
2018-06-05,25.44464111328125,25.5339052510033,25.24910968164908,25.283114372515005,6651400
2018-06-06,25.91646385192871,25.924965428610296,25.402129002507422,25.474391593545928,16384800
2018-06-07,25.784692764282227,25.95046946170455,25.66992390725677,25.929216329998354,10314600
2018-06-08,25.856952667236328,25.903708903520524,25.61891340097116,25.75918535284343,7572000
2018-06-11,25.895212173461914,25.958973195387838,25.77619332881101,25.822951195355337,5773600
2018-06-12,25.929214477539062,26.018478597233788,25.831448781467234,25.933464454972665,8955800
2018-06-13,25.64866828918457,25.971720075728296,25.6189135833783,25.95896852224271,8118400
2018-06-14,25.68693733215332,25.814457794889574,25.58491998905792,25.754948353713367,5079400
2018-06-15,25.507568359375,25.592978256775016,25.32820904098744,25.520379273814598,13055200
2018-06-18,25.443511962890625,25.49048585849482,25.281233321981592,25.311126541483482,17983000
2018-06-19,24.9780330657959,25.195826783922026,24.76450910999995,25.144581490667377,14423400
2018-06-20,24.89688491821289,25.080515591503747,24.794394364643747,25.080515591503747,10670400
2018-06-21,24.632122039794922,24.862728287757736,24.58941790308702,24.83710482829796,14373000
2018-06-22,24.990840911865234,25.050627351494324,24.815751354783632,24.815751354783632,14228400
2018-06-25,24.60222053527832,24.866989677654015,24.401507576398217,24.866989677654015,19581200
2018-06-26,24.696176528930664,24.77304363878191,24.59368433403205,24.644929616952272,7416200
2018-06-27,24.619306564331055,25.089058497338844,24.610765412759882,24.828559076121433,11575600
2018-06-28,24.713254928588867,24.773041358001127,24.452755518385715,24.627845045546486,11778800
2018-06-29,24.798667907714844,25.09760172115569,24.7645049276675,24.7645049276675,10085800
2018-07-02,24.666284561157227,24.721801241083952,24.491194997442197,24.61931066328208,15365800
2018-07-03,24.62358283996582,24.97803339318093,24.568066154594842,24.824295882343463,6778800
2018-07-05,24.837106704711914,24.85845877467899,24.602230676957063,24.794402564777766,11118400
2018-07-06,24.960952758789062,25.033550127629734,24.679101179712486,24.79440432056999,9061800
2018-07-09,25.183015823364258,25.195826739390654,25.05917153824745,25.08052360797761,9075600
2018-07-10,25.39653968811035,25.409350604091006,25.174474579780856,25.174474579780856,11946600
2018-07-11,24.969486236572266,25.204362208749362,24.858452892523225,25.13176323316989,22691200
2018-07-12,25.029277801513672,25.144580930562082,24.92678558822893,25.123228861269812,13238000
2018-07-13,25.01646614074707,25.106145806538976,24.948136914553146,24.98657128975802,6924000
2018-07-16,24.81575584411621,25.080525108539938,24.76023915624945,25.029279812309866,8983200
2018-07-17,25.140304565429688,25.225714454759462,24.743149964745665,24.837101005914228,15364000
2018-07-18,24.90543556213379,25.25561474024216,24.90543556213379,25.11041837646123,11774400
2018-07-19,24.995115280151367,25.02500850547509,24.820025690801586,24.995115280151367,12835000
2018-07-20,24.892620086669922,24.982299746066424,24.777316969278004,24.892620086669922,14633600
2018-07-23,24.755964279174805,24.89261946026157,24.734610583520162,24.884078307811365,8299000
2018-07-24,25.07625389099121,25.217178854711825,24.93105753588174,24.93105753588174,14233600
2018-07-25,25.272689819335938,25.306852797422074,24.913969589611774,25.08905912858082,9467200
2018-07-26,25.41788673400879,25.46486225539797,25.18728051758453,25.2684190178561,12395400
2018-07-27,25.323936462402344,25.516108315274636,25.259880264150397,25.49475624919065,11041400
2018-07-30,25.27696418762207,25.50757044070126,25.234260049966707,25.349563176506305,6944400
2018-07-31,25.507568359375,25.571626189689585,25.323937650135377,25.332478802781207,10475200
2018-08-01,25.247068405151367,25.5075678539838,25.20009288105919,25.452051177415022,12120800
2018-08-02,25.080520629882812,25.093331544388022,24.79439934554444,25.037816495493246,18536200
2018-08-03,25.319669723510742,25.332480638878874,25.1488499163297,25.165932222859485,10659200
2018-08-06,25.311128616333008,25.409349435470507,25.042087989703433,25.123228131338458,9262200
2018-08-07,25.39653968811035,25.54600580474631,25.370916227090547,25.3837271430712,9514800
2018-08-08,25.28977394104004,25.490485320738696,25.276961397910753,25.417887968925157,13012400
2018-08-09,25.42643165588379,25.56735661188763,25.3709149742782,25.3709149742782,8488200
2018-08-10,25.05916976928711,25.30258693095645,25.02927654796339,25.25561140343107,12104600
2018-08-13,24.80721092224121,25.183013505322453,24.713259869206315,25.080521299369988,10872200
2018-08-14,25.01646614074707,25.14884994385176,24.892621861858206,24.909704168406687,8272000
2018-08-15,24.619306564331055,24.777313795752498,24.350265991542475,24.768772644181325,16990400
2018-08-16,24.768775939941406,24.905431125147455,24.71325926187073,24.71325926187073,12689400
2018-08-17,24.952407836914062,24.999383364510603,24.713260436903667,24.721801590017435,10518000
2018-08-20,25.127500534057617,25.17447606750744,24.99938647950447,24.99938647950447,9683000
2018-08-21,25.2257137298584,25.341016832781452,25.136034081715387,25.178738210624033,9916000
2018-08-22,25.09760284423828,25.255610095776586,25.06770962446234,25.212905961541896,10865400
2018-08-23,24.926782608032227,25.04635711407808,24.858455017030998,25.04635711407808,8884000
2018-08-24,25.251344680786133,25.2855076682431,25.033549323145976,25.05917278553264,9903200
2018-08-27,25.597244262695312,25.6783843863959,25.302581870412173,25.302581870412173,11218200
2018-08-28,25.499027252197266,25.750985553994518,25.417888745504634,25.635682436657643,7686200
2018-08-29,25.69120216369629,25.738177694378468,25.3922683013121,25.503301670026065,8557000
2018-08-30,25.38799476623535,25.6911983458703,25.311126023643638,25.57162547030908,11678600
2018-08-31,25.311128616333008,25.511841645777434,25.25561193453932,25.349562991565804,8561400
2018-09-04,25.136037826538086,25.255610708543,25.007923791667345,25.24279979377343,11944400
2018-09-05,25.30258560180664,25.349561126864383,25.042086147619724,25.11468513063396,9280800
2018-09-06,25.35382843017578,25.503296143507736,25.178738890430107,25.33247636514497,12008200
2018-09-07,25.187284469604492,25.281235527124284,25.020736052407358,25.165932400820477,14598200
2018-09-10,25.21717643737793,25.353831625668345,25.204365522556436,25.255610810900755,9543000
2018-09-11,25.268421173095703,25.3324790039189,24.943865515268662,25.033545175174492,15498000
2018-09-12,25.281232833862305,25.396535947882633,25.165929719841976,25.264150529031532,12482600
2018-09-13,25.379457473754883,25.567357968079776,25.366646557727286,25.481948060092645,8205800
2018-09-14,25.370914459228516,25.481946191127253,25.30685662567184,25.434972292785186,9707400
2018-09-17,25.46059226989746,25.6100599942984,25.36237146023538,25.36237146023538,7766800
2018-09-18,25.486215591430664,25.622870771889414,25.39653593470303,25.53319111516178,8157000
2018-09-19,25.7637996673584,25.870561638539446,25.51184135020879,25.51184135020879,15854400
2018-09-20,26.041378021240234,26.11824676552047,25.93461605741305,25.94315721000622,11195200
2018-09-21,25.98516845703125,26.19541741252834,25.916515503038145,26.148218199755167,16272400
2018-09-24,25.620452880859375,25.93368214164793,25.577545390762904,25.89935647693392,9201400
2018-09-25,25.48743438720703,25.70626516875171,25.457398821834538,25.68051969694005,10138000
2018-09-26,25.23427391052246,25.47455841065506,25.182782971795138,25.36299798370998,17022600
2018-09-27,25.01544761657715,25.217116417093226,24.98541204673209,25.217116417093226,12559800
2018-09-28,24.856685638427734,24.981119637290934,24.80948642252682,24.94250224580979,10761800
2018-10-01,25.10555076599121,25.208531017153753,24.99399032764606,24.99399032764606,8773000
2018-10-02,25.21282196044922,25.277184824196862,25.08409786976955,25.122715260655013,7347600
2018-10-03,25.03261375427246,25.33297111938265,25.011160007510867,25.298643815111333,7870000
2018-10-04,24.91676139831543,25.024031768253696,24.719384310464847,25.024031768253696,11157800
2018-10-05,24.73225212097168,24.963956474368608,24.629273499561275,24.86955804072934,10704000
2018-10-08,24.71937370300293,24.7622811778396,24.53057688536498,24.633557116514336,12580200
2018-10-09,23.89983367919922,24.397568024644546,23.86121628874158,24.397568024644546,22714800
2018-10-10,23.273380279541016,23.92558269110094,23.264798453492077,23.912710770435506,26403400
2018-10-11,23.003055572509766,23.462172568637115,22.92152905378526,23.256213680013087,36573600
2018-10-12,23.067413330078125,23.440715293997133,22.90007186057709,23.37206234146298,21301000
2018-10-15,22.99017906188965,23.209009825842994,22.9815972386423,23.063122104268956,10256000
2018-10-16,23.359188079833984,23.410679020286196,22.98159767074381,23.0631225379033,11053000
2018-10-17,23.209012985229492,23.384936293709544,23.058835149996145,23.333446984031774,17070000
2018-10-18,22.9472713470459,23.324863408911614,22.822837357583314,23.10174090130076,15387800
2018-10-19,22.78421401977539,23.097444776790113,22.74559664129516,22.891484333685472,14211800
2018-10-22,22.604007720947266,22.964436153458646,22.526772939922285,22.88291127873921,26653000
2018-10-23,22.380887985229492,22.496740171173645,21.896025496681546,22.239291960286064,40403800
2018-10-24,21.672897338867188,22.410917752998408,21.62569976731622,22.299357326981433,41268000
2018-10-25,21.951805114746094,22.119146604620344,21.77159170620942,21.801627274298866,28511600
2018-10-26,21.82308006286621,22.050492678969544,21.49268719152204,21.647156755975484,47958600
2018-10-29,21.771587371826172,22.26073982540389,21.548464884142142,22.101978555034343,34825400
2018-10-30,22.269329071044922,22.312236563556162,21.69006810124766,21.71152184750328,46345200
2018-10-31,22.573974609375,22.71986236308456,22.42808685566544,22.522485295364504,26335400
2018-11-01,23.209012985229492,23.264794025522868,22.822839070607113,22.985890460871634,27448600
2018-11-02,23.15323829650879,23.432141937670995,22.848590811853274,23.367779055305533,26879600
2018-11-05,23.22188377380371,23.277664811383588,23.050252204288377,23.17039446663067,15713600
2018-11-06,23.6037654876709,23.625220865663472,23.226175059871494,23.290536283402616,13145200
2018-11-07,24.0285587310791,24.04143064947545,23.63809471717169,23.783982460654443,13562200
2018-11-08,23.925582885742188,24.032853257002685,23.801150499060146,23.895547312734525,12894800
2018-11-09,23.59089469909668,23.783981652559866,23.414971394122578,23.783981652559866,18024800
2018-11-12,23.243337631225586,23.608057787292452,23.196140054224163,23.56085857347546,20119600
2018-11-13,23.1746883392334,23.54369864724709,23.140362674459197,23.29483225798268,19012400
2018-11-14,23.148941040039062,23.479333902791698,23.028797139246368,23.311992424590557,19452600
2018-11-15,23.466459274291992,23.57802134586428,23.071705203966694,23.071705203966694,24067800
2018-11-16,23.70245933532715,23.762530474705954,23.32915730607464,23.393520176446668,17462000
2018-11-19,23.363483428955078,23.77969128944738,23.299120561827717,23.650967192008363,24568400
2018-11-20,22.938690185546875,23.187558171657216,22.83571157094751,23.140358957959354,22518600
2018-11-21,23.12319564819336,23.346318165510166,23.015925301607332,23.015925301607332,14026800
2018-11-23,22.874332427978516,23.028800373292228,22.805679462233815,22.908658092442955,6302200
2018-11-26,23.13606834411621,23.217594857825475,22.998762426813464,23.07170711608935,10714600
2018-11-27,22.85287094116211,23.08886698237837,22.698403037114254,22.96014127378209,11742200
2018-11-28,23.20471954345703,23.20471954345703,22.60400501556334,22.91294410268757,17062000
2018-11-29,23.372060775756836,23.50507494167236,23.14893828576404,23.200427587511488,14276400
2018-11-30,23.432132720947266,23.50078567128584,23.183264752960287,23.209010223143046,12116400
2018-12-03,23.844051361083984,24.088627608588567,23.59089328984751,23.916996044397298,17150200
2018-12-04,23.13606834411621,23.861216958987967,23.097452589389484,23.814017743012215,18091600
2018-12-06,22.82284164428711,22.82284164428711,22.260745994614073,22.749898583752618,26450600
2018-12-07,22.273616790771484,23.170397037896016,22.200673733916332,22.80138674910567,28052600
2018-12-10,22.33368682861328,22.428085261603034,21.930350896702315,22.282197518262358,23329800
2018-12-11,22.260744094848633,22.857166995155325,22.17063575442165,22.728442899022664,20142200
2018-12-12,22.453832626342773,22.71557093081382,22.44095907005903,22.59113855672017,14902000
2018-12-13,22.192087173461914,22.595423039171635,22.11056067223727,22.522479997881586,29257200
2018-12-14,22.02045249938965,22.243574974992484,21.938927640479402,22.02045249938965,15958800
2018-12-17,21.64286231994629,22.200669374481098,21.501266328107835,22.050489922561948,30503200
2018-12-18,21.763010025024414,22.029040045635,21.629994196311266,21.805917512059256,23365800
2018-12-19,21.466938018798828,22.222122062238135,21.368249511143247,21.797330833201606,39400800
2018-12-20,21.179458618164062,21.612830121219545,20.964917913582685,21.406871241239305,46346200
2018-12-21,20.988996505737305,21.64544270529241,20.96740321674755,21.295627140256276,41112200
2018-12-24,20.444841384887695,21.01491287415249,20.431885738869784,20.85080088558759,22656400
2018-12-26,21.360416412353516,21.369054061245098,20.31960360913225,20.539859537209953,34232200
2018-12-27,21.7534122467041,21.76204989236783,21.006273195147486,21.096966003422935,29847200
2018-12-28,21.636812210083008,21.986629538178533,21.554757025821885,21.87002376214669,18906000
2018-12-31,21.81819725036621,21.857065838330048,21.576348075539816,21.71022913351808,15596000
2019-01-02,21.93048095703125,22.012537771194626,21.37768478670448,21.498608537097827,18192600
2019-01-03,21.308582305908203,21.813872176269616,21.265395728897975,21.813872176269616,19668000
2019-01-04,22.14642333984375,22.232798177398095,21.619539960941932,21.65408890748587,17901200
2019-01-07,22.224159240722656,22.48760173863521,22.00822298308455,22.155059704176978,14936600
2019-01-08,22.457368850708008,22.49191943972199,22.206882022744907,22.332125436726457,20657200
2019-01-09,22.466005325317383,22.55238014588113,22.25438709730934,22.513511559000577,16250400
2019-01-10,22.664661407470703,22.677617051169857,22.28461326682633,22.306208202941356,16942800
2019-01-11,22.573972702026367,22.63011658067888,22.427136006101605,22.5480597624646,12372400
2019-01-14,22.401227951049805,22.52215338124279,22.2630288715118,22.375316653300793,23006400
2019-01-15,22.2543888092041,22.396907521216782,22.116189744656367,22.258708456669044,15094200
2019-01-16,22.340761184692383,22.457366941507264,22.224155427877506,22.25870601395419,27437400
2019-01-17,22.733766555786133,22.78559079089333,22.219838909604814,22.219838909604814,20411000
2019-01-18,23.109493255615234,23.21746136428884,22.859008100173018,22.923789624362218,17514800
2019-01-22,22.7899112701416,23.04039645518956,22.65603020647591,23.00152786557454,14866800
2019-01-23,22.63443374633789,22.884920543818968,22.418497533666297,22.82445702040237,11410000
2019-01-24,22.513511657714844,22.651710712237726,22.414181190242942,22.509192010563247,10499400
2019-01-25,22.941062927246094,23.066306326829043,22.763995297562904,22.859007758965493,9834000
2019-01-28,22.90652084350586,22.923796141195723,22.70785986246161,22.776959405758006,11943600
2019-01-29,23.1440486907959,23.208830228559478,22.962661373535642,22.962661373535642,16446000
2019-01-30,23.390214920043945,23.575920229905144,23.144047722779174,23.239060201535008,14146600
2019-01-31,23.040393829345703,23.139725939512346,22.643071978529548,22.889239135548817,24950600
2019-02-01,23.109493255615234,23.165637133415036,22.923789624362218,23.02743808610983,11079000
2019-02-04,23.07062339782715,23.09221833634059,22.915150713782896,23.066305398601962,7115600
2019-02-05,23.239055633544922,23.29519786226242,23.109492588904423,23.122449881846002,8857800
2019-02-06,23.100860595703125,23.217464720157576,23.057672357513667,23.126771891153965,9909800
2019-02-07,22.78127670288086,22.99721297494608,22.595571377107728,22.954026379518243,12736000
2019-02-08,22.759679794311523,22.763997794184046,22.470324378970005,22.65602967528073,9042800
2019-02-11,22.794227600097656,22.871964773632286,22.68625948657319,22.84173383364245,8316600
2019-02-12,23.303844451904297,23.334075401265707,22.94107141210421,23.00585295928619,20139600
2019-02-13,23.33406639099121,23.50249637167057,23.32542874487143,23.43339685017487,14694200
2019-02-14,23.21314811706543,23.381578137483555,23.148366579614027,23.226103765570535,9770000
2019-02-15,23.528411865234375,23.588873747176503,23.35566386646583,23.46794998329225,15294400
2019-02-19,23.675249099731445,23.78753686653163,23.420444271946728,23.44203756634284,24529000
2019-02-20,24.08121109008789,24.22804781339477,23.683889160823938,23.71843810588636,22618000
2019-02-21,23.9862003326416,24.167586001593733,23.886869850006445,24.111443759754035,17103800
2019-02-22,24.089839935302734,24.163259093858787,24.00346678047772,24.107115225252667,9581600
2019-02-25,24.24532127380371,24.314420806159273,24.137353151531723,24.18917738893269,12375800
2019-02-26,24.107118606567383,24.262592942999284,24.09848096038088,24.189173774145306,12384600
2019-02-27,24.068254470825195,24.141673653248723,23.91278010565806,24.05529882288222,9262400
2019-02-28,23.774578094482422,24.063933493289493,23.72275386165976,24.042338552772616,17525000
2019-03-01,23.74434471130371,24.07256866281758,23.66228954715649,23.947325269543537,19683000
2019-03-04,23.852313995361328,23.9516444560834,23.489541090024698,23.79617011844448,15920800
2019-03-05,23.740026473999023,23.860950219416218,23.71411353678285,23.80048834670762,10463400
2019-03-06,23.79185676574707,23.96028678193048,23.75730617398489,23.809132061628162,9231000
2019-03-07,23.59751319885254,23.74434991513963,23.420445539282472,23.740031915011855,23923800
2019-03-08,23.636381149291992,23.653656444260616,23.347027372150116,23.472269142015648,14289200
2019-03-11,23.973241806030273,23.98187945374596,23.70116331656894,23.735712259968842,13715400
2019-03-12,24.063936233520508,24.202135301759846,24.007792347216135,24.007792347216135,14432200
2019-03-13,24.180540084838867,24.331694788882615,24.1330338500072,24.19781373139907,11036800
2019-03-14,23.99915313720703,24.163265137856353,23.94300925455755,24.111440902505997,10079600
2019-03-15,24.02907943725586,24.215586859756318,23.937993224129116,24.09847743251798,14518000
2019-03-18,24.08545684814453,24.120156662515114,23.90328778643363,24.046420384266735,8691000
2019-03-19,24.055097579956055,24.35437771577348,23.946663131808492,24.20256849561987,10542600
2019-03-20,24.033416748046875,24.159201134969397,23.80353619266202,24.042091704515197,22470000
2019-03-21,24.289323806762695,24.380408373939126,23.9249838834781,23.95100875463374,15919400
2019-03-22,23.564983367919922,24.081130927300563,23.52160858063229,24.076792621282323,18247400
2019-03-25,23.521610260009766,23.734142596445984,23.48257377595328,23.55197178598936,13125400
2019-03-26,23.66474151611328,23.738476168331836,23.495582337429408,23.67775312425094,11799600
2019-03-27,23.63438606262207,23.721132345251934,23.465226840503554,23.60402287820648,19565200
2019-03-28,23.864261627197266,23.877273235915567,23.66040426618958,23.66907922352809,9741600
2019-03-29,24.072450637817383,24.081125593353416,23.781847072963977,23.890281535296488,12654600
2019-04-01,24.432458877563477,24.46715705227331,24.21125160229492,24.241613125633123,12908600
2019-04-02,24.514873504638672,24.61896970463942,24.393427386444714,24.493186934186788,14224600
2019-04-03,24.835834503173828,24.991980431253094,24.640653747653733,24.714388405591727,34729000
2019-04-04,25.087400436401367,25.09607539303181,24.840169963459502,24.85318157111577,12205600
2019-04-05,25.07872772216797,25.178487250469807,25.004993066084456,25.09173933098766,7337200
2019-04-08,25.087400436401367,25.113425306292697,24.9572793961023,25.061375566510034,13149400
2019-04-09,24.905229568481445,25.018002349700684,24.831494919250922,24.98330252330129,12221600
2019-04-10,24.8922176361084,24.974628895442365,24.796794769333818,24.926917462055073,7594800
2019-04-11,24.879207611083984,24.970292178119188,24.80980960935542,24.883544262313762,6989200
2019-04-12,25.208847045898438,25.208847045898438,25.004991351856592,25.083064308580305,7217400
2019-04-15,25.091739654541016,25.22619901420112,25.048366521530127,25.208849099165178,5410200
2019-04-16,25.20451545715332,25.208852109140626,24.948609970844043,25.065719429451253,7475000
2019-04-17,25.04836654663086,25.373670008275415,25.039691589104194,25.2565605635339,6740400
2019-04-18,25.07872772216797,25.143789075424316,24.94860667023422,25.07005276476186,7268800
2019-04-22,24.909568786621094,25.06571470198111,24.87486895895049,24.983303438552852,11976200
2019-04-23,25.022335052490234,25.100407994991116,24.809804440354473,24.870527472393263,15290400
2019-04-24,24.866199493408203,25.074393527819133,24.866199493408203,24.996320558092645,7616400
2019-04-25,24.549560546875,24.788117677336196,24.471487605011067,24.75341785669511,10360200
2019-04-26,24.753427505493164,24.818488867266637,24.50186032609934,24.54957011621017,9900200
2019-04-29,24.705713272094727,24.775111278016045,24.614628699556555,24.688363356969653,12113000
2019-04-30,24.918243408203125,24.94860492971689,24.644988060000408,24.770772451745337,6798400
2019-05-01,24.467159271240234,24.952945343287187,24.462822619475304,24.952945343287187,13101800
2019-05-02,24.341371536254883,24.48016753788451,24.172214012679955,24.35004649317909,21946200
2019-05-03,24.579925537109375,24.592938798978516,24.367394896665527,24.389081460342425,12066800
2019-05-06,24.22860336303711,24.32402624627303,23.994384461228424,23.994384461228424,31202200
2019-05-07,23.803537368774414,24.042092892414416,23.67775297563699,23.998719762508543,19502000
2019-05-08,23.7818546295166,23.894625778160243,23.68209343644297,23.78619128137327,12319400
2019-05-09,23.5953426361084,23.68642719883666,23.32642394436954,23.512931375429577,13428800
2019-05-10,23.916311264038086,24.00305918845687,23.452211771163483,23.551971305142423,12945800
2019-05-13,23.37847137451172,23.898955484155238,23.2006389176485,23.47389257883776,14097600
2019-05-14,23.57798957824707,23.755822028961294,23.400157127532847,23.460880161253034,12203800
2019-05-15,23.517269134521484,23.686426648394047,23.322086751369007,23.421846268407215,10524400
2019-05-16,23.84691047668457,23.92498343410621,23.695102867575187,23.695102867575187,9810600
2019-05-17,23.703777313232422,23.872934832471383,23.59967948738909,23.664740835363524,12166600
2019-05-20,23.36546516418457,23.58667246665399,23.32642867872403,23.49124957895509,10032600
2019-05-21,23.725465774536133,23.760163949538804,23.49992184599246,23.534620020995135,8743200
2019-05-22,23.560646057128906,23.76884008116701,23.560646057128906,23.68209215750638,10617000
2019-05-23,23.20064353942871,23.387149334638163,23.096545704015586,23.30907802630202,9845400
2019-05-24,23.330764770507812,23.50425895807951,23.204980367677525,23.434860952135036,8180800
2019-05-28,23.096542358398438,23.400159208579513,23.079192445912952,23.32642290780557,9652200
2019-05-29,23.100875854492188,23.135575674724425,22.857983731180525,22.91870676200844,17477600
2019-05-30,23.139915466308594,23.244013286558538,23.07919242723726,23.109553946772927,8950200
2019-05-31,22.87967872619629,22.979438264272865,22.779919188119713,22.86666711610168,11983600
2019-06-03,23.599681854248047,23.60835681181992,22.87967692157225,22.944738276071817,26310800
2019-06-04,24.263296127319336,24.311007558293014,23.716787132936044,23.855583120543823,35555800
2019-06-05,24.441129684448242,24.497516073995005,24.0767897870162,24.415106469718012,39408000
2019-06-06,24.73173713684082,24.814146748457855,24.475831690201826,24.562579607712806,39823200
2019-06-07,24.95294189453125,25.044028114796493,24.840170763859362,24.89221885074032,46422200
2019-06-10,24.996320724487305,25.14379170666578,24.974634155992053,25.109091873410083,28725200
2019-06-11,24.97896957397461,25.22186343102892,24.93559643912661,25.12644054886847,15737400
2019-06-12,25.06137466430664,25.09607448957923,24.96161514851605,24.991976668340197,7100800
2019-06-13,25.208847045898438,25.2392085674489,25.12209913236333,25.152462308492627,14784200
2019-06-14,25.10040855407715,25.18281980331844,25.013660654413002,25.15679493704563,7875400
2019-06-17,24.870534896850586,25.07872892081105,24.835835065567665,25.061379005169588,15014000
2019-06-18,25.065715789794922,25.239209971940774,24.978967871432534,25.004992743314926,13775600
2019-06-19,24.92691993713379,25.074390902892503,24.796797231492206,25.06571594554447,14332800
2019-06-20,25.243545532226562,25.312943528452514,25.026676587198118,25.243545532226562,13487600
2019-06-21,25.163265228271484,25.272348226482077,25.137086373964596,25.228715692987624,11652000
2019-06-24,25.259252548217773,25.311611908348215,25.062902867136053,25.171985838351002,9203400
2019-06-25,25.272342681884766,25.372700482958148,25.189440220643814,25.2897963572431,11431800
2019-06-26,25.228713989257812,25.33779698010188,25.193808297714373,25.259257093536206,8369600
2019-06-27,25.31161880493164,25.35525300399093,25.250532590723132,25.26798627034685,6878000
2019-06-28,25.525419235229492,25.560326590396276,25.324706936443402,25.350885788344183,10017000
2019-07-01,25.72176742553711,25.72613001243778,25.507964048971772,25.713040587261563,11940200
2019-07-02,25.695587158203125,25.721767673281924,25.529780558319178,25.721767673281924,12640200
2019-07-03,25.82648468017578,25.82648468017578,25.630136655855022,25.67813176691678,4951600
2019-07-05,25.708675384521484,25.708675384521484,25.455603741792572,25.577776144180728,7620200
2019-07-08,25.411968231201172,25.66067725797345,25.368334046564133,25.603953650182277,19583600
2019-07-09,25.163265228271484,25.35525237038578,25.10654326762359,25.32034501201065,10388200
2019-07-10,25.110904693603516,25.368340624051026,25.08036158867537,25.311617001552587,14628200
2019-07-11,25.21998405456543,25.224348305769126,24.9887286749938,25.089084814514962,22183000
2019-07-12,25.46869468688965,25.47742152536322,25.276709233893857,25.289798659367086,8810000
2019-07-15,25.486141204833984,25.503594876878424,25.37269566549268,25.455598110993105,9076600
2019-07-16,25.547231674194336,25.769761868872234,25.477418638789793,25.503599151244266,9052000
2019-07-17,25.320341110229492,25.586503851164448,25.31597852334209,25.551598162642627,14334800
2019-07-18,25.429426193237305,25.451244122900057,25.202533373434292,25.233078142067274,7545600
2019-07-19,25.486141204833984,25.617040416219726,25.407601345107782,25.407601345107782,7622400
2019-07-22,25.420696258544922,25.577776011931313,25.381426320198326,25.542870324775524,5828600
2019-07-23,25.94429588317871,25.94429588317871,25.538507059424294,25.538507059424294,8403400
2019-07-24,25.926841735839844,25.974838513075042,25.804669331586013,25.865755533712928,7529800
2019-07-25,25.73922348022461,25.83957963295432,25.4730607138885,25.83957963295432,12271000
2019-07-26,25.769763946533203,25.77849078472162,25.50360120744614,25.6737703909348,15275400
2019-07-29,25.682498931884766,25.73485830001253,25.599594795835312,25.68686151903112,5783200
2019-07-30,25.85266876220703,25.870122440170128,25.451244155901882,25.490512434607332,8028400
2019-07-31,25.45560646057129,25.900665256843553,25.224351055787647,25.778492841406813,16205400
2019-08-01,25.31161880493164,25.81340127502924,25.198173216326484,25.4250660580113,19565800
2019-08-02,25.014909744262695,25.20689518963491,24.840376310670372,25.17635208842738,14996000
2019-08-05,24.54366683959961,24.8840051538104,24.373497682494214,24.796740114404304,20582200
2019-08-06,24.5742130279541,24.65275290487979,24.27750719611797,24.648390318150206,22989200
2019-08-07,24.914546966552734,24.94945431209541,24.34295333131918,24.364769590046425,46538800
2019-08-08,25.390155792236328,25.398882631049183,25.041090562093594,25.041090562093594,11470200
2019-08-09,25.189443588256836,25.329069680842146,25.054180082857307,25.289799738272883,9249200
2019-08-12,24.7967472076416,25.180718151392306,24.74875042355416,25.15453929787145,45067400
2019-08-13,25.062910079956055,25.372707072362832,24.67457485698823,24.818565219378293,14111200
2019-08-14,24.268789291381836,24.801114949940953,24.24697302075518,24.69639452066835,18258600
2019-08-15,24.27750587463379,24.40840510756006,24.102974118890113,24.40404252106794,17831000
2019-08-16,24.705114364624023,24.761837983767393,24.351686552938638,24.382229656060233,11667600
2019-08-19,24.901466369628906,24.993095687442327,24.862196424212524,24.923282636088135,6656000
2019-08-20,24.60911750793457,24.822919186691767,24.59166383410469,24.796740340420897,9478000
2019-08-21,24.735654830932617,24.831648381638622,24.60911984483501,24.774924768541972,6404600
2019-08-22,24.569847106933594,24.897095994889412,24.513123500301887,24.783648781626002,5214800
2019-08-23,23.9764404296875,24.5654878827453,23.85863060618109,24.460769149277994,18181200
2019-08-26,24.054983139038086,24.20769867015643,23.941535889229215,24.172792976389857,14902600
2019-08-27,24.072431564331055,24.294961778750768,24.01134536099206,24.146608857295693,11189800
2019-08-28,24.26005744934082,24.312418485420952,23.924083289102576,23.993896339401672,7545000
2019-08-29,24.569847106933594,24.678930069585533,24.526212923188467,24.561120270184567,8186800
2019-08-30,24.735654830932617,24.862191481504333,24.657114955713904,24.766197930798327,10142600
2019-09-03,24.539308547973633,24.596030500619555,24.373501948031628,24.543671134917847,11615800
2019-09-04,24.840377807617188,24.85783148492306,24.67893545372356,24.757475337125708,11884000
2019-09-05,24.879650115966797,25.110905536607547,24.857833849496348,25.019276218747,11648200
2019-09-06,24.97563934326172,25.041088131293407,24.822922175572817,24.927642566687325,7904600
2019-09-09,24.844743728637695,25.041093463491357,24.796748606317472,25.028004035992616,13704000
2019-09-10,25.08908462524414,25.093447211940784,24.779289371084484,24.82292189594743,9959000
2019-09-11,25.329072952270508,25.34216404446728,24.97564508797376,25.145814306261013,10816000
2019-09-12,25.525419235229492,25.63013963625554,25.333433775235097,25.503602970487407,21448400
2019-09-13,25.80467414855957,25.883214041519313,25.660685454449695,25.686864309119954,10948000
2019-09-16,25.381425857543945,25.822122009230956,25.355247008772828,25.726128458472576,9467600
2019-09-17,25.586505889892578,25.638865259084394,25.289800023681735,25.368339909706627,8162200
2019-09-18,25.599592208862305,25.63886214710827,25.36833683056614,25.59522962215681,8159200
2019-09-19,25.643226623535156,25.791579539937015,25.595229846982477,25.660680299458704,6528200
2019-09-20,25.583587646484375,25.785309053137247,25.469571708371827,25.737070961797937,10378400
2019-09-23,25.52219581604004,25.601130575067888,25.403793677498268,25.408178198403025,6141600
2019-09-24,25.302932739257812,25.631827007949617,25.22399798094436,25.574818199647066,18071400
2019-09-25,25.434494018554688,25.482732119693036,25.193305185705963,25.302936625441113,9181000
2019-09-26,25.377483367919922,25.478344084447702,25.263467414884186,25.46518884793974,8078000
2019-09-27,25.30731773376465,25.52658058366282,25.206457023552623,25.416949158713734,12372200
2019-09-30,25.52219581604004,25.570433910206255,25.316088203818126,25.320474397565658,7754200
2019-10-01,24.921417236328125,25.64936985777238,24.917031042377346,25.56166438002815,14609000
2019-10-02,24.47412109375,24.724080620918272,24.24170132406295,24.688997760270087,23360800
2019-10-03,24.561824798583984,24.566210992568386,24.16276646098926,24.412725987128656,16530000
2019-10-04,24.693376541137695,24.75038366331273,24.557433006201542,24.57935895110289,12585800
2019-10-07,24.605676651000977,24.860020680469404,24.53112641407287,24.627602600858864,17257200
2019-10-08,24.17592430114746,24.44780978915097,24.167153585683746,24.430268358223536,15613800
2019-10-09,24.447805404663086,24.53551087072816,24.276780665899633,24.412722549100003,17766400
2019-10-10,24.671459197998047,24.789861357185593,24.460967028167875,24.526746563108645,13538800
2019-10-11,25.149442672729492,25.381862379943055,24.934566063967374,24.965262722361963,20600800
2019-10-14,24.96965789794922,25.127527450115224,24.956502659549763,25.06174958527481,9404600
2019-10-15,25.14506721496582,25.267853892796175,25.01350982117001,25.096829113577318,9787600
2019-10-16,25.19768524169922,25.381866897691882,25.131907393221116,25.149447149109648,7689200
2019-10-17,25.263456344604492,25.45640697782408,25.219602787389476,25.320465132562934,6221000
2019-10-18,25.2196102142334,25.32924163029271,25.11874951219995,25.197684265590066,6164200
2019-10-21,25.140676498413086,25.412561934974036,25.140676498413086,25.3336271835785,5849800
2019-10-22,25.035430908203125,25.206455654177702,24.925799489209915,25.123136377966233,8107000
2019-10-23,25.193296432495117,25.302927834139705,25.101206456595847,25.12751692237139,7993000
2019-10-24,25.27223777770996,25.43010730497532,25.136294201933044,25.289777535194993,9324600
2019-10-25,25.548505783081055,25.60990078443577,25.25030985500043,25.276620325595427,8075000
2019-10-28,25.627437591552734,25.758996620759913,25.544118322851727,25.649365211648963,6809000
2019-10-29,25.785310745239258,25.903712884612165,25.45641647126212,25.513425280480803,8291000
2019-10-30,25.80723762512207,25.846705006334567,25.58359024681316,25.706376911544105,12694400
2019-10-31,25.51780891418457,25.829163420751257,25.377480829327496,25.77653913429781,14273400
2019-11-01,25.877397537231445,25.877397537231445,25.62305353338473,25.64936567426925,9332600
2019-11-04,26.079124450683594,26.13174706736991,25.943180878664215,26.070353735762072,6178600
2019-11-05,26.122974395751953,26.267688671853282,26.022113690973466,26.070351783007244,7481000
2019-11-06,26.10543441772461,26.175598462896996,26.00895990113932,26.101049896770053,7988600
2019-11-07,26.280845642089844,26.307157786620873,26.179984930651763,26.250148976558375,8387800
2019-11-08,26.386093139648438,26.390479333868214,26.201913130648663,26.223839083218692,5760200
2019-11-11,26.346620559692383,26.37731721985584,26.197521779108783,26.245758193049564,8242600
2019-11-12,26.482566833496094,26.574656829285587,26.34662493671431,26.429944217736782,9920600
2019-11-13,26.329078674316406,26.469406739145022,26.280840588373607,26.372930567259417,10682000
2019-11-14,26.4913330078125,26.513258954550675,26.254528768218194,26.267685674535105,7162400
2019-11-15,26.469409942626953,26.666746830438324,26.399245901720985,26.622893259345414,6821800
2019-11-18,26.40363883972168,26.482573620010136,26.32909025436215,26.359786927491747,5833200
2019-11-19,26.346620559692383,26.517645287129522,26.258915099435704,26.517645287129522,7262400
2019-11-20,26.017732620239258,26.294002628414688,25.98703427982129,26.245764529984495,11225400
2019-11-21,25.97386932373047,26.048419540546842,25.90809149190198,26.00895217231283,6347200
2019-11-22,26.017732620239258,26.131748575111875,25.98703427982129,26.035272378251484,5749400
2019-11-25,26.188751220703125,26.197521934064923,26.070349099582646,26.10543028018731,6228600
2019-11-26,26.3203125,26.35100916492213,26.10982036645849,26.17121369630275,7871200
2019-11-27,26.42555809020996,26.447485713603896,26.228222862406913,26.368550953345558,10083000
2019-11-29,26.329078674316406,26.412397940045118,26.241373215587902,26.333463194473715,7067200
2019-12-02,26.065963745117188,26.333464656309648,26.065963745117188,26.28522656768903,13946400
2019-12-03,25.899324417114258,25.930021077513786,25.706372068497206,25.83792942347268,17312600
2019-12-04,25.956331253051758,26.24575809988162,25.89932412600342,26.07034885283345,11218600
2019-12-05,26.0878963470459,26.105436104840443,25.868633482606537,26.000190866701573,10409200
2019-12-06,26.355390548706055,26.39924411683397,26.236990096867128,26.302767939795135,13194400
2019-12-09,26.302766799926758,26.447481059213608,26.267685619787297,26.381701546293673,5500400
2019-12-10,26.1448974609375,26.298382434372403,26.096659374224885,26.25891506095686,7099600
2019-12-11,26.342233657836914,26.368545797058704,26.215060827528642,26.26768510597222,6985400
2019-12-12,26.710596084594727,26.74567893799619,26.311537827786992,26.372931148397026,14450800
2019-12-13,26.504493713378906,26.85531562499008,26.49572299830434,26.745684195822303,10166800
2019-12-16,26.618511199951172,26.771994530861548,26.592199054862462,26.74568405861568,17986000
2019-12-17,26.65797233581543,26.776374451711483,26.570266878909933,26.6623568558816,10051600
2019-12-18,26.622894287109375,26.68428761616682,26.4211728708227,26.68428761616682,7347400
2019-12-19,26.71498680114746,26.754454183956945,26.6185122776021,26.64482275091315,6191200
2019-12-20,26.84462547302246,26.884310432719385,26.725570593931693,26.725570593931693,8337800
2019-12-23,26.919586181640625,26.941633008633058,26.765256710628513,26.831397191605813,6288000
2019-12-24,26.9504451751709,27.012176947769298,26.8887134025725,26.932808727331818,2901400
2019-12-26,27.069503784179688,27.069503784179688,26.91517433127411,27.007772003017458,5604800
2019-12-27,26.96808433532715,27.166509099162823,26.95485657842634,27.166509099162823,13605400
2019-12-30,26.884305953979492,27.029816327250515,26.853440066253377,27.025407635603095,6015400
2019-12-31,27.082727432250977,27.109184626761653,26.840209036462614,26.87989398719632,5390000
2020-01-02,26.765254974365234,27.312023649395027,26.734389082165084,27.263521305984053,14714800
2020-01-03,26.333126068115234,26.650603999687938,26.324307003062568,26.49186587493392,24846400
2020-01-06,26.218481063842773,26.38163125143442,26.196434241268555,26.258166017302262,31528800
2020-01-07,26.187623977661133,26.368410674836923,26.10384535089465,26.17439621608361,40533800
2020-01-08,26.280214309692383,26.38604141885803,26.103838037169417,26.19202701446332,16159200
2020-01-09,26.377220153808594,26.42572417137962,26.29344155749981,26.363992397040022,7572400
2020-01-10,26.271398544311523,26.50509791878266,26.227303211915594,26.438955761221237,11274800
2020-01-13,26.61092185974121,26.619740925725715,26.266986696669694,26.29344389462321,8818600
2020-01-14,26.500682830810547,26.66383300855841,26.443361431989054,26.58446310642827,11010200
2020-01-15,26.681474685668945,26.804939936549935,26.491870640157906,26.496279332444917,7797000
2020-01-16,26.840213775634766,26.884309107605137,26.68588431890078,26.774073300776596,18799800
2020-01-17,26.959272384643555,26.963682759484204,26.800532531683253,26.87108339054726,10894400
2020-01-21,26.668249130249023,26.82258028608587,26.62856416812699,26.77407625659615,7614800
2020-01-22,26.562416076660156,26.74761139213354,26.549186638365892,26.725564571062606,5475000
2020-01-23,26.53155517578125,26.55801237695356,26.16116445175923,26.350768506266434,6925200
2020-01-24,26.341947555541992,26.584465979565728,26.231711755343493,26.57123653973783,10493400
2020-01-27,25.773128509521484,25.95832383271564,25.773128509521484,25.874545236327528,13869200
2020-01-28,26.06415557861328,26.147934189933387,25.84368395528827,25.90100704833097,8982200
2020-01-29,26.147932052612305,26.293444119503917,26.134704294554837,26.152342426674704,7138400
2020-01-30,25.984783172607422,26.02005775428944,25.63643763739899,25.80399652606688,17398200
2020-01-31,25.411556243896484,25.76431045578016,25.327775962154586,25.746672324669785,22041400
2020-02-03,25.945098876953125,26.05974337291722,25.486517528966978,25.508564353337203,24321200
2020-02-04,26.4036808013916,26.544782498919467,26.156751989685382,26.26257910386374,27190200
2020-02-05,26.89312744140625,26.941629782155022,26.44336515994994,26.632970877095197,34300800
2020-02-06,26.879898071289062,27.02541014010975,26.78289170747349,27.02541014010975,24751800
2020-02-07,26.49628257751465,26.712345531469452,26.40368488956195,26.712345531469452,15666600
2020-02-10,26.483051300048828,26.553602150367308,26.399271008875974,26.456594100405038,9051200
2020-02-11,26.628562927246094,26.87108138132832,26.61092479333265,26.624154234800248,8116800
2020-02-12,26.774070739746094,26.826983450984336,26.68588176630585,26.809345319883334,6487000
2020-02-13,26.677061080932617,26.844619952088483,26.606510242877203,26.738792853973028,8235600
2020-02-14,26.681474685668945,26.78289311098493,26.61092383462194,26.68588506002093,7255000
2020-02-18,26.615331649780273,26.70792931748857,26.491868092835876,26.64178716508847,9416200
2020-02-19,26.685882568359375,26.787299302141104,26.659425370912693,26.677063502543817,13654800
2020-02-20,26.729978561401367,26.91076522132556,26.53596414262527,26.58887686009785,10361200
2020-02-21,26.60651206970215,26.70352010946325,26.544780292423187,26.619739827100563,13041000
2020-02-24,25.856910705566406,26.050926803044078,25.73785583176827,25.931871929245943,18589800
2020-02-25,24.74131965637207,25.8833624471078,24.67517751307598,25.861315626697294,40124000
2020-02-26,24.657546997070312,25.204317395217803,24.61786371731773,24.873609940758822,28607200
2020-02-27,23.502273559570312,24.534080773505835,23.502273559570312,24.251877378594397,41394400
2020-02-28,23.246524810791016,23.286209763971325,22.554244158029324,22.757077615588795,61483400
2020-03-02,24.243059158325195,24.24746953268612,23.20684321608377,23.466999795234358,33634600
2020-03-03,24.031408309936523,24.754555006462915,23.70951992341271,24.32243080200361,56780400
2020-03-04,25.02793312072754,25.041162559383967,24.11518091047364,24.454707346867625,28159600
2020-03-05,24.234237670898438,24.578174507900894,24.084316916837064,24.304788515041157,28354600
2020-03-06,23.60369110107422,23.802115895505164,23.14511140980212,23.60369110107422,37882200
2020-03-09,21.394563674926758,22.72180193015972,21.324012832157976,21.906057705516623,28490000
2020-03-10,22.263221740722656,22.294087628539,21.182910620956477,22.197079591364933,33436000
2020-03-11,21.2049560546875,21.689992844663593,20.909523270852713,21.628261073073688,29909600
2020-03-12,19.163393020629883,20.508269581230063,18.68276481638192,19.65284029162409,30731600
2020-03-13,20.508270263671875,20.52149970526397,19.048749150932842,20.402444823325414,24228000
2020-03-16,18.250638961791992,19.061974525206434,16.619148769026943,16.619148769026943,28854200
2020-03-17,19.37945556640625,19.577880359099037,18.003713140511195,18.532843678272016,22089800
2020-03-18,18.140405654907227,18.867962715060965,16.9410394357183,18.122767520609727,19751800
2020-03-19,18.603391647338867,18.89441407085747,17.448121018469834,17.827332411977494,17973800
2020-03-20,17.937572479248047,18.788593130657844,17.64654998636618,18.76213592873582,30497400
2020-03-23,17.023157119750977,17.950885995719922,16.938818746773293,17.82659751063626,37354800
2020-03-24,19.025096893310547,19.149385363452218,17.946445689428444,18.097368128873363,23758600
2020-03-25,19.46898651123047,20.25467083766752,18.758762558985683,18.95407495017213,27152800
2020-03-26,20.383394241333008,20.4810504215155,19.6598559583725,19.69980605996505,26767800
2020-03-27,19.646541595458984,20.068236810384633,19.473425022447188,19.62434746694784,28151200
2020-03-30,20.272424697875977,20.35232491198967,19.726441030301334,19.890681300036928,19508400
2020-03-31,19.992773056030273,20.494366710166602,19.912872852250416,20.2102778493063,17017400
2020-04-01,19.0916805267334,19.637665926728843,19.038414277942447,19.26035895675885,20480800
2020-04-02,19.380212783813477,19.855174346726493,19.029539721609268,19.069489838737642,23569200
2020-04-03,18.914127349853516,19.642105685107442,18.829787281276566,19.24704439536381,18531600
2020-04-06,20.321258544921875,20.472181026142557,19.726446612264336,19.726446612264336,20933400
2020-04-07,20.86280059814453,21.586340752588164,20.76070624522238,21.071429145983124,22422600
2020-04-08,21.883743286132812,21.98139947905388,20.849482044018345,21.084742843360868,32927200
2020-04-09,22.82478904724121,22.94907921387246,22.101250642307605,22.123444770644216,61476000
2020-04-13,22.323196411132812,22.709379681770674,22.01247351921464,22.647235442047744,31714600
2020-04-14,22.611719131469727,22.935758100063154,22.380896504532654,22.78927551936077,16524000
2020-04-15,21.573020935058594,21.914815925117814,21.399904365887796,21.892621797099096,11401200
2020-04-16,21.44873809814453,21.65736668159523,21.09362687664622,21.612976720593025,9255800
2020-04-17,22.309877395629883,22.380899622018504,21.950328115357745,21.95476626368678,12609200
2020-04-20,21.75945281982422,22.27436431951943,21.697308591235643,21.919253232368117,9686400
2020-04-21,21.22235107421875,21.46205004354943,21.12469487241143,21.2045950932895,11975400
2020-04-22,21.639602661132812,21.803841222589835,21.42653600735805,21.657358638939854,7665200
2020-04-23,21.790525436401367,22.234414728898194,21.76389146926238,21.76389146926238,12767200
2020-04-24,22.132328033447266,22.194472284916415,21.72838870559394,21.968089412663964,8291400
2020-04-27,22.722698211669922,22.807038282999834,22.1678364510414,22.1989085741723,9722200
2020-04-28,23.144386291503906,23.281992574939505,22.86029742933006,23.09555820082343,13503800
2020-04-29,23.734766006469727,23.85461634386189,23.526137453234824,23.623793659992206,11752600
2020-04-30,23.028980255126953,23.36189727200728,22.99346829387403,23.36189727200728,10813600
2020-05-01,22.545143127441406,22.727137714476534,22.336514566704665,22.629481504207643,10134000
2020-05-04,22.625041961669922,22.65611408242276,22.15008046638672,22.3720251536519,10141000
2020-05-05,22.682743072509766,22.98902778024315,22.633916670765558,22.824787516300802,9034000
2020-05-06,22.292123794555664,22.9180077130104,22.269927972317586,22.74489113669578,7506400
2020-05-07,22.74933433532715,22.953523076139106,22.483001342381453,22.514073468448323,8245800
2020-05-08,23.29531478881836,23.326386910393722,23.006787703718036,23.077809937790814,7567000
2020-05-11,22.940202713012695,23.046735213265247,22.70494188942671,22.909130592663736,8857200
2020-05-12,22.589523315429688,23.16214084554815,22.589523315429688,23.015656582507255,8400000
2020-05-13,22.114572525024414,22.5717781220733,21.91038378200296,22.478561742864013,10532200
2020-05-14,22.38534164428711,22.38534164428711,21.44873477840283,21.706191432456006,10842000
2020-05-15,22.580650329589844,22.59840630964394,22.132322839696403,22.243295175079314,9761200
2020-05-18,23.610475540161133,23.796909960496553,23.299754328441445,23.357458728730183,8851400
2020-05-19,23.384092330932617,23.712569519065426,23.36189820091882,23.521698646303896,9785800
2020-05-20,23.7569580078125,24.01441294804726,23.690373928572342,23.69481377028354,7598600
2020-05-21,23.53057289123535,23.814663487864618,23.441796378923602,23.685935174387776,10491400
2020-05-22,23.495067596435547,23.539455861983804,23.313072998401626,23.503945588205955,7465200
2020-05-26,24.138704299926758,24.267430929703853,23.94339189434134,24.02773195795452,8228800
2020-05-27,24.38283920288086,24.542639620619326,24.07211635653421,24.413911318185196,13983400
2020-05-28,24.609228134155273,24.80897870612563,24.369529141094553,24.724640328317573,10969400
2020-05-29,24.613664627075195,24.698002993406572,24.320697725819894,24.613664627075195,14772600
2020-06-01,24.7823486328125,24.871125167547977,24.587036192465185,24.622548161002463,6466800
2020-06-02,25.230670928955078,25.266181196728912,24.835609675138944,24.862241952643444,8655400
2020-06-03,25.80328941345215,25.989722135063783,25.514760647182463,25.545832767451067,9448200
2020-06-04,25.896503448486328,25.967525673193695,25.656802805110182,25.69675291233954,9007400
2020-06-05,26.557903289794922,26.762092004903366,26.47356322111264,26.575657578666863,11260000
2020-06-08,26.593414306640625,26.744336772758466,26.35815346277894,26.659998395014618,10513000
2020-06-09,26.269371032714844,26.44248760277865,26.114010442478975,26.287127012542783,12017800
2020-06-10,25.971967697143555,26.380346820129773,25.86543519083665,26.380346820129773,10384800
2020-06-11,23.965587615966797,25.31057185312183,23.86349157167723,25.235109780382178,58196800
2020-06-12,24.431673049926758,24.89775658255437,23.9700276662578,24.7956622234686,27863800
2020-06-15,24.689125061035156,24.83560935865727,23.654863760738095,23.788030226474163,13771400
2020-06-16,25.204038619995117,25.6523678449882,24.81785533098502,25.541395499259718,19004800
2020-06-17,24.995407104492188,25.39046831075179,24.9243848841905,25.363834343149918,8050800
2020-06-18,25.013160705566406,25.15520514228536,24.85780013206232,24.90218838354827,7135200
2020-06-19,24.937705993652344,25.47481174760848,24.76014956084361,25.430423486058118,14837000
2020-06-22,25.030092239379883,25.132747545535782,24.7131978478642,24.931899467140596,6738800
2020-06-23,25.088115692138672,25.42732618547756,25.07918892098686,25.405008406294275,6232000
2020-06-24,24.356138229370117,24.847098739496904,24.284725760576993,24.820320127829206,11306000
2020-06-25,24.659639358520508,24.686419670310052,24.070486120009694,24.28918604049842,10509400
2020-06-26,24.320436477661133,24.610548930560274,24.17314728106621,24.565916769378195,16345800
2020-06-29,24.793540954589844,24.90066051401311,24.467721444313536,24.525744609943125,9878200
2020-06-30,25.150596618652344,25.29788576081771,24.637320144304503,24.708732597370602,7877800
2020-07-01,25.204158782958984,25.288960544117113,24.860485799411897,25.177378472937175,16292200
2020-07-02,25.67726707458496,25.887041924670967,25.50319930647418,25.55675822682964,16065800
2020-07-06,26.043258666992188,26.190547840453778,25.708512402878625,26.163767526385975,15728400
2020-07-07,26.052186965942383,26.12806367561315,25.8379495486606,25.855803092419325,14897400
2020-07-08,25.681734085083008,26.23518029461907,25.39161997182418,26.096819593538836,18333600
2020-07-09,25.44071388244629,25.83794580924625,25.155064034078112,25.802240429503925,31458800
2020-07-10,25.882579803466797,25.913822649389644,25.480883637876712,25.49873717914903,9314200
2020-07-13,25.882579803466797,26.409245650140875,25.86472626219448,26.150376112121915,18069200
2020-07-14,26.53421974182129,26.569925123111393,25.7977773112048,25.82902015831144,18868200
2020-07-15,26.980552673339844,27.092134775626104,26.797558093694683,26.998406218331507,16457200
2020-07-16,27.069814682006836,27.27512531114597,26.935914817030653,27.034107597317853,11128800
2020-07-17,27.297441482543945,27.368853949562336,27.163543319710406,27.26173610033851,8155600
2020-07-20,27.060894012451172,27.35547071712561,27.01626014652602,27.28405823425326,7186400
2020-07-21,27.297441482543945,27.431339645377488,27.23049154982342,27.23049154982342,7554200
2020-07-22,27.614334106445312,27.623260877618783,27.243882467087534,27.252809238261005,5899400
2020-07-23,27.529531478881836,27.801792032087466,27.337610161133853,27.592017172547234,8828000
2020-07-24,27.43580436706543,27.57862930362588,27.279588422159744,27.43134013008117,11727000
2020-07-27,27.83303451538086,27.935689825434256,27.525066882613242,27.614332887801066,7281800
2020-07-28,27.221567153930664,27.748233047076624,27.19478683965915,27.748233047076624,9140200
2020-07-29,27.44472885131836,27.525066381657076,27.26619684419199,27.310828994669883,8223000
2020-07-30,26.913599014282227,27.114447111182862,26.690434840527633,27.03410787242261,14042200
2020-07-31,26.94037628173828,27.007324504729848,26.601165822527943,26.962692356068803,10541400
2020-08-03,26.78862762451172,27.087666800121372,26.784163387575962,27.078740028857386,11077800
2020-08-04,27.168004989624023,27.230490683451112,26.627948118567073,26.68150704147494,15835000
2020-08-05,27.565237045288086,27.85535114223753,27.346537115988014,27.42241211520427,11793000
2020-08-06,27.44919204711914,27.60094374605304,27.342072499739203,27.52953128200223,13939400
2020-08-07,27.542922973632812,27.547387210739515,27.17693385083231,27.306369485205256,7971600
2020-08-10,27.810720443725586,27.810720443725586,27.529533103034694,27.569702723133393,6678200
2020-08-11,27.76162338256836,28.212414261595768,27.708064457931172,28.051735785076687,8975200
2020-08-12,27.926767349243164,28.127615466150402,27.85981740940485,28.096372614921243,7929000
2020-08-13,27.922300338745117,28.029418182187033,27.757157634310413,27.792864717196,16852000
2020-08-14,27.95354461669922,28.065126702520587,27.761623292877864,27.797328674984797,5179600
2020-08-17,28.078516006469727,28.279364101458853,27.96247138636907,28.172244549928816,3719600
2020-08-18,27.96247100830078,28.22134055853642,27.93569069512848,28.1677816347993,4764000
2020-08-19,27.88213348388672,28.13654051552283,27.801794242042934,28.069590579783817,6209400
2020-08-20,27.783933639526367,27.80178717820158,27.596476591258106,27.672351576717023,4662400
2020-08-21,27.623260498046875,27.67235688752258,27.471508795398098,27.574164108571168,5512600
2020-08-24,28.109758377075195,28.114222613892228,27.88213167502357,27.975860216891448,7063200
2020-08-25,27.998178482055664,28.30168191025743,27.877669617686646,28.20795336106184,5754800
2020-08-26,28.292755126953125,28.34185152011385,27.89998568427496,27.971398155433935,4762800
2020-08-27,28.21687889099121,28.448969837790692,28.132075414644596,28.390946675438936,7297600
2020-08-28,28.55162811279297,28.578406726955166,28.225808587160458,28.355242528362396,4845800
2020-08-31,28.114219665527344,28.56947472449505,28.114219665527344,28.502524800120533,6109400
2020-09-01,28.904224395751953,28.935467243498888,28.002640940150766,28.11422302570625,18465600
2020-09-02,29.560327529907227,29.60495968297507,28.837274391434136,29.024731477448086,22911200
2020-09-03,28.743549346923828,29.520159801516808,28.440045901820817,29.520159801516808,28891200
2020-09-04,28.76140022277832,29.064903639721166,28.32846117454359,28.91315022864219,27926400
2020-09-08,28.221338272094727,28.498061342025633,28.007100891895895,28.475745267493796,16465800
2020-09-09,28.948856353759766,29.14077767582987,28.551624404277568,28.569477946471878,13236200
2020-09-10,28.67659568786621,29.198799025553193,28.623035061482298,29.091681178000346,14234600
2020-09-11,29.042587280273438,29.18541222433645,28.770326698588445,28.904226573429195,19443800
2020-09-14,29.46213722229004,29.546937298670287,29.16755885793626,29.283605189822474,11562800
2020-09-15,29.604961395263672,29.801343561163517,29.59157208909041,29.60942222717796,8611200
2020-09-16,29.62727165222168,29.966482117392488,29.542471589840023,29.67190720688171,19141200
2020-09-17,29.84598159790039,29.908467302035913,29.15863544719415,29.314849707532957,23226600
2020-09-18,29.332693099975586,29.93969979167137,29.30145025872129,29.93969979167137,18910000
2020-09-21,28.345256805419922,28.766782054356796,28.01790314631173,28.73987393083488,16070800
2020-09-22,28.399065017700195,28.47081372981298,28.165881275677577,28.367673352440633,11727400
2020-09-23,27.56498908996582,28.37216264367009,27.542566224359877,28.34525623131764,14883600
2020-09-24,27.762296676635742,28.044808009259235,27.322835554012766,27.551534063815506,22009400
2020-09-25,28.008934020996094,28.098620352335036,27.40355427805109,27.502209413586375,8869000
2020-09-28,28.46184730529785,28.695031066805754,28.291443458306624,28.408034483748388,8570600
2020-09-29,28.251087188720703,28.569472046488144,28.174854917406467,28.479785713287935,11333400
2020-09-30,28.538082122802734,28.771267615794937,28.313867144828954,28.37664706496169,12347200
2020-10-01,28.134492874145508,28.807136018194534,28.04032129441675,28.67260738938473,29154800
2020-10-02,28.385616302490234,28.6053477369322,27.73090896736654,27.816110044471824,27853200
2020-10-05,28.9282169342041,29.121041948899194,28.60534682390079,28.61431562814527,18641400
2020-10-06,28.564983367919922,29.30937689168993,28.511172261916755,29.071709605437068,31358800
2020-10-07,29.30040740966797,29.376643091219034,28.88337089580768,28.928213200618067,14277800
2020-10-08,29.596384048461914,29.708491563796997,29.443919469806133,29.52463359644753,12583200
2020-10-09,29.8250789642334,29.955124069142382,29.641221030008857,29.843016574005247,9547600
2020-10-12,29.77574920654297,30.0313541398392,29.757811598088093,29.99547892292945,8131200
2020-10-13,29.511171340942383,29.73090446057808,29.399063863219613,29.56498416189885,10341200
2020-10-14,29.596384048461914,29.78920911168825,29.502214146130427,29.542571209451125,8767000
2020-10-15,29.511171340942383,29.547046554913358,29.147944207920194,29.183819421891172,8749800
2020-10-16,29.717453002929688,29.856468621933345,29.600863672473984,29.68606304146097,20165000
2020-10-19,29.372163772583008,29.919248897121076,29.282479144830546,29.81610849608142,10827600
2020-10-20,29.439424514770508,29.7533240858196,29.3497364792931,29.54704673609466,8399800
2020-10-21,29.32731819152832,29.780233380094995,29.32731819152832,29.434940417091585,7800400
2020-10-22,29.48875617980957,29.524627977740295,29.022388594218086,29.313868762868914,7066400
2020-10-23,29.596384048461914,29.81163198325521,29.44840130711964,29.699524467920128,8233000
2020-10-26,28.856468200683594,29.228665900951928,28.632253213232673,29.224180643253135,14833600
2020-10-27,28.582921981811523,28.905790339844913,28.564984375636257,28.865433291886983,9313000
2020-10-28,27.7757511138916,28.15691760636673,27.668128881412997,27.88337505699475,15424600
2020-10-29,28.349740982055664,28.569470691821593,27.59637855589502,27.69503197817537,15086800
2020-10-30,28.331802368164062,28.44839339421902,27.883372449972956,28.233147238762218,14679800
2020-11-02,29.273502349853516,29.37664272876855,28.68157503841341,28.757807297775365,15868400
2020-11-03,29.730905532836914,29.883370065839202,29.421487788363187,29.623279887042415,17784200
2020-11-04,29.22418212890625,29.78023778935184,28.955124814537072,29.591894590168984,22194600
2020-11-05,30.417003631591797,30.645700437544388,29.87440381509323,29.89682325932935,17707400
2020-11-06,30.493228912353516,30.766771386590655,30.367669105408233,30.59188402388142,12151400
2020-11-09,31.179336547851562,32.47081710411765,31.134494233258835,31.955121933178027,32868400
2020-11-10,31.547048568725586,31.61879900808907,31.269024169315234,31.30938122552025,19650600
2020-11-11,31.07619285583496,31.569465052336604,30.865430259386883,31.569465052336604,12835400
2020-11-12,30.42148208618164,30.959600006767698,30.224175261090448,30.937177143775074,11053200
2020-11-13,30.94614601135254,31.035830616055346,30.641213565615285,30.65018065758622,11077200
2020-11-16,31.55601692199707,31.59637397543675,31.20175684972523,31.443909434110374,10964200
2020-11-17,31.439428329467773,31.511175352142807,31.04032589357376,31.358710790677442,13893800
2020-11-18,31.179336547851562,31.63673705194557,31.165884195598675,31.54256374367675,9243000
2020-11-19,31.309375762939453,31.358703326083297,30.851978766172202,31.098613160642774,7465400
2020-11-20,31.282470703125,31.425968133913475,31.14345510802622,31.300408309629635,8858000
2020-11-23,31.542556762695312,31.73538175189249,31.399059335007774,31.529104413419688,8959000
2020-11-24,32.32730484008789,32.42147811519571,31.798160924470825,31.83403271076398,12274400
2020-11-25,31.99098777770996,32.282467900184265,31.932693121714564,32.26901555043523,7890200
2020-11-27,32.15691375732422,32.273506511169245,32.004449204891635,32.134494310863154,4594600
2020-11-30,31.834033966064453,32.13896639969322,31.663631855396233,32.1120617036004,9913400
2020-12-01,32.18381881713867,32.43494193752151,32.03583952086316,32.37664384933029,10474200
2020-12-02,31.771259307861328,32.197269786757474,31.712964649617113,32.08516230619251,10779600
2020-12-03,31.551538467407227,31.968578549114348,31.479788017489987,31.860956295488247,11470200
2020-12-04,32.18830871582031,32.19279397430846,31.677098728165166,31.68606924514146,11538400
2020-12-07,31.977537155151367,32.26005020013514,31.86542967285593,32.165880325556834,8008800
2020-12-08,32.15691375732422,32.23314603354051,31.789201307119985,31.802653659246477,7046600
2020-12-09,32.17484664916992,32.34524878653339,31.869914167770347,32.28246887164955,13517800
2020-12-10,31.977537155151367,32.25107968565215,31.869914930097426,32.00444527735149,7156600
2020-12-11,31.793678283691406,31.941660961036654,31.556011001363302,31.762288329822567,6851600
2020-12-14,31.39009666442871,32.1210362551079,31.376644313258087,32.07170868664959,10226400
2020-12-15,31.9595947265625,32.04031223848952,31.609819981961515,31.690537493888534,8021400
2020-12-16,31.869915008544922,32.07619236592642,31.73538466095971,32.031350057147634,8139200
2020-12-17,32.23762893676758,32.2645336390555,32.04928917825409,32.170363759798754,7591400
2020-12-18,32.38112258911133,32.46184010776351,31.995472602356344,32.26901511438601,10906600
2020-12-21,32.209415435791016,32.29053624884477,31.546929368909137,31.80831903745371,10098600
2020-12-22,32.011131286621094,32.24548191764212,31.966064915530502,32.204919776819985,6653800
2020-12-23,32.05619812011719,32.394201065687845,32.038170883752166,32.186893005005764,8219200
2020-12-24,32.258995056152344,32.258995056152344,31.957046647843402,32.08323383708636,2732600
2020-12-28,32.13280487060547,32.60149911884816,32.11928186872497,32.560940428234794,5322600
2020-12-29,32.05619812011719,32.37617382932282,31.893956431175774,32.30406832220651,6852800
2020-12-30,32.49784851074219,32.56544977025033,32.1463260873113,32.16435331906966,5655000
2020-12-31,32.62404251098633,32.67812421756094,32.27702768257748,32.54292167029622,6500800
2021-01-04,32.31306457519531,33.079206277195055,32.12829150902277,32.912457000316635,18266000
2021-01-05,33.03865051269531,33.128786668220314,32.258992537874946,32.258992537874946,26812000
2021-01-06,34.390663146972656,34.63402561819667,33.358627337618984,33.394681801135775,48521400
2021-01-07,34.647544860839844,34.877387765697435,34.5213576780452,34.59797083355011,18577800
2021-01-08,34.480796813964844,34.74218305971495,34.05265782691446,34.71063626600325,16988400
2021-01-11,34.480796813964844,34.62050355206771,33.845349834188625,33.97153700903543,12240200
2021-01-12,34.9179573059082,35.04864874557603,34.336591857516865,34.44925950011184,17845800
2021-01-13,34.561927795410156,34.96302433555553,34.41771334769883,34.88190349382143,9809200
2021-01-14,34.44474411010742,34.70613380753386,34.40418197992748,34.67458701221293,11074000
2021-01-15,33.95351028442383,34.18786084549582,33.59748365223449,34.12476725713245,19709000
2021-01-19,34.07068634033203,34.31855647050248,33.926471929599074,34.228420314830146,9912400
2021-01-20,34.18335723876953,34.28701296816101,34.03914281418776,34.237438937366356,10326600
2021-01-21,33.68311309814453,34.2104002102314,33.66959353292184,34.142798945774814,12646600
2021-01-22,33.5208740234375,33.65607656277557,33.25047238310477,33.30455408650868,12131800
2021-01-25,33.34510040283203,33.48030289196359,32.75923097272691,33.38566252490835,24149400
2021-01-26,32.885433197021484,33.6786143907913,32.87641785983272,33.55242373855452,13554800
2021-01-27,31.91648292541504,32.380672964871216,31.55144094066656,32.380672964871216,24779000
2021-01-28,32.46630859375,32.66910897690113,32.150837128650494,32.23646563806007,14483400
2021-01-29,31.835359573364258,32.49784566960885,31.673117940065886,32.33109636917925,17979800
2021-02-01,32.209415435791016,32.26800135253,31.69114376563331,32.16434908150392,16012000
2021-02-02,32.6330451965332,32.795283376672295,32.267999835779,32.448268682796325,15789200
2021-02-03,32.696144104003906,32.88993254440911,32.574461151147496,32.72318323204185,12846200
2021-02-04,32.5789794921875,32.754740758703036,32.299562470328574,32.60151096015331,12994200
2021-02-05,33.13779830932617,33.18286466757013,32.82683459226025,32.89443584879755,12575600
2021-02-08,33.412715911865234,33.52989122324728,33.327087402969475,33.42173124877194,12635600
2021-02-09,33.16483688354492,33.45777336475969,33.08371950306417,33.43073423793277,14514000
2021-02-10,33.128787994384766,33.41721682692521,32.91697231835037,33.38116236327193,10917400
2021-02-11,33.16033172607422,33.349612485247725,32.87640714897137,33.22793297959121,13346000
2021-02-12,33.502838134765625,33.520865364576935,33.04315580877605,33.088222164133064,6575800
2021-02-16,33.43975067138672,33.7417025280761,33.39017663991577,33.62903489988633,12385800
2021-02-17,33.42171859741211,33.48481217850143,32.98907198659636,33.34510201608168,11821200
2021-02-18,33.214420318603516,33.372157772031215,33.061193972048635,33.33610330048524,12117600
2021-02-19,33.82283020019531,33.971548886350504,33.394691063456634,33.40370640100776,11360800
2021-02-22,33.95351028442383,34.093220462950754,33.66958913678862,33.7822567500579,12198600
2021-02-23,34.07068634033203,34.160822496004364,33.33158705553277,33.935487264337695,22024400
2021-02-24,34.368133544921875,34.51234796844637,33.962529404277035,34.08871659506808,14763400
2021-02-25,33.57494354248047,34.35910904637441,33.439741052207445,34.300523134371915,20375400
2021-02-26,33.146812438964844,33.59297521454287,32.93048911357823,33.489319499841606,16280200
2021-03-01,33.98506546020508,34.16533091698206,33.583965535349684,33.583965535349684,15016000
2021-03-02,34.17434310913086,34.485303400306165,34.06167548983794,34.0842069506908,15129200
2021-03-03,33.83633041381836,34.29150498781933,33.83182274762118,34.04814602664152,17340400
2021-03-04,33.17837142944336,33.917470952179286,32.60151016246109,33.782268394316716,37034800
2021-03-05,33.93999099731445,34.052658611501094,32.817822522751456,33.520867335006436,23513000
2021-03-08,34.395172119140625,34.908936209542375,33.99407565274528,34.05266157942512,29673000
2021-03-09,34.60699462890625,34.88641162936279,34.37264399927336,34.62502186490445,15732600
2021-03-10,35.17934036254883,35.454249660064654,34.755712403734606,34.77824386715884,14336600
2021-03-11,35.368614196777344,35.6525353085009,35.34607930163673,35.50381325259426,9525000
2021-03-12,35.46326446533203,35.48579592841904,35.269476003399056,35.3641164003882,9627600
2021-03-15,35.503822326660156,35.52635722756024,35.075686716303636,35.46326363105177,9292800
2021-03-16,35.21089172363281,35.50833596145042,35.012599003431454,35.47228148928882,13154200
2021-03-17,35.5263557434082,35.611980798896546,35.09371248327719,35.17933753876553,11091200
2021-03-18,35.328067779541016,35.84633965311103,35.26046650240688,35.44073542864999,13173600
2021-03-19,35.15229034423828,35.39114510028874,34.73767441153401,35.260450274869356,17836800
2021-03-22,35.17401885986328,35.31884226598926,34.88889529730793,35.097082180672494,12876400
2021-03-23,34.44084930419922,35.04277300401691,34.31865595488329,35.015619693693914,20470200
2021-03-24,34.68975830078125,35.17401179140682,34.594718283315856,34.594718283315856,13470600
2021-03-25,35.19211959838867,35.255479618049904,34.350332533904144,34.549462544469975,15393400
2021-03-26,36.06559371948242,36.092747032396346,35.40483663329557,35.52250329116443,15219200
2021-03-29,35.943389892578125,36.28282004922568,35.739733179734436,35.93433994099352,12979600
2021-03-30,35.83930206298828,36.029382133434936,35.744262027764954,35.9298153957165,13140600
2021-03-31,35.662803649902344,36.01581053106905,35.572286851614216,35.9071903731233,14174400
2021-04-01,35.97507858276367,36.002235349794304,35.504401570967005,35.721638442897365,14325800
2021-04-05,36.418601989746094,36.5498487619474,36.16968510231898,36.34618854872624,17460600
2021-04-06,36.500057220458984,36.631303963304205,36.32355381353042,36.35523382367498,12551800
2021-04-07,35.8709831237793,36.50458682999358,35.79404299056164,36.441223351795976,17575600
2021-04-08,35.91624450683594,35.98865449407024,35.61754424572939,35.95245122688453,10828600
2021-04-09,36.228515625,36.237565577131924,35.8936086974594,36.0022288402164,10617600
2021-04-12,36.35523986816406,36.39596983675228,36.196839791105376,36.20588974428185,8856400
2021-04-13,36.26925277709961,36.377869488521064,36.106325983535925,36.29640609173922,9311800
2021-04-14,36.5317497253418,36.68109987547413,36.28283280845457,36.29640946703691,9953200
2021-04-15,36.9616813659668,37.02956808971174,36.56794458339811,36.71276798271829,10863000
2021-04-16,37.40974044799805,37.509303752939566,37.25586360788296,37.3237503475554,12927600
2021-04-19,37.23775863647461,37.47762211379456,37.029575175916484,37.40973882992126,12112600
2021-04-20,36.88022994995117,37.24229029211506,36.74445991128721,37.16987684253695,10643200
2021-04-21,37.55003356933594,37.59529024048074,36.84401983146147,36.88927650260628,10809000
2021-04-22,36.91642761230469,37.5047746606747,36.87117094385987,37.5047746606747,16101000
2021-04-23,37.52288055419922,37.645073912543566,36.94358341922771,37.07935688659939,9370000
2021-04-26,37.7446403503418,37.96187375291003,37.595290228036966,37.672226914243936,8192000
2021-04-27,37.64506912231445,37.753685810673005,37.41425563829804,37.577182397267,8882800
2021-04-28,37.7491569519043,37.90755698490329,37.59075346604355,37.663166882764095,7793600
2021-04-29,37.984500885009766,38.002604242637844,37.595287328162044,37.979974182387146,11571000
2021-04-30,37.58171463012695,37.99808154082477,37.49572453555529,37.821578101444985,10352600
2021-05-03,38.14290237426758,38.36918917378541,37.87588560821056,37.903038919236685,12405600
2021-05-04,38.55928039550781,38.55928039550781,37.862319890177424,37.893999913146985,15622200
2021-05-05,39.04805374145508,39.11141377585595,38.713150209212934,38.713150209212934,15113400
2021-05-06,39.3784294128418,39.40105602084274,38.74029898740761,39.124985852048695,14774400
2021-05-07,39.76765060424805,39.84458730135361,39.215510160806836,39.3874869166069,15089400
2021-05-10,39.59114456176758,40.374095045443006,39.58661785844989,40.22927161504355,18238200
2021-05-11,39.722389221191406,39.77669930424551,39.00279874825558,39.27434225779999,18997000
2021-05-12,38.72219467163086,39.66354855332412,38.67693800388573,39.57303521783387,18269200
2021-05-13,39.31507110595703,39.43273775958006,38.690517308570676,38.78103410312222,22130400
2021-05-14,39.785743713378906,39.88983369961315,39.45536349202778,39.49157020587546,11112600
2021-05-17,40.13422393798828,40.20663391300034,39.60923694448613,39.808370418278294,15624000
2021-05-18,39.690704345703125,40.224741345364734,39.66355103393033,40.202114736508285,13594800
2021-05-19,39.08425521850586,39.256231938398784,38.64073158433866,39.138565291933205,24960000
2021-05-20,39.10689163208008,39.27886837991143,38.95301479213581,39.1521483075238,11750000
2021-05-21,39.192867279052734,39.60923410085147,39.17024067411313,39.32411401800578,13533000
2021-05-24,39.54136276245117,39.695236152766064,39.26076584422256,39.42369264153426,10218400
2021-05-25,39.20644760131836,39.708804546336765,39.16119093434224,39.61829121238452,9688800
2021-05-26,39.220027923583984,39.34222127037435,38.95300771709781,39.220027923583984,12616400
2021-05-27,39.532310485839844,39.726917307478786,39.428220472441794,39.54136389309552,11654600
2021-05-28,39.491573333740234,39.66807676164951,39.333173264188645,39.6182933893815,10690800
2021-06-01,40.04372024536133,40.10708028357231,39.77217327832783,39.948676735181735,13700800
2021-06-02,39.708805084228516,40.10707204588296,39.659021714021705,40.09801864064768,11410200
2021-06-03,39.69975280761719,39.71785616416547,39.21549924175287,39.428209365117404,12528600
2021-06-04,39.785743713378906,39.92604041346083,39.62281695392661,39.86720364024278,10291600
2021-06-07,39.30149459838867,39.80385163237792,39.12499114891818,39.80385163237792,12097600
2021-06-08,39.373905181884766,39.536831962314686,39.025425011603545,39.31959510412055,11581600
2021-06-09,39.066162109375,39.41011909225751,39.05711215452749,39.29697566591515,19761200
2021-06-10,38.8308219909668,39.41916568606444,38.826295287497324,39.36485905588306,12269000
2021-06-11,38.975643157958984,39.25171335485808,38.76745969769887,39.10688992803092,8715600
2021-06-14,38.495914459228516,38.96206477710983,38.28773098973118,38.867024722743416,12375600
2021-06-15,38.4144401550293,38.577366902786316,38.14289672638827,38.55474029790241,20967400
2021-06-16,37.98902893066406,38.432549123213455,37.90303884210626,38.41444576494536,16649000
2021-06-17,37.14271545410156,37.88493588667278,36.690141851174594,37.88040918384199,30323200
2021-06-18,36.54079055786133,36.91190076220687,36.54079055786133,36.758027399536445,23531600
2021-06-21,37.29942321777344,37.353969078914396,36.95397650077329,36.967612099095255,18014200
2021-06-22,37.44941711425781,37.61305120963731,37.18578401971831,37.453963469088535,11156800
2021-06-23,37.20851135253906,37.65395701442153,37.203964997827285,37.558504372589574,10336800
2021-06-24,37.326690673828125,37.544867140552064,37.203963376925046,37.48577840328358,10540600
2021-06-25,37.33124542236328,37.68124200622791,37.29942786636227,37.53124347028593,20219000
2021-06-28,37.33124542236328,37.481243958305264,37.040341062395896,37.449426402304255,10148200
2021-06-29,37.313053131103516,37.69486716521112,37.22214684423876,37.49486917268558,9840000
2021-06-30,37.41304397583008,37.46758981677605,37.20395678731491,37.20850314102336,9728400
2021-07-01,37.61759948730469,37.76305163864879,37.42669072103513,37.71305213651305,14184600
2021-07-02,37.6721305847168,37.717587186016985,37.417590263124346,37.66758769886822,12341200
2021-07-06,37.11305618286133,37.66759351294042,36.85396946757792,37.653954449734066,12216600
2021-07-07,37.499412536621094,37.53123008127141,37.031238607686916,37.122144887301445,13178600
2021-07-08,36.99032974243164,37.190327726511306,36.667607929481896,36.88578786373721,15825600
2021-07-09,37.717594146728516,37.817589671628255,37.39486886362744,37.46759666484808,14981600
2021-07-12,37.8403205871582,37.95395518351604,37.34941829860773,37.49032755623126,20226200
2021-07-13,37.49486541748047,37.85849746422595,37.376687949962566,37.77213407285715,24708800
2021-07-14,37.417598724365234,37.84031954994357,37.308510485850604,37.54032255921262,12376600
2021-07-15,37.422149658203125,37.67214371321652,37.203969686624,37.22669799519476,12688200
2021-07-16,36.8585090637207,37.51759167909735,36.79033109303693,37.49032049082384,19222200
2021-07-19,36.0676155090332,36.24034229250386,35.7630756626064,36.20852474836751,23013400
2021-07-20,36.47670364379883,36.740336726717736,35.858531192469485,35.97216578326014,21231400
2021-07-21,36.87669372558594,36.994874663221374,36.68578845791874,36.73124159767013,13671200
2021-07-22,36.89033889770508,36.99942714474414,36.585795528447896,36.96306323978017,9453400
2021-07-23,37.14942169189453,37.18578212512982,36.744879361034975,37.07214753511991,10392800
2021-07-26,37.463050842285156,37.49941474341185,37.158510973017194,37.24032801662601,11820600
2021-07-27,37.5130500793457,37.681230520001535,36.87669568544948,37.23123851719845,16864400
2021-07-28,37.62214279174805,37.758505702331036,37.25851414328153,37.526690141481104,12214400
2021-07-29,38.035770416259766,38.17667619930556,37.794865638335345,37.885771923941824,12574800
2021-07-30,38.1903076171875,38.42666948246941,37.963038460182965,37.963038460182965,11172400
2021-08-02,37.726680755615234,38.5948506158858,37.726680755615234,38.37212434107738,17010000
2021-08-03,38.11758804321289,38.12213439791848,37.440326841888464,37.76304866893369,13131600
2021-08-04,37.75395584106445,38.16304106696941,37.73577389015173,37.95850018794321,10539600
2021-08-05,37.69941711425781,38.19031596512449,37.66305320890387,37.935775563352664,13964800
2021-08-06,38.2448616027832,38.29486110539355,37.88577584215112,37.922139747295525,14054200
2021-08-09,38.19940185546875,38.29485448909157,37.89031565084864,38.17667355171711,10743600
2021-08-10,38.77666091918945,38.92665938914288,38.1857632151442,38.1857632151442,16047400
2021-08-11,39.322113037109375,39.35393058241595,38.89484588483341,39.07211556123464,16544800
2021-08-12,39.25847244262695,39.363014304898364,38.908476025470314,39.32665041025967,9612600
2021-08-13,39.29484558105469,39.376662636533126,39.22212123610329,39.31302753425578,7815800
2021-08-16,39.09939193725586,39.14939143906147,38.68576379341736,39.05393879048335,12273400
2021-08-17,38.64939880371094,38.93121385435256,38.19940676794759,38.88576070885623,14924000
2021-08-18,38.19940185546875,38.74484646698553,38.17667355171711,38.513034414409645,14712800
2021-08-19,37.85850524902344,38.026685712100104,37.653960880224325,37.767595484717305,15936200
2021-08-20,38.08122634887695,38.16304339905767,37.813050359194634,37.87213910238241,13973600
2021-08-23,38.40848922729492,38.51303456998162,38.19940200977381,38.294854643782216,8095600
2021-08-24,38.64939880371094,38.76757975628358,38.531217851138294,38.59031006135097,11059200
2021-08-25,38.82666778564453,38.953937977838216,38.39485770957987,38.5448562080307,9824400
2021-08-26,38.558494567871094,38.863034473566394,38.540312615132926,38.81303497049966,11541800
2021-08-27,39.067569732666016,39.181204319983664,38.713030375091336,38.75394062980894,10357400
2021-08-30,39.026668548583984,39.29939090372868,39.026668548583984,39.22666656068811,9012600
2021-08-31,38.91303253173828,39.003938824200745,38.72667012398163,39.003938824200745,10608800
2021-09-01,38.81303405761719,38.967578918330275,38.476676609504445,38.87212280173679,14017600
2021-09-02,39.06303024291992,39.14030093673075,38.913031742332294,38.92666733913977,10631000
2021-09-03,38.80393981933594,39.13575086968678,38.79484711042496,39.02211628326618,22878200
2021-09-07,38.549400329589844,38.69485247787699,38.49485794139014,38.66758128377714,13864600
2021-09-08,38.181217193603516,38.47212142812662,38.04940067048336,38.435757531848225,12420000
2021-09-09,38.19485855102539,38.4539452823619,38.07213471738285,38.07213471738285,9871400
2021-09-10,38.18577194213867,38.65849229412181,38.16304363500522,38.37213088279247,17780200
2021-09-13,38.17667007446289,38.635754719183495,37.935765335187824,38.52212014648001,15220000
2021-09-14,37.75850296020508,38.3357651749979,37.676685913367635,38.30849398200296,12087400
2021-09-15,38.15849304199219,38.203949651210536,37.78122884758764,37.85395318020268,12651600
2021-09-16,37.744869232177734,38.04940912853882,37.47214688517,38.01304522417705,11250600
2021-09-17,36.96760559082031,37.60395998735343,36.84942464641428,37.53577853989408,19932000
2021-09-20,36.25724792480469,36.426163583643486,35.77789832487708,36.10203095426028,20155600
2021-09-21,36.17051315307617,36.54486388500205,36.01529268797809,36.48095060025954,15229000
2021-09-22,36.54486083984375,36.91007908179529,36.517466946513316,36.517466946513316,15312200
2021-09-23,37.0653076171875,37.31639456022155,36.782260544462645,36.81878342152648,9516600
2021-09-24,37.01050567626953,37.20681169323529,36.80963343109203,36.89637435205715,7251800
2021-09-27,37.298126220703125,37.508130983457995,37.10182014657258,37.10638637611402,10433000
2021-09-28,36.83704376220703,37.2616126171343,36.72291238704393,37.20682830317127,16570600
2021-09-29,36.68638229370117,36.91464499912091,36.61333655612087,36.832470285849304,13939600
2021-09-30,36.115726470947266,36.946602600998496,36.106594012005594,36.79594837557401,21458800
2021-10-01,36.69095993041992,36.887266057433756,36.0153005797868,36.28921521484915,18500000
2021-10-04,36.53116989135742,36.964871217015016,36.27095048916816,36.73660846130468,17111600
2021-10-05,36.85530471801758,37.060739797418194,36.38508053276648,36.63160471785508,13584200
2021-10-06,36.786827087402344,36.786827087402344,36.09290634934667,36.48095582617375,15448600
2021-10-07,37.26617431640625,37.672481721920036,37.101824862152014,37.101824862152014,16938400
2021-10-08,37.06072998046875,37.4487758515551,36.99225047780358,37.35747217000967,12798000
2021-10-11,37.0653076171875,37.60857061070574,37.060741386801205,37.18856797351138,9673200
2021-10-12,37.11552810668945,37.28900655946049,36.97856905033467,37.0881342056104,15331400
2021-10-13,37.39400100708008,37.56291319321302,36.946604536835885,37.35747813542489,14431400
2021-10-14,38.302486419677734,38.35726724521901,37.65422110867868,37.759220012974666,11374200
2021-10-15,38.4166145324707,38.61292060107728,38.32074461287389,38.503351993241616,11705000
2021-10-18,38.38922119140625,38.46226693101445,38.01943671292432,38.08791622305386,12699800
2021-10-19,38.59010314941406,38.59010314941406,38.27053666618874,38.56271273171288,9591000
2021-10-20,38.90053176879883,38.946183615544214,38.53074728224475,38.62205097573552,9303800
2021-10-21,38.80009841918945,38.813793625901184,38.39835726258932,38.740751362434295,13392200
2021-10-22,38.727054595947266,39.13792819581543,38.727054595947266,38.873142600010084,11568400
2021-10-25,39.1151008605957,39.279450301931156,38.73618389957158,38.97357908506181,10799400
2021-10-26,39.22466278076172,39.384445979245804,38.85944453894273,39.18357716529974,11553800
2021-10-27,38.66314697265625,39.142496673508305,38.63575307331237,39.07401714966851,11404200
2021-10-28,39.04661560058594,39.119661333992205,38.69965533293072,38.70878779111264,8303400
2021-10-29,38.85944747924805,39.18358013013059,38.71792222158575,38.90053309781877,8699200
2021-11-01,38.95075607299805,39.18358505654322,38.81379702785072,38.92336565717386,11040400
2021-11-02,39.393585205078125,39.471193702957386,38.97814533464248,39.051191085361616,13271200
2021-11-03,39.8044548034668,39.97336698958,39.35705833327489,39.4620607185181,19187200
2021-11-04,39.7816276550293,39.950543326350875,39.61271198370772,39.86380237580563,10073200
2021-11-05,40.09206771850586,40.201632859020336,39.84097731002162,39.88206641459769,11658800
2021-11-08,40.594234466552734,40.73575969761644,40.45271271850114,40.53032119433511,10690000
2021-11-09,40.781429290771484,40.781429290771484,40.44359786711017,40.607947348076856,15768000
2021-11-10,40.5029411315918,40.92750996719396,40.420766405894184,40.7403328485999,12872400
2021-11-11,40.82707595825195,40.99599164860102,40.598813206273135,40.685554166589306,8158400
2021-11-12,41.13294219970703,41.155769865329624,40.840766191404235,40.936636117596144,8774600
2021-11-15,40.94576644897461,41.164896702306464,40.79967845241585,41.14663526736005,8628000
2021-11-16,40.83163833618164,41.08272524986106,40.804244440079756,40.96859388463964,8776200
2021-11-17,40.562294006347656,40.872731516495506,40.530337357494794,40.76773259155618,10558600
2021-11-18,40.3888053894043,40.671848927156695,40.30663067260237,40.59424043990282,10389200
2021-11-19,40.31576156616211,40.557719498527725,40.18336876707261,40.24728553474753,10426000
2021-11-22,40.37968444824219,40.81338582068885,40.31577114838918,40.334032588777696,13379800
2021-11-23,40.4207649230957,40.70837471098015,40.21532637488149,40.393374509872295,15231400
2021-11-24,40.133155822753906,40.297501787922755,40.04641486870993,40.20619808693863,10365200
2021-11-26,39.44380187988281,39.63097551414599,39.01923304727004,39.22010537156386,14215000
2021-11-29,39.62641525268555,39.83185033686237,39.36619585398875,39.745109376292376,12280400
2021-11-30,38.64487838745117,39.52597260761441,38.57183264672696,39.425536455624936,24004600
2021-12-01,38.25226974487305,39.59445574810075,38.23400830801811,39.256624390803864,22485600
2021-12-02,39.03292465209961,39.192707857581695,38.30705088304698,38.38009314140481,17957400
2021-12-03,38.9461784362793,39.516835152239366,38.59922166074434,39.09683264521568,19977200
2021-12-06,39.516845703125,39.827283178813694,39.197279250068895,39.33880103884901,16246000
2021-12-07,40.11945724487305,40.370547647799626,39.96880648613004,39.973369233082934,11307000
2021-12-08,40.28836441040039,40.379668092346556,40.055535493521795,40.25640777341801,9216400
2021-12-09,40.06468200683594,40.256421895995544,39.90033253526673,39.98707001864078,6601600
2021-12-10,40.31119918823242,40.466416171542654,40.046413587630795,40.37054624367231,9585000
2021-12-13,40.069236755371094,40.37967419713856,39.936847441437564,40.28837050138866,9406600
2021-12-14,40.02815628051758,40.365984177815925,39.918591134936825,40.03728525806048,9073600
2021-12-15,40.11490249633789,40.16512058693608,39.42554792059215,39.85924581247069,14623000
2021-12-16,40.525760650634766,40.78598000488643,40.35684847165458,40.388805112246445,13071200
2021-12-17,40.01902770996094,40.498377403634876,39.99163381102728,40.3796797962909,15645800
2021-12-20,39.30414581298828,39.47391398266283,38.804009541270354,39.45097413575015,14155400
2021-12-21,39.799686431884766,39.95569348303548,39.556502367499306,39.58862095146223,9063600
2021-12-22,40.11629104614258,40.1484096338231,39.70333527549055,39.75380784194044,6190200
2021-12-23,40.52007293701172,40.653136673551536,40.12088522805621,40.18053304071312,5745600
2021-12-27,41.130332946777344,41.134922317550874,40.58890271741945,40.64855053481853,4918600
2021-12-28,41.368927001953125,41.41481020302004,41.10279953483563,41.11197477478348,8537000
2021-12-29,41.53868865966797,41.612104570353786,41.29550458168197,41.33221253702488,5153800
2021-12-30,41.39186477661133,41.791055957270615,41.35974618740865,41.552457722624716,6340000
2021-12-31,41.57539749145508,41.6809284894615,41.30927006060375,41.31844879996462,6457800
2022-01-03,41.033973693847656,41.67634902190563,40.93761791973855,41.62587644965839,15088600
2022-01-04,41.53868865966797,41.69469571954368,41.13491165288587,41.15326563055732,19937400
2022-01-05,41.53410339355469,42.35542559701463,41.52033878410701,41.754347646708446,21252800
2022-01-06,41.01102828979492,41.63046373624832,40.95138048042652,41.63046373624832,17868600
2022-01-07,40.97433090209961,41.130334507677965,40.7953839424471,41.061507946119846,16543600
2022-01-10,40.55677795410156,40.850434626982725,40.171354883693915,40.75407885938081,16819200
2022-01-11,41.001861572265625,41.01562618492975,40.26771972464181,40.616434914347835,13614800
2022-01-12,41.41481399536133,41.50199103517208,41.001858146617174,41.34598743712661,10215600
2022-01-13,41.09362030029297,41.56622391686296,40.992675158760775,41.35057252437414,12006200
2022-01-14,40.744903564453125,40.822905352310876,40.25853185636626,40.63936905684396,14588800
2022-01-18,40.20806884765625,40.373251202784644,39.89605812137646,40.30442463803706,15581800
2022-01-19,40.107120513916016,40.60725336658694,40.088766532992686,40.506308221840605,14832400
2022-01-20,39.52439498901367,40.50631026359025,39.47851178472454,40.208064184714765,17147200
2022-01-21,38.560829162597656,39.437209813673405,38.43235480542749,39.290381476812684,32542400
2022-01-24,38.583770751953125,38.684715894472234,37.124666057713206,37.8358644243148,42454000
2022-01-25,38.23505783081055,38.560833127319874,37.34949834850681,38.00563831208589,29311200
2022-01-26,37.83586883544922,38.8636673596579,37.455031571786414,38.542481414800264,26921600
2022-01-27,37.96433639526367,38.758129374515384,37.606442549364886,38.2534071943847,23174600
2022-01-28,38.18458938598633,38.19835399849209,37.271500582905105,37.799162732502886,22016000
2022-01-31,38.74894714355469,38.776479860448944,37.9184497810634,37.98268695271116,14549400
2022-02-01,39.34543991088867,39.43720630050295,38.735183268029964,38.9462487646735,18608400
2022-02-02,39.469329833984375,39.643690897034475,39.12520057880294,39.33626960256504,14158800
2022-02-03,38.78108215332031,39.40969302856495,38.71684495446784,39.12521150460059,15542600
2022-02-04,38.13869857788086,38.565418983853114,37.91386494953911,38.25799419626952,23376200
2022-02-07,37.9505729675293,38.30846682457139,37.82209860865918,38.216700425568085,25255400
2022-02-08,38.53789520263672,38.606721768080064,38.02399764874411,38.10199945593644,15501800
2022-02-09,39.377559661865234,39.43720746681219,38.90495609011462,38.91872069889749,21469200
2022-02-10,39.14814758300781,40.019942477629215,38.95543602228026,39.235328122669195,26622000
2022-02-11,38.542484283447266,39.308744737970606,38.4140098959421,38.950850801159206,25266400
2022-02-14,38.22587585449219,38.60671306350282,37.936808545603014,38.570005103454235,18896800
2022-02-15,38.927894592285156,38.987545895833684,38.45070516787707,38.49199899279834,13351000
2022-02-16,39.2123908996582,39.2949820815471,38.813199603751094,38.886615543503304,15678000
2022-02-17,38.542484283447266,38.927907445962774,38.409420524769914,38.808611800801984,13083800
2022-02-18,38.47823715209961,38.826955757169216,38.262582271341614,38.62506548570835,17929600
2022-02-22,37.93222427368164,38.45988989314335,37.62021357266061,38.29470755138726,21308800
2022-02-23,37.44585418701172,38.31305968914401,37.39079224218946,38.17540657742039,19162200
2022-02-24,37.33572769165039,37.441258692803046,36.422635634506726,36.60158255008165,31807000
2022-02-25,38.698490142822266,38.71684412791182,37.47339051857834,37.50550911731889,22258400
2022-02-28,38.25799560546875,38.519533702590834,37.886337125522594,38.1019920215233,22460400
2022-03-01,37.37702178955078,38.44611742161327,37.15219167616034,38.147871393267216,26263800
2022-03-02,38.19834518432617,38.40941069559537,37.51926195186839,37.60644247850743,19142800
2022-03-03,38.24422836303711,38.6755381253536,37.858805299347694,38.5378850307996,19471600
2022-03-04,38.111175537109375,38.12952952167616,37.47797882254603,37.77622494559323,17329000
2022-03-07,36.78969955444336,38.033152432107286,36.78511018570526,38.00562322100399,21826400
2022-03-08,36.60158157348633,37.37243115103508,36.381340837422904,36.84017978832898,25989800
2022-03-09,37.73491668701172,37.9597503074035,37.00536439005831,37.20725116055024,20626200
2022-03-10,37.83586883544922,37.88634141259317,37.2944385993576,37.34491117650155,15590000
2022-03-11,37.55598449707031,38.21212463504438,37.52386589593864,37.886349251947465,13862800
2022-03-14,37.500919342041016,38.042349593484005,37.3127936399588,37.79916194186604,15630800
2022-03-15,37.93222427368164,38.005640203646216,37.266909036532674,37.51926841929142,18169600
2022-03-16,38.52871322631836,38.89119647367334,37.75327415914987,38.35894152798838,23893200
2022-03-17,39.2674446105957,39.28579859168049,38.34976656034012,38.40023913315729,14103000
2022-03-18,39.50604248046875,39.57486903980125,38.96920161887086,39.074736143269256,19242200
2022-03-21,39.83442687988281,40.00944453616991,39.57190390929846,39.66862252858256,17759400
2022-03-22,40.050880432128906,40.30419352659962,39.903499226394615,40.1383892309179,13931800
2022-03-23,39.86665725708008,40.13839347019807,39.81599463283512,39.95416606511145,11578800
2022-03-24,40.668052673339844,40.686472254436296,40.083130828914385,40.115370366602285,10905200
2022-03-25,41.12401580810547,41.14704204305361,40.68647517793496,40.76016756300018,10050000
2022-03-28,40.93977737426758,40.999649785683275,40.534479906697854,40.97201690562147,10706800
2022-03-29,41.28520965576172,41.28520965576172,40.66805180073661,40.97663072824916,15656200
2022-03-30,41.14703369140625,41.37271393947724,40.948993352894114,41.299021569369415,8967200
2022-03-31,40.59896469116211,41.285208248892815,40.594358039220786,40.97662933189565,10599400
2022-04-01,41.02729034423828,41.17927822769711,40.5943564388146,40.833853136479256,12484000
2022-04-04,41.03650665283203,41.096382593682755,40.67265841062137,41.096382593682755,11518000
2022-04-05,40.709503173828125,41.29442503509673,40.58975481017652,41.01347897836384,11457400
2022-04-06,40.23972702026367,40.46079714089864,39.88969522977105,40.44698069758974,16795600
2022-04-07,40.50224685668945,40.668051191283745,40.00944050493584,40.29038654334028,11529200
2022-04-08,40.750953674316406,41.01807975870271,40.525273403130875,40.73713371812152,10311000
2022-04-11,40.548301696777344,40.981235615376676,40.497639067415896,40.61738741989257,12266200
2022-04-12,40.557518005371094,41.087170615922254,40.391713648783835,40.74635211131351,14295600
2022-04-13,41.156253814697266,41.17467691027716,40.47461333362607,40.635814541488564,17061600
2022-04-14,41.01807403564453,41.506277184880695,40.9950478062244,41.20230144023296,12664000
2022-04-18,41.05492401123047,41.29902385147127,40.91675256656604,40.990444940745945,12443000
2022-04-19,41.44180679321289,41.52931210547509,40.83846182907277,40.93978709849384,10121200
2022-04-20,41.70432662963867,41.86552431260593,41.42798372872801,41.5062827580372,17289400
2022-04-21,41.022682189941406,42.13725293345801,40.90754049708608,42.017508102857306,15328600
2022-04-22,39.48900604248047,40.691085963648774,39.41531716377665,40.6818761715033,18824200
2022-04-25,39.37846374511719,39.479789009366776,38.29152575127878,39.06988481406329,26687800
2022-04-26,38.7705192565918,39.774555173731095,38.7520961601305,39.5534815300419,21081400
2022-04-27,39.341617584228516,39.7883679693744,38.99619246340595,39.12054747465585,26049200
2022-04-28,39.963375091552734,40.101546521192475,38.86722749866461,39.53504787628405,20703000
2022-04-29,39.1619987487793,40.42395093569061,39.06528013180378,40.09234575485152,21265600
2022-05-02,39.04224395751953,39.37845924924847,38.28691472788137,39.21265492919662,32838200
2022-05-03,39.47978591918945,39.70085601129756,38.99158624475877,39.06988175597015,22845000
2022-05-04,40.760162353515625,40.78779523746021,39.37385528281299,39.73770348141549,29811200
2022-05-05,39.49821090698242,40.608175100242946,39.06988362990237,40.47461030267541,24543600
2022-05-06,38.931705474853516,39.18501858417004,38.286911344284896,39.18501858417004,28715400
2022-05-09,37.70199203491211,38.567856204781876,37.596060143066794,38.222431164281595,27881400
2022-05-10,37.46710968017578,38.429696150281075,37.02035930761677,38.32837088881252,34030200
2022-05-11,37.48552322387695,38.48955876485914,37.402621077783195,37.57303202082177,33836600
2022-05-12,37.41645050048828,37.78951204428995,36.73481351948713,37.09405510593994,26458200
2022-05-13,37.99216079711914,38.36982549667217,37.715821372980955,37.715821372980955,17295200
2022-05-16,37.92307662963867,38.22705246844374,37.48553948282764,37.830964655735265,16692600
2022-05-17,38.99619674682617,39.05607268987377,38.38364195529353,38.77512661297072,15137400
2022-05-18,37.78489685058594,38.710637008306385,37.623699189750404,38.62312820077618,13932400
2022-05-19,38.05203628540039,38.49878320026426,37.490144138521366,37.5362001230196,16195000
2022-05-20,37.95991516113281,38.572469854078804,37.13089702183028,38.42508861727974,16114400
2022-05-23,38.655372619628906,38.747484576366425,38.18098936612345,38.44351230805588,12760200
2022-05-24,38.43429946899414,38.567864267571345,37.77568878020086,38.52641494069184,14059600
2022-05-25,38.604713439941406,38.77051778796605,38.15335637835294,38.286921187253135,11071400
2022-05-26,39.31398391723633,39.512027789790345,38.798147815414104,38.87184019303698,11073000
2022-05-27,40.235111236572266,40.24892767674555,39.58110730017035,39.64558636354263,13588800
2022-05-31,39.62256622314453,40.00483755852679,39.48900141269122,39.8574563045518,18490800
2022-06-01,39.226470947265625,39.811392712765404,38.84419968494317,39.687037717144555,14350000
2022-06-02,40.30880355834961,40.30880355834961,39.55808096227099,39.645589776028,13050800
2022-06-03,39.917327880859375,40.23512013047403,39.77455328238146,39.94956741967201,10651200
2022-06-06,40.29499053955078,40.45618822554829,40.078523569562975,40.212088370488345,11184000
2022-06-07,40.585147857666016,40.63581048699424,39.848238163381325,39.95417007393465,12411400
2022-06-08,39.74230194091797,40.50684085449918,39.654793141337926,40.16602247200371,8475600
2022-06-09,38.80275344848633,39.571899172035394,38.78893700650636,39.43833437648592,10812600
2022-06-10,37.614498138427734,38.11651789008137,37.563835497971496,38.05203880474554,16668400
2022-06-13,36.14528274536133,36.7348076665184,35.93341893259016,36.651905504865326,20820400
2022-06-14,35.86893844604492,36.35253495554541,35.58799243787349,36.1360680134613,15700800
2022-06-15,35.8597297668457,36.37095917368119,35.205725782660984,36.32490319845683,20859400
2022-06-16,34.56553649902344,34.993863723347296,34.27077405581621,34.878722034161804,18569400
2022-06-17,34.50566101074219,34.75436748420818,33.906926327668245,34.51487431374771,25019600
2022-06-21,35.02738952636719,35.18970295261914,34.75841096962547,35.04594013767703,11233200
2022-06-22,34.577552795410156,34.916095317428905,34.1740884300491,34.27147650231446,16064800
2022-06-23,34.10451889038086,34.63319893165454,33.74742581275114,34.43842281922052,18934800
2022-06-24,35.45868682861328,35.46796390474355,34.299299984080406,34.33640121226575,22495000
2022-06-27,35.16651916503906,35.5514364087948,35.05985402902009,35.43085919811411,13583800
2022-06-28,34.790870666503906,35.704467850577785,34.73522237552164,35.37520248898692,9846400
2022-06-29,34.54044723510742,34.91608736228484,34.183354179991866,34.855800532665974,10594800
2022-06-30,34.13233947753906,34.44769276208092,33.65931131980976,34.00248874946306,13860000
2022-07-01,34.37349319458008,34.42450648507127,33.47844664982592,33.84944821738276,16434200
2022-07-05,33.68250274658203,33.687141284290895,32.977597156041476,33.46917600815308,19413000
2022-07-06,33.89582824707031,33.99321984456152,33.27903720468657,33.645403830619216,16602000
2022-07-07,34.197265625,34.54972013654279,34.09987757671194,34.31320428317632,9897200
2022-07-08,33.86336135864258,34.303930377867964,33.68249733688876,34.24827854880255,8182600
2022-07-11,33.77061462402344,33.92365451290663,33.45989984707925,33.520186679896575,8287600
2022-07-12,33.70569610595703,34.15090025107765,33.585118877642685,33.62685864589951,13606800
2022-07-13,33.51091766357422,33.705693800334416,32.98687255607511,33.153824541346076,19998800
2022-07-14,32.894126892089844,32.921951046849564,32.453561263609274,32.884853353226006,15012400
2022-07-15,33.40888977050781,33.524828448138045,33.00078689898975,33.42744038350877,10334000
2022-07-18,33.487728118896484,34.00249614441299,33.36251590049657,33.844821236934,7533400
2022-07-19,34.50798034667969,34.58681777692058,33.82162200451378,33.858723220450685,11284800
2022-07-20,34.56827926635742,34.72131918202948,34.31321274023732,34.46161411775231,9383400
2022-07-21,35.05986022949219,35.06913730635236,34.350315990919164,34.507994454028804,9401800
2022-07-22,34.809425354003906,35.454044079954535,34.651750460193796,35.27318003674061,10807400
2022-07-25,34.953189849853516,34.99956460802358,34.67029922539866,34.902176554416265,7729800
2022-07-26,34.7166748046875,34.92072799126278,34.58218552609628,34.772326638708215,7703800
2022-07-27,35.134056091308594,35.273180374561576,34.30393477667949,34.47088674711705,11703200
2022-07-28,35.7554931640625,35.79259439596912,35.22217445445155,35.30101545679517,11832000
2022-07-29,36.233154296875,36.33054236160538,35.87142618839997,36.01055401696775,9258000
2022-08-01,35.94099044799805,36.08939181541791,35.6812889395552,36.06156766470409,10411600
2022-08-02,35.57462692260742,36.075482908450866,35.375212235919825,35.760129532716256,11367400
2022-08-03,35.61172103881836,35.857510444394705,35.310279799875424,35.76939592610609,9597400
2022-08-04,35.63490295410156,35.94098269862937,35.4540389371231,35.66736917382445,6898800
2022-08-05,35.76012420654297,35.91316410245134,35.301008056985346,35.35202135562147,5892000
2022-08-08,35.959537506103516,36.469666935040536,35.9363483573561,36.19605337829123,9414200
2022-08-09,35.7833137512207,36.033738171440525,35.65809800294328,36.01982609678026,13987200
2022-08-10,36.7989387512207,37.00763051188436,36.46967330288609,36.47895037927183,8528200
2022-08-11,36.92414474487305,37.39253437154306,36.877766451552276,37.13747144911392,6129200
2022-08-12,37.619781494140625,37.629055031089635,36.97052422451797,37.04008813522173,7447200
2022-08-15,37.596595764160156,37.65224760541854,37.095739807338084,37.2209555656275,6380200
2022-08-16,37.8052864074707,37.967603403700565,37.48529802962537,37.48993302973569,5211400
2022-08-17,37.285884857177734,37.466748937536245,37.08647016111986,37.38327293597323,8159600
2022-08-18,37.40181350708008,37.49456302249998,37.16065910592079,37.43427619129376,4562800
2022-08-19,36.71546173095703,37.19776708269799,36.580972432457045,37.19776708269799,6634400
2022-08-22,36.13112258911133,36.33053367049764,36.00126832903399,36.145034661006484,7032000
2022-08-23,36.48822021484375,36.669084266164944,36.13576564947811,36.13576564947811,9840000
2022-08-24,36.567054748535156,36.701544026409955,36.339815952620576,36.44184254536472,5778200
2022-08-25,37.39717102050781,37.41108309253488,36.81747776493426,36.81747776493426,6130800
2022-08-26,36.25169372558594,37.51310671645028,36.2238695837237,37.48064403822215,8665800
2022-08-29,35.996639251708984,36.29344196151697,35.764761913536034,35.85287289608793,7198800
2022-08-30,35.40766525268555,36.11257427085915,35.19897708468918,36.08938512411865,7402600
2022-08-31,34.97174072265625,35.46795806894337,34.95782511075049,35.46795806894337,10050800
2022-09-01,34.51262664794922,34.61001471805321,34.0906116774986,34.54972787603679,11796000
2022-09-02,34.480159759521484,35.29636898722508,34.32711986592067,35.02275188610537,14134200
2022-09-06,34.37349319458008,34.804785126263006,34.22045332310651,34.679569399360304,12551200
2022-09-07,35.32419204711914,35.384482418104135,34.20190660497044,34.2807440490014,12192000
2022-09-08,35.66737365722656,35.695197805438625,34.846525903297064,34.97174164658608,8796600
2022-09-09,36.20532989501953,36.30735649683841,35.92707777798381,36.024465842037934,7296600
2022-09-12,36.54387664794922,36.72010218370643,36.32127280547397,36.57633933975102,8099000
2022-09-13,35.24072265625,36.015195782030716,35.15261165921807,35.61172787356416,9404000
2022-09-14,34.809425354003906,35.120143680444755,34.47088641697987,35.08304245666563,11562400
2022-09-15,34.350311279296875,35.03666980791215,34.2900244406475,34.674938161512955,10417400
2022-09-16,33.80771255493164,33.93756328261428,33.441345980017374,33.88654999128653,16265400
2022-09-19,34.36737060546875,34.41400765942778,33.39730422713269,33.43927650824208,10323400
2022-09-20,33.714439392089844,33.900991156236955,33.462595044218084,33.900991156236955,9549600
2022-09-21,32.97755813598633,34.026907687205075,32.96356737794531,33.95695033882145,17767400
2022-09-22,32.581146240234375,33.2060906471161,32.5578259320817,33.112816530864315,11753000
2022-09-23,31.91422462463379,32.06346533915797,31.43852095901899,32.02149305609459,14010200
2022-09-26,31.39653778076172,32.09143936179501,31.23797111533845,31.685693154283435,14978000
2022-09-27,31.466503143310547,31.979517887898208,31.177347696130887,31.79763087443694,14157800
2022-09-28,32.277992248535156,32.4272329334897,31.513133293370817,31.634392461827193,13507800
2022-09-29,31.802289962768555,31.970186184901877,31.340573572812552,31.970186184901877,11454600
2022-09-30,31.718341827392578,32.30597504623009,31.62040295758633,31.77896963493586,10820800
2022-10-03,32.74903106689453,32.99154581942122,32.04479999297212,32.22668694691169,19858000
2022-10-04,33.95228958129883,33.98959708385016,33.3506620701985,33.4066251031148,30250200
2022-10-05,33.569862365722656,33.84502345124046,33.19209407719605,33.47658470761412,18429800
2022-10-06,33.215423583984375,33.66314579241544,33.13147544751731,33.30869770975675,23953600
2022-10-07,32.394588470458984,33.0102067753622,32.18471996853833,32.940249421995716,10183800
2022-10-10,32.46455383300781,32.65576685065878,32.250020505755174,32.52052044114403,10391200
2022-10-11,32.212703704833984,32.73970916121821,31.984179655733804,32.19404817210635,13918800
2022-10-12,31.970182418823242,32.254673008470746,31.951526889875073,32.22202316417771,16029200
2022-10-13,32.9076042175293,33.05684491581959,31.18200842116166,31.345239878951208,19446400
2022-10-14,31.797622680664062,33.192090610593326,31.741656091644128,33.12213326386303,16595200
2022-10-17,32.59046936035156,32.80966742824936,32.39925637140993,32.44122865257548,11471400
2022-10-18,33.229400634765625,33.579183799342104,32.860961941096996,33.373976537506834,15958800
2022-10-19,32.83765411376953,33.262055951761106,32.6371115693047,32.98689482884713,8690200
2022-10-20,32.59980010986328,33.47658885565218,32.520516759281264,32.88429077553219,11416600
2022-10-21,33.72842788696289,33.7750649353234,32.50651729411673,32.53916358378696,16680600
2022-10-24,33.532554626464844,34.04556934328953,33.46726203840602,33.8636823396715,13474800
2022-10-25,34.36269760131836,34.38601790180126,33.51389061314381,33.55586288419909,12002600
2022-10-26,34.605220794677734,34.96433358385942,34.31606892399961,34.55858374052118,13530600
2022-10-27,34.5166130065918,34.92702408301876,34.45132041620977,34.65652417533359,9954000
2022-10-28,34.861724853515625,34.93168220365339,34.241441804834686,34.409338021893866,9254800
2022-10-31,34.549259185791016,34.95500548777725,34.49795735663747,34.67051481999095,9583400
2022-11-01,34.63785934448242,35.10423689813909,34.34870753844943,35.06692939806211,23317600
2022-11-02,33.73775863647461,35.07626381828213,33.7237678758091,34.777782396820676,31466600
2022-11-03,33.9942626953125,34.22745149336413,33.238729708680886,33.31801660423424,17459000
2022-11-04,35.17420196533203,35.435375872281874,34.57257436204597,34.86172978974149,19279600
2022-11-07,35.44935989379883,35.47267663726138,35.024954599545936,35.39339330476747,11153200
2022-11-08,36.060325622558594,36.41477369051617,35.55663682464725,35.65457572010007,12313600
2022-11-09,35.47734832763672,36.21422588177775,35.39806497968183,35.892424158905456,13207800
2022-11-10,37.4407958984375,37.46877741786787,36.74122944724643,36.91845522544938,17436600
2022-11-11,37.893184661865234,38.326916025552826,37.78125502038496,37.86053836817602,12982400
2022-11-14,37.84187316894531,38.36421729272941,37.72994355605524,37.76725461307801,12733800
2022-11-15,37.785911560058594,38.28027423527547,37.412811615225934,38.256953932020245,14455000
2022-11-16,37.41748046875,37.76259893386247,37.34285833673698,37.641339748430866,12797800
2022-11-17,37.05836868286133,37.081688989287954,36.6013205656047,36.84383538481731,9358600
2022-11-18,37.30554962158203,37.43613480265469,36.96043113472153,37.43613480265469,7491200
2022-11-21,37.43146514892578,37.5573855285205,36.95575803006013,37.03970613584945,7238200
2022-11-22,38.28028106689453,38.28960705495374,37.62735159919014,37.711299724440416,7214000
2022-11-23,38.42951965332031,38.46683071984805,38.14502899785982,38.24296787886077,8495800
2022-11-25,38.41552734375,38.44350886342783,38.289603388841755,38.37355150605425,2456600
2022-11-28,37.55739212036133,38.14969373688156,37.48277354555119,38.13569941831171,6464000
2022-11-29,37.683311462402344,37.88851518661827,37.58070782120503,37.69730222107858,5673200
2022-11-30,38.59274673461914,38.60673749343186,37.34751938578526,37.69730258881807,14624800
2022-12-01,38.63938903808594,38.900562951429876,38.30359654820032,38.85858711110456,8215800
2022-12-02,39.06379699707031,39.16640065998184,38.13570281577384,38.13570281577384,6825000
2022-12-05,38.28959655761719,38.92387031713363,38.22896875640546,38.76996487000573,9452400
2022-12-06,37.94914627075195,38.546109024375085,37.6739816388352,38.31292022635488,9495600
2022-12-07,37.86520004272461,38.23830000318971,37.77192238397419,37.88851678877807,8167200
2022-12-08,38.14503479003906,38.340912581784266,38.02377558450074,38.11238849141486,5523800
2022-12-09,37.767269134521484,38.37822280592239,37.757939587589476,38.051756268714726,7872400
2022-12-12,38.09373092651367,38.10305691497546,37.65533474704002,37.79058470790273,6385800
2022-12-13,38.6207275390625,39.343614235252744,38.3455664656837,39.268992112057944,12576000
2022-12-14,38.20565414428711,38.709342832699626,37.91183752180259,38.462163261028365,15635200
2022-12-15,37.039703369140625,37.59469378030228,36.946429284421235,37.55738272314322,10456800
2022-12-16,36.881141662597656,36.99307129091652,36.517367701927306,36.745891730880444,14570600
2022-12-19,36.40189743041992,37.02150402756096,36.22821849424936,36.810272308235064,6460000
2022-12-20,36.64127731323242,36.85720037940141,36.453520616549426,36.46760201067771,5641800
2022-12-21,36.96046829223633,37.11537078834992,36.74454522851559,36.83373216528937,5755400
2022-12-22,36.60373306274414,36.697611423755646,35.98412656887044,36.697611423755646,6631200
2022-12-23,36.857200622558594,36.866590606192354,36.40188669074612,36.60372836411843,6202200
2022-12-27,36.89005661010742,37.13414603551096,36.73046270838373,36.94638576548423,4868600
2022-12-28,36.326786041259766,37.02149809335553,36.298623249022754,36.8806769697106,5046400
2022-12-29,36.721073150634766,36.87597204745776,36.528617905558875,36.528617905558875,6446200
2022-12-30,36.46290969848633,36.589645836183905,36.157799672110315,36.45352329545416,5818800
2023-01-03,36.42534637451172,36.76331408546378,36.09207365433084,36.523919693334626,10684000
2023-01-04,37.059043884277344,37.16231222129801,36.58495354610735,36.608421343738655,9742000
2023-01-05,36.472293853759766,36.6788305200357,36.20943161030274,36.48168383744293,8212600
2023-01-06,37.725589752197266,37.81008169491554,36.81025977587774,36.81025977587774,8729200
2023-01-09,37.96498107910156,38.47193274173473,37.83824495405794,38.03539162911662,16791200
2023-01-10,38.34519958496094,38.37336237465528,37.76783732761959,37.97906899401601,8049000
2023-01-11,38.946041107177734,38.96481749957899,38.51888623781815,38.748894358810546,9845800
2023-01-12,39.09153747558594,39.2041922020884,38.64560997980968,39.0352119029493,7787600
2023-01-13,39.3309326171875,39.41072956735789,38.833370949973,38.86622872835077,6965200
2023-01-17,38.93663787841797,39.4717523455596,38.899088687616214,39.396650382726634,6943000
2023-01-18,38.3874397277832,39.34970886162729,38.36866334288735,39.293379706939746,9444600
2023-01-19,38.09172058105469,38.251314484418714,37.79130557841591,38.09641557269167,8159800
2023-01-20,38.85683822631836,38.885001012771966,37.98845102544977,38.190292684568774,6897400
2023-01-23,38.98358154296875,39.147870447898846,38.61744737897228,38.80520766227647,12497400
2023-01-24,39.007049560546875,39.063378720225316,38.44377228868068,38.76765510845044,9361000
2023-01-25,39.08685302734375,39.100938005531354,38.44847368414832,38.579904830724736,7203800
2023-01-26,39.27460479736328,39.29338118296445,38.63622201184106,38.758266727633966,11506200
2023-01-27,39.14787292480469,39.42481658474785,38.969499032826604,39.00705180810933,6839400
2023-01-30,38.88031005859375,39.37317673345941,38.82867589533698,38.908472845377716,10421400
2023-01-31,39.734622955322266,39.748704351222976,38.908479777258655,38.908479777258655,7742600
2023-02-01,39.99748229980469,40.321368706722836,39.24644472984848,39.50461557322231,14447200
2023-02-02,39.87074661254883,39.9880963460859,39.274607960691895,39.82380385415027,12327800
2023-02-03,39.152565002441406,39.748700045450974,39.09623584371055,39.43420363363671,11875800
2023-02-06,38.72071075439453,38.960105174475814,38.514177692319834,38.805202691997984,12524600
2023-02-07,39.24174499511719,39.34031832852024,38.6503014134697,38.66907779810302,15105800
2023-02-08,38.92725372314453,39.41073405196006,38.899090933110124,39.035217053659196,10531800
2023-02-09,38.363975524902344,39.31215977293847,38.19029663427477,39.22766782361014,16661200
2023-02-10,38.50479507446289,38.56112423738225,38.04947752257992,38.27948558524498,7016000
2023-02-13,38.706634521484375,38.786431478405845,38.321727550253684,38.57050840490858,5498600
2023-02-14,38.79582214355469,38.90378189158432,38.34989101289383,38.54234629250348,8215000
2023-02-15,38.964805603027344,38.97419200574682,38.43438252802247,38.53765086408464,7956800
2023-02-16,38.52357482910156,38.97419742815202,38.33112310612536,38.425001471299595,8673600
2023-02-17,38.16213607788086,38.293567210919875,37.9555993938311,38.25601443541451,7452400
2023-02-21,37.53313446044922,38.09641527187109,37.476805304938246,37.964980575678815,11800600
2023-02-22,37.81477737426758,38.00253766608582,37.50967092894635,37.702122631668516,11868800
2023-02-23,37.857025146484375,38.115192414195796,37.298439263082514,37.95559849392652,11192400
2023-02-24,38.110504150390625,38.16213832444271,37.02149866523484,37.21864537639916,18648200
2023-02-27,38.23723602294922,38.5986752008976,38.19968324943232,38.35458575426734,12939600
2023-02-28,38.410911560058594,38.65969239572986,38.15743573280034,38.227846281688066,17093600
2023-03-01,38.711326599121094,39.086843558191205,38.490708550287394,38.49540354187919,15481600
2023-03-02,39.152565002441406,39.24644335243001,38.42030026385822,38.50948720320804,12669800
2023-03-03,39.71115493774414,39.734626320386326,39.105629794123615,39.410739862321115,11994600
2023-03-06,39.06806945800781,39.55624113047854,39.00235032159108,39.55624113047854,10962800
2023-03-07,38.298248291015625,38.92254958577598,38.16212578367971,38.92254958577598,13520600
2023-03-08,38.48601150512695,38.579893425807015,38.18559652140895,38.317027629131935,11590400
2023-03-09,37.49558639526367,38.64092096577141,37.378236659145415,38.514184826504774,12851800
2023-03-10,36.697608947753906,37.51905708548585,36.50046225419336,37.50967068250997,26124800
2023-03-13,36.32209014892578,36.81965548057535,36.04984147450981,36.33148013359211,40704800
2023-03-14,36.78679275512695,37.21394388808935,36.38780082869135,36.85250831404424,16477200
2023-03-15,35.594520568847656,35.91840338482421,35.096955283922625,35.83860642880314,28524400
2023-03-16,36.002891540527344,36.04983429204653,35.148585748823514,35.25654906359686,21605600
2023-03-17,35.444313049316406,35.88554559386815,35.38328889842269,35.87615919131578,19087000
2023-03-20,36.17362976074219,36.19248421483043,35.721043732904874,35.721043732904874,14785800
2023-03-21,36.61207962036133,36.76765228860386,36.36692848813757,36.59793338069708,9498000
2023-03-22,35.961483001708984,36.82422003361401,35.95205577371696,36.550783663369934,14654600
2023-03-23,35.91905975341797,36.640363281639864,35.64090793458889,36.12177935127433,13439600
2023-03-24,36.21134567260742,36.2962051112101,35.386324751617,35.64561847979344,13465200
2023-03-27,36.48006820678711,36.7393619461802,36.216062651627546,36.58850111511675,10614000
2023-03-28,36.654502868652344,36.715788845479686,36.43764064664102,36.475356753983675,10248000
2023-03-29,37.163658142089844,37.18722801069597,36.99865467462366,37.12594203615305,8270200
2023-03-30,37.41823959350586,37.57381224910488,37.281521395647346,37.550242378526185,8433400
2023-03-31,38.026397705078125,38.045252162491614,37.42295076047039,37.42295076047039,13526200
2023-04-03,38.26682662963867,38.36582870847539,37.98396303341866,38.10182316491081,16128600
2023-04-04,37.715240478515625,38.19139639666246,37.56909507263918,38.172538344806526,17497400
2023-04-05,37.63037872314453,37.682237463349146,37.29094100427992,37.432374586075305,18561000
2023-04-06,37.54081344604492,37.578529557040234,37.26266522026873,37.38052536952433,19031400
2023-04-10,37.71995544433594,37.78595682664789,37.356944244814635,37.3946603480802,9267200
2023-04-11,38.012245178222656,38.21968014351458,37.875527005353476,37.8896732412824,7715400
2023-04-12,38.04053497314453,38.3611146559816,37.974533591102094,38.27625522238339,11888000
2023-04-13,38.43183135986328,38.55912232027752,37.98396428416789,38.064108312988175,18003000
2023-04-14,38.1536865234375,38.606269051469624,37.96039415795382,38.337548063050356,8826200
2023-04-17,38.375267028808594,38.38469425857479,38.068829907713386,38.172547419173895,7366200
2023-04-18,38.535552978515625,38.662843952552414,38.356406848426616,38.52141033624627,6766000
2023-04-19,38.427120208740234,38.4601209033432,38.18668452131517,38.27625937672579,7309600
2023-04-20,38.38468933105469,38.50726488311879,38.14425723641349,38.153684464969494,8052000
2023-04-21,38.045249938964844,38.27625839204879,37.83310313580417,38.233826873333136,10844200
2023-04-24,38.30455017089844,38.31397740065335,38.05940263239953,38.10654597478704,7731000
2023-04-25,37.47481155395508,37.941540328527275,37.455953498707146,37.90382421803141,11966000
2023-04-26,37.031654357910156,37.45123613379494,36.9090788153623,37.32394517893216,11910400
2023-04-27,37.53609848022461,37.5502411214596,36.927939729477856,37.140086541614764,11826400
2023-04-28,37.974544525146484,38.04054592619276,37.41824443289458,37.52195835110545,10143200
2023-05-01,37.955684661865234,38.20554761062192,37.884967850736295,38.02168605977053,8416400
2023-05-02,37.58796310424805,37.65396450486463,36.98923148847485,37.60210574769352,11681000
2023-05-03,37.17308044433594,37.828382411728334,37.15893780568515,37.644520915657395,12701400
2023-05-04,36.93265151977539,37.49366693374831,36.84308025974713,37.25323124250192,16655000
2023-05-05,37.55495834350586,37.68696113046692,37.30509181469393,37.33809251143419,10267200
2023-05-08,37.432376861572266,37.837815984106406,37.37580270605392,37.785957240749326,7680000
2023-05-09,37.09294891357422,37.286237701541594,36.94208805584119,37.224951714489805,15114400
2023-05-10,37.11651611328125,37.540809731170135,36.71107695221796,37.540809731170135,11730200
2023-05-11,36.753501892089844,36.87607743234273,36.57906760776095,36.76293271654311,12849800
2023-05-12,36.81950759887695,36.984511078124996,36.503643281915544,36.91850968642578,8287200
2023-05-15,37.130653381347656,37.158938659299,36.777073019734125,37.00807784888278,6487200
2023-05-16,36.51778793334961,36.97037047139936,36.50364529103654,36.93265436069365,8346400
2023-05-17,36.758216857910156,36.904362263910045,36.52249660472033,36.692215474761454,10505600
2023-05-18,36.97508239746094,37.01279850460979,36.41406699324103,36.588501291200025,13352400
2023-05-19,37.06937026977539,37.25794721482464,36.86665068328851,37.243804573387,9943000
2023-05-22,36.876075744628906,37.24851416376309,36.81478617890468,37.144796680357935,8288600
2023-05-23,36.30563735961914,36.70636110330998,36.230205145989565,36.6073590205256,10494200
2023-05-24,35.89076614379883,36.18306056635103,35.82005294196069,36.150059873224635,14127600
2023-05-25,35.76348114013672,35.93791544204443,35.56547696833187,35.93320002934259,11713000
2023-05-26,35.942623138427734,36.168916163701326,35.782335092996725,36.02748257330463,15882600
2023-05-30,35.74934005737305,35.980344934549635,35.47590365764212,35.91434354107061,12780600
2023-05-31,35.367462158203125,35.664471953582975,35.221316764797365,35.5466118371447,13816800
2023-06-01,35.83891296386719,35.94263047174533,35.38633041778593,35.546622092726615,14559600
2023-06-02,37.04108428955078,37.12594373338504,36.48949970303107,36.54607026771658,17659000
2023-06-05,37.01279830932617,37.42766469535687,36.876080119237365,37.11651580503533,14321400
2023-06-06,37.24851608276367,37.34280274700471,36.8383615400232,36.8619350044863,15206800
2023-06-07,37.69166564941406,37.72466633976535,37.16365460379343,37.16365460379343,13330800
2023-06-08,37.55495834350586,37.81896391742798,37.295664585685074,37.71053100139214,11719200
2023-06-09,37.243797302246094,37.46537489965971,37.10236372186985,37.40880074814814,11621400
2023-06-12,37.413516998291016,37.46066032720431,37.022220534380374,37.28622605373915,9691200
2023-06-13,38.28097152709961,38.30454499351031,37.616242216628265,37.696386247535095,16467200
2023-06-14,38.12068176269531,38.6156957607634,37.917962189757674,38.5826914705401,13956600
2023-06-15,38.44597625732422,38.59683708147103,38.04053711802859,38.07353781091052,11778200
2023-06-16,38.54026412963867,38.55912218284786,38.26211593761636,38.507263435724056,16966800
2023-06-20,38.01865768432617,38.231844973226,37.80547039542635,38.151307874259096,11739600
2023-06-21,38.141845703125,38.30291994875113,37.72494085195588,37.83864414651891,13355400
2023-06-22,38.05182647705078,38.0849890299768,37.691773320677406,38.004451917791776,8650000
2023-06-23,37.74388885498047,37.81495250567674,37.45963786664278,37.65387827091611,11953400
2023-06-26,38.1370964050293,38.189209496726065,37.758092758952216,37.84810693814602,8335800
2023-06-27,38.67717742919922,38.70560143993413,38.10867552781942,38.231848650635314,13676200
2023-06-28,38.41188430786133,38.58243563350631,38.236594441379644,38.58243563350631,10987000
2023-06-29,38.89509582519531,38.914046366869464,38.22236786077106,38.30764349108162,10564000
2023-06-30,39.25990295410156,39.3593906264027,38.96143632275046,39.10356363429362,12966600
2023-07-03,39.40675354003906,39.577304817682,39.174615706643195,39.24094080189916,7865600
2023-07-05,38.43556594848633,39.013544981680404,38.35976737489956,38.97564388766339,23658800
2023-07-06,38.15605163574219,38.1797371075023,37.573334090847716,37.94286070321866,17904200
2023-07-07,38.48767852783203,38.87142077427382,38.08025080878587,38.13236390874158,13663000
2023-07-10,38.47820281982422,38.710340678726375,38.17973624393158,38.212902409650326,11196200
2023-07-11,38.85720443725586,38.885632064083296,38.53979091751883,38.71034222069485,9412000
2023-07-12,39.36886215209961,39.48730036772834,39.04197513478862,39.330961055631015,23076800
2023-07-13,39.676795959472656,39.72417051534085,39.35938245926414,39.50150612686872,9610000
2023-07-14,39.44465637207031,39.69574476013901,39.26936654717011,39.69574476013901,11252000
2023-07-17,39.48255920410156,39.56309993235861,39.24094786267219,39.312011510217935,9072800
2023-07-18,39.790496826171875,39.908935026666626,39.33569457000567,39.33569457000567,11795400
2023-07-19,39.57731246948242,39.842612901798944,39.45413571971519,39.73838669926108,10383400
2023-07-20,39.67205810546875,39.76207229328748,39.3972842309037,39.70522065659455,9853400
2023-07-21,39.676795959472656,39.738382520656614,39.35938245926414,39.55835776257871,9048000
2023-07-24,39.79997634887695,39.87103999642448,39.54888792672999,39.724174160973654,8705600
2023-07-25,40.51533508300781,40.666935824017834,39.961045212544306,40.02263538556032,17521000
2023-07-26,40.37795639038086,40.48691752015642,40.060539238660574,40.23109055125891,12335200
2023-07-27,40.11738967895508,40.63851706763643,40.07948858519168,40.52007886046125,14101400
2023-07-28,40.39690017700195,40.55797801055339,40.18845140018731,40.55323947044824,8129600
2023-07-31,40.61009216308594,40.67641726849233,40.37795429416358,40.49165395851065,11001200
2023-08-01,40.43006134033203,40.59587770829389,40.26898712675953,40.411114409456275,15073400
2023-08-02,39.927886962890625,40.292678657207965,39.875773863702435,40.06053717375251,20370600
2023-08-03,39.681541442871094,40.01316700642323,39.610477789410616,39.8094531275419,18758800
2023-08-04,39.59151840209961,40.16949735335529,39.558355853147894,39.880507877727446,16990000
2023-08-07,39.852088928222656,39.91841403454694,39.563099415903736,39.73365072200826,10322200
2023-08-08,39.43044662475586,39.50624519226378,39.00880331291393,39.20304369333813,12857600
2023-08-09,39.26936721801758,39.66258288860888,39.21725412362852,39.58204578435192,15928200
2023-08-10,39.29779052734375,39.6910061909254,39.207779959551,39.463606887142184,11144800
2023-08-11,39.18883514404297,39.3878104675525,39.05144638796812,39.19357368444481,7974600
2023-08-14,39.274105072021484,39.278843611732334,38.88088940829636,39.09407670747676,7753400
2023-08-15,38.63454055786133,38.98037806230352,38.549264913097375,38.89510241753957,11392600
2023-08-16,38.37397384643555,38.767189507637845,38.359761841840935,38.572949139653545,10564400
2023-08-17,38.29817199707031,38.88088949156304,38.26027452264263,38.63927456804686,10530800
2023-08-18,38.29344177246094,38.38345235152844,37.99024025313972,38.07551590635176,9817800
2023-08-21,38.29817199707031,38.44503781284713,38.01865959912645,38.38818617953545,9705200
2023-08-22,38.26500701904297,38.544523013691304,38.15130737408347,38.478197919594386,7218200
2023-08-23,38.32659912109375,38.459249315977544,38.165521302701485,38.26027402365185,7004600
2023-08-24,38.165523529052734,38.497152650054225,38.11341043310174,38.15131152369282,8140400
2023-08-25,38.27922439575195,38.45451060344034,37.95707237486243,38.34081095325778,10757800
2023-08-28,38.55874252319336,38.74350583763527,38.36450574251349,38.383452674989414,10101800
2023-08-29,39.198307037353516,39.21725758375307,38.44978033403059,38.5824305443803,11751000
2023-08-30,39.2883186340332,39.359382274725775,39.13197934739893,39.19830444819282,7597400
2023-08-31,39.26936721801758,39.45413051105266,39.226731203215714,39.35464286206814,6560000
2023-09-01,39.709957122802734,39.81418331073989,39.558356380652356,39.64363202401487,11825400
2023-09-05,38.97563934326172,39.681533582847,38.97563934326172,39.64837103306055,12926400
2023-09-06,38.89036178588867,39.07039014539977,38.58716031291349,38.83825230831335,9306200
2023-09-07,38.7150764465332,38.871415726096764,38.426086971381196,38.73402699082395,8874400
2023-09-08,38.75297927856445,38.91879203050973,38.63454108225398,38.63927600770463,6986400
2023-09-11,38.91879653930664,39.193574054047545,38.84299434995163,39.004072195107355,8070600
2023-09-12,38.82877731323242,39.00880206795941,38.743501668478196,38.79087622346457,8421400
2023-09-13,38.60137939453125,38.89036527469592,38.49241466113382,38.8098281668722,9171000
2023-09-14,39.14619064331055,39.22673136234106,38.86193970013787,39.004066978947634,8669000
2023-09-15,38.7103385925293,39.20778044924397,38.648752033328556,39.03722916205304,13975600
2023-09-18,38.549442291259766,38.74937677514499,38.43043315106084,38.66369004892693,7366600
2023-09-19,38.5161247253418,38.697017333739836,38.18289691171864,38.525643859732774,8168200
2023-09-20,38.111480712890625,38.75889063809077,38.08768106720944,38.663684791625556,9299400
2023-09-21,37.345062255859375,37.868705315332264,37.33078174185017,37.854421169452756,13559600
2023-09-22,37.306983947753906,37.63068893155611,37.24033912448908,37.44503497647975,12035200
2023-09-25,37.60213088989258,37.6211727901591,37.14037479607499,37.164178079375915,8245600
2023-09-26,37.059444427490234,37.57356476948181,36.95471580613596,37.37363029155308,10951800
2023-09-27,37.0546875,37.29746718488487,36.83571109805581,37.24510286791223,11032000
2023-09-28,37.45456314086914,37.58785281954052,37.12133894419068,37.12133894419068,9398200
2023-09-29,37.392677307128906,37.816349601052785,37.292706422611026,37.81158821801119,11714400
2023-10-02,36.89759826660156,37.297467271461485,36.64529944707741,37.24510295436729,22598800
2023-10-03,36.79762268066406,37.26413641400117,36.52152064068155,36.52152064068155,26358000
2023-10-04,37.2308235168457,37.29270696980996,36.730987246277785,37.17845919823318,17954000
2023-10-05,36.77859115600586,37.33555314305111,36.55485335816599,37.13561862952788,20474400
2023-10-06,37.1260871887207,37.38314734542024,36.5500834351769,36.68337307971657,16085800
2023-10-09,37.17368698120117,37.28317696962785,36.73097654138102,36.91186909631409,12974800
2023-10-10,37.56880569458008,37.87823019525796,37.330787406654146,37.383151720547524,13709800
2023-10-11,37.65925216674805,37.8734671638075,37.34506629706545,37.72113561144128,9858800
2023-10-12,37.097530364990234,37.821104359601065,36.81190914690361,37.821104359601065,12126600
2023-10-13,36.959476470947266,37.445035772913364,36.79762579153894,37.28318146163448,11269200
2023-10-16,37.32126998901367,37.56880742181405,37.11181272381034,37.235583256146036,12363800
2023-10-17,37.68781280517578,37.81634470756879,37.04992557124817,37.04992557124817,11636600
2023-10-18,36.711944580078125,37.44028001048141,36.66433801369872,37.44028001048141,13017200
2023-10-19,36.283504486083984,36.88331152400326,36.23590155999811,36.57864480693867,18466200
2023-10-20,35.84555435180664,36.34062917720822,35.8312702042627,36.26922659884213,14322400
2023-10-23,35.445682525634766,35.81699046870866,35.38379907907938,35.498046838824244,18276000
2023-10-24,35.86458969116211,36.078808304389845,35.674177988564686,35.73606142872181,14848400
2023-10-25,35.445682525634766,35.85507426591388,35.41712149366625,35.7931908193585,12540000
2023-10-26,35.69322204589844,36.01692704452823,35.58849342400782,35.702741178856385,17553400
2023-10-27,35.67893600463867,35.945518927627944,35.59324928508327,35.70750066573744,16473200
2023-10-30,36.045494079589844,36.188302888971414,35.78843386445752,36.04073269638242,11954200
2023-10-31,36.20734405517578,36.31207269238643,35.89316177541502,35.98360626329325,11162600
2023-11-01,36.226383209228516,36.307308556620924,35.8550752559025,36.15497699546484,17561000
2023-11-02,36.9261589050293,36.94043942192541,36.44060317120635,36.46440282207619,13101200
2023-11-03,37.506919860839844,37.76398003126907,37.230817792763574,37.230817792763574,12129600
2023-11-06,37.32126998901367,37.54024638814851,37.2403446390473,37.51644310551322,9337600
2023-11-07,36.597686767578125,36.98803657315583,36.550083841409226,36.95947554382859,15016000
2023-11-08,36.711944580078125,36.8119118321069,36.47392627566549,36.688141296888425,10941600
2023-11-09,36.39775848388672,36.9642432076138,36.37395883269305,36.95948182462663,13878000
2023-11-10,36.82619094848633,36.85475198173069,36.38347677384384,36.43107970654144,7248200
2023-11-13,36.77382278442383,36.926154332236585,36.56436554422982,36.61197210381616,8079400
2023-11-14,37.85918426513672,38.030557704745135,37.19749378570939,37.20225516788475,10995800
2023-11-15,38.02580261230469,38.37331093117721,37.90679346132892,37.944877261290216,9819800
2023-11-16,38.140052795410156,38.18289434509655,37.91631501761422,38.016282265420095,7165600
2023-11-17,38.211448669433594,38.33998055966833,38.09720092512407,38.25905522544368,6890000
2023-11-20,38.278106689453125,38.397115845485196,37.949640256605825,38.15433615025583,9634600
2023-11-21,38.42567443847656,38.56848323751568,38.363787356875726,38.39235202218034,7363000
2023-11-22,38.44947052001953,38.50659621345514,38.254297423221495,38.42567087165768,7523000
2023-11-24,38.616092681884766,38.74462097379104,38.45423833932626,38.45423833932626,3689800
2023-11-27,38.5684814453125,38.61132662534299,38.306663509971465,38.47327558371045,6524600
2023-11-28,38.644649505615234,38.85410676190789,38.45423414824653,38.568481909919406,6996200
2023-11-29,38.84457778930664,39.02071260230447,38.75413332370908,38.792213483601074,6244400
2023-11-30,39.23017501831055,39.2634974325461,38.739854306172006,38.86838621241683,11482400
2023-12-01,39.677642822265625,39.81569384752145,39.19684492490849,39.28729302501033,16782800
2023-12-04,39.215885162353516,39.63479960247573,39.19684326672339,39.34917843176437,21230000
2023-12-05,38.677978515625,39.04452514476501,38.5875303882819,39.02072549095521,17533400
2023-12-06,38.597049713134766,38.97787682697197,38.56372729527562,38.849348538621314,16910000
2023-12-07,38.858863830566406,38.901709010360875,38.6303683112319,38.74461607089915,8559600
2023-12-08,39.001670837402344,39.18732478302909,38.83029740576684,38.83029740576684,8247000
2023-12-11,39.277774810791016,39.28253256110835,38.85886034315548,38.93026654849067,9205800
2023-12-12,39.50627517700195,39.79665778443673,39.31585981660475,39.64432622249315,20435000
2023-12-13,39.9870719909668,40.00611388964413,38.97787315229271,39.07784039644563,16392600
2023-12-14,40.64875793457031,40.87249567887143,40.22984710668699,40.22984710668699,12713400
2023-12-15,40.54403305053711,40.79633184690355,40.42502391022307,40.42502391022307,10811200
2023-12-18,40.60683059692383,40.93759216642529,40.5780699934015,40.85130669860963,8052800
2023-12-19,40.98073196411133,41.0766067353423,40.827335987390335,40.87048054875641,7285400
2023-12-20,40.3527717590332,40.97115038013685,40.34318610958345,40.870484603294244,9358800
2023-12-21,40.77940368652344,40.78898933578764,40.50616696688294,40.69311821415018,7544400
2023-12-22,41.03346633911133,41.124546466713774,40.860895390627185,40.932800562037066,5386600
2023-12-26,41.22521209716797,41.34505283000858,41.03346619317322,41.086196408202994,6731400
2023-12-27,41.325870513916016,41.36901507182421,41.10056939114106,41.14850494429039,6819600
2023-12-28,41.16768264770508,41.32587327519116,41.13412739253366,41.25396811203853,7214000
2023-12-29,41.00469970703125,41.1197457700295,40.92320889812617,41.028665655813,6992200
2024-01-02,40.932796478271484,40.999906989625536,40.64997413145777,40.70749533704777,19924800
2024-01-03,40.491783142089844,40.69790932720398,40.208957140538566,40.50616344335967,23358600
2024-01-04,40.36235427856445,40.6116250319154,40.285658117167074,40.424673795526516,20424200
2024-01-05,40.42947006225586,40.65477123734145,40.2041725444194,40.25210810869845,14692800
2024-01-08,40.6020393371582,40.611628643966164,40.07474083743841,40.21855118156607,10366200
2024-01-09,40.137046813964844,40.34317295378221,40.00761681648189,40.34317295378221,12910400
2024-01-10,40.084320068359375,40.12266631420532,39.89257421013746,39.993239962823154,8202800
2024-01-11,39.9644889831543,40.13226527801242,39.67207730186631,40.13226527801242,8542200
2024-01-12,40.00283432006836,40.285660345408175,39.83026337581837,40.19458022004044,8267800
2024-01-16,39.54264450073242,39.83026150858269,39.44677338386523,39.75835999955663,10552800
2024-01-17,39.25503158569336,39.39404727971893,39.082460631540854,39.139985502008045,9287600
2024-01-18,39.37965774536133,39.43717894509581,39.048896217895226,39.33172219316652,9320800
2024-01-19,39.418006896972656,39.48990839526715,39.03930982454641,39.418006896972656,11653600
2024-01-22,39.533058166503906,39.60496333153192,39.192710953103166,39.192710953103166,10785200
2024-01-23,39.6624870300293,39.83985262727705,39.51388569494938,39.72001189711612,7891600
2024-01-24,39.1255989074707,39.787118353853025,39.101629300984655,39.68645258965888,10317800
2024-01-25,39.5378532409668,39.55702453841328,39.19750236668883,39.31255209485968,9734400
2024-01-26,39.55223846435547,39.77753963849791,39.47074398244819,39.68166485309202,7799400
2024-01-29,39.7487678527832,39.76314815356069,39.34131014934451,39.523466721273415,7125800
2024-01-30,39.930931091308594,40.11788233000216,39.5905802134319,39.66728003302346,10851400
2024-01-31,39.40842056274414,40.045974048830026,39.370070655931066,39.99324384127414,13478400
2024-02-01,40.065147399902344,40.12746325304508,39.53305435020833,40.01241719445532,19793800
2024-02-02,39.83026123046875,40.02200712011296,39.39404289734561,39.77274002364955,22920400
2024-02-05,38.818809509277344,39.06328195668367,38.70375977929338,38.972205492007255,24886800
2024-02-06,39.50429916381836,39.59058097664914,39.13518767510354,39.13518767510354,19053000
2024-02-07,39.820682525634766,39.93093762001216,39.71042743125737,39.72960238929036,10820400
2024-02-08,39.7679443359375,39.882990403831165,39.48512199043879,39.87819940821999,6798600
2024-02-09,39.85422897338867,39.873403927180775,39.561817328243954,39.676863393748086,7636600
2024-02-12,40.17061233520508,40.35756357293782,39.9165469270503,39.95010218363698,6796400
2024-02-13,39.60496139526367,39.90216403221806,39.31734074921326,39.78711796814696,12864600
2024-02-14,39.85902404785156,39.93572020658292,39.60496230760311,39.80629383867752,8762000
2024-02-15,40.61162185668945,40.67393771153069,40.07952879249252,40.07952879249252,11984000
2024-02-16,40.82733917236328,41.10537054474971,40.74105370014849,40.78419826488031,9313400
2024-02-20,40.741050720214844,40.87048074769452,40.62120999852922,40.80337023613046,9019000
2024-02-21,40.96635055541992,40.99032016189191,40.5780677998633,40.731463772438005,8122400
2024-02-22,41.378604888916016,41.440920748564345,40.99032211485981,41.043052325811715,9448600
2024-02-23,41.623077392578125,41.68539324684203,41.36422101315768,41.46488677339091,7079000
2024-02-26,41.373809814453125,41.546380747219764,41.32587425696208,41.488859541129955,6653600
2024-02-27,41.5272102355957,41.63267066770793,41.40736950042254,41.5272102355957,8254600
2024-02-28,41.656639099121094,41.81003508951301,41.29711690377295,41.407368328953666,8994000
2024-02-29,41.9730110168457,42.08806073691836,41.76688483994269,41.910695161409315,12247600
2024-03-01,42.16476821899414,42.270228662097765,41.939467028227185,41.973022291282945,10401600
2024-03-04,42.4715461730957,42.5434513293273,42.16475425327252,42.21268980501086,9349200
2024-03-05,42.246253967285156,42.60098517091268,42.102447281739266,42.32774844540166,8493800
2024-03-06,42.557838439941406,42.706439771286384,42.41403176171203,42.47634762321989,10224000
2024-03-07,43.08034133911133,43.28167286161041,42.88859546457719,42.89339011718385,7942200
2024-03-08,42.83107376098633,43.23853148861406,42.82148811231508,43.214565538311625,10311200
2024-03-11,43.31523513793945,43.49739173679283,42.879013111219614,43.03240910426692,23270600
2024-03-12,43.31043243408203,43.3679572922505,43.09951526862753,43.31043243408203,10149400
2024-03-13,43.73706817626953,43.93840336551237,43.4446565266951,43.4446565266951,14529200
2024-03-14,43.50697708129883,43.71789426674965,43.315231193140114,43.61722849834727,19452000
2024-03-15,43.52614974975586,43.71789197059525,43.19538820148558,43.224148803161796,18702600
2024-03-18,43.605525970458984,43.951907613657866,43.58628213801619,43.663257467787375,15242400
2024-03-19,43.6103401184082,43.687311781804134,43.42271733029734,43.55260861807181,10832800
2024-03-20,44.04813003540039,44.20688892524106,43.49007348830543,43.576668912728856,13252400
2024-03-21,44.23094177246094,44.29829335705184,43.99039935024026,44.163590187870035,9384200
2024-03-22,43.956722259521484,44.24056054757236,43.93266654985556,44.13472129765984,5874600
2024-03-25,43.97115707397461,44.149156123677564,43.894181734351335,43.93266940416297,5662600
2024-03-26,43.937477111816406,44.12509989636423,43.90860952700345,44.043316358563565,5434400
2024-03-27,44.56769943237305,44.582131390359336,44.00964292471554,44.048126922550296,8444400
2024-03-28,44.68797302246094,44.84192003315598,44.48591825912112,44.572513682036224,9025200
2024-04-01,44.582130432128906,44.8996481825469,44.50034689170705,44.8996481825469,7647000
2024-04-02,44.41856384277344,44.57732271973909,44.22612917406229,44.538835051919655,9570800
2024-04-03,44.683162689208984,44.74089419660822,44.42818828803852,44.46667595963801,10022800
2024-04-04,44.23094177246094,45.08727220830476,44.12991439557458,44.928513328746455,12658600
2024-04-05,44.63024139404297,44.687972899289335,44.187644198312924,44.22613186847717,9804200
2024-04-08,44.66392135620117,44.82268025765551,44.54365012850302,44.77457250065357,6522000
2024-04-09,44.76974868774414,45.02472303522349,44.31271961249462,45.01029107900928,11350600
2024-04-10,44.07217788696289,44.33677598950568,43.913419025437214,44.08179796778914,14113000
2024-04-11,44.038509368896484,44.2261321742616,43.81239889310102,44.11548103937091,9900600
2024-04-12,43.2591438293457,43.99520297747839,43.06670917751839,43.90860756767539,12113000
2024-04-15,43.052284240722656,43.88456268566676,42.90314910467287,43.720991920307966,11506200
2024-04-16,42.7203369140625,42.951255590786275,42.57119811202612,42.81655241763304,13555600
2024-04-17,42.81654739379883,43.201416703695145,42.69146431752466,43.00898204874699,9156800
2024-04-18,42.83098220825195,43.196607710009125,42.63373933479988,43.16293191842531,7497800
2024-04-19,42.79730987548828,43.12444773604963,42.63855098645417,42.941636805589525,10109000
2024-04-22,42.840606689453125,43.066713482286275,42.39800584489408,42.56157659993214,8284600
2024-04-23,42.47016906738281,42.67703569529813,42.22481477139347,42.30660198364728,11470000
2024-04-24,42.499027252197266,42.53751491508118,42.17189312884066,42.29697252763505,9553800
2024-04-25,42.80211639404297,42.89833188847553,42.1189768405686,42.49903061284731,9220200
2024-04-26,43.06671142578125,43.24952600623445,42.811737058713256,42.82136081051915,6274400
2024-04-29,43.427528381347656,43.48044800919362,43.21585354034995,43.259149415649645,5676800
2024-04-30,42.638553619384766,43.16774994884299,42.62893353629758,43.066718889301676,9871800
2024-05-01,42.85984802246094,43.5477995127658,42.69146905708272,42.79730831257365,15456200
2024-05-02,42.638553619384766,42.82136823151998,42.28736369571143,42.62893353629758,15567400
2024-05-03,43.07152557373047,43.18698490879058,42.84060690361025,42.99455390715242,8999400
2024-05-06,43.3313102722168,43.49968922778834,43.13887560711248,43.33612214820054,6615600
2024-05-07,43.8460693359375,43.918232791590654,43.49006760387068,43.49487947968377,8862200
2024-05-08,43.644020080566406,43.84607484547603,43.60072053357932,43.682507751135745,6522600
2024-05-09,44.12991714477539,44.16840114523475,43.70656010624567,43.75947973606188,7070000
2024-05-10,44.18283462524414,44.36083735624354,44.15397070630937,44.317541477841395,5472600
2024-05-13,44.15396499633789,44.41856312031032,44.115477329144454,44.26461612192253,5030600
2024-05-14,44.197269439697266,44.35602466129602,44.05294250691327,44.274241112232055,7480400
2024-05-15,44.27423858642578,44.529212972129926,44.07218382836433,44.500349055374336,7922200
2024-05-16,43.956722259521484,44.32234408781895,43.93266654985556,44.28866829651823,7245800
2024-05-17,44.33197021484375,44.33197021484375,44.052940117468765,44.120291703678426,7256200
2024-05-20,44.394500732421875,44.471476055229296,44.153958354226795,44.26941766805252,4544600
2024-05-21,44.394500732421875,44.40412448296551,44.19725789090233,44.394500732421875,5425000
2024-05-22,43.96152877807617,44.13953147976945,43.75947403802596,43.98077261099321,8703200
2024-05-23,43.57185363769531,44.06737043365146,43.48525822002626,44.02407456000995,5688000
2024-05-24,43.951908111572266,44.009639609554675,43.773905412249164,43.773905412249164,4598000
2024-05-28,43.783531188964844,44.01926172678821,43.629584190943426,43.961530226135444,4223000
2024-05-29,43.158119201660156,43.480445153452976,43.12444341073234,43.36979769914126,8145000
2024-05-30,43.509315490722656,43.53336753125754,43.07152651058545,43.07152651058545,6599400
2024-05-31,44.03369140625,44.04331515772055,43.2447126234102,43.55260660352399,8203000
2024-06-03,43.7739143371582,44.04332437895275,43.39866869972947,44.02408054236838,11900200
2024-06-04,43.28801727294922,43.50450399157059,43.03785109059197,43.42272044634795,6779000
2024-06-05,43.58628463745117,43.6055284709975,43.114823561917,43.297634475028175,6820800
2024-06-06,43.6343879699707,43.644011720962844,43.39384558056538,43.58628022616676,4238800
2024-06-07,43.19660949707031,43.55742313770366,43.00898669757186,43.18217753870677,8359000
2024-06-10,43.15330505371094,43.19660459427326,42.98492610793688,43.0811452700833,5223600
2024-06-11,43.138877868652344,43.138877868652344,42.73957655994521,42.912767400579966,6457200
2024-06-12,43.22066116333008,43.78834143316017,43.11001370324345,43.65845013862671,8174200
2024-06-13,43.20622253417969,43.25914215314131,42.82135691582353,42.98011210232285,7937200
2024-06-14,42.80693435668945,43.02823296165994,42.53752432727578,42.95606949538152,5694400
2024-06-17,43.12444305419922,43.19660651141534,42.55195094277348,42.65298198510759,7631200
2024-06-18,43.076332092285156,43.292818777395674,42.8790855686366,43.13406358782792,6872200
2024-06-20,43.11963653564453,43.3313150576754,43.01860915114426,43.05228494597769,6441000
2024-06-21,43.12444305419922,43.20622659286406,42.80211710507124,43.00417184896765,8209800
2024-06-24,43.40238952636719,43.58124021318349,43.184867822746625,43.305711984356556,8065200
2024-06-25,42.85133743286133,43.32987924660079,42.71115777270111,43.32021333701462,7292200
2024-06-26,42.82233810424805,42.86100912355045,42.51297732557155,42.63865629436868,6474600
2024-06-27,42.70148468017578,42.83683321840024,42.595144931948155,42.8174977129396,16279600
2024-06-28,42.686988830566406,43.001184376281756,42.55647876369409,42.706324338227304,7750600
2024-07-01,42.02959060668945,42.8803343887358,41.89908055756298,42.72081923812639,8647400
2024-07-02,42.10694122314453,42.22295058914864,41.76857903568621,41.92809053099013,13117200
2024-07-03,42.42113494873047,42.52747839956409,42.20844804706322,42.24711906334292,4591200
2024-07-05,42.48881149291992,42.541983223479654,42.160115198492264,42.39696874234013,8846800
2024-07-08,42.6144905090332,42.76433610192982,42.46464122826513,42.6144905090332,10496800
2024-07-09,42.179447174072266,42.512974552150894,42.16977757594179,42.4259666083323,5951000
2024-07-10,42.74500274658203,42.76917305730632,42.3244636799322,42.392136124514245,7915400
2024-07-11,43.32987976074219,43.392717393475124,42.92867628254417,42.95768138738862,11914000
2024-07-12,43.745582580566406,43.953434667414314,43.46039215491529,43.5764015070555,9796000
2024-07-15,43.63440704345703,43.929267084651926,43.53289839305943,43.75042009065803,6485200
2024-07-16,44.48031997680664,44.51899099586618,43.576407955485855,43.59574346501563,7465600
2024-07-17,44.38847732543945,44.654332262256105,44.36914181747389,44.45614975938341,8790400
2024-07-18,43.948604583740234,44.610831928667054,43.8954328566651,44.12745527370853,8910200
2024-07-19,43.55706787109375,43.837427198021835,43.426554117443686,43.74074966052717,9365200
2024-07-22,43.702083587646484,43.75525162495576,43.3395511093465,43.66824368264892,7526200
2024-07-23,43.876094818115234,43.95343684862739,43.56673407180859,43.83259269185539,6493400
2024-07-24,43.31538009643555,44.00660882464462,43.27187428205557,43.95343710033077,8549000
2024-07-25,43.43622589111328,43.96310466733765,43.07852820414118,43.117195533205155,10052000
2024-07-26,44.146785736083984,44.31596680840634,43.61990332471347,43.721411968106885,7069800
2024-07-29,44.224124908447266,44.344969060652566,43.982436604036664,44.175787985139316,7049600
2024-07-30,44.07911682128906,44.40297828382128,43.98727407990458,44.069447223316445,8502200
2024-07-31,44.53832244873047,44.94919184716881,44.31113484228769,44.45614930661701,10466800
2024-08-01,44.35947036743164,45.14254181192202,44.079114733314164,44.73650722521132,17134400
2024-08-02,43.523231506347656,43.963102314866006,42.948012145798856,43.86159366674639,20945200
2024-08-05,42.551639556884766,42.89967128298632,42.18910712350742,42.740156127211336,19482800
2024-08-06,42.769168853759766,43.31538315645091,42.421137065617295,42.49364430279219,11812200
2024-08-07,42.189109802246094,43.31054338651573,42.1601083858531,43.13169640159779,11097400
2024-08-08,42.8416748046875,42.933517556115646,42.377633623774685,42.40663873299338,10759000
2024-08-09,42.807830810546875,42.94801046805629,42.41629694197042,42.865837330579645,5722000
2024-08-12,42.619319915771484,42.914179978165656,42.52264605735789,42.85617713826602,5561800
2024-08-13,43.0446891784668,43.13652822785809,42.667652319750246,42.76916465455107,6236000
2024-08-14,43.0446891784668,43.1751992422707,42.82716748829907,43.15102893629509,7241000
2024-08-15,43.72624969482422,43.81809243503691,43.36371722076909,43.45555996098179,7728600
2024-08-16,43.779422760009766,43.80842417870353,43.45556129169218,43.64891268801665,5803200
2024-08-19,43.987274169921875,44.02594518614933,43.78425686653437,43.78425686653437,4586400
2024-08-20,43.827762603759766,44.127457472400266,43.784260472824144,44.01144810203388,4834600
2024-08-21,44.33047103881836,44.36914205495648,43.953437851149424,43.97277335921848,4611000
2024-08-22,44.23863220214844,44.4078169907179,44.0839518118143,44.33047495161513,5684400
2024-08-23,44.82352066040039,44.93469523035559,44.39331202714479,44.422317135374655,5797800
2024-08-26,45.021697998046875,45.35522904527125,44.949190767623634,45.021697998046875,7663000
2024-08-27,45.02653884887695,45.03620475989282,44.73651357607248,44.987867829070645,8845400
2024-08-28,44.83317947387695,45.074867772927504,44.668833200700554,44.87668159752808,6524000
2024-08-29,45.079708099365234,45.36006375786041,44.70750600797886,44.99270015352295,6051200
2024-08-30,45.57274627685547,45.640418707338824,44.98786102032311,45.20537902003806,8647400
2024-09-03,44.53832244873047,45.12804252812549,44.39814278331108,44.91052451950255,9503400
2024-09-04,44.35464096069336,44.83801759460889,44.306304034876014,44.64950100241152,6313400
2024-09-05,44.00661087036133,44.499653433071174,43.905102215917275,44.446481706285546,7587000
2024-09-06,43.45072555541992,44.20479192816247,43.363717613344164,43.943771789806256,10616400
2024-09-09,43.87126541137695,44.098453024993226,43.70208432289817,43.70208432289817,6412400
2024-09-10,43.89059829711914,43.900264206795576,43.53773174405904,43.851927282671554,6299800
2024-09-11,43.99694061279297,44.045281227598174,42.96734968639975,43.890600848686454,7392800
2024-09-12,44.402976989746094,44.41264289956593,43.88576414941697,44.13711837131343,5962800
2024-09-13,44.80418014526367,45.04586845557301,44.4996505140365,44.53348672996497,6459000
2024-09-16,45.219886779785156,45.30205992464571,44.871855004056734,45.002365076019316,5838600
2024-09-17,45.3068962097168,45.640423599169786,45.19571795465162,45.23922008410891,5881400
2024-09-18,45.11354064941406,45.64525419171513,45.00236240459512,45.40356588268092,11155400
2024-09-19,45.79509735107422,45.978782816502516,45.5437431455812,45.862769779009675,8351800
2024-09-20,45.47124099731445,45.74193073928673,45.292390310442116,45.74193073928673,9617400
2024-09-23,45.868404388427734,45.90724800323894,45.55280650066593,45.64991183336295,5159800
2024-09-24,46.4947509765625,46.5724345138679,46.18886209303142,46.28111476639242,7918800
2024-09-25,46.18400955200195,46.65983094324147,46.077191446608545,46.62098732231085,5815400
2024-09-26,47.140506744384766,47.20848493034006,46.684107182671816,46.684107182671816,10243400
2024-09-27,47.05796432495117,47.47552394944492,46.9608589861843,47.13565155942965,8498600
2024-09-30,46.795780181884766,47.03369458320737,46.44134232576186,46.980285530202835,7373600
2024-10-01,46.67924499511719,46.87345936315818,46.465608819839,46.84432850446787,11546800
2024-10-02,46.49959945678711,46.868606412616195,46.37821593092647,46.56272126100663,10571400
2024-10-03,45.98493194580078,46.23255536205542,45.858692048684354,46.22284260609899,13542600
2024-10-04,46.20827865600586,46.40249303371162,45.92181531974651,46.27140045875064,11380200
2024-10-07,46.072330474853516,46.18400494781306,45.81499799442251,45.99949961895218,7800600
2024-10-08,45.85870361328125,45.91696905072008,45.56252745554816,45.80529455504532,8933800
2024-10-09,46.150020599365234,46.28111318473305,45.7518827604111,45.82470991654242,8562000
2024-10-10,46.256832122802734,46.32966297874094,45.93638154273831,46.13059592379646,6764600
2024-10-11,46.557865142822266,46.68896142590952,46.281110850487366,46.34908532900252,6631200
2024-10-14,46.82490539550781,46.854036253388294,46.2762495432197,46.34908039225176,6217000
2024-10-15,46.7763557434082,47.159928146013655,46.7180940192812,46.7180940192812,7717600
2024-10-16,47.140506744384766,47.232759414159204,46.810347093258194,46.82976519858094,7465800
2024-10-17,47.21333312988281,47.320151220691386,47.06281874974223,47.24246769376856,5043600
2024-10-18,47.40269088745117,47.51922173374645,47.164780225510995,47.354138220327,6035600
2024-10-21,47.03853988647461,47.422112250521856,46.87831645690026,47.34928139835296,4343200
2024-10-22,46.60641860961914,47.07738729333649,46.349086121649364,47.00455643530152,6954000
2024-10-23,46.48017883300781,46.737511301190686,46.26168627570329,46.48503150666071,6782600
2024-10-24,45.91210174560547,46.480179438533085,45.72274374940662,46.387926777291725,5092000
2024-10-25,45.62078094482422,46.07718415773231,45.59650646383121,45.89267883966428,7406600
2024-10-28,45.9995002746582,46.062622079360374,45.79557683869258,45.84412950854183,7701600
2024-10-29,45.70332336425781,45.97522497839879,45.64991431706929,45.77129784171026,7315600
2024-10-30,45.95094299316406,46.256828116413814,45.703319586153754,45.703319586153754,10643600
2024-10-31,45.34403610229492,45.82957027510402,45.32461429086275,45.640212244055014,8106800
2024-11-01,45.21779251098633,45.538246817116544,45.20322707967704,45.378019664051436,6928000
2024-11-04,45.4168586730957,45.72274381253205,45.212935246804804,45.465411340641474,15308600
2024-11-05,45.484832763671875,45.66933438051715,45.164378492785225,45.310040198521165,7972800
2024-11-06,46.111175537109375,46.57728784342293,45.77129943369462,46.48503517610115,12702800
2024-11-07,46.29082107543945,46.455904601966516,46.13545030570704,46.23255935199689,19949800
2024-11-08,45.868404388427734,46.16458046878393,45.78586448520217,46.12088047603858,8805600
2024-11-11,45.66933822631836,46.00921433354606,45.62078555509479,45.8198563227422,7693600
2024-11-12,44.892486572265625,45.509117010430394,44.780815793415705,45.44599520085026,7078400
2024-11-13,44.999305725097656,45.09155840012141,44.78081683663592,44.9264748608332,6310000
2024-11-14,44.63029479980469,44.98473633237426,44.58174212934714,44.936183661916715,5911400
2024-11-15,44.319549560546875,44.70312192247522,44.2467187087803,44.61086926328216,6395600
2024-11-18,44.66427993774414,44.66427993774414,44.319551178087124,44.40209108441392,7875200
2024-11-19,44.518619537353516,44.591446683527714,44.09620356788848,44.329261548638726,6540600
2024-11-20,44.88277053833008,44.93617958228391,44.36810190607778,44.54289446732106,8345800
2024-11-21,45.43143081665039,45.44599624863345,44.76139501510818,44.89248760728736,8402400
2024-11-22,45.683902740478516,45.73731178905205,45.3634521533686,45.392583014651876,5857200
2024-11-25,46.15487289428711,46.222847375672075,45.81500048736228,45.86840953764067,7524600
2024-11-26,45.810142517089844,46.03834414138051,45.63534994122173,46.03834414138051,6104600
2024-11-27,45.78587341308594,46.20343309289974,45.72760797950783,45.878122385836626,14047400
2024-11-29,46.018924713134766,46.057768332966326,45.72274859449921,45.7907230770387,4265200
2024-12-02,45.98979568481445,46.09661379144614,45.6644886904955,46.067479223244646,12785600
2024-12-03,45.84413146972656,46.213138444163064,45.75673517852664,46.17429482488945,11099200
2024-12-04,45.397438049316406,45.69361414470122,45.256632716729264,45.66448328428015,10865800
2024-12-05,44.800228118896484,45.22264410382077,44.59144831545083,45.154669628683216,12762800
2024-12-06,44.62544250488281,44.97502395774561,44.60602069566855,44.91190585604775,7131000
2024-12-09,44.6157341003418,45.227508185109656,44.60602504695322,44.97988472388643,9417600
2024-12-10,44.15932846069336,44.59630992666338,43.887430528237125,44.56232268510635,7718600
2024-12-11,44.00395584106445,44.30498832819614,43.97482497933057,44.30498832819614,12288200
2024-12-12,43.69807815551758,43.96997612309901,43.67865634292862,43.848592572667016,7294000
2024-12-13,43.32421112060547,43.60581809467378,43.178549402996985,43.54269999268683,8098800
2024-12-16,42.940635681152344,43.38732615050394,42.9212138732243,43.23681176947551,10486600
2024-12-17,42.702720642089844,43.06201852662296,42.69301159044375,42.75127701331343,8289800
2024-12-18,41.48888397216797,42.824102638033686,41.46946586956657,42.67844464253779,14797400
2024-12-19,41.042198181152344,41.81419935087339,41.03248912875034,41.5277322965415,12495600
2024-12-20,41.552005767822266,41.79477279796239,40.945088192471964,40.969362672887435,14684600
2024-12-23,41.519798278808594,41.56860416206463,41.12446578368945,41.50027518077614,11338400
2024-12-24,41.74430847167969,41.778472962447495,41.32945287702771,41.52955811619622,5502400
2024-12-26,41.68085861206055,41.837039663554194,41.47098997502378,41.57348344097429,6517600
2024-12-27,41.45634841918945,41.83215779285397,41.29528566319753,41.470989810888724,8568000
2024-12-30,40.89995574951172,41.18791306733182,40.70472849280053,41.18791306733182,7528200
2024-12-31,41.065895080566406,41.20255303845447,40.851144733227976,41.036612296347556,8883200
2025-01-02,40.61199188232422,41.39777883626658,40.55342259229096,41.261120883172254,20004200
2025-01-03,40.60223388671875,40.79745741432662,40.52902320204075,40.74377355078953,19348400
2025-01-06,40.875553131103516,41.2660076653981,40.81698383386421,41.00245141329682,16602000
2025-01-07,40.85114669799805,41.31481190444728,40.64615975130694,40.899956305577106,23069000
2025-01-08,41.075653076171875,41.080531057131914,40.58758687739787,40.88042585193236,15743000
2025-01-10,40.65591812133789,40.95363881713438,40.54854295581787,40.78769436397168,18553600
2025-01-13,41.563724517822266,41.588125596649185,40.582710291918836,40.616874781196564,20014800
2025-01-14,42.08107376098633,42.115238250425435,41.69061926141076,41.797994434976545,13084600
2025-01-15,42.481285095214844,42.803406870634866,42.20308749313171,42.69115372300737,12564200
2025-01-16,42.832698822021484,42.837576803912526,42.39832012009964,42.51545498753972,11550400
2025-01-17,43.11089324951172,43.38909086624925,42.94983049149262,43.11577123103956,11589000
2025-01-21,43.66240692138672,43.784423485684236,43.45741998704289,43.51598927841971,10348000
2025-01-22,43.31100082397461,43.72585641896293,43.30124113674027,43.71121502628631,11894200
2025-01-23,43.55015182495117,43.55015182495117,43.081604962135884,43.310996688567364,8568400
2025-01-24,43.43790054321289,43.760026087402366,43.3939763637236,43.745380970588926,6300000
2025-01-27,43.46229934692383,43.5013418154182,43.101127655064694,43.3500424754217,12938800
2025-01-28,43.320762634277344,43.56967374788362,43.22314714728951,43.56479576627179,9287600
2025-01-29,43.24266815185547,43.44765507913396,43.135292983190574,43.154816079643275,9020200
2025-01-30,43.65264129638672,43.68192407626665,43.07672304230113,43.154811696530786,12398200
2025-01-31,43.33540725708008,43.73073976881522,43.159703091053274,43.59896350612029,13902800
2025-02-03,43.37932586669922,43.50622413112447,42.42759819263458,42.89614133399332,21249600
2025-02-04,43.5062255859375,43.68681144044092,43.384209022431136,43.52086697777426,19718400
2025-02-05,43.47206115722656,43.681929795693776,43.17922214913627,43.320761809837414,14194200
2025-02-06,43.62335968017578,43.735616555041354,43.28171479780221,43.50134311880665,15303000
2025-02-07,43.091365814208984,43.579432020657855,43.04743791933077,43.511103049646984,13545600
2025-02-10,43.31100082397461,43.4525404925989,43.08160907564042,43.403734609126786,8950400
2025-02-11,43.564796447753906,43.84299407363341,43.38421058673909,43.447657861536115,9441800
2025-02-12,43.25242614746094,43.47205443867286,42.8326889353964,42.979106554987865,11027200
2025-02-13,44.004058837890625,44.0577427044522,43.43301844415053,43.49158773992267,10430600
2025-02-14,43.852752685546875,44.350582355642125,43.84299299875973,44.13095030460597,9631400
2025-02-18,44.409149169921875,44.409149169921875,43.70633626837322,43.97477048452821,7115800
2025-02-19,43.88691329956055,44.023571244413894,43.735613963994304,43.87227190884765,7608000
2025-02-20,43.784423828125,43.94060488270132,43.50134450306476,43.76978243607879,9868600
2025-02-21,42.98399353027344,43.87715564153737,42.9351876510915,43.87227393652421,9954000
2025-02-24,42.93518829345703,43.18410312175383,42.81317173185173,43.09136934336581,9454200
2025-02-25,43.26707077026367,43.40372871488749,42.925422185054394,42.964468375989696,9281200
2025-02-26,43.24755096435547,43.65264684791032,43.203623065299524,43.42325511327926,7965000
2025-02-27,42.9547119140625,43.540389927451365,42.92542540683806,43.26707401768989,7089000
2025-02-28,43.320762634277344,43.35492712381056,42.78876847023139,43.12065367868985,9316600
2025-03-03,42.452003479003906,43.88203772076379,42.34950629110292,43.72585294820988,16883200
2025-03-04,41.8760871887207,42.54961729651645,41.81751789617973,42.54961729651645,22518600
2025-03-05,42.96935272216797,43.08160587344519,42.203088865295385,42.26653613672816,17368600
2025-03-06,42.744842529296875,43.1548163867716,42.51545079890748,42.75460221576773,18493600
2025-03-07,42.86197280883789,43.04255864029206,42.35438352260009,42.554492448561426,15654600
2025-03-10,41.968814849853516,42.72531900977907,41.675975851177455,42.481285890274044,16672800
2025-03-11,41.646697998046875,42.07619499870053,41.41242453718558,42.04203050687183,15426200
2025-03-12,41.45146942138672,41.81751913237613,41.2660055749995,41.758949838103746,12607200
2025-03-13,41.422183990478516,41.90536853550192,41.163505750034695,41.48074955736015,10283000
2025-03-14,41.96393585205078,42.027383121071324,41.59300447676577,41.763826911551696,9507400
2025-03-17,42.491050720214844,42.62283070594355,41.876089865648716,41.876089865648716,8615000
2025-03-18,42.41783905029297,42.666750153686834,42.251894591047126,42.666750153686834,10023800
2025-03-19,42.55937194824219,42.72043469093693,42.159157805686846,42.45200051009536,10253600
2025-03-20,42.29093933105469,42.652107296556004,42.23237004327753,42.43247898377881,7606200
2025-03-21,41.8712043762207,41.93953335388662,41.353855338564486,41.93953335388662,16808800
2025-03-24,42.43859100341797,42.521956876850794,42.144356088043345,42.29637665035025,9204400
2025-03-25,42.42877960205078,42.65926479599012,42.24733667683031,42.570993950255904,7622200
2025-03-26,42.50724411010742,42.76224669623386,42.30128005115148,42.472916766948096,8160800
2025-03-27,42.48762893676758,42.63474826309235,42.090411993650534,42.384646904900194,6049200
2025-03-28,41.70790481567383,42.60532070323856,41.65396131395029,42.590609519386646,9147200
2025-03-31,42.16396713256836,42.36502619947846,41.22731525436428,41.560782449039095,8881800
2025-04-01,42.320899963378906,42.34051238286652,41.678482853855634,42.05608740349452,12197600
2025-04-02,42.6690788269043,42.72792356875479,41.928584646950895,41.928584646950895,11863800
2025-04-03,40.7418327331543,41.57549895589945,40.63394572379669,41.300880198552804,18958600
2025-04-04,38.19179153442383,39.85912787331143,38.09861944263032,39.76595204011762,29389600
2025-04-07,37.57879638671875,39.16767164553956,36.406757972950246,37.343409953752634,50243800
2025-04-08,36.421470642089844,38.574298418978785,35.8575219301937,38.45660145629781,27497400
2025-04-09,39.604122161865234,39.80518125716006,36.16646770898527,36.220411214371694,40440200
2025-04-10,38.338905334472656,38.98622361464473,37.43658072918445,38.9715124307726,28167600
2025-04-11,39.47661590576172,39.76594582895071,38.23101788659953,38.42227075751423,17207000
2025-04-14,39.952301025390625,40.1288427283314,39.46681321300352,39.94249107444944,10426400
2025-04-15,39.638450622558594,40.15826578938454,39.604123276473864,39.785566216607386,8028800
2025-04-16,39.329498291015625,39.942489247804524,39.05978451486844,39.67277547165734,10726400
2025-04-17,39.59921646118164,39.908162561590906,39.39325239424213,39.44229092331345,9535800
2025-04-21,38.99603271484375,39.56979511819762,38.63314310062509,39.56979511819762,7885800
2025-04-22,39.908164978027344,40.020956968980876,39.3932547795008,39.3932547795008,7293800
2025-04-23,39.95720291137695,40.93308343616684,39.82969974880046,40.35441984158092,13337000
2025-04-24,40.82029724121094,40.8938569124045,39.87383895006778,40.020958292454914,9995400
2025-04-25,40.51625061035156,40.629038848387154,40.18768462229186,40.501535684981896,9400400
2025-04-28,40.58980941772461,40.874238132708896,40.19259245668107,40.570196998636085,7779600
2025-04-29,40.92817306518555,41.099809756756564,40.477012692656224,40.67317051505136,9526800
2025-04-30,41.13904571533203,41.271453847277684,40.23181991542872,40.447593913325576,9867400
2025-05-01,40.95759963989258,41.261644482933754,40.65355853825106,40.67317469664723,11208400
2025-05-02,41.6490592956543,41.825600997210024,41.30088086797496,41.44799645833805,8572400
2025-05-05,41.340110778808594,41.63925065892926,41.281262301253776,41.46270896766461,5679200
2025-05-06,41.04096984863281,41.38914824710759,40.93308284657589,41.20279661031847,6111200
2025-05-07,40.815391540527344,41.17337616434914,40.65846600513973,41.085105316856115,8746400
2025-05-08,41.35972595214844,41.76675286420417,40.99683633654938,41.09981837308155,8063200
2025-05-09,41.46760559082031,41.52645406183204,41.23221918957218,41.36462357259933,6360000
2025-05-12,42.42877960205078,42.89955994023315,42.213009333566994,42.60042005976718,8798800
2025-05-13,42.2179069519043,42.53666296428054,42.20319576910838,42.448392126105574,6839000
2025-05-14,41.830501556396484,42.031560631085945,41.60491760713568,41.97761713122788,7891200
2025-05-15,42.257144927978516,42.281666063523026,41.68829124906574,41.71771361859916,7114600
2025-05-16,42.688690185546875,42.693591419216254,42.01685077426718,42.26204714812695,6426800
2025-05-19,42.796573638916016,42.84561590702739,42.26204733737993,42.44839523544393,10166600
2025-05-20,42.723018646240234,42.80147954240072,42.54157197793185,42.73282485523535,5128600
2025-05-21,42.15415954589844,42.6151299194513,42.09040983650483,42.38464473267487,9612400
2025-05-22,42.11002731323242,42.29147023849363,41.80107748239338,42.10021736292652,7651000
2025-05-23,42.02666091918945,42.17868522937282,41.712809830565874,41.791274473421815,7343200
2025-05-27,42.762245178222656,42.772055128148395,42.315989732993,42.44839412579311,6898600
2025-05-28,42.17868423461914,42.71811554663131,42.139451914116435,42.71321057121847,10597000
2025-05-29,42.335609436035156,42.409169101038366,41.913871347510074,42.39445417491774,9869600
2025-05-30,42.34050750732422,42.39935598321101,41.79127003131297,42.22281429695034,12114200
2025-06-02,42.59061050415039,42.610226663539756,42.26695322772547,42.60532168834245,15811000
2025-06-03,43.027061462402344,43.04177264717588,42.22772257804021,42.42878167227854,13218200
2025-06-04,43.18888854980469,43.30658176005166,43.007441888732515,43.08100154816176,13268000
2025-06-05,42.93388366699219,43.375234117086634,42.83580287921604,43.3556217009309,14234800
2025-06-06,43.04667282104492,43.37523504900533,42.94859577256108,43.252636867700744,9348400
2025-06-09,43.33600997924805,43.62043493941387,43.100619805890254,43.14965833409816,11667000
2025-06-10,43.60572052001953,43.64004786135834,43.33110178930907,43.33110178930907,7875200
2025-06-11,43.17417907714844,43.53706867227404,43.02705975245976,43.49293511970734,10307800
2025-06-12,43.35562515258789,43.38504752056338,42.821095105501115,43.01725295527057,8660000
2025-06-13,42.85051727294922,43.399758501453455,42.73282406019823,42.9387881178624,14289400
2025-06-16,43.21341323852539,43.43899346897348,43.04177277193662,43.04177277193662,10504000
2025-06-17,42.79167556762695,43.144758972283796,42.72792211093056,43.09571670054809,9158000
2025-06-18,42.6690788269043,43.002546082524354,42.615135319274565,42.83581058401424,8554000
2025-06-20,42.37974166870117,42.978021438018246,42.3208969316535,42.914271725749984,13409800
2025-06-23,42.851932525634766,42.891360936443625,42.161884570285544,42.383683952863336,10120600
2025-06-24,43.20681381225586,43.27088826913342,42.88643400695052,42.94557850238865,8768200
2025-06-25,42.792781829833984,43.12301778434729,42.74349349878789,43.12301778434729,8744000
2025-06-26,43.26595687866211,43.4039657107378,43.00472533788188,43.00472533788188,10508600
2025-06-27,43.32017517089844,43.51240229563891,43.07865971476837,43.280743001603305,9375600
2025-06-30,43.28074264526367,43.38424926846722,43.06387323684326,43.364536944440594,8533800
2025-07-01,44.39960861206055,44.65098023769933,43.320176448634754,43.39904078955114,15844200
2025-07-02,45.06501007080078,45.079796194464926,44.532687056139174,44.61155139629291,14644200
2025-07-03,45.035438537597656,45.19316345994746,44.951644234740904,45.030508576145195,6766000
2025-07-07,44.60169219970703,44.961504176713845,44.36510669631137,44.80377925429715,11761600
2025-07-08,44.966434478759766,45.109369517895445,44.641124708553264,44.69534300358768,16347600
2025-07-09,45.23752212524414,45.286810458712324,44.81363568859191,45.084727163355126,13435600
2025-07-10,45.479034423828125,45.76984196381488,45.25230509729971,45.34595555668743,12865600
2025-07-11,45.109371185302734,45.188235530252925,44.75941911561886,44.99107842833638,11563200
2025-07-14,44.857994079589844,45.0255751514961,44.69533920829837,44.92699849278165,12949400
2025-07-15,43.9362907409668,44.95657466567222,43.92150461691378,44.93193237907012,14653600
2025-07-16,44.05458068847656,44.10387277945949,43.54197377801443,43.990506234840765,13615200
2025-07-17,44.36510467529297,44.39960688298556,43.901786091599334,43.96093434498318,11840800
2025-07-18,44.46860885620117,44.503111061998936,44.20244737127907,44.439036611362624,13623200
2025-07-21,44.695343017578125,45.08965720695935,44.64605468402017,44.73970138964264,10631000
2025-07-22,45.311458587646484,45.350890760416384,44.626340567720156,44.65098285535711,13651000
2025-07-23,45.46424865722656,45.71069406979245,45.385388080643935,45.48889470266658,13494400
2025-07-24,44.99600601196289,45.34595806315173,44.86292337700761,45.050224306135966,17343400
2025-07-25,45.52832794189453,45.5529702274555,44.991074974427654,45.11429768360848,15752800
2025-07-28,44.867855072021484,45.331173690871715,44.73970239352823,45.26709547139564,15015000
2025-07-29,44.695343017578125,44.79391968469403,44.43411146530806,44.7889934836594,14205800
2025-07-30,43.79335021972656,44.53761643829872,43.60605305498531,44.49325430742449,23629400
2025-07-31,43.24131774902344,43.77856699316444,43.19202565357729,43.275819959560394,23230600
2025-08-01,42.743492126464844,42.96529148928048,42.39846629930236,42.945575405403325,28581800
2025-08-04,43.31031799316406,43.35467636223689,42.97515208293246,42.98993820595673,15497000
2025-08-05,43.615909576416016,43.7046300784366,43.21173923620195,43.537048997096996,16047000
2025-08-06,43.142738342285156,43.679991359633064,43.132882179237406,43.571554763812806,13141000
2025-08-07,43.33003616333008,43.63562608176619,43.063874654704,43.56662166402521,15272600
2025-08-08,43.546905517578125,43.68984431425711,43.354678388361954,43.48776102271698,10402600
2025-08-11,43.44832992553711,43.76870973562932,43.20188449630599,43.581408802720034,12035600
2025-08-12,44.01515579223633,44.0545842035266,43.477902793416106,43.52226492674862,12501200
2025-08-13,44.84320831298828,44.86292063652095,44.1235844089151,44.241880912862165,16882200
2025-08-14,44.374961853027344,44.44889623133484,44.03486596908805,44.43411010776508,16098600
2025-08-15,44.374961853027344,44.66576940491453,44.276385188923136,44.66576940491453,16132200
2025-08-18,44.11865997314453,44.4094637626158,44.059511718804885,44.31088709917505,9423000
2025-08-19,44.384822845458984,44.60169226380688,44.15316354272617,44.15316354272617,11980200
2025-08-20,44.4193229675293,44.69534062907056,44.261598052297344,44.394676921838,13436000
2025-08-21,44.55240249633789,44.65590912094751,44.18766432955275,44.2468088233533,13017600
2025-08-22,45.43467712402344,45.66140645588685,44.680554751411556,44.73969924466198,11434200
2025-08-25,45.18330383300781,45.44453538481782,45.10936945257169,45.39031708986192,12563800
2025-08-26,45.30652618408203,45.34595835472668,45.030508510487024,45.0650107196864,8414200
2025-08-27,45.419891357421875,45.47410965029965,45.065009353297725,45.109367723583915,8967800
2025-08-28,45.419891357421875,45.562830151330694,45.09951156145098,45.54804402790196,8557200
2025-08-29,45.48396301269531,45.700836170856945,45.37060023308059,45.429744723154904,8288800
2025-09-02,45.14387130737305,45.19316340091573,44.87278359518214,45.099512935735156,13028600
2025-09-03,44.838279724121094,45.16851568004831,44.724913177816944,45.119227348791185,10157600
2025-09-04,45.01079177856445,45.035437824978004,44.46861260159486,44.83335077367132,12530000
2025-09-05,45.32624053955078,45.690978702946815,45.005860746092985,45.17837554596469,15054400
2025-09-08,45.36567306518555,45.41003143547237,44.83828002028767,45.41003143547237,13605800
2025-09-09,44.62633514404297,45.30159691893814,44.50311243945718,45.12415592349792,12112400
2025-09-10,44.71012878417969,44.96643413336618,44.53761773787653,44.59183603249449,10671600
2025-09-11,45.64662170410156,45.6909800753722,44.641123923587685,44.67069617110144,11685200
2025-09-12,45.188232421875,45.58254659858427,45.10444188147335,45.41003179598729,11069400
2025-09-15,44.82349395751953,45.26216650197879,44.74955957981612,45.2424504172273,9791400
2025-09-16,44.68548583984375,45.02064800460682,44.5721192908231,44.93193126249334,9700400
2025-09-17,44.78899383544922,45.57268849841486,44.522832319595175,44.72491561690766,13319600
2025-09-18,44.78899383544922,44.92700267467898,44.439041775842654,44.65098123576062,15116000
2025-09-19,44.76927947998047,44.93193437269832,44.62634067369438,44.902358362821175,16468200
2025-09-22,44.75392532348633,44.897542441144815,44.545925903733696,44.75392532348633,8882400
2025-09-23,44.61030960083008,45.1946810248193,44.555834010418046,44.85792454695595,8228800
2025-09-24,44.065555572509766,44.65487654959888,44.01107998444969,44.43202461902879,10669600
2025-09-25,43.4910888671875,43.916986875620765,43.42175698472666,43.90708394025674,11077200
2025-09-26,43.99622344970703,44.07050869196735,43.5653758455451,43.600041788159324,9944600
2025-09-29,44.16460418701172,44.30822131646123,43.91698922829968,44.2785087304732,9378800
2025-09-30,44.382503509521484,44.41716945022655,43.981364734729475,44.065556686416784,9408200
2025-10-01,43.91698455810547,44.43202407085301,43.812986739902215,44.328026252649764,13749800
2025-10-02,44.42707443237305,44.4518374390051,43.852609705891965,43.852609705891965,10673800
2025-10-03,44.50135803222656,44.739066262585666,44.37259720343793,44.41716985807039,9827600
2025-10-06,44.46173858642578,44.704400172781824,44.36764369897368,44.52612088975793,8937800
2025-10-07,44.28345489501953,44.70935289343191,44.12498148479428,44.53106983464049,11308800
2025-10-08,44.52116775512695,44.689544103719115,44.3181216871496,44.4964047493673,12184200
2025-10-09,43.91203308105469,44.78363873826498,43.80308190161538,44.694497207660476,13231800
2025-10-10,43.01071548461914,44.09527016018442,43.00576212776013,43.99622191452536,22262600
2025-10-13,43.69413375854492,43.97641463761531,43.47127804666569,43.59508551605278,11979800
2025-10-14,44.12993621826172,44.32307557492723,43.2088083118704,43.29299648717501,10797400
2025-10-15,43.93184280395508,44.57068981131375,43.69413457414509,44.313171932635555,10555800
2025-10-16,43.6049919128418,44.14974401852876,43.3821362025807,44.14974401852876,13389600
2025-10-17,43.52080154418945,43.76841649016339,43.28804666874951,43.575277134568054,12791000
2025-10-20,44.040794372558594,44.07546031380807,43.768416421095395,43.90708396439753,8425400
2025-10-21,43.872413635253906,44.03089082539722,43.575276460343524,43.71394022341476,9335800
2025-10-22,43.738704681396484,44.00117592425503,43.565374971801624,43.718895031970746,13133000
2025-10-23,44.26364517211914,44.37754970660732,43.94669835220091,44.055649529979824,10682600
2025-10-24,44.080413818359375,44.36764428468719,44.04079452014029,44.19926793471241,13450400
2025-10-27,44.060604095458984,44.26364638645936,43.8724143183856,44.060604095458984,11936600
2025-10-28,44.120025634765625,44.342881334812944,43.956602655362296,44.0308878887114,13049400
2025-10-29,43.25337600708008,44.08536235856396,43.17414119081236,43.95165195310412,20990000
2025-10-30,42.67395782470703,43.10480918021281,42.64919859770582,42.96119206171088,20798600
2025-10-31,42.42634201049805,42.639291005501285,42.114348552922905,42.44615165867324,17528800
2025-11-03,42.16387176513672,42.43129635426726,41.742927121956924,42.381774121829196,24127400
2025-11-04,41.955875396728516,42.13415845306735,41.633975223988735,41.86178051190967,22164800
2025-11-05,42.2034912109375,42.411486854891876,42.07473038350205,42.19853785418501,18828400
2025-11-06,41.9954948425293,42.51548394344505,41.96577848083119,42.30748830307875,22407400
2025-11-07,42.50062561035156,42.584813778126936,41.95092017414124,42.10444021870855,17975200
2025-11-10,42.901763916015625,42.995858803965724,42.42634367605929,42.782909800602596,15233400
2025-11-11,43.347469329833984,43.43661085635956,42.98100028891953,43.08004475025727,11641400
2025-11-12,43.65451431274414,43.91203218573768,43.44156531499206,43.48118461185386,13923800
2025-11-13,43.367279052734375,43.798130394736816,43.332613113375835,43.66441621556529,17940400
2025-11-14,42.97109603881836,43.31280587313649,42.906717513089184,43.06023757045334,12830000
2025-11-17,42.31739044189453,42.98595378211343,42.2579652762246,42.86709589416552,14150800
2025-11-18,42.35205841064453,42.64919936644808,42.124253115284894,42.361965124266895,20615000
2025-11-19,42.46100997924805,42.639293043040055,42.193585383560034,42.60958045850947,15385800
2025-11-20,41.827117919921875,42.94138522207634,41.81226162708852,42.753199215679835,22669200
2025-11-21,42.763099670410156,43.089953206997976,41.95092296400331,42.03511113737745,20989200
2025-11-24,42.847286224365234,42.94633446427141,42.55014906125475,42.73338547135316,14549600
2025-11-25,43.48613357543945,43.58518181619366,43.04042971610972,43.070142299183956,12455800
2025-11-26,44.0209846496582,44.134889186889225,43.50099175348424,43.52080140249417,9895200
2025-11-28,44.27355194091797,44.446881642917546,44.03089035811856,44.13983775772963,4786800
2025-12-01,44.16460418701172,44.55088291807379,44.139841179818745,44.21412642309324,13367800
2025-12-02,43.763465881347656,44.25374240490882,43.505944227746944,44.25374240490882,12905800
2025-12-03,44.07050704956055,44.199267879459505,43.92194034888104,43.95660629020335,11841600
2025-12-04,43.81298828125,44.08041287102527,43.704037102641095,43.95660540047954,9912600
2025-12-05,43.66937255859375,44.21412469075562,43.66937255859375,43.916987507604084,7134000
2025-12-08,43.065189361572266,43.67927334700684,43.035476778208945,43.65946747696735,11389100
2025-12-09,42.97604751586914,43.40194550635128,42.956237867671824,43.00576009901309,8801100
2025-12-10,43.81794357299805,43.91698804248677,42.93643117000939,42.93643117000939,10919500
2025-12-11,44.689544677734375,44.78859292374099,43.86746501655282,43.86746501655282,11009200
2025-12-12,44.719261169433594,45.145159182727575,44.54097810441266,45.075823521171195,14078600
2025-12-15,44.689544677734375,45.006491508347054,44.42212008097288,44.986681859145726,9228800
2025-12-16,44.5706901550293,44.77868580229309,44.293362625344244,44.74897321791375,9742300
2025-12-17,44.75887680053711,44.93715986599974,44.511261851650595,44.58059373507447,10935000
2025-12-18,44.73906707763672,45.1946814543497,44.699451557391285,44.83811532401096,8978100
2025-12-19,44.93716049194336,45.105540624249834,44.65983295438485,44.76878413794121,10358000
2025-12-22,45.467796325683594,45.50762013897367,45.12930530614156,45.1890372282688,9862300
2025-12-23,45.54744338989258,45.597221256986636,45.33837406941285,45.57730935058745,8424800
2025-12-24,45.637046813964844,45.68682468296134,45.40806557833461,45.52753322348778,2767600
2025-12-26,45.905853271484375,45.93571923423643,45.65696012106237,45.74656180712661,5035800
2025-12-29,45.53749084472656,45.656958489273066,45.33837557194376,45.53749084472656,6370400
2025-12-30,45.52753448486328,45.6470021333264,45.42797874411203,45.60718211571074,4432100
2025-12-31,45.14921569824219,45.46779862505827,45.129307588398234,45.40806669991029,5704300
2026-01-02,45.91580581665039,45.97554153799833,45.06957065216492,45.31846379440276,18031000
2026-01-05,46.37377166748047,46.52310527279485,45.796337759736,45.81624966667283,22033700
2026-01-06,47.289695739746094,47.41912123357792,46.48328061360486,46.52310442675432,18351400
2026-01-07,46.47332763671875,47.34943255728035,46.423549768031734,47.13040537768797,16963400
2026-01-08,47.289695739746094,47.41912123357792,46.06514196895909,46.20452151717434,14918900
2026-01-09,48.046329498291016,48.076199257242145,47.34943175289603,47.379297714039275,11769700
2026-01-12,48.305179595947266,48.39478127553103,47.98659669027339,48.15584219737172,12672800
2026-01-13,48.514251708984375,48.544117671295936,48.17575687749058,48.38482620928757,10797500
2026-01-14,48.53416442871094,48.92243713649133,48.4146967796573,48.53416442871094,16029700
2026-01-15,48.74323272705078,48.89257013354692,48.39478384230381,48.554075303589286,17883600
2026-01-16,48.464473724365234,48.50429753922498,48.145890801103334,48.354960132404955,10769100
2026-01-20,47.97663879394531,48.30517955138531,47.807393287003116,48.135930246635304,17363800
2026-01-21,49.021995544433594,49.16137509808155,48.45451567945436,48.603853085681735,16940400
2026-01-22,49.30075454711914,49.609383413690445,49.131505233900036,49.15141714120863,14648300
2026-01-23,49.74876403808594,49.76867594582322,49.14146414442703,49.24101988530538,19550700
2026-01-26,49.808494567871094,50.256502984886744,49.7985405131854,50.19676726334867,13900900
2026-01-27,49.75871658325195,49.95783185677509,49.460045571871234,49.64920299292383,10123800
2026-01-28,49.728851318359375,49.98769851910137,49.32066671093021,49.89809683465068,13517200
2026-01-29,49.778629302978516,50.3958832429492,49.07177367835015,50.22663772626693,20503700
2026-01-30,49.05186080932617,49.43017944799886,48.59389834019016,49.0020829405606,28082600
2026-02-02,49.430179595947266,49.589471055158654,48.98217118010026,49.03194904901483,25155300
2026-02-03,50.475528717041016,50.99322689541877,49.838362896824655,49.95783053866326,34077400
2026-02-04,51.66025924682617,51.78968474230107,50.78415433545502,50.78415433545502,35878600
2026-02-05,50.27641296386719,51.29189740422085,50.13703341676512,51.15251785711879,25667300
2026-02-06,51.28194046020508,51.39145404852676,50.634820580370956,50.634820580370956,14367300
2026-02-09,51.948978424072266,52.07840392509041,51.04300751256133,51.24212279155663,12325200
2026-02-10,52.675743103027344,52.75539072942239,51.889239882511646,51.91910964131371,18381400
2026-02-11,53.382598876953125,53.43237674471376,52.87485854930203,52.87485854930203,24891300
2026-02-12,52.596099853515625,53.900297468726706,52.50649817173863,53.43237715302373,30108100
2026-02-13,53.073974609375,53.402511579739304,52.207823746634354,52.30738328144772,19918900
2026-02-17,52.4666748046875,52.7354798523065,51.84942087930753,52.4666748046875,20404700
2026-02-18,52.78525924682617,53.10384217221972,52.50650013655883,52.76534733926307,11992700
2026-02-19,52.596099853515625,52.93459087599773,52.19786931277166,52.41689648996163,18340200
2026-02-20,52.725521087646484,53.01423803725755,52.08835526630335,52.38702627033196,17810500
2026-02-23,52.725521087646484,52.86490063633931,52.128179079589266,52.25760457386455,17353800
2026-02-24,53.12375259399414,53.263132145229584,52.675744180874545,52.725522049486074,13452200
2026-02-25,52.82508087158203,53.51202456388903,52.43680438691333,53.492112657151566,12379300
2026-02-26,52.76534652709961,52.884814172831334,52.11822283358746,52.6558329360922,15645100
2026-02-27,53.17353057861328,53.25317820681184,52.43680520900844,52.62596642707603,12122700
2026-03-02,53.01424026489258,53.15361981944207,52.27751487937778,52.83503689538379,19444500
2026-03-03,51.71003723144531,51.85937463408404,50.465571535482276,51.44123218538035,27307900
2026-03-04,51.69012451171875,52.1480907669654,51.451189228623655,52.0883550472877,17141500
2026-03-05,50.60495376586914,51.550744635664884,50.286367060756,51.371541275579666,19897300
2026-03-06,49.63924789428711,50.137034168721904,49.22110544890178,50.08725630084,23170700
2026-03-09,49.768672943115234,49.967784412858876,48.38482392242672,49.041901646881136,22461900
2026-03-10,49.65916061401367,50.19676691287087,49.41026747272143,49.76867420383152,19215000
2026-03-11,49.61933517456055,49.66911304162684,49.06181318911773,49.509821588330006,12570900
2026-03-12,49.460044860839844,50.00760900680078,49.41026699262665,49.569558449593615,19572900
2026-03-13,48.97221374511719,49.90805439904401,48.79301037725069,49.808494862558184,17240300
2026-03-16,49.1812858581543,49.54964664103208,48.87265699812767,49.24101778100545,15641100
2026-03-17,49.30075454711914,49.758717021792954,49.26093073250194,49.460046007779944,12770300
2026-03-18,48.265357971191406,49.061815271480114,48.265357971191406,48.962259533122015,16432400
2026-03-19,47.52863693237305,47.78748413372855,47.010938731854026,47.4290773950763,23546600
2026-03-20,46.77199935913086,47.74766003192882,46.523106214096444,47.638146440464396,19735100
2026-03-23,47.54999923706055,48.150001525878906,47.36000061035156,47.400001525878906,19208000
2026-03-24,48.45000076293945,48.790000915527344,47.2400016784668,47.279998779296875,15814600
2026-03-25,49.40999984741211,49.45000076293945,48.66999816894531,49.0,15047100
2026-03-26,49.09000015258789,49.72999954223633,48.970001220703125,48.970001220703125,12903500
2026-03-27,48.90999984741211,49.290000915527344,48.779998779296875,49.040000915527344,10746100
2026-03-30,49.09000015258789,49.7400016784668,48.900001525878906,49.5099983215332,16612900
2026-03-31,49.970001220703125,50.22999954223633,49.290000915527344,49.52000045776367,20487800
2026-04-01,50.459999084472656,50.65999984741211,50.16999816894531,50.34000015258789,19966800
2026-04-02,50.40999984741211,50.91999816894531,49.90999984741211,50.08000183105469,13799900
2026-04-06,50.220001220703125,50.43000030517578,49.849998474121094,50.209999084472656,8885600
2026-04-07,50.08000183105469,50.31999969482422,49.68000030517578,50.119998931884766,9953400
2026-04-08,51.75,51.779998779296875,50.77000045776367,51.08000183105469,14354000
2026-04-09,51.66999816894531,52.06999969482422,51.470001220703125,51.560001373291016,7658500
2026-04-10,51.959999084472656,52.220001220703125,51.880001068115234,51.93000030517578,6138500
2026-04-13,52.189998626708984,52.2599983215332,51.560001373291016,51.689998626708984,9890600
2026-04-14,52.0099983215332,52.2599983215332,51.650001525878906,52.2599983215332,8273900
2026-04-15,51.380001068115234,51.900001525878906,51.2400016784668,51.900001525878906,20300500
2026-04-16,51.75,51.970001220703125,51.4900016784668,51.52000045776367,12382700
2026-04-17,51.880001068115234,52.369998931884766,51.470001220703125,51.599998474121094,11796000
2026-04-20,52.22999954223633,52.400001525878906,51.66999816894531,51.84000015258789,8558000
2026-04-21,51.77000045776367,52.56999969482422,51.63999938964844,52.25,9557700
2026-04-22,51.83000183105469,52.41999816894531,51.70000076293945,52.2400016784668,8933000
2026-04-23,51.810001373291016,51.900001525878906,51.279998779296875,51.709999084472656,13728200
2026-04-24,51.91999816894531,52.0,51.33000183105469,51.75,7420300
2026-04-27,51.779998779296875,52.18000030517578,51.61000061035156,52.0,8025900
2026-04-28,51.400001525878906,51.97999954223633,51.0099983215332,51.880001068115234,9073000
2026-04-29,50.959999084472656,51.5099983215332,50.88999938964844,51.4900016784668,7053300
2026-04-30,51.470001220703125,51.709999084472656,50.79999923706055,50.91999816894531,15282700
2026-05-01,51.349998474121094,51.77000045776367,51.34000015258789,51.63999938964844,9358200
2026-05-04,50.650001525878906,51.2599983215332,50.5,51.15999984741211,10041600
2026-05-05,51.529998779296875,51.790000915527344,50.88999938964844,51.040000915527344,10775100
2026-05-06,52.40999984741211,52.66999816894531,52.13999938964844,52.31999969482422,10500300
2026-05-07,51.400001525878906,52.77000045776367,51.380001068115234,52.599998474121094,13026600
2026-05-08,51.59000015258789,51.90999984741211,51.5,51.810001373291016,7599500
