Price,Close,High,Low,Open,Volume
Ticker,XLC,XLC,XLC,XLC,XLC
Date,,,,,
2018-06-19,46.32429504394531,46.41701993620279,45.97195106464581,46.08321739826181,16600
2018-06-20,46.89918899536133,47.18570066276878,46.778648377678074,46.778648377678074,190000
2018-06-21,46.61175537109375,47.14954581087873,46.546849689345464,47.07536940477828,428700
2018-06-22,46.81574249267578,46.92700886042695,46.53757126765678,46.90846387628608,181500
2018-06-25,45.85142517089844,46.57466187687492,45.4480797187455,46.57466187687492,2509600
2018-06-26,45.927459716796875,46.15740974756419,45.75870141561801,46.101778330051644,104000
2018-06-27,45.52688980102539,46.36139635016591,45.52688980102539,46.194495040337806,144900
2018-06-28,45.98125076293945,46.16669712723066,45.40637021702236,45.52690734728073,336500
2018-06-29,45.92560577392578,46.213047752726915,45.82361011896104,46.17595778054075,152300
2018-07-02,46.213043212890625,46.213043212890625,45.37853660615359,45.5361672039124,321300
2018-07-03,45.64742660522461,46.36139247377192,45.60940992383514,46.36139247377192,97500
2018-07-05,46.34285354614258,46.36139853000586,45.7401574875089,45.98123520354357,324900
2018-07-06,47.07536315917969,47.11801697456717,46.29649154444063,46.49120856385191,199800
2018-07-09,47.344261169433594,47.47407251860728,46.964097845241824,47.47407251860728,118100
2018-07-10,47.324790954589844,47.48334473445258,47.168087074938335,47.48334473445258,1153200
2018-07-11,47.26081848144531,47.501896236696965,46.96410576555347,47.01046646420634,227500
2018-07-12,48.002593994140625,48.002593994140625,47.41843936363636,47.56679570218254,361400
2018-07-13,47.92841720581055,48.030412858468566,47.70495773319564,48.011867872794895,80100
2018-07-16,47.78933334350586,48.01186608913404,47.70588267962173,48.01186608913404,200700
2018-07-17,47.79859161376953,47.919132216216845,47.028994391436584,47.11244503357806,172600
2018-07-18,47.65951156616211,47.844954301278506,47.50188099680104,47.83568357936006,147800
2018-07-19,47.32571792602539,47.72442624863169,47.29419180619616,47.687336279762704,258400
2018-07-20,47.1680908203125,47.46109664414675,47.14027511014769,47.33499215549011,158400
2018-07-23,47.36280059814453,47.381342042628404,46.96409233696354,47.22371500486053,94800
2018-07-24,47.69660568237305,48.31785026389244,47.43698298166919,48.31785026389244,211200
2018-07-25,48.039676666259766,48.0999452037638,47.64096840377192,47.780050460418224,604300
2018-07-26,46.22788619995117,46.379952976398656,45.96269959708094,46.129600948808026,833400
2018-07-27,45.35072708129883,46.20377878861008,45.09852162759375,46.14814382821112,1111200
2018-07-30,44.63676452636719,45.45272632442359,44.385485771622776,45.45272632442359,251300
2018-07-31,44.93346405029297,45.22090597818142,44.63675139954726,44.85001339620237,1211400
2018-08-01,44.748016357421875,45.229248565504555,44.61727830037681,45.02618755373842,1250400
2018-08-02,45.044734954833984,45.11891135063291,44.4142196736207,44.590391708600286,190700
2018-08-03,45.35072708129883,45.36927206809848,44.59040030798584,44.59040030798584,117200
2018-08-06,45.80506896972656,45.81433969428656,45.26727498079095,45.35072565020874,110200
2018-08-07,45.860687255859375,46.17501813853888,45.82359729405378,46.06467850869667,128800
2018-08-08,45.82359313964844,45.99049441554874,45.766108302282866,45.94413373604157,114200
2018-08-09,46.07395553588867,46.25476470306811,45.86069353196148,45.86069353196148,306400
2018-08-10,45.68452835083008,45.925606097550094,45.57326197058195,45.925606097550094,177600
2018-08-13,45.619606018066406,45.99976925417141,45.59178678033656,45.74014661598063,261000
2018-08-14,45.944149017333984,46.01832895889263,45.53616995004431,45.842153366237994,189800
2018-08-15,45.30436706542969,45.71234616988524,44.961293647203554,45.65671474574266,555100
2018-08-16,45.285823822021484,45.652079372472286,45.21164387084903,45.6103522656641,177600
2018-08-17,45.07254409790039,45.257990366034825,44.87782710805125,45.11890478066066,226900
2018-08-20,45.146728515625,45.29508484911016,44.850942567281706,45.29508484911016,145800
2018-08-21,45.424903869628906,45.647436621560594,45.25800253713298,45.387813898608854,384900
2018-08-22,45.369258880615234,45.46198025056762,45.202357585026114,45.2950789549785,501900
2018-08-23,45.18381881713867,45.591797852963964,45.174548093705965,45.32290442828735,283700
2018-08-24,45.84214401245117,45.84214401245117,45.32289867586641,45.39707506519556,330900
2018-08-27,46.2872200012207,46.3790182046978,46.04706899651691,46.12959293923352,299200
2018-08-28,46.08323287963867,46.41703552971859,46.01925392047021,46.41703552971859,150200
2018-08-29,46.34285354614258,46.379943513869144,46.0554116019027,46.20377147280896,270900
2018-08-30,46.0554084777832,46.393848220415904,45.87923644867346,46.18522335602033,344400
2018-08-31,45.60108184814453,46.00906097106284,45.473123907474594,46.00906097106284,235000
2018-09-04,45.03546905517578,45.48053812387471,44.8778419741571,45.48053812387471,343700
2018-09-05,44.45131301879883,44.98910700466107,44.28441168091705,44.98910700466107,773600
2018-09-06,44.117515563964844,44.48840468900663,43.73734863987307,44.42349900369695,599600
2018-09-07,44.210235595703125,44.4605876043499,43.7929822479585,43.83934294502024,755700
2018-09-10,44.30295181274414,44.488398116415,44.09803380635707,44.488398116415,310900
2018-09-11,44.748016357421875,44.84074126855862,44.19168103897618,44.247315985658226,615700
2018-09-12,44.618202209472656,44.73874281781356,44.36785027080777,44.62747646854921,713300
2018-09-13,44.93346405029297,44.989098998717964,44.70165707082952,44.79438198487118,754500
2018-09-14,44.85001754760742,45.10036953305227,44.738751177552196,45.10036953305227,1190800
2018-09-17,44.414222717285156,44.89637816575449,44.377132748297015,44.89637816575449,810800
2018-09-18,44.7294807434082,44.887107807249045,44.41422307863237,44.460583771697664,430100
2018-09-19,44.85001754760742,44.896378240372584,44.49767345291686,44.775841146601984,2385200
2018-09-20,45.34144973754883,45.387810429233,44.989102113979875,45.220909109494755,4554200
2018-09-21,45.13876724243164,45.594340302375784,45.017900341357795,45.57574512169765,7974600
2018-09-24,45.13876724243164,45.20384860147108,44.63670800412619,44.82265626423948,6769400
2018-09-25,45.15736389160156,45.231744616732925,44.85984808441249,45.129472893011396,3994500
2018-09-26,45.334007263183594,45.78958028236428,45.185249377737044,45.23173909860664,5688600
2018-09-27,45.72450637817383,46.04991319726685,45.45488155854342,45.61293883258027,3649400
2018-09-28,45.55715560913086,45.66872316041257,45.369348871583725,45.622236976267565,2306600
2018-10-01,45.37119674682617,45.76168840526523,45.157357512284555,45.71519868529158,7636900
2018-10-02,45.334007263183594,45.522746734178135,45.1666577453905,45.343306626024614,5823500
2018-10-03,45.538551330566406,45.73379539297975,45.41768443859576,45.58503750542656,5146200
2018-10-04,44.88774108886719,45.49207209422613,44.50654872220537,45.49207209422613,5292200
2018-10-05,44.460060119628906,45.120173088721046,44.14394913424183,44.95282000547682,2648400
2018-10-08,44.31129837036133,44.46935562266635,43.70696745037342,44.255512831900525,2170000
2018-10-09,44.283409118652344,44.73897862068827,44.22762357799432,44.31130011564736,1991400
2018-10-10,42.53550338745117,44.19973486299115,42.498313025092386,44.19043549906737,4050700
2018-10-11,42.172908782958984,43.01897007134132,41.77312122998695,42.45182942425687,8840700
2018-10-12,43.11193084716797,43.232797726351535,42.38673666540146,43.177012194420485,5877600
2018-10-15,42.944580078125,43.400153079748016,42.76793120429889,42.96317525642263,1576900
2018-10-16,44.078853607177734,44.167179802354994,43.335064335510594,43.409441489343806,3707300
2018-10-17,44.255523681640625,44.38568996996089,43.799954085860165,44.38568996996089,4571000
2018-10-18,43.44664764404297,44.15325036916563,43.11844959969886,44.15325036916563,21297200
2018-10-19,43.43733215332031,44.07884967794768,43.26997913877983,43.69765748853141,3544400
2018-10-22,43.409454345703125,43.80924186262733,43.24210126668053,43.6883785085195,2711700
2018-10-23,43.31648635864258,43.5024346370545,42.43137624193698,42.795831888422875,2779600
2018-10-24,41.2524528503418,43.30717546904377,41.205966683583945,43.30717546904377,3552300
2018-10-25,42.619171142578125,42.90739107143382,41.996245114836434,41.996245114836434,3391700
2018-10-26,41.46628952026367,42.39602698526211,40.945638809731406,41.30823585361408,5229100
2018-10-29,40.82477569580078,42.396030879161295,40.04379601160567,42.11711032337746,3491000
2018-10-30,41.940467834472656,41.99624982609982,40.59699715387836,40.75970054057065,6283600
2018-10-31,42.80513000488281,43.279294731672344,42.572695550312424,42.7586438233024,3577200
2018-11-01,43.0561637878418,43.149136159956115,42.52621346411916,42.94459268530223,2550000
2018-11-02,42.619171142578125,43.46337375139785,42.340250575728945,43.186311638283,2628600
2018-11-05,42.44253158569336,42.70285703228784,42.13571641220568,42.70285703228784,2439500
2018-11-06,42.69354248046875,42.93527620631361,42.368135787985615,42.48900265090804,2040300
2018-11-07,43.47452926635742,43.502423806508936,42.92598393227802,43.13052734227399,2705800
2018-11-08,43.06544876098633,43.50242660254821,42.814419163493405,43.50242660254821,1295700
2018-11-09,42.18219757080078,42.68425676946608,41.847491438357245,42.526203066183186,2234500
2018-11-12,41.54998016357422,42.18220213850156,41.373331261952934,42.13571595877682,1203700
2018-11-13,41.4198112487793,42.107818664509544,41.33613471911843,41.73592218897952,2186100
2018-11-14,41.62434768676758,41.97764892462425,41.28964162423674,41.866077872669266,2137500
2018-11-15,41.931175231933594,42.00555596165256,41.03491084683143,41.42911949300414,3864100
2018-11-16,41.72663497924805,41.88468870861306,41.3268474269304,41.68944461469097,2092100
2018-11-19,40.462181091308594,41.615053738113176,40.3413142093046,41.58716274483053,2358000
2018-11-20,39.93223190307617,40.369206177280724,39.402281737905426,39.73698785204855,5028200
2018-11-21,40.40640640258789,40.778302963950054,40.27624367011167,40.34132503634978,3187400
2018-11-23,39.876461029052734,40.28554800636939,39.876461029052734,40.155381711161155,667100
2018-11-26,40.787593841552734,40.79689320512804,40.2390484306542,40.34132014997447,2563700
2018-11-27,40.917762756347656,41.04792903944299,40.47148899716935,40.64814146517874,2114400
2018-11-28,41.77311325073242,41.77311325073242,40.65742735198426,41.13159554361938,2707400
2018-11-29,41.9125862121582,42.12177582087974,41.405877212659426,41.54998545214899,2247700
2018-11-30,41.84748458862305,41.986946636536175,41.5034826962158,41.986946636536175,5563500
2018-12-03,41.9125862121582,42.74934819371296,41.745233106513524,42.74934819371296,5790400
2018-12-04,40.676021575927734,42.079923845786006,40.583049230992664,41.83819362095424,3268000
2018-12-06,41.13160705566406,41.13160705566406,39.95083947412316,40.07170284986995,3560400
2018-12-07,40.350616455078125,41.3268403030771,40.17396402721725,40.99213417309625,2625800
2018-12-10,40.657432556152344,40.852676638090976,39.89226018169697,40.46218847421371,3379500
2018-12-11,40.69462203979492,41.243167458160954,40.471483417634126,41.15019155448226,4425900
2018-12-12,41.13160705566406,41.68015256918828,41.07582150377952,41.07582150377952,3352600
2018-12-13,40.94565200805664,41.410520890400605,40.68532302220971,41.26176298991726,1984100
2018-12-14,40.545860290527344,41.03862011989594,40.462183758496096,40.52726511155731,1910800
2018-12-17,39.75558090209961,40.75969928035709,39.45806513372726,40.39710215932001,3275000
2018-12-18,39.93223190307617,40.369206177280724,39.69979749566207,39.969422259462654,3597400
2018-12-19,39.07688522338867,40.508682529307656,38.85375009969697,39.87646043439976,5714100
2018-12-20,38.38887405395508,39.24423111509357,37.902618751531044,38.84444358318417,9067000
2018-12-21,37.133365631103516,38.81234145375497,36.844207280350915,38.485871659379754,7987400
2018-12-24,36.349853515625,37.45984259465244,36.349853515625,36.87219964306562,3888500
2018-12-26,38.39259719848633,38.4112529205843,36.41606916527077,36.62967237970211,4104000
2018-12-27,38.56981658935547,38.56981658935547,37.07739458288982,37.86091702583797,3768600
2018-12-28,38.448551177978516,39.026864131809546,38.206030432098,38.719050160087484,2631900
2018-12-31,38.50453186035156,38.877639223550375,38.01949371147932,38.74705271389545,5303600
2019-01-02,39.017555236816406,39.20877018007575,37.795632006950775,37.87025134439829,4625800
2019-01-03,38.3646125793457,39.06418609471853,38.29931933590144,38.765701679483314,3433700
2019-01-04,40.01561737060547,40.1182185251588,38.86831336256426,38.99890344313516,2647900
2019-01-07,40.4726676940918,40.64056565764771,39.93166591235712,40.062252426630465,4048400
2019-01-08,41.15359115600586,41.20955833744277,40.565951762890805,40.86443628078877,2144800
2019-01-09,41.20954513549805,41.31214982282042,40.845767468238705,41.28416446195933,1840800
2019-01-10,41.29350280761719,41.34946998292403,40.724515645752746,41.03232977261675,1340500
2019-01-11,41.088294982910156,41.15358824419202,40.724517224849535,41.032331363649064,1227900
2019-01-14,40.939048767089844,41.09948514706979,40.6219085752197,40.817788340082444,2344900
2019-01-15,41.61996841430664,41.7132470382782,41.069636986629334,41.14425988580658,2459700
2019-01-16,41.44274139404297,41.76920765899189,41.38677422367369,41.66660295908925,20343800
2019-01-17,41.61063766479492,41.72256844279318,41.21887460447811,41.349464663393896,3311000
2019-01-18,41.94643783569336,42.2309314090454,41.750554506446505,41.918452469677725,3375800
2019-01-22,41.0789680480957,41.71324848016451,40.81779145016303,41.65728130384698,4343200
2019-01-23,40.89240264892578,41.38676677782662,40.51929536335339,41.31214745564102,2540500
2019-01-24,41.0789680480957,41.12560558258574,40.65922312125373,40.87375862648056,2878700
2019-01-25,41.601314544677734,41.731904624061436,41.36812331167345,41.44274621417843,3341100
2019-01-28,41.237525939941406,41.29349310209386,40.87468053379137,41.209544137972635,4328200
2019-01-29,40.75249481201172,41.21887723468246,40.62190830297839,41.20955115184386,1138100
2019-01-30,41.34012985229492,41.418481742915326,40.58458918932199,40.995007921007705,2578000
2019-01-31,43.02845001220703,43.20567407946131,42.356858080353256,42.440807071834975,4798700
2019-02-01,42.87921142578125,43.24298923392996,42.823244240598235,42.93517505274791,4395100
2019-02-04,43.28029251098633,43.28029251098633,42.77659861418357,42.91651121337388,3703100
2019-02-05,43.75599670410156,43.79330815014012,43.214994969403826,43.242976774825074,2388600
2019-02-06,42.776588439941406,43.40153906242393,42.68330983778479,43.40153906242393,3748900
2019-02-07,42.366180419921875,42.52382005205333,41.90912760753251,42.39416578675288,2341500
2019-02-08,42.65534210205078,42.65534210205078,42.0303912734877,42.06769916843796,2600400
2019-02-11,42.21693420410156,42.92583746017953,42.18895239811955,42.83255884321379,2061100
2019-02-12,42.70198059082031,42.851222848594595,42.59937587143497,42.618031598433774,2442900
2019-02-13,42.72995376586914,43.065746081368566,42.69264232251973,42.87919598105169,3620700
2019-02-14,42.88851547241211,43.082530678158015,42.32885814102983,42.506082132384165,2103300
2019-02-15,43.07508850097656,43.18701930601771,42.851223332678124,43.18701930601771,2283500
2019-02-19,43.1217155456543,43.280287409236834,42.888524349609305,42.95381759984468,4218800
2019-02-20,42.97247314453125,43.26163150738691,42.739281949452085,43.168352894426086,3566300
2019-02-21,42.57139205932617,42.89599386577459,42.41282372461274,42.869876560846926,2631200
2019-02-22,42.97247314453125,42.991128867123415,42.646006894706524,42.74861158985579,4005400
2019-02-25,43.01911163330078,43.2849494593034,42.98180374549795,43.22432102818538,2410800
2019-02-26,43.01911163330078,43.218723955461115,42.76726471000114,42.88852513045253,4704600
2019-02-27,42.80458068847656,42.98180829672133,42.49677012177181,42.82323641346105,4009800
2019-02-28,42.83256530761719,42.9724814750746,42.72996415079315,42.76727204499464,2374200
2019-03-01,43.1683464050293,43.18700212481699,42.916499525217525,43.11238280388094,7114200
2019-03-04,43.22433090209961,43.494833610200395,42.66933457999906,43.38289924657625,2906600
2019-03-05,43.494834899902344,43.61609179343309,43.019122735934374,43.23365826858446,2805900
2019-03-06,43.4761848449707,43.66087052555765,43.3455982913806,43.569459938044574,6131600
2019-03-07,43.09373092651367,43.42019715637061,42.87919546714839,43.42019715637061,3377700
2019-03-08,43.06574630737305,43.09373166913951,42.49676280527648,42.62734929946963,2566500
2019-03-11,43.83994674682617,43.849272829455394,43.17768457547348,43.17768457547348,3594000
2019-03-12,44.035823822021484,44.166410320163926,43.90523732387904,43.92389304621585,8112500
2019-03-13,44.166412353515625,44.33431030406143,44.02649976687103,44.19439771741684,3486900
2019-03-14,43.97053527832031,44.119777514770256,43.83994876620356,44.026502451319885,3539800
2019-03-15,43.93596267700195,44.0667795187398,43.690212368098024,44.029402259817104,6868900
2019-03-18,43.562191009521484,43.79579349776461,43.464078392198296,43.749073713014205,2807200
2019-03-19,43.63694763183594,43.982678333136136,43.464080498940206,43.73038720586585,3570800
2019-03-20,44.02941131591797,44.16022818456262,43.47810910913527,43.63696070998401,7390700
2019-03-21,44.608741760253906,44.64331376636451,43.851868261799716,43.88924552296847,3183200
2019-03-22,43.889251708984375,44.58725415900795,43.758434840947416,44.40317664676913,5174600
2019-03-25,43.814483642578125,44.02939751146887,43.53416135987242,43.767763856209044,2408500
2019-03-26,44.02941131591797,44.42186548634426,43.83318601295099,44.03875741481678,2488600
2019-03-27,43.71170425415039,44.17890931394932,43.47810172425093,44.085469727786226,2465700
2019-03-28,43.60891342163086,43.7303877208934,43.39399954723793,43.674325401611696,1891100
2019-03-29,43.70236587524414,43.87990253162558,43.356635096188874,43.84252526781094,2542900
2019-04-01,44.365787506103516,44.40316476253666,44.03874542354191,44.03874542354191,4249700
2019-04-02,44.59939956665039,44.66480799717523,44.34430668760352,44.496613871685035,3323300
2019-04-03,44.76759338378906,45.160047528727056,44.67415378782349,44.80497064797213,2303600
2019-04-04,45.01987075805664,45.17778483871725,44.79561080625396,44.954462348049816,2788100
2019-04-05,45.15068435668945,45.1880616067383,45.01052145125165,45.17871551198071,2379700
2019-04-08,45.06659698486328,45.11331677519181,44.842340565489735,45.094628146162094,2340500
2019-04-09,45.188079833984375,45.26283079974317,44.95447727368834,44.96381980772362,4872800
2019-04-10,45.3842887878418,45.41231994434677,45.13199768582431,45.290849223164614,2265200
2019-04-11,45.41232681274414,45.52445858470524,45.33290281430694,45.46839269872469,2115300
2019-04-12,45.804779052734375,45.84215630855908,45.594534662088876,45.758059265199144,4894100
2019-04-15,45.76739501953125,45.846819003028926,45.49641530166661,45.81411480014807,2345700
2019-04-16,45.81412887573242,45.944945727447,45.63659222904718,45.89822593247635,2157000
2019-04-17,45.898231506347656,46.01503279020455,45.79544580623482,45.99167467212855,2826000
2019-04-18,45.92625427246094,46.0196938494043,45.795433874452314,46.0196938494043,1755100
2019-04-22,46.13182830810547,46.13182830810547,45.787965342893806,45.83281734396418,2126800
2019-04-23,46.748538970947266,46.860670756117976,46.26264526201648,46.37477704718718,3929800
2019-04-24,46.53361892700195,46.76722143523438,46.458867977903104,46.7578789032813,3311500
2019-04-25,47.056888580322266,47.34655340157168,46.90738312159929,47.337210869866446,3064600
2019-04-26,47.43064880371094,47.44933743096607,46.93541265716911,47.178361246994626,2076600
2019-04-29,47.86048889160156,47.97261711123451,47.5334432013087,47.5334432013087,1340700
2019-04-30,46.78592300415039,47.11296518033583,46.613055817028155,46.98214830986166,3197100
2019-05-01,46.542972564697266,47.07091303562664,46.53829951571786,46.982142927477845,4262700
2019-05-02,46.356082916259766,46.6924711028763,45.96362884371,46.580339331009824,4680800
2019-05-03,46.804603576660156,46.83263473993619,46.42616861446656,46.59903220732449,2050400
2019-05-06,46.72984313964844,46.80459765157691,46.02903563052989,46.03838172676661,3159800
2019-05-07,45.97296905517578,46.56164830639657,45.60854975448848,46.458862644255845,4342100
2019-05-08,45.898231506347656,46.169211340373806,45.85151170570336,45.99167467212855,3453500
2019-05-09,45.758060455322266,45.92625454641671,45.28150934239088,45.53380047903254,4241500
2019-05-10,45.88888168334961,46.05520443238516,45.01053388698124,45.66462168558763,2900500
2019-05-13,44.468570709228516,45.244129132438616,44.337753883469546,44.963806853742085,8211000
2019-05-14,44.720863342285156,45.11331383283845,44.42185242629466,44.730205873944925,5332000
2019-05-15,45.720680236816406,45.86084315847939,44.48725935835037,44.48725935835037,7292700
2019-05-16,46.122493743896484,46.356096322774,45.675845014247926,45.74872819189546,4627100
2019-05-17,45.78610610961914,46.262653808913974,45.67397786822492,45.73004020667577,3662800
2019-05-20,45.02922058105469,45.39364350731034,44.907749836794395,45.318888989773306,3854100
2019-05-21,45.52445983886719,45.6085568879091,45.20676027187459,45.393642999133455,3023900
2019-05-22,45.47773742675781,45.77675193526759,45.38429784343649,45.38429784343649,2793700
2019-05-23,44.84233093261719,45.15068433413929,44.58069374689668,45.01986752352441,2570200
2019-05-24,44.83298110961914,45.24412013228915,44.804949956672914,45.103960803067544,3442300
2019-05-28,45.02922058105469,45.42167466914093,44.98250078983984,45.019878048608355,2793400
2019-05-29,44.59005355834961,44.898407054726775,44.389155233250904,44.842344726926484,2512500
2019-05-30,44.69283676147461,44.82084835013165,44.459234236644384,44.683490664366076,2520600
2019-05-31,44.00137710571289,44.27796386921712,43.93596867591326,44.16957122933826,2484800
2019-06-03,42.61845016479492,43.57154900486385,42.338127815243375,43.57154900486385,7155200
2019-06-04,43.53416061401367,43.53416061401367,42.674501588687775,42.973516058207636,7110700
2019-06-05,43.55286407470703,43.65564977666028,43.14172126689403,43.65564977666028,5526400
2019-06-06,43.73973846435547,43.814489419503644,43.40241635813773,43.63695278209651,3175900
2019-06-07,44.449886322021484,44.59939178922002,43.889241711149836,43.92661540458084,3345600
2019-06-10,44.412513732910156,44.88906491029027,44.34710530691554,44.73021332966627,5163000
2019-06-11,44.59939956665039,45.01053878201968,44.545205028356136,44.89841055319026,2869800
2019-06-12,44.38447189331055,44.75823729294536,44.22095086765445,44.58069712409787,2459400
2019-06-13,44.87971115112305,44.89839977885857,44.42185224732222,44.52463791762195,6500400
2019-06-14,44.96381378173828,45.09463062765343,44.79561967570689,44.95447124895508,2734900
2019-06-17,45.47773742675781,45.589869204133336,45.09462943195382,45.13200669107899,4248700
2019-06-18,45.73002624511719,46.31870557057263,45.6646178272323,46.09444915625057,3843500
2019-06-19,45.78610610961914,45.85151454747348,45.41234055231504,45.73004020667577,3319400
2019-06-20,46.075767517089844,46.378514078798815,45.74872181356287,46.356089859761546,3340000
2019-06-21,46.27058410644531,46.34551436615949,45.952122463315995,45.99895432226758,10006600
2019-06-24,46.38298416137695,46.47664788509353,46.19565314090178,46.35488575887039,5236900
2019-06-25,45.52125549316406,46.36424316168399,45.432276042016895,46.36424316168399,2431900
2019-06-26,45.34330368041992,45.858461344304295,45.25900489374486,45.66176536640991,2380900
2019-06-27,45.6617546081543,45.746053374967936,45.44632522030644,45.65238966652676,1984700
2019-06-28,46.101985931396484,46.13944927422528,45.63366020213985,45.7835242925803,6084800
2019-07-01,46.476654052734375,46.72955042797993,46.298691524839725,46.61715322999607,2851800
2019-07-02,46.907501220703125,46.93559961776858,46.495372340855965,46.495372340855965,2336600
2019-07-03,47.15103530883789,47.26343248518217,46.93560589874394,47.0292696168572,1260700
2019-07-05,47.21659851074219,47.2821638250924,46.70144093811554,47.01053405247487,3006100
2019-07-08,46.795101165771484,47.03394826341967,46.682704002836445,47.029264006160304,1152800
2019-07-09,47.08547592163086,47.16040619095004,46.56094974422753,46.626515069772665,1714900
2019-07-10,47.61936569213867,47.670881814040406,47.20724028996699,47.39456774447274,2294400
2019-07-11,47.64746856689453,47.8347996120214,47.45077257738045,47.72240241416228,5463100
2019-07-12,47.9940299987793,48.00339494272706,47.56316754329338,47.638101387044784,2621800
2019-07-15,48.003387451171875,48.05958782521463,47.74112618505591,48.02212090918613,4075900
2019-07-16,47.89098358154297,48.097044444811345,47.80668481878369,48.0314791374476,2540800
2019-07-17,47.44139862060547,47.975289675316745,47.44139862060547,47.90972435793409,4760700
2019-07-18,47.057369232177734,47.132299488304426,46.68739149000279,47.00116886030148,1813800
2019-07-19,46.44854736328125,47.25406821344161,46.41108044628731,47.25406821344161,1979600
2019-07-22,46.62651062011719,46.64524407891978,46.32210174044035,46.589047275553924,2391500
2019-07-23,46.804481506347656,46.81384645019123,46.36425411181147,46.77637952873234,2624700
2019-07-24,47.21659851074219,47.26343036770067,46.420446223322976,46.457909565064774,1840700
2019-07-25,47.0948371887207,47.43203230693793,46.81384244788701,47.29153672304208,2192600
2019-07-26,48.4436149597168,48.58411053577671,47.90035539443479,47.928453795038415,5049700
2019-07-29,48.17198181152344,48.368677748090164,47.92845044650047,48.368677748090164,2582300
2019-07-30,47.94718551635742,48.14200918571362,47.8066899453866,47.87225525978131,2095800
2019-07-31,47.56317138671875,48.24692668751187,47.151045931910495,47.975300414569624,2090800
2019-08-01,47.33837127685547,48.3312196558086,47.14261144144174,47.69429630140288,4095700
2019-08-02,46.8794059753418,47.235334539073854,46.59841124525516,47.10420390323621,4656200
2019-08-05,45.36201858520508,46.13943723493539,44.93115988424414,45.98020824359624,6247900
2019-08-06,46.0176887512207,46.25185162396021,45.596194865681205,45.85845613977605,6548200
2019-08-07,46.07388687133789,46.18160336801647,45.112885072479834,45.47443047167098,3323300
2019-08-08,47.00116729736328,47.01053223917709,46.195646525798054,46.4485428312691,2456700
2019-08-09,46.476654052734375,46.907516528917085,46.186294326855865,46.72018548358232,1837100
2019-08-12,45.980224609375,46.29868627844446,45.783528641931476,46.2518544156782,2329400
2019-08-13,46.65461349487305,47.10420579568274,45.87719101825658,45.93339139574854,4091700
2019-08-14,44.99673843383789,46.03642215934852,44.93117311538604,45.998955242221214,4532700
2019-08-15,45.07167053222656,45.305833414254195,44.753208869747304,45.146604369535574,3998600
2019-08-16,45.652400970458984,45.727331241157025,45.31520581971199,45.446336473215304,2499600
2019-08-19,46.3642578125,46.560953806295544,46.148828356479754,46.186295280929166,2163500
2019-08-20,46.05516052246094,46.37362223058006,45.95213184095868,46.205028218557025,2156600
2019-08-21,46.233131408691406,46.44856088455573,46.17693101684044,46.364262083300744,2792300
2019-08-22,46.130088806152344,46.434501274303905,45.708594894330346,46.3455182337409,1649100
2019-08-23,44.8656120300293,46.25185593715572,44.71106366207883,45.89592733694798,4020300
2019-08-26,45.53999328613281,45.549361801698204,45.05293409494443,45.28709696149413,3155300
2019-08-27,45.624298095703125,46.055156969613904,45.483802501015134,45.989591644151055,3139100
2019-08-28,45.736698150634766,45.80226347508199,45.249638902568066,45.43696635925031,2088900
2019-08-29,46.44854736328125,46.58904651548759,46.10198731369197,46.214384491631925,2169000
2019-08-30,46.39234161376953,46.701438283601426,46.16754728392947,46.65460642930487,3045500
2019-09-03,45.93338394165039,46.378291912208645,45.81161826336568,46.07387950301759,3122100
2019-09-04,46.82321548461914,46.907514272312255,46.32210701695517,46.38298808521707,1865900
2019-09-05,47.61936569213867,47.670881814040406,47.1978717734164,47.28217055716085,3624600
2019-09-06,47.51633071899414,47.70366173578175,47.43203194009181,47.62872789984993,3445400
2019-09-09,47.66619110107422,47.95655433310622,47.40392984184639,47.76922333092563,6421800
2019-09-10,47.73175048828125,47.85351616053333,47.42733809417165,47.48822271681831,3638500
2019-09-11,47.984657287597656,48.059591124799326,47.72239600347585,47.769227865205885,6274100
2019-09-12,48.12516403198242,48.37806041284004,48.06053483777294,48.275028156967394,4014500
2019-09-13,48.04085922241211,48.237555191878,47.937826979441745,48.12515800547494,3569400
2019-09-16,47.862892150878906,47.98465785124091,47.67556470175837,47.759863483079435,2527600
2019-09-17,47.90972137451172,47.91908631653672,47.59125975003775,47.85352100323693,4556200
2019-09-18,47.8535270690918,47.90972744749048,47.33836943941769,47.834793609625564,1741500
2019-09-19,47.900352478027344,48.18134718608063,47.759856910521485,47.94718433386263,2357900
2019-09-20,47.5895881652832,47.99328786914311,47.326715272118456,47.99328786914311,6357900
2019-09-23,47.42060852050781,47.552048579219196,47.18589950201488,47.429998886817756,2177300
2019-09-24,46.707096099853516,47.59899111351275,46.453609922410855,47.58960074691737,5371100
2019-09-25,47.24223327636719,47.326728670430214,46.35972861277876,46.67893303686403,2181200
2019-09-26,46.78220748901367,47.13896265059137,46.44891750119325,47.13896265059137,1793800
2019-09-27,46.2564582824707,46.876090008157945,45.89969953696115,46.86669964093688,1852900
2019-09-30,46.49116516113281,46.570965371921055,46.262089634580065,46.350338310373665,2466600
2019-10-01,46.0217399597168,46.74464409078867,45.94663136259892,46.61320762720742,2758700
2019-10-02,45.327003479003906,45.711926117361735,45.12984876746399,45.66498503100109,4405500
2019-10-03,45.76826095581055,45.805815260227504,44.801260896015144,45.36456113676719,6945800
2019-10-04,46.38789749145508,46.45361574035139,45.85276113251312,45.93725653557638,1920200
2019-10-07,46.38789749145508,46.68832479537421,46.13441128226532,46.26584778005794,1365500
2019-10-08,45.63682556152344,46.20012581572696,45.63682556152344,46.07807969552079,2431400
2019-10-09,45.90909194946289,46.07808275321313,45.763569902059345,45.91847873572639,4070600
2019-10-10,46.17196273803711,46.35034031953872,45.79642684065129,45.85275829967189,3093400
2019-10-11,46.71647262573242,47.12956271219883,46.603813320957364,46.61320368549055,4104900
2019-10-14,46.61322021484375,46.73057474350008,46.50055728874296,46.66954809651815,1246200
2019-10-15,47.41121292114258,47.51448544309968,46.622590622367596,46.68830884881761,2105200
2019-10-16,47.4957160949707,47.55204754748193,47.27039386630113,47.298561383244405,2285200
2019-10-17,47.77737045288086,47.89002978656862,47.59899287609393,47.8712562154337,2037200
2019-10-18,47.22345733642578,47.80084314090725,46.96058436209311,47.65532110322251,1958200
2019-10-21,47.50510787963867,47.611198972103054,47.36709956690481,47.420612482666314,1425400
2019-10-22,47.04507827758789,47.627155665879,47.02160594217169,47.58021457642216,2433600
2019-10-23,47.41121292114258,47.45815399983906,47.035677128821256,47.035677128821256,1958500
2019-10-24,46.876075744628906,47.176502939524866,46.71647178281718,47.16711615653578,2444800
2019-10-25,47.24223327636719,47.486332673160646,46.8479238249901,46.94180600444876,1210800
2019-10-28,47.6834831237793,47.82430638034177,47.448774114799924,47.48632841576669,2882900
2019-10-29,47.251625061035156,47.66471167697473,47.16712966443664,47.58960306605353,1788600
2019-10-30,47.383056640625,47.51449311474666,47.030993121495435,47.36427948983972,3900600
2019-10-31,47.523887634277344,47.730432745156705,47.10141062628588,47.730432745156705,4059900
2019-11-01,47.83369445800781,47.84308124211283,47.46754899453566,47.796140158837574,3450700
2019-11-04,48.0965690612793,48.176369263758595,47.90880114027638,47.993296525658934,4650500
2019-11-05,48.115352630615234,48.22801196569685,48.02147044827651,48.13412978335812,1886900
2019-11-06,47.94636535644531,48.13413331628015,47.730433456116835,48.115356162159074,2288300
2019-11-07,48.24678421020508,48.58476576244212,48.0684066493579,48.14351167131316,1976200
2019-11-08,48.378231048583984,48.52844470604968,48.171689507928704,48.237407759233946,1537500
2019-11-11,48.15290451049805,48.21862275109987,48.03085481450515,48.115350206904,1133400
2019-11-12,48.209228515625,48.37821928686085,48.077792044969385,48.19984173116755,6801000
2019-11-13,48.19046401977539,48.30781854515216,47.99330569529674,48.09657825064844,1471400
2019-11-14,48.406402587890625,48.50028478858017,48.09658487913763,48.162303135895584,1526200
2019-11-15,48.81010055541992,48.82887412970981,48.509669646137986,48.66927367861202,2798500
2019-11-18,48.97907257080078,49.06356795434882,48.47210385088769,48.73497678575931,1833000
2019-11-19,49.00724792480469,49.119907260429905,48.763148519345066,49.119907260429905,2134400
2019-11-20,48.706825256347656,48.95092110355542,48.33128932685381,48.7819302934208,2428600
2019-11-21,48.83824920654297,49.00723997324944,48.570681089486904,48.75375382318973,1374400
2019-11-22,48.85703659057617,48.95091877780108,48.64110469485818,48.92275483790878,1623200
2019-11-25,49.00724792480469,49.06827098548174,48.90397537490836,49.01663471053358,2358700
2019-11-26,49.16684341430664,49.18562056525445,48.93213439952198,49.11051554283854,2146600
2019-11-27,49.51423263549805,49.57056052664762,49.24196922368646,49.317074272344755,3416700
2019-11-29,49.34523010253906,49.52360768452455,49.298285429206686,49.40155798033672,2396400
2019-12-02,48.875797271728516,49.47665166276461,48.58475685921899,49.39215629018924,4503300
2019-12-03,48.781925201416016,48.824174690227565,48.162293489393434,48.406392892497415,3795500
2019-12-04,49.035404205322266,49.19969979023698,48.89458095312757,49.05418135522326,4519600
2019-12-05,49.2419548034668,49.260731955476736,48.922750382048854,49.251341588783994,3688600
2019-12-06,49.532989501953125,49.59871132175107,49.410943391382894,49.57054380430184,4971800
2019-12-09,49.34523010253906,49.805257817640054,49.326452949481265,49.448499072293345,3016100
2019-12-10,49.17623519897461,49.37338991755065,49.04479871992392,49.326448829514746,6432200
2019-12-11,49.40156936645508,49.439123681226235,49.21380137397588,49.28891000351819,1436500
2019-12-12,49.457889556884766,49.814648303078144,49.195016576203194,49.42033525068004,2866800
2019-12-13,49.34523010253906,49.55646680703176,49.13398981667062,49.448499072293345,2834400
2019-12-16,49.83342361450195,49.89914185724361,49.61748815249292,49.61748815249292,5780800
2019-12-17,49.78647994995117,49.95547074366995,49.70198455309178,49.833424622609705,3222500
2019-12-18,50.12446212768555,50.294391243838575,49.899143454324154,49.95547133197663,1862800
2019-12-19,50.58448791503906,50.58448791503906,50.16201097176855,50.16201097176855,1873000
2019-12-20,50.74162292480469,50.88745807348597,50.47817785901402,50.85452744026214,3109700
2019-12-23,50.609893798828125,50.943905489205825,50.57696316989425,50.88274963237701,3248600
2019-12-24,50.600486755371094,50.70398405089948,50.55814891038383,50.66634801813104,891200
2019-12-26,50.98624801635742,50.98624801635742,50.66634891053051,50.66634891053051,830200
2019-12-27,50.89216613769531,51.136793198846405,50.78866883095715,51.10856796579782,3205000
2019-12-30,50.36528015136719,50.91099200220835,50.30882967657022,50.91099200220835,2141300
2019-12-31,50.459354400634766,50.52521565998073,50.22413459177933,50.280585048836194,2049700
2020-01-02,51.0521125793457,51.0521125793457,50.56285846980083,50.77926029226066,6379500
2020-01-03,50.72280502319336,50.995660892910955,50.393498690203046,50.49699240259297,2351400
2020-01-06,51.400238037109375,51.43787048197967,50.43112990101163,50.44054070410652,2535900
2020-01-07,51.466094970703125,51.663678749030105,51.28732561864299,51.456684168400244,2642800
2020-01-08,51.83302307128906,52.09176622605472,51.42844482338375,51.49430606474801,4161200
2020-01-09,52.105892181396484,52.270545326976745,51.837741747403086,52.24702191082125,2297100
2020-01-10,51.898902893066406,52.30348128581551,51.82363441420388,52.30348128581551,1941800
2020-01-13,52.38816452026367,52.416389753320395,51.91772482707824,52.14353386987204,2854000
2020-01-14,52.25642776489258,52.48694214687799,52.190566512896744,52.37873946764538,2909600
2020-01-15,52.510475158691406,52.61396886705216,52.30630165101637,52.38815984441271,2136800
2020-01-16,52.915061950683594,52.915061950683594,52.566933969300415,52.73629255776513,2031600
2020-01-17,53.329044342041016,53.343156958684595,52.97150916733337,53.14086774539646,6103700
2020-01-21,53.28199005126953,53.37231508607908,53.0091342221234,53.234946809147274,3182000
2020-01-22,53.25377655029297,53.54074507569017,53.197326079178985,53.5078144378169,4542800
2020-01-23,53.03736114501953,53.18790167812471,52.88682061191436,53.15967644978293,1985600
2020-01-24,52.39756393432617,53.16908462915832,52.15293690952284,53.16908462915832,3175800
2020-01-27,51.57899856567383,51.776582340520704,51.28732471530269,51.419050821036656,5708800
2020-01-28,52.17176055908203,52.383456976692365,51.66368484981338,51.90831190103354,6526600
2020-01-29,52.08707809448242,52.46342765716716,51.89890151855523,52.46342765716716,5983800
2020-01-30,51.560176849365234,51.588405664580826,50.78301046825303,50.910971526112704,3163200
2020-01-31,50.72280502319336,51.56018706065715,50.60990050747809,51.56018706065715,3635500
2020-02-03,51.3249626159668,51.56959323207566,51.13678604722986,51.13678604722986,5905700
2020-02-04,51.861263275146484,51.89043245570265,51.12737860839609,51.53195697318657,3504000
2020-02-05,51.94593811035156,52.359927242188384,51.67308228967169,52.312880412356606,3771700
2020-02-06,52.59515380859375,52.68453490061362,52.19998263996025,52.19998263996025,1998100
2020-02-07,52.5575065612793,52.745683097183296,52.265832751169654,52.425784062897165,2698600
2020-02-10,52.868011474609375,52.87742227841658,52.39757178100989,52.43520781789866,4420500
2020-02-11,52.81155776977539,53.21613616859377,52.74569650384401,53.1408640994323,1703300
2020-02-12,53.49840545654297,53.57367394526735,53.05619097183774,53.075008991311385,1730200
2020-02-13,53.50779342651367,53.71008257663517,53.07498990179708,53.19730518979748,2761600
2020-02-14,53.573673248291016,53.65835254023568,53.35256959798511,53.554855229062184,2111700
2020-02-18,53.93118667602539,54.039389345642796,53.45133994138644,53.4607471526203,2952900
2020-02-19,54.17582702636719,54.335774770422546,53.92178920712982,54.12878019419149,4301800
2020-02-20,53.62071228027344,53.982949227445175,53.12204381627344,53.940611382225086,2939000
2020-02-21,52.80215072631836,53.46076702169871,52.651610166446,53.376087732447374,2927400
2020-02-24,51.033287048339844,51.54135906528584,50.66634116225503,51.183827569873685,5297200
2020-02-25,49.669010162353516,51.428453131487,49.57492009579857,51.21205136216419,13048800
2020-02-26,49.57492446899414,50.58260889188425,49.30207222483806,49.96068480297622,6991500
2020-02-27,47.61790466308594,49.31148678184302,47.61790466308594,48.62464528437037,8635300
2020-02-28,47.75902557373047,47.84370484345498,46.140715825573196,46.291256350731295,17880300
2020-03-02,49.414974212646484,49.414974212646484,47.457943825213746,48.25769326955025,7324000
2020-03-03,47.78725814819336,50.064184218934784,47.49558428749801,49.4808400867136,9167600
2020-03-04,49.50906753540039,49.537296354907134,48.14479183878399,48.60582427291755,3398100
2020-03-05,47.70258331298828,48.69991311751452,47.345048158392345,48.39883201548737,4009100
2020-03-06,46.874603271484375,47.119233882889375,45.7455474699423,46.17835464646589,6736400
2020-03-09,43.750885009765625,45.35038044838665,42.33956613848286,43.79792825430782,6080000
2020-03-10,45.980777740478516,45.99959576018875,43.63798991869377,45.21866768265059,5108100
2020-03-11,44.00492858886719,45.09634851507746,43.35572311532512,44.870535886923285,5854600
2020-03-12,39.87446212768555,42.7065069849631,38.62309104921613,41.17287285989113,9472200
2020-03-13,43.45920944213867,43.515663486871254,40.10968174973112,42.348971686583326,7604700
2020-03-16,38.55723571777344,41.10701792036397,36.79779232065106,37.17414191091167,19813500
2020-03-17,40.231998443603516,40.89061469034269,37.77630641501672,39.328755151077125,14016600
2020-03-18,38.89594650268555,39.22525278897455,36.39320795938111,37.9174312674706,18094800
2020-03-19,39.592193603515625,40.94705819326438,37.82333991946699,38.58544968093928,14289200
2020-03-20,37.8421630859375,40.38253408906718,37.68221175339941,40.33549084626281,10077800
2020-03-23,38.04314041137695,38.84513970565264,36.82598549243703,37.750644730298276,15113800
2020-03-24,40.38308334350586,40.38308334350586,39.12819031316318,39.930189374709016,6497900
2020-03-25,39.76035690307617,41.468147639655704,39.081014095282036,40.25099297545175,5291400
2020-03-26,42.02483367919922,42.20410311167778,39.977371385270075,40.0811602774931,4691000
2020-03-27,40.34535217285156,41.45400310335152,40.1849537569474,40.83598833800675,3378100
2020-03-30,41.8172492980957,41.958780237760976,40.27929439081042,40.722754642432385,3025600
2020-03-31,41.74177551269531,42.49188025596143,41.467207892902444,41.80782233539993,4777200
2020-04-01,40.08115768432617,40.99638302095394,39.703747808902314,40.52461797721289,5481200
2020-04-02,40.590667724609375,40.84542129852757,39.85471535503364,39.91132486082752,4537200
2020-04-03,39.769798278808594,40.6755863821347,39.241420085560705,40.515184380907925,3071800
2020-04-06,42.39281463623047,42.619259881785055,41.02469504691001,41.2605776106107,3294700
2020-04-07,42.70417404174805,43.82697725103893,42.57208039342723,43.694883602718114,3694300
2020-04-08,43.61940383911133,43.81754433147901,42.732486683311464,43.175943461570235,2628200
2020-04-09,43.9401969909668,44.402528329142186,43.47786925207315,44.157208484630594,3256500
2020-04-13,44.00624084472656,44.09115869298288,42.98723026493226,43.82697143142167,2606200
2020-04-14,45.30831527709961,45.61590628747926,44.64784349536011,44.921468084825015,5554200
2020-04-15,44.88372802734375,45.261141519318706,44.32704510628568,44.51575185227316,1969100
2020-04-16,45.06299591064453,45.21396058239966,44.42139875514651,45.21396058239966,2475600
2020-04-17,45.676292419433594,45.855561844350035,45.06299640904928,45.855561844350035,3348400
2020-04-20,45.261146545410156,45.81782952828592,45.100744533760086,45.25170922745781,1948500
2020-04-21,43.8364143371582,44.757301497935046,43.51561390975309,44.676155679673336,4167700
2020-04-22,45.01582336425781,45.34606108198732,44.56292931640889,44.987518611042866,2151700
2020-04-23,45.33662033081055,45.88386951339575,45.08186677332588,45.23283144450772,2486900
2020-04-24,45.912174224853516,45.94047897590016,44.81767945990911,45.24226872201721,2693000
2020-04-27,46.28960037231445,46.51604564123262,46.1527880393385,46.365080928859626,2022300
2020-04-28,45.44984817504883,46.76135818131393,45.374367630395334,46.76135818131393,2583000
2020-04-29,47.64826965332031,48.08229263187939,46.98779786896251,47.082153037746004,3551600
2020-04-30,47.440696716308594,47.978508635701054,47.03686807045942,47.67657926338536,3663100
2020-05-01,46.78022384643555,47.46900038399955,46.390544016707516,46.9406222349601,2793500
2020-05-04,47.0538444519043,47.11989127008126,46.23297428364658,46.48772783916414,3721800
2020-05-05,47.299171447753906,47.83698339102566,47.20481626516453,47.44069882271468,2261500
2020-05-06,47.167076110839844,47.77093486076747,47.148205074994344,47.68601699910377,2486000
2020-05-07,48.05398178100586,48.2332511800159,47.70487669902582,47.865275066674606,3207200
2020-05-08,48.931488037109375,48.9975348784048,48.35593390643532,48.6389923118847,4640700
2020-05-11,48.95977020263672,49.29944157212873,48.520085605237334,48.62953614856462,2269700
2020-05-12,48.00680923461914,49.19565549617496,47.99737191866248,49.1107376489723,13806400
2020-05-13,47.18593978881836,48.11060247518357,46.54434261758807,47.97850523478727,4338800
2020-05-14,47.69545364379883,47.69545364379883,46.28770595703287,46.78966546333164,3219800
2020-05-15,48.355918884277344,48.355918884277344,47.07271733897534,47.30859987011816,3938600
2020-05-18,49.37493896484375,49.63912627908553,48.752205553932896,48.8937365290094,2852300
2020-05-19,49.36549377441406,49.94104770232584,49.139048569542254,49.308880673555294,5526800
2020-05-20,50.73361587524414,50.856275800797064,50.04483930746238,50.0825813767528,4532500
2020-05-21,50.37506866455078,51.1204582659686,50.31845916523598,50.95062256946121,4016100
2020-05-22,50.67700958251953,50.76192745019537,50.09202182702059,50.35620914899773,3870900
2020-05-26,50.81852722167969,51.69601042422652,50.743043092768346,51.64883464329762,3651100
2020-05-27,51.17708206176758,51.17708206176758,49.908032730738,50.856281634563466,5946600
2020-05-28,50.69587326049805,51.51674346268236,50.57321333626487,50.73361532938238,4074500
2020-05-29,50.96950912475586,51.111036515425596,50.14392008169335,50.66757970552132,6113400
2020-06-01,51.55447769165039,51.629961817940135,50.75247864586865,50.84683020444959,6930100
2020-06-02,51.762062072753906,51.780933106744584,51.01667242688973,51.611097400110175,3468600
2020-06-03,51.922462463378906,52.0875831173392,51.73375931476459,51.89415771094313,3217000
2020-06-04,51.53561019897461,51.997941506044015,51.15820033945325,51.780930026980904,2235300
2020-06-05,52.3753547668457,52.74333453275192,51.87528496084643,51.88472227753419,2784300
2020-06-08,53.35662841796875,53.39437048719892,52.24326257065161,52.38479353062382,3216000
2020-06-09,53.22453689575195,53.46985315695936,52.9414785638105,53.073572212097716,3549200
2020-06-10,53.06413650512695,53.5925110784715,52.705594045156126,53.55476900915208,2638100
2020-06-11,50.620391845703125,52.214956436003156,50.50716564101024,51.856413986372466,4669100
2020-06-12,51.0638542175293,51.92246656903193,50.11089028425886,51.73376340549633,4944200
2020-06-15,51.88472366333008,52.06399309308658,50.23354592848046,50.31846378452971,4114300
2020-06-16,52.3093147277832,52.941481854383994,51.56392858050707,52.92261081784404,4335600
2020-06-17,52.3753547668457,52.77163928425174,51.9602028146276,52.422534151721024,2621400
2020-06-18,52.54518508911133,52.58292715343076,52.14890421160139,52.27156412099886,4696300
2020-06-19,52.403663635253906,53.177358044332784,52.01681643071447,53.177358044332784,4740400
2020-06-22,52.51900100708008,52.59463766420763,52.17486359419094,52.358278520515505,1995800
2020-06-23,52.85935974121094,53.398258310399335,52.67027170140436,52.85935974121094,4896900
2020-06-24,51.66810989379883,52.80263089037447,51.19539160970755,52.67972673322983,7736200
2020-06-25,51.895023345947266,52.00847474767606,51.11976548878289,51.63030220639505,4779400
2020-06-26,49.60706329345703,51.630297192837276,49.51251746240137,51.58302608058679,6241400
2020-06-29,50.524131774902344,50.524131774902344,49.09179586980301,49.332883218217646,3508300
2020-06-30,51.091392517089844,51.24266222227702,50.26886011398996,50.50521925375456,2815900
2020-07-01,52.35828399658203,52.55682483247544,51.22375926689088,51.26157759941002,5156500
2020-07-02,52.188106536865234,52.916093228310814,52.112469869754364,52.83100378108848,2252800
2020-07-06,53.2375373840332,53.31317043824401,52.61354935893746,52.77427185323198,2082200
2020-07-07,53.08627700805664,53.87098766549411,53.01442361031087,53.10518257001936,2392300
2020-07-08,53.558990478515625,53.65353270585998,52.75063892653577,53.15245240913627,3106800
2020-07-09,53.62517166137695,53.842621673172076,52.783733561566095,53.78589417187797,3453700
2020-07-10,54.551692962646484,54.58951129251164,53.3018234884506,53.587347190411734,2429100
2020-07-13,53.454986572265625,55.22768020863012,53.275351308919184,54.98659286424931,2954700
2020-07-14,53.98442840576172,54.041155900109096,52.68445308104145,52.916087644710785,3719800
2020-07-15,54.30588150024414,54.52333150345477,53.719711769565286,54.22079205493957,3089200
2020-07-16,54.400428771972656,54.4760618328261,53.634623743960795,53.83316458607523,2216700
2020-07-17,54.277523040771484,54.43824916180723,53.71026244000346,54.40988360718036,1928900
2020-07-20,54.929866790771484,55.05277456257476,53.748071002617586,54.18297459363966,2205300
2020-07-21,54.66514587402344,55.336405018402075,54.513876156888045,55.289133908026244,2228100
2020-07-22,54.72187042236328,54.764413337443244,54.32951337492778,54.65569015009155,1528700
2020-07-23,53.83316421508789,54.95823619242596,53.5495339273712,54.82587563192848,2271200
2020-07-24,53.748069763183594,53.91446897221826,53.19026201977586,53.4644395018781,3291800
2020-07-27,54.116798400878906,54.19243146161855,53.66109577550591,53.94661950602121,1556100
2020-07-28,53.558990478515625,54.164069389251004,53.47390103128379,53.96552854789498,1818100
2020-07-29,54.05061721801758,54.197162366593915,53.625173566142024,53.82371441789128,1720600
2020-07-30,54.201881408691406,54.29642362502229,53.27535037718774,53.54007507471209,2202100
2020-07-31,54.95823669433594,55.19459587068422,54.11207041022254,55.19459587068422,2741700
2020-08-03,55.00550842285156,55.16623093341777,54.60653329199735,55.10005065182523,2335700
2020-08-04,55.35531234741211,55.364768733106274,54.98659264953679,54.98659264953679,2829100
2020-08-05,55.270225524902344,55.60113051532614,55.10950302603861,55.516041072823406,1874200
2020-08-06,56.726200103759766,56.782927602223204,55.2607739890569,55.355316213274634,2277200
2020-08-07,56.660030364990234,57.558196088347735,56.18731194286054,56.58439368630292,2525900
2020-08-10,56.47092819213867,57.16109648354761,55.92257683462456,56.64110707019068,4230300
2020-08-11,55.629486083984375,56.74037329569825,55.51603470917021,56.40474375723048,3121200
2020-08-12,56.29129409790039,56.64110461806118,55.941479971185316,55.941479971185316,6266000
2020-08-13,56.57492446899414,56.979572647993976,56.318711245190435,56.34801810540677,1707300
2020-08-14,56.56547927856445,56.73565456589149,56.37639121796746,56.6222031721552,1205100
2020-08-17,56.631656646728516,56.7829263661167,56.43311220970592,56.7829263661167,1179400
2020-08-18,57.1422004699707,57.32183577512145,56.53239328436187,56.78293707277975,1353100
2020-08-19,56.981468200683594,57.61490903473548,56.84910764470586,57.18946542096554,2143500
2020-08-20,57.69054412841797,57.75672440460508,56.7214701310924,56.75456026918596,7930600
2020-08-21,57.43527603149414,57.73781546856777,57.23673520214356,57.558183804853606,2003100
2020-08-24,58.1348876953125,58.390152357766944,57.778455593166214,57.8512538809342,3340600
2020-08-25,58.683258056640625,58.78252848137364,58.01199883803357,58.15381218484291,4156100
2020-08-26,60.68758010864258,60.7537603847861,58.787250446365704,58.8061596119145,3234100
2020-08-27,59.95013427734375,60.65353861274219,59.71850332166418,60.649758943741766,5037200
2020-08-28,60.09195327758789,60.18649549761434,59.779957459702494,60.101406056968735,1819300
2020-08-31,59.80833435058594,60.214872490092226,59.723244888676355,60.03524078452996,2728400
2020-09-01,60.29995346069336,60.448388441012305,59.675965363410214,59.92178093278064,4703000
2020-09-02,61.585750579833984,61.774835048464304,60.40395461811916,60.649770197826676,4321700
2020-09-03,59.49631881713867,61.179194621263754,58.79196963940319,61.03737770463465,7536500
2020-09-04,58.4090690612793,59.52468448179043,56.88691563465541,59.19378313102621,10039900
2020-09-08,56.868019104003906,57.6858198320821,56.74511132283058,56.97201411178386,8138700
2020-09-09,57.54873275756836,58.09708779223195,56.93420104686992,57.64327859452152,4940700
2020-09-10,56.697837829589844,58.33344282366008,56.52765894173933,57.89854282428861,4882100
2020-09-11,56.51820373535156,57.21121043947828,55.89421566905777,57.047649576001184,5509000
2020-09-14,56.73566818237305,57.794560133226895,56.70730622877084,57.13275356558215,3241600
2020-09-15,57.74727249145508,58.02144637982016,57.18000833577075,57.35018722182059,2024000
2020-09-16,57.12327575683594,58.20107647479403,57.02873354257586,57.74726735454792,2368600
2020-09-17,56.0738525390625,56.57493284100226,55.38368417391091,56.13057643343767,4600500
2020-09-18,55.534950256347656,56.423659406563004,54.79750721890276,56.395297461237874,4665400
2020-09-21,54.885005950927734,55.065017615050905,54.06547165056332,54.648146786152175,7845700
2020-09-22,55.946136474609375,56.05982786676471,54.97027782905908,55.38714867641807,2304600
2020-09-23,54.610252380371094,56.1735244260059,54.4491898715472,56.05982941652331,3913000
2020-09-24,54.7144660949707,55.22608274923692,54.17442749797325,54.26916971653337,2944900
2020-09-25,55.443992614746094,55.634427581808716,54.221798481560214,54.6481456924604,1879800
2020-09-28,56.18299865722656,56.381959507694376,55.75665139609241,56.277744500914366,2016800
2020-09-29,56.239837646484375,56.462485827702416,55.927181830939766,56.24931042232641,3249100
2020-09-30,56.27773666381836,56.84619719004526,55.96508084446485,56.29668221573323,2884000
2020-10-01,57.08305740356445,57.210959759373,56.65671019389607,56.74197963582974,7536600
2020-10-02,55.95561981201172,56.75146688426553,55.72823338528864,56.16405345447451,3320200
2020-10-05,56.87462615966797,56.90305171942036,56.23036888944009,56.3061655632007,2122200
2020-10-06,55.68086242675781,56.91252957172711,55.586116576108076,56.60935007801727,2198400
2020-10-07,56.08826446533203,56.258803394224415,55.56717490002084,56.164057536959255,2063400
2020-10-08,56.81777572631836,56.84619766861381,56.38195213074588,56.38195213074588,1352300
2020-10-09,57.15886306762695,57.23465613117534,56.92200387098839,57.11148833695162,1838300
2020-10-12,58.66526794433594,59.29057952099726,57.779417105766115,58.00206526760458,3935600
2020-10-13,58.722129821777344,59.03478568669732,58.447372294578166,58.96846540277813,2581900
2020-10-14,58.02102279663086,59.015830569331435,57.85048390826116,58.968459459047416,1999800
2020-10-15,57.57572555541992,57.70836610792291,57.083058064563104,57.329390002899515,1700200
2020-10-16,57.58519744873047,58.17261076392854,57.49519342616001,57.954697157661684,2932200
2020-10-19,56.55249786376953,57.978391173331005,56.33932604236173,57.79364129766175,3320800
2020-10-20,56.959896087646484,57.452563628663995,56.43880660082284,56.675665787032166,4365000
2020-10-21,57.91679382324219,58.456832335063254,57.518868616846795,57.66098553645588,3262000
2020-10-22,58.295772552490234,58.430310544052794,57.52361302842399,58.106288124776555,2492900
2020-10-23,58.84529495239258,58.86424412039645,58.058920744061,58.494744379781565,1839900
2020-10-26,57.5567741394043,58.608429356270236,57.0119973650423,58.33367187157513,2771500
2020-10-27,57.9262809753418,58.087347098487896,57.447824415699706,57.78416763464332,1582100
2020-10-28,55.65243148803711,56.97884065519086,55.576634819762226,56.91252037754237,4236400
2020-10-29,57.05463790893555,57.589938330929634,56.04088095255276,56.31563484240843,3172900
2020-10-30,56.08826446533203,57.53784174673235,55.49137821420871,57.196763888947594,3421000
2020-11-02,56.05982971191406,57.00726644415545,55.596534653348705,56.49565335552518,3668600
2020-11-03,56.89356994628906,57.38623743657641,56.287211070299705,56.495648289240044,3494500
2020-11-04,59.347434997558594,59.792731408258454,58.3905255097092,58.485267735133576,4571200
2020-11-05,60.493831634521484,60.91070609411911,59.934843838939,60.36119107526194,3258000
2020-11-06,60.351722717285156,60.5317344017195,59.69798903566443,60.5317344017195,5735300
2020-11-09,59.84009552001953,61.44126207314312,59.80219718860998,61.26125403440727,6021600
2020-11-10,59.65061950683594,59.84010758791376,58.60844048218472,59.17690111123365,12894000
2020-11-11,60.19065475463867,60.266451428419195,59.878002510754825,60.06749058102181,5063100
2020-11-12,59.849571228027344,60.4843556605944,59.63166123302194,60.15275427997399,7035900
2020-11-13,60.740169525146484,60.83491175276379,59.94432252493449,60.285400327051676,1661300
2020-11-16,61.12860870361328,61.19967078848441,60.72121066013633,60.759108993060686,4772300
2020-11-17,60.910709381103516,61.20441245983213,60.60752991095403,60.84438909789484,3483100
2020-11-18,60.29487228393555,61.043348160157215,60.285399506976404,60.872809261418496,2470000
2020-11-19,60.66437530517578,60.79701587487816,59.95379772675495,60.03906718073283,3390400
2020-11-20,60.52225112915039,60.97702026426871,60.51277473919036,60.711739172328976,1876300
2020-11-23,60.5506706237793,60.85858822972842,59.953784576851554,60.740158659300576,2190900
2020-11-24,61.79180908203125,61.84865295839776,60.664357344983685,60.711732060866964,2179000
2020-11-25,61.78235626220703,61.924473235705534,61.24421137842747,61.914996843240424,1693300
2020-11-27,62.180274963378906,62.3792358251956,61.86762631102077,62.0760563364698,1229900
2020-11-30,61.962371826171875,62.038168509458245,61.31811447497687,62.038168509458245,3617300
2020-12-01,63.099266052246094,63.52561679127894,62.28447012790755,62.36026677862892,3888900
2020-12-02,63.68669128417969,63.876175718413165,62.710832713978434,63.01401214577269,2380800
2020-12-03,63.4024658203125,63.91408253469472,63.279301644549086,63.620379454137236,2129300
2020-12-04,63.45932388305664,63.59196446481037,63.260355782056465,63.40247275632677,1997000
2020-12-07,63.85723114013672,64.03250460589393,63.28877060039966,63.402458371326304,1981800
2020-12-08,63.76249694824219,63.847762787170765,63.2745675942784,63.79091889455171,1712800
2020-12-09,63.00453186035156,64.24567145309446,62.58765745676941,63.84774982878462,5494600
2020-12-10,63.042449951171875,63.14666858473472,62.05711474281293,62.653997366370426,2287400
2020-12-11,63.42140579223633,63.51614800279106,62.86241446173892,62.94768751109532,2668300
2020-12-14,63.222434997558594,64.04670005042203,63.175060285578915,63.59193462022831,2622800
2020-12-15,63.74354934692383,63.74354934692383,62.91928392346652,63.53511208588469,1604200
2020-12-16,63.68669128417969,63.9045976607114,63.441302653167334,63.84775377611493,3249300
2020-12-17,63.5256462097168,64.06094313595968,63.37878742029709,63.923567967730044,2437600
2020-12-18,63.58247375488281,63.78616916371906,63.080333490119266,63.677215973605904,4397800
2020-12-21,63.038719177246094,63.15259573012176,62.08027810029655,62.82994911692931,4508500
2020-12-22,62.450382232666016,63.03873369818426,62.070808115466846,63.03873369818426,2041900
2020-12-23,62.810997009277344,63.24751310012746,62.5073333269506,62.668653074455655,1671200
2020-12-24,62.87742614746094,63.13363945016452,62.66391385522235,62.87742614746094,859700
2020-12-28,64.00665283203125,64.10155359168171,63.19055553043542,63.38984133377218,2806600
2020-12-29,63.94972229003906,64.27236896584148,63.873804573390025,64.15849239086793,1502000
2020-12-30,63.522682189941406,64.19643546979202,63.48472334094713,64.19643546979202,2151800
2020-12-31,64.03511810302734,64.13949589164172,63.44676678224303,63.44676678224303,2274200
2021-01-04,63.08618927001953,64.32931125785994,62.32702649337501,64.29135239503644,4456800
2021-01-05,63.31392288208008,63.48473411157859,62.86791538061667,62.934341567648794,2184600
2021-01-06,63.01026153564453,63.437286004731796,62.137229549117166,62.336508117352,3904200
2021-01-07,63.84534454345703,64.14900820487999,63.19056683229921,63.29495189465518,2202600
2021-01-08,64.04461669921875,64.09206708275684,63.2759697173037,63.87380545435852,4993100
2021-01-11,62.905879974365234,63.47524837799462,62.77302758818212,63.11465007834215,2202900
2021-01-12,61.89049530029297,63.114641177408885,61.54887285831127,62.81097758897082,14316600
2021-01-13,62.10875701904297,62.412420643469446,61.68173253591294,61.86203530163588,3685300
2021-01-14,61.75765609741211,62.45987693788066,61.6580131806308,62.2226394825955,2543300
2021-01-15,61.95692825317383,62.25110035038825,61.47771124966134,61.767133964719505,4829000
2021-01-19,63.07670211791992,63.228530339828545,61.98540826579308,62.38396549320568,4431500
2021-01-20,65.05998229980469,65.35416159912756,64.1300157455748,64.33878581609073,4614800
2021-01-21,65.29723358154297,65.6673234252586,65.12642232752711,65.33519244242565,2393900
2021-01-22,65.3257064819336,65.56769333568506,65.07898472504804,65.23081294159968,1979400
2021-01-25,65.70526885986328,66.05638282134683,64.83223695769502,65.7527192362487,4084400
2021-01-26,66.5972900390625,66.71116660909463,65.63884881771567,65.63884881771567,3038300
2021-01-27,64.44316101074219,66.20820033759975,63.99715360818455,66.0279048641582,7709600
2021-01-28,64.67092895507812,65.8286488450658,64.64246162006404,65.0220357401348,6688200
2021-01-29,63.46575164794922,64.40521703879214,63.04821871415271,64.27236466350533,4555200
2021-02-01,64.65194702148438,64.93663485636546,63.52270168692415,64.02564392062334,3135100
2021-02-02,65.63884735107422,65.98996133756093,64.95560242597116,65.078970517394,2010300
2021-02-03,66.5213623046875,67.07175478372892,66.10192532748636,66.68268199133085,2848300
2021-02-04,66.91992950439453,66.92942102854795,66.26515913604169,66.64474046315024,2639900
2021-02-05,67.7645034790039,67.84990547927467,67.28053709106732,67.29002861551247,1849400
2021-02-08,68.03022003173828,68.16307243734221,67.5082946954992,68.0871547084505,5201000
2021-02-09,68.25794219970703,68.61854042645255,67.7455085680725,67.85938512173925,6044200
2021-02-10,68.90323638916016,69.1120064757679,67.94479519151164,68.8747690573339,2494500
2021-02-11,68.97915649414062,69.0455826840106,68.38131354539914,69.0455826840106,1860100
2021-02-12,69.27330780029297,69.35870977310937,68.83679193499808,68.89372658354233,1573900
2021-02-16,69.60546875,70.07520152334881,69.27333775668336,69.27333775668336,1997000
2021-02-17,69.80472564697266,69.86166754234969,69.0740376888127,69.19739852229387,1976400
2021-02-18,69.4631118774414,69.73830814628934,68.95353071980647,69.3302595048819,2019900
2021-02-19,68.77987670898438,69.66240021018106,68.68497594806584,69.66240021018106,2500000
2021-02-22,68.50468444824219,69.1404790401838,68.07765271879614,68.1251031020386,2168100
2021-02-23,69.03608703613281,69.27332444862812,66.90095032367509,67.8878588284449,4639200
2021-02-24,69.15945434570312,69.33026558825478,68.13459413030517,68.33387270663012,4004600
2021-02-25,67.6506118774414,69.70033906764233,67.39439145372238,69.18791270002478,5492600
2021-02-26,67.91635131835938,69.1547313599244,67.42290050313716,68.03022792490941,5379400
2021-03-01,69.65292358398438,69.84271066659133,68.53316242081179,68.81784304472224,4196100
2021-03-02,69.1404800415039,70.09892132556831,69.09302965757426,69.67188958993782,4647700
2021-03-03,68.15357971191406,69.36349225014904,67.98276844487015,69.05507919692123,4724000
2021-03-04,68.03022003173828,69.41568600440289,67.19513949375575,68.14408938516273,8581100
2021-03-05,69.62443542480469,69.83319825727779,67.74551201325906,68.60905963268206,11937300
2021-03-08,68.69447326660156,70.09892211167082,68.6470228821398,69.6813818961263,8332000
2021-03-09,69.4631118774414,70.06095479387052,69.28281636605996,69.7952500487515,8758100
2021-03-10,69.75729370117188,70.32666206688019,69.3966881856244,70.32666206688019,5704600
2021-03-11,71.07632446289062,71.50809825616723,70.288694579753,70.44052998658417,3256900
2021-03-12,70.87704467773438,70.9719381853835,70.2602260181493,70.50695492996543,3106500
2021-03-15,71.38001251220703,71.42271352005358,70.7347262917331,71.05736578201349,3338900
2021-03-16,72.12966918945312,72.68954604090706,71.5697850980875,71.78804671605653,3802800
2021-03-17,72.13916015625,72.41435646530685,70.92450557828346,71.58212853849395,4617200
2021-03-18,70.9434814453125,71.92089847580681,70.86756373189836,71.26612086745516,5529800
2021-03-19,71.56029510498047,71.93038488165061,70.9719437277533,71.05734571933358,9243200
2021-03-22,72.16204833984375,72.64686254719334,71.43006200272613,71.76277976836899,5225800
2021-03-23,71.62969970703125,72.49001546162982,71.51087140385015,72.08600358243649,4294800
2021-03-24,69.8235092163086,71.62970090542045,69.80449987867136,71.62970090542045,4263400
2021-03-25,69.48128509521484,70.0041325539253,68.93942829832599,69.43375812341668,3846200
2021-03-26,68.72077941894531,69.70943168905622,67.51347989807672,69.51930206824444,4204600
2021-03-29,69.42423248291016,69.69040666713249,68.48311454506617,68.70175451666199,4274000
2021-03-30,69.42423248291016,69.57633616115295,69.12003237912712,69.42423248291016,2660300
2021-03-31,69.69990539550781,70.1276842396335,69.44323953957272,69.70941368726884,3857400
2021-04-01,70.89771270751953,70.94523967191185,70.32733836588906,70.32733836588906,4549600
2021-04-05,72.39019775390625,72.4900094587988,71.23994074468933,71.23994074468933,3970000
2021-04-06,72.57080078125,72.78944799890466,72.21907372823046,72.37117014914915,2523500
2021-04-07,73.1316909790039,73.2067927292312,72.58983420824282,72.58983420824282,2347700
2021-04-08,73.14118957519531,73.56896850754856,72.90543320926885,73.51193325062228,2891400
2021-04-09,73.12217712402344,73.17446186339778,72.58982868872349,72.85600290637346,2324100
2021-04-12,72.8274917602539,72.94632006462024,72.494773958569,72.91304465809968,2234300
2021-04-13,72.92254638671875,73.35033259553897,72.81797690807626,73.0366241596115,2891100
2021-04-14,72.17153930664062,72.88450895608038,72.01944288616535,72.85599133053518,3939200
2021-04-15,73.09366607666016,73.29329675787609,72.56131759341766,72.66588708158373,4523500
2021-04-16,73.04612731933594,73.331318133486,72.77045205241555,73.29329220808575,3378100
2021-04-19,72.6373519897461,73.25525322240281,72.2571000562403,72.85599195593781,3188300
2021-04-20,72.24759674072266,72.69439224942012,71.70574005527536,72.50426264321753,3535200
2021-04-21,72.37117767333984,72.39019426087074,71.38252545012324,71.82932097195895,7034100
2021-04-22,71.8388442993164,72.6896518254419,71.57267003980685,72.5423058784066,3532900
2021-04-23,72.67538452148438,72.88452348744954,71.99854044738369,72.15254435927523,2741900
2021-04-26,72.8274917602539,72.96057888092787,72.64687041675175,72.8274917602539,2767100
2021-04-27,72.53278350830078,73.07464016375121,72.44722337707046,72.94155307312847,4684900
2021-04-28,73.19823455810547,74.00626556697232,73.13169099861535,73.52144406057059,3355400
2021-04-29,75.22306060791016,75.30862075097906,74.38651202928885,74.91886046543846,4816200
2021-04-30,74.1963882446289,74.53861430496916,74.07280217952066,74.29144942745602,3819500
2021-05-03,73.80663299560547,74.57568795328267,73.72108010104262,74.4910851629236,3861300
2021-05-04,73.14118957519531,73.62600376447485,72.06697721839656,73.39785548406665,6848700
2021-05-05,72.99860382080078,73.81614312399418,72.90829315027183,73.58799481345538,3829000
2021-05-06,73.85417175292969,73.87318109087664,72.79897580561858,72.9130463387089,5321700
2021-05-07,74.41502380371094,74.76200036406185,74.05378842942116,74.40551551018405,3636400
2021-05-10,72.98907470703125,74.07278793886131,72.9367899786227,74.0442703147661,4043500
2021-05-11,72.77995300292969,72.96057433517836,71.82932662722703,71.91488677244618,9642100
2021-05-12,71.35399627685547,72.32363900836155,71.14485736407173,71.88635185104188,5624800
2021-05-13,71.86734771728516,72.49476456433355,71.4205521903331,71.80080416557122,7711900
2021-05-14,73.2837905883789,73.4358943038338,72.39020664454661,72.51378547382546,3257000
2021-05-17,72.70389556884766,73.32179680179921,72.22858246491421,73.26476155019196,3006100
2021-05-18,71.96241760253906,72.92255232429564,71.94340826519421,72.69440401263707,2438200
2021-05-19,72.07649230957031,72.12402652996049,70.85969169570076,70.92908556519927,4936800
2021-05-20,73.31232452392578,73.46917878008595,72.26662948285797,72.43774255751404,3504500
2021-05-21,73.06513214111328,73.67353234412599,73.02710622183717,73.65452301083918,4452000
2021-05-24,74.3960189819336,74.586141347786,73.47391027687236,73.61650567761335,3020000
2021-05-25,74.37699890136719,74.89984626196615,74.2249024663676,74.79527678984635,3079300
2021-05-26,74.86183166503906,75.17554012885584,74.44355371328338,74.59565742399603,4644900
2021-05-27,75.14701080322266,75.3266747616185,74.82854461506012,74.95498098623383,4462100
2021-05-28,74.89985656738281,75.38467807276236,74.82475481729372,75.35615318786613,2834100
2021-06-01,74.9473648071289,75.30860739849811,74.58612946846189,75.17552031305752,3301400
2021-06-02,74.71923065185547,75.19454383316842,74.3437364298078,75.08997435306328,2782000
2021-06-03,74.21540832519531,74.4226471007634,73.75910442777577,74.19639898695901,2812300
2021-06-04,75.28010559082031,75.38467507316687,74.40552380640334,74.51960158333695,2333200
2021-06-07,75.66984558105469,75.70787150013858,75.08046196701054,75.15650655247585,3321100
2021-06-08,75.45121765136719,75.87899661708903,75.08047394702064,75.87899661708903,3325100
2021-06-09,75.3751449584961,75.91700154983913,75.33711904385954,75.79342276679655,5168000
2021-06-10,75.783935546875,75.90276384339163,75.17553524892618,75.45121776716918,2470300
2021-06-11,75.86947631835938,75.91226001032513,75.5177492585915,75.89799394453489,3729100
2021-06-14,76.37332916259766,76.3923457540211,75.70789351686935,75.92654080201127,2733200
2021-06-15,75.93605041503906,76.57297575092377,75.80581358409722,76.4398886067581,3085700
2021-06-16,75.27059936523438,76.08813865730481,74.63368141176441,76.08813865730481,4691900
2021-06-17,75.58430480957031,76.02159207002508,75.13750925464593,75.16602688535113,4556300
2021-06-18,74.7002182006836,75.32762780244694,74.58614043095241,75.25062585183113,6194800
2021-06-21,75.42494201660156,75.4820870670953,74.54879541026486,74.8725931439271,3274400
2021-06-22,76.0725326538086,76.17729010637035,75.28209996503477,75.50113299076142,4690300
2021-06-23,75.996337890625,76.39631685729132,75.93443378897202,76.00585600954113,4669000
2021-06-24,76.71058654785156,76.74867355369877,76.31060032906215,76.35821998498022,3430900
2021-06-25,76.80583190917969,76.89153858580326,76.5439382877066,76.69154907460761,5843400
2021-06-28,77.67245483398438,77.76769416442771,76.747736736269,76.9867723429409,3553900
2021-06-29,77.25343322753906,77.75816971571446,77.03915199719893,77.68198115673756,4272900
2021-06-30,77.1105728149414,77.32008769567068,76.83439476904738,77.18676136534116,2533700
2021-07-01,77.6819839477539,77.78674140367572,76.99630142380788,77.01535219710702,5227500
2021-07-02,78.22482299804688,78.33433952599147,77.83912835402043,77.96769565727655,4347500
2021-07-06,78.03434753417969,78.45908821374448,77.3200961440545,78.35813801014748,3829500
2021-07-07,77.9200668334961,78.3962344399745,77.73912081799716,78.3962344399745,3651700
2021-07-08,77.06295776367188,77.41532438104083,76.6820222546293,76.92010603956335,5237000
2021-07-09,77.7486572265625,77.86389189619993,77.08202538928418,77.09154351142952,2914300
2021-07-12,78.30099487304688,78.33908914980584,77.61531242286628,77.91053398557278,3568600
2021-07-13,78.10102081298828,78.70574850354662,78.0248322444049,78.22482178762992,3979100
2021-07-14,78.04386901855469,78.60575058118992,77.95816233560116,78.54861279255424,3459600
2021-07-15,77.49151611328125,78.13910432548367,77.16771837430964,78.13910432548367,4500500
2021-07-16,77.00581359863281,77.82482233219154,76.91058154569944,77.60578207127891,3509300
2021-07-19,75.83444213867188,76.3963236313496,75.48208279830104,76.38679824584922,6896900
2021-07-20,76.6915512084961,76.9724883440111,75.68683729870068,76.09158265821546,4111800
2021-07-21,77.32960510253906,77.33437142798267,76.72011123643799,76.7582055112868,2612700
2021-07-22,77.59626770019531,77.6153112054059,76.96772304214223,77.32008964733019,2254800
2021-07-23,79.51997375488281,79.73805492764345,78.15813439276242,78.50097557943187,3872500
2021-07-26,79.92949676513672,79.95330659921983,79.30095202090065,79.42476025183632,3189800
2021-07-27,78.97714233398438,79.91043383673981,78.3962173990963,79.83424529248641,4857500
2021-07-28,79.59619140625,80.16759117106618,79.23429931813072,79.81522447098746,7295300
2021-07-29,78.73905944824219,79.34855327749187,78.70096517569664,79.08190063541258,5291200
2021-07-30,78.47241973876953,78.98191527833686,78.12005310895626,78.25337945196868,2999500
2021-08-02,78.2914810180664,78.88193149618039,78.14862927561641,78.80574293144153,3988200
2021-08-03,77.9391098022461,78.32957072441589,77.0534450354279,78.32004533794465,4860500
2021-08-04,78.15814208984375,78.3486062053107,77.70101804068668,78.05338464661484,3864600
2021-08-05,78.87239074707031,78.88667519195897,78.19623371462723,78.38669782363597,2261300
2021-08-06,78.87239074707031,79.0914310115964,78.67240125288912,78.71049552783887,2764400
2021-08-09,78.72954559326172,78.87239731979264,78.46289291213233,78.86287193382641,2367800
2021-08-10,78.88192749023438,78.96763417190698,78.53908623206185,78.8057389293647,6254400
2021-08-11,79.03429412841797,79.12476713254956,78.73907254924396,79.03429412841797,2457600
2021-08-12,79.1771469116211,79.21524119101198,78.53908407974062,78.94858850101662,2269000
2021-08-13,79.22476959228516,79.47237151913743,79.16286547770152,79.37713944990647,2144600
2021-08-16,79.35809326171875,79.3771367686252,78.32956951098814,78.94858883869124,3483200
2021-08-17,78.70097351074219,79.167615683802,78.18671167552226,78.84382523148223,5941400
2021-08-18,78.10102081298828,78.96764216696336,78.04864208030493,78.52004340871326,3041200
2021-08-19,78.11052703857422,78.4628936653008,77.53912739270626,77.61531594968618,4409800
2021-08-20,78.78668975830078,78.90858708748485,77.92958667448379,78.09148190538795,4143100
2021-08-23,79.73902893066406,80.07234479516556,78.89144392415893,78.89144392415893,3062200
2021-08-24,79.99615478515625,80.30757170089055,79.73902748455848,79.91044810687059,3132700
2021-08-25,80.11994934082031,80.30089533484247,79.85329667536043,80.0247172839761,3835100
2021-08-26,79.42475891113281,80.18662272874315,79.42475891113281,80.0628217656385,3279800
2021-08-27,80.68182373046875,80.81515005147013,79.45331068775073,79.60568051214963,3437200
2021-08-30,81.23419952392578,81.40562015911784,80.3913807954197,80.66279256279137,2734700
2021-08-31,81.53893280029297,81.71987152619889,81.11037765151134,81.205609707105,6091000
2021-09-01,81.94843292236328,82.23889539956929,81.66272950468075,81.67225488946744,3723200
2021-09-02,81.39607238769531,82.12936712973556,81.253220686697,82.01509158152838,3229300
2021-09-03,81.39607238769531,81.5341577636921,81.04847215233293,81.2722641894851,2799000
2021-09-07,81.5865478515625,81.73892495806562,81.20561235104503,81.39608373417394,4117500
2021-09-08,81.16754150390625,81.67227805466574,80.90088151442298,81.44371234939436,3808500
2021-09-09,80.7675552368164,81.2913425630992,80.63899520142665,81.02468983907953,4114400
2021-09-10,80.24376678466797,81.19610199414176,80.20090617827846,81.0722937668359,5103400
2021-09-13,80.4437484741211,80.84372747937707,80.04376946886512,80.77706431183441,5291600
2021-09-14,79.74854278564453,80.74849759140402,79.61521644697534,80.65326553031753,5467600
2021-09-15,80.13899993896484,80.27994076712415,79.05809756847438,79.72949555625085,4996700
2021-09-16,80.06281280517578,80.31042196941428,79.48664686383512,80.03424391425217,3856600
2021-09-17,79.1771469116211,80.02472464728103,78.83811291106076,79.84377863660951,9970600
2021-09-20,77.5859375,78.26325144753172,76.61288959699763,78.14877308301031,8942900
2021-09-21,77.2615737915039,78.34909261220749,77.204338257205,78.11060151506774,6469700
2021-09-22,77.22344207763672,77.63364720317044,76.88001419215857,77.02311035747002,6815400
2021-09-23,78.01520538330078,78.39679258874077,77.4332865325932,77.56684096277161,3989400
2021-09-24,78.65435791015625,78.80222849837756,77.55730472790619,77.66224138887851,4402100
2021-09-27,78.64482116699219,78.87377056676968,77.99612513581413,78.23461621671532,3459700
2021-09-28,76.72735595703125,78.04382419128429,76.61287761042072,77.85303422510408,8982600
2021-09-29,76.66059875488281,77.54778615776364,76.55566206263661,77.0994216141976,5467100
2021-09-30,76.42211151123047,77.22343835325033,76.41256982649034,76.89909385381551,10771000
2021-10-01,77.7099609375,78.05815600323267,76.47934564310236,76.82277350563997,7308600
2021-10-04,76.03097534179688,77.22343108604194,75.44047539124857,77.1757372231755,9449000
2021-10-05,77.16619110107422,77.57639614462823,76.2313099271328,76.2980871538429,3316100
2021-10-06,77.29973602294922,77.35697155930842,76.05958664008388,76.39347273246413,6599900
2021-10-07,77.63362884521484,78.36341110974163,77.57639330389402,77.95798056176652,4263900
2021-10-08,77.25204467773438,77.88165743264727,77.15664240980925,77.77672076046659,2732400
2021-10-11,76.08820343017578,77.22341612967584,76.05958566236406,76.92768949139351,3590000
2021-10-12,75.38227081298828,76.16356796336129,75.1151619202405,76.09774418063618,7990700
2021-10-13,75.73524475097656,75.9832775709108,75.26780416116243,75.85925752185773,4690400
2021-10-14,76.80366516113281,76.92767789568083,76.2789819031032,76.44115408170518,3614600
2021-10-15,76.62240600585938,77.08031203472993,76.50792767909938,77.06122867451856,3100400
2021-10-18,77.2138900756836,77.23296616356399,76.37439664551303,76.52703446124282,2975400
2021-10-19,77.95796203613281,77.96750371680936,77.42374436896374,77.61453431347559,2460300
2021-10-20,78.1106185913086,78.33003365103994,77.84350966862507,78.13924364288664,2934600
2021-10-21,78.3395767211914,78.37773617913179,77.80535158819846,78.08200219963693,2681200
2021-10-22,76.67965698242188,77.46190751082854,76.2980770393325,77.1566391894545,3131000
2021-10-25,77.0135726928711,77.0135726928711,76.02144854103011,76.45072974063312,3225100
2021-10-26,76.3266830444336,77.43327780956152,75.96417196492654,77.33788283849063,6559500
2021-10-27,76.1168212890625,76.89907181559276,76.01665182343075,76.21221627460602,5846000
2021-10-28,76.36486053466797,76.81321773247173,75.6970810230258,76.17406326926815,3589100
2021-10-29,76.60336303710938,76.73691750364284,76.08822126126348,76.19315795327871,2845100
2021-11-01,76.72735595703125,77.3283509008525,76.51271542553586,76.87045207075174,4124600
2021-11-02,76.7369155883789,77.05649285947717,76.29331825990027,76.92770559918694,3982100
2021-11-03,77.0135726928711,77.04219046908823,76.08822577826109,76.31717526617116,2834100
2021-11-04,77.31881713867188,77.67177930685037,76.96584769232264,77.25203992213777,6281800
2021-11-05,77.93888854980469,78.55896686528826,77.8530352473475,77.99613136294691,3237500
2021-11-08,77.59547424316406,78.33003103417582,77.51916260935555,78.33003103417582,3171700
2021-11-09,77.40467834472656,77.91027836128025,77.0326327748787,77.76718223176073,3920900
2021-11-10,76.52703094482422,77.29019815389069,76.23130428815095,77.01355486239258,4074900
2021-11-11,76.37439727783203,76.81322008443081,76.33147062111699,76.53657677793056,2046900
2021-11-12,77.49053955078125,77.55731677466592,76.46979782673179,76.7559828098783,3240200
2021-11-15,77.7099609375,78.13924940475842,77.50962923071519,77.7099609375,2319200
2021-11-16,77.12803649902344,77.69087939799893,77.0803426358992,77.54778325228162,2383200
2021-11-17,76.8322982788086,77.29019714262306,76.7397636099823,77.11848324914983,7330300
2021-11-18,76.27899169921875,76.67012059237507,75.96418170397158,76.65103722881244,3335900
2021-11-19,76.02143859863281,76.7750714792038,75.90696023056323,76.59381588263663,6857100
2021-11-22,75.09608459472656,76.31715795753978,75.08654291209389,76.12636797391447,4517100
2021-11-23,74.895751953125,75.29641528042325,74.36152690522275,74.95298749183297,5080500
2021-11-24,75.00069427490234,75.10085647518503,74.31383864599104,74.69542591518308,4243100
2021-11-26,73.62700653076172,74.28047011615583,73.56022928318987,74.27570291210573,4963000
2021-11-29,74.256591796875,74.60001959270197,73.81300180619847,74.4569307429169,6518700
2021-11-30,71.90031433105469,73.9608740769288,71.81922821365086,73.9608740769288,10423700
2021-12-01,70.24040985107422,73.13092866048497,70.20225039425137,72.93058969262192,9392300
2021-12-02,71.42333221435547,71.71429170845065,70.36443092621712,70.50752707183598,7579100
2021-12-03,71.26114654541016,71.89076662047752,70.33580707710678,71.7667538533453,8986900
2021-12-06,72.43451690673828,72.61099799105023,71.38515752637647,71.66180807470136,7739200
2021-12-07,73.1786117553711,73.53158122041738,72.95920400863861,73.19769512006069,4549200
2021-12-08,73.71282958984375,73.89885236581263,73.1166018106908,73.37894348915232,9484400
2021-12-09,73.13092803955078,73.92748758876253,72.959214124392,73.50297364269944,4065500
2021-12-10,73.16908264160156,73.72238386190485,72.61578869947066,73.57928771483712,4255400
2021-12-13,72.78749084472656,73.40756191808407,72.56330861549564,73.08321749683068,4980800
2021-12-14,72.59671020507812,72.73026467712783,71.86216060880469,71.95755562052979,7010600
2021-12-15,73.35986328125,73.44094938127884,71.46433649806075,72.42497497366497,6693200
2021-12-16,73.25495147705078,74.11352117781243,73.02600198290541,73.53160211830583,7365300
2021-12-17,72.9592056274414,73.52680837155606,72.3295855857951,72.77795004972421,9932400
2021-12-20,72.4496841430664,72.49747610130713,71.77097707365705,72.22981779710533,4487000
2021-12-21,73.82625579833984,73.9170627498654,72.6313468803456,72.79385274283797,5198200
2021-12-22,74.00786590576172,74.2086096987294,73.51078707933853,73.66373160549023,3267000
2021-12-23,74.66743469238281,74.91597767503765,74.06520350036651,74.10343415018242,2383200
2021-12-27,75.39395141601562,75.56123423473284,74.88730407183523,74.89686538217826,2667600
2021-12-28,75.35572052001953,76.03920476408177,75.2457836736433,75.47998839353714,3214700
2021-12-29,74.98291778564453,75.58514918273696,74.74680223637577,75.39396669598696,3775600
2021-12-30,75.29837036132812,75.69986526427456,75.14542582608463,75.16454115806084,4483500
2021-12-31,74.25640106201172,75.39395639422955,74.2325014311475,75.10717541014566,5689100
2022-01-03,74.7726058959961,75.04982558185395,74.3711183343304,74.42847161652729,11984800
2022-01-04,74.61009216308594,75.26012270064334,74.19904333355488,75.06893295833649,11729100
2022-01-05,72.73648071289062,74.98291495983803,72.71736538219376,74.6196580383006,19325400
2022-01-06,73.06148529052734,73.96961282922817,72.54528394564785,72.77470433454674,14641300
2022-01-07,73.07103729248047,73.56811595396528,72.79381768185061,73.06147598366103,7882800
2022-01-10,72.61221313476562,72.63133575868673,70.95846352965303,72.37323138776081,9446100
2022-01-11,73.52033996582031,73.52989398357329,72.1629182511362,72.5452904624114,6813400
2022-01-12,73.61592864990234,74.02697748651008,73.25267177983692,73.78799577436938,5666800
2022-01-13,72.85118103027344,73.96005962624928,72.7221288693477,73.79754652639575,6354100
2022-01-14,73.1857681274414,73.24312870626316,72.20594879577624,72.21072580520132,6608600
2022-01-18,72.29674530029297,73.24311813626366,72.14857780491235,73.1284042883191,5903000
2022-01-19,72.1724853515625,73.28996274056567,72.12564148824194,72.50705832833832,6647000
2022-01-20,71.45553588867188,73.44386559418935,71.37428297721983,72.5930912352874,7335300
2022-01-21,69.03705596923828,70.92501052327353,69.00837932329088,70.5282999036629,14330900
2022-01-24,69.54367065429688,69.62970056058359,66.41779340912758,67.96639006742664,18812500
2022-01-25,68.11935424804688,69.03704321454418,67.50756160371533,68.38701261829897,9180300
2022-01-26,67.12519073486328,69.16131248671341,66.44648348424657,69.16131248671341,12982900
2022-01-27,67.20166778564453,68.58775895173208,67.086953925629,67.60315535598306,9541500
2022-01-28,69.12305450439453,69.14217712176868,67.10604866677916,67.36415294933862,6249500
2022-01-31,70.69078826904297,70.73858752922538,68.65466668596302,69.11351478702747,6105900
2022-02-01,71.30257415771484,71.39817266907346,70.14590364307169,70.7385808650398,6284100
2022-02-02,72.72692108154297,73.1953232254812,71.94306130687052,73.1953232254812,5357300
2022-02-03,67.86123657226562,69.29512666835687,67.72740741341515,68.53994367590509,9281100
2022-02-04,68.03331756591797,68.59253394239198,66.89576948343517,67.60315336652063,6675800
2022-02-07,66.84796905517578,68.25318277866779,66.68067892880063,68.20538351594816,4843500
2022-02-08,66.81927490234375,67.05347226611667,66.30307363146423,66.5898545463334,6073900
2022-02-09,68.70247650146484,68.72159183258876,67.52668307587642,67.59359767452654,6325600
2022-02-10,67.71785736083984,68.92711158591656,67.41196104788327,67.75609531160234,6571600
2022-02-11,66.25530242919922,68.05244997596996,66.01632066335372,67.67963900470257,7358900
2022-02-14,66.26484680175781,66.68545693592608,65.74864544431753,66.17881688875586,5342600
2022-02-15,67.19210815429688,67.2303461085916,66.62810744487975,66.97224174038821,4291900
2022-02-16,66.72370147705078,66.86708467955555,65.91115776609145,66.30309130132065,4556400
2022-02-17,64.94566345214844,66.3030776392104,64.9026412071184,66.16924848235314,7516700
2022-02-18,64.43904113769531,65.56225096183051,64.2478513660605,65.13686374801617,7513300
2022-02-22,63.779441833496094,64.8070602998807,63.33015503839625,64.10445346807873,8859500
2022-02-23,62.708778381347656,64.35297316600561,62.66098643113446,64.20002871492657,6548700
2022-02-24,64.46771240234375,64.60154158475223,61.20799817604601,61.24623612718321,10993400
2022-02-25,65.50965881347656,65.60047302135607,64.17135990887508,64.60153132096607,7187100
2022-02-28,65.43319702148438,65.83469188456986,64.63978319321228,64.71625180666982,8388800
2022-03-01,64.6111068725586,65.55747991870395,64.24785721311005,65.13686967597268,6151100
2022-03-02,65.16551971435547,65.4236240008835,64.39122144105485,64.79270889438541,7782500
2022-03-03,64.48682403564453,65.74864717828413,64.2191656861669,65.63394062458974,6528200
2022-03-04,63.55957794189453,64.41035230483706,63.27280424596243,64.13313262690224,6324800
2022-03-07,61.44696807861328,63.46397403088915,61.40873013483293,63.46397403088915,7726800
2022-03-08,61.29404067993164,62.909552319345,60.878211130209,61.360955276911554,10154000
2022-03-09,63.12940979003906,63.334930561236746,62.49849457092021,62.737476282439225,6776000
2022-03-10,62.66100311279297,62.852185550823634,61.98707298504971,62.278630943589114,5783600
2022-03-11,61.53301239013672,63.13896974888958,61.456536493733516,63.06249385248637,4982600
2022-03-14,60.816070556640625,62.18305001138092,60.691802680677576,61.523458092717966,6998900
2022-03-15,61.9822998046875,62.08745235241405,60.94034293212569,61.27491590528114,6259300
2022-03-16,63.693397521972656,63.712520141371044,62.00141036233635,62.517611688956514,6621600
2022-03-17,64.38166809082031,64.38166809082031,63.25367418263804,63.48310186416649,5120700
2022-03-18,65.222900390625,65.2993690054573,63.94195445802597,64.14269824660576,8622200
2022-03-21,64.61241149902344,65.0915898826917,63.96072860476734,64.95742052019914,6153900
2022-03-22,65.81993865966797,66.17453327201108,64.66991354065036,64.70824137449374,4462400
2022-03-23,64.91909790039062,65.7576602336384,64.9143087478352,65.34077729913388,5143200
2022-03-24,65.98285675048828,66.0020279788607,65.10117034907105,65.33117390777092,4300700
2022-03-25,66.29913330078125,66.50038738047303,65.56120167524476,66.15537829766336,3854400
2022-03-28,66.50996398925781,66.51954960461627,65.55160718051255,66.22245402196135,2914400
2022-03-29,67.66957092285156,67.86123934880318,66.91246821048368,67.06580880059039,6935100
2022-03-30,67.19039154052734,67.6695699099154,66.94121674117469,67.40123119292716,4664600
2022-03-31,65.91578674316406,67.18081756504982,65.89949631359922,67.18081756504982,4784900
2022-04-01,66.40454864501953,66.44288379736307,65.86787113557534,66.23204411531495,4019000
2022-04-04,68.23502349853516,68.30690466899728,66.81665906630391,66.81665906630391,5201400
2022-04-05,67.36290740966797,68.58960307236808,67.19998849139625,68.26376523582462,3991300
2022-04-06,66.10745239257812,66.79746311661515,65.67618746441295,66.62495860768544,5010900
2022-04-07,65.53244018554688,66.15537361383163,64.60284016279144,66.00204031659628,4387200
2022-04-08,65.24494171142578,65.81036879192374,64.89034701423822,65.3982750185318,3827900
2022-04-11,64.40156555175781,65.42030208858093,64.3153169607267,64.81365921394031,5360900
2022-04-12,63.874481201171875,65.35035152790316,63.5534325555053,65.10117671645969,8250300
2022-04-13,64.81367492675781,65.07243538594494,63.682813485102606,63.7786550250581,6185900
2022-04-14,63.71157455444336,65.01493330631573,63.673239398258374,65.01493330631573,4718700
2022-04-18,63.500728607177734,63.97703355354427,62.94487986467775,63.67323313720591,6386400
2022-04-19,64.76575469970703,64.93825921724213,63.19405012291267,63.328219490808614,4526200
2022-04-20,61.957763671875,63.61571670993197,61.660668115477456,63.59655279259094,9530500
2022-04-21,60.19439697265625,62.532786444676105,60.021892441720865,62.13985661411334,8232100
2022-04-22,58.766441345214844,60.347731599171944,58.661021507505545,60.20397661032449,9702000
2022-04-25,59.57146072387695,59.60021025906091,58.28726241860295,58.651439039578285,13360400
2022-04-26,57.616416931152344,59.16895777172079,57.58766739345936,59.16895777172079,9913000
2022-04-27,56.33221435546875,57.424740577252166,55.996790921005854,56.792225203806964,17372400
2022-04-28,58.584346771240234,58.94948117535159,56.85930542248545,58.287254874706406,11269800
2022-04-29,56.60055923461914,58.91978115341515,56.51430696829293,58.21059910214753,9692600
2022-05-02,58.16267776489258,58.21059853359352,56.600558681790694,56.71556048382193,11094700
2022-05-03,58.31600570678711,58.843104834303105,57.57807423994633,58.00933184487279,8362100
2022-05-04,60.31897735595703,60.46273234229746,57.50620240935131,58.05725831586804,9761100
2022-05-05,58.09558868408203,59.83021582286659,57.501408486688426,59.60020858034976,9109600
2022-05-06,56.897647857666016,57.808087639486764,56.46638652355709,57.64516872206863,9318600
2022-05-09,55.42177200317383,56.61013231294912,55.201346735936625,56.11178636968047,11949000
2022-05-10,55.67094802856445,56.696389537338234,55.16302008193103,56.303463385900066,9633000
2022-05-11,54.664676666259766,56.5909723637135,54.578424401845936,55.46011096621722,15059700
2022-05-12,55.25885009765625,55.94886812801094,53.93631675809004,54.21424109318744,16809300
2022-05-13,56.552635192871094,56.8497271276563,55.364274765412674,55.43135945135753,5895400
2022-05-16,56.1884651184082,56.849730052098806,56.054295739616606,56.226796615319095,6900800
2022-05-17,57.4151496887207,57.45348483408104,56.619715529617444,57.04139116105912,10530000
2022-05-18,55.536773681640625,57.031807852734886,55.373851135192176,56.76346913604429,9766400
2022-05-19,55.460105895996094,56.11178879958052,55.24926989013595,55.31635457234249,8299200
2022-05-20,55.60385513305664,56.35616498225682,54.28132188814911,56.14053619112478,8785200
2022-05-23,56.4376335144043,56.523885775919666,55.28760457947979,56.044707357687884,9217000
2022-05-24,54.43465805053711,54.655079645635396,53.361299605237434,54.54007786902772,8468800
2022-05-25,55.163021087646484,55.41219225775253,54.195078630902515,54.25258135746909,5346200
2022-05-26,56.50471496582031,56.67721947897586,55.27801945523956,55.29718702957251,4975200
2022-05-27,57.71225357055664,57.731421147218654,56.63889121253264,56.77306424916672,5187100
2022-05-31,57.67390823364258,58.25850642316529,57.09889565867904,57.59723794053235,7167800
2022-06-01,57.01265335083008,58.45018869481041,56.79222804761263,58.124347203941205,6233000
2022-06-02,58.40225601196289,58.464551537233,56.80180207694251,56.945553388512096,7218600
2022-06-03,57.137237548828125,57.97101068687167,56.97431863007753,57.80808811227962,4498500
2022-06-06,57.424739837646484,58.014130900144465,57.02702452928895,57.76974888341689,4689100
2022-06-07,57.836830139160156,57.89433286199182,56.7443039962454,56.87847336034497,3251500
2022-06-08,57.683494567871094,58.49426506539186,57.57328558296636,57.62599549951769,3947500
2022-06-09,55.91053009033203,57.760158815985946,55.862612986443516,57.37681467319648,4422200
2022-06-10,54.348411560058594,55.230101689670455,54.247784537889586,55.07197194518732,6654000
2022-06-13,51.78001022338867,53.27504795950761,51.63625891496839,53.01629121734238,7046500
2022-06-14,51.63626480102539,52.29273686157504,51.205003514923526,52.10585758023773,4388400
2022-06-15,52.79587173461914,53.4858897413667,51.856682589790935,52.20169159316472,7353100
2022-06-16,50.86957931518555,51.914184689165566,50.53894505830944,51.64584596233334,6917900
2022-06-17,51.597930908203125,52.010024629861476,50.668323630623895,51.06124977733987,11930100
2022-06-21,51.96299362182617,52.721928959577696,51.84290905565119,52.32805172911136,4110000
2022-06-22,52.04945373535156,52.81799421233863,51.612344163155434,51.713218421885365,6472000
2022-06-23,52.6931037902832,52.82760157666037,51.838102304108865,52.31844054710029,6001300
2022-06-24,54.7009162902832,54.7009162902832,53.096588361803875,53.106193513936326,8894500
2022-06-27,54.182151794433594,54.86423117613636,53.93237387189839,54.81619808786104,3790200
2022-06-28,52.60663604736328,54.7585527138444,52.58262133709196,54.35507040026703,4805000
2022-06-29,52.769954681396484,53.000514964017796,52.20315546164213,52.75074071372977,3939100
2022-06-30,52.135902404785156,52.91885225744275,51.386576075500855,52.22236341698636,4901600
2022-07-01,52.66428756713867,52.73153463168367,51.59313527853609,51.95338898060865,4400400
2022-07-05,53.884342193603516,53.91316131438486,51.50186503884678,52.00141723229913,4237400
2022-07-06,53.893951416015625,54.32145217511211,53.30986211357358,53.88434626325968,4234900
2022-07-07,54.73935317993164,54.9603083620103,53.913170703217226,54.05727366159875,3297100
2022-07-08,54.479957580566406,54.883443572842964,53.96119144679209,54.23018332987301,2566900
2022-07-11,52.82760238647461,53.87473991883548,52.73153253758966,53.817098009504505,3350600
2022-07-12,52.79877853393555,53.490466773188224,52.5970373523835,53.01973368487683,4103500
2022-07-13,52.55860900878906,52.942881064234136,51.92264238507048,51.99180974258703,4924000
2022-07-14,51.8957405090332,52.13590961338932,51.309727308053915,51.905345660743976,4174000
2022-07-15,53.231082916259766,53.25029688537207,52.2223733583479,52.4337233538934,4048200
2022-07-18,52.96208953857422,54.02844090034322,52.817986616560745,53.60574095027145,3790900
2022-07-19,54.84501266479492,54.90745530791141,53.56731136730967,53.68259516724855,3235800
2022-07-20,55.748043060302734,56.04104961732529,54.759507818406064,55.10439171516411,5639600
2022-07-21,55.719242095947266,55.719242095947266,54.53761033264088,55.267722926951606,6391000
2022-07-22,53.788272857666016,55.11400364145741,53.43281995367201,54.4991713362748,3765800
2022-07-25,53.60573959350586,54.191752753317296,53.23107640338103,53.84590868098993,2894300
2022-07-26,52.52979278564453,53.28872812144395,52.37608468792352,53.28872812144395,4278000
2022-07-27,54.74895095825195,55.04675830397519,53.298327507321716,53.41360765196652,4802200
2022-07-28,54.12451171875,54.13411687085377,53.06776908222306,53.740239670182106,4808900
2022-07-29,54.153324127197266,54.26860792629159,53.33675070607082,53.66338080745928,5981000
2022-08-01,54.076480865478516,54.633671327788775,53.39440143251475,53.74985071009319,3758200
2022-08-02,53.990020751953125,54.638476665150975,53.682604561034296,53.74024280640028,4688400
2022-08-03,55.286922454833984,55.45984448864856,54.105291000227304,54.20135716804011,4331600
2022-08-04,55.527095794677734,55.80569283325185,55.01793846980687,55.14282742928659,3261800
2022-08-05,54.84501266479492,55.181247919559766,54.35026493363119,54.46074066104416,3421900
2022-08-08,55.16203689575195,56.25721106546141,55.085184689715454,55.17164571193753,3962700
2022-08-09,54.62405776977539,55.01793492612844,54.35506956485802,55.01793492612844,2718100
2022-08-10,56.16114044189453,56.43973747234736,55.70001621805342,55.89215222749294,3338800
2022-08-11,56.21878433227539,57.40041588478519,56.11310934011204,56.83361665247336,3001700
2022-08-12,57.2178955078125,57.2275006606592,56.5262072327655,56.82401827667521,2779000
2022-08-15,57.41962432861328,57.55411842763088,56.85282515083244,56.94889131736233,2623700
2022-08-16,57.534915924072266,57.871154903294524,56.87205044769878,57.14103869932453,2471200
2022-08-17,56.4205207824707,57.025747900359775,56.30524064824544,56.80479278280744,4400800
2022-08-18,56.33406448364258,56.56462843609237,55.80569318744518,56.32445933193995,2416900
2022-08-19,55.421417236328125,55.90175541067044,55.16683859027701,55.824903208414185,3337800
2022-08-22,53.83631134033203,54.700917981895024,53.716226779168565,54.700917981895024,3312500
2022-08-23,53.37519073486328,54.06687536273019,53.288729698293636,53.68260693940196,5294800
2022-08-24,53.692203521728516,54.08608069996313,53.12540429795778,53.21186532072584,4279000
2022-08-25,54.73935317993164,54.76817230573176,53.84592363322331,53.903565549514006,2492100
2022-08-26,52.990909576416016,54.97470500437218,52.971695608834914,54.58563223875131,5293800
2022-08-29,52.57782745361328,53.21187383378665,52.53075450760671,52.61625539536687,3620800
2022-08-30,52.116703033447266,53.00052370371893,51.770858887796535,52.77956853615102,3754600
2022-08-31,52.241580963134766,53.355965383059605,52.23197214740426,53.12540144649023,5491400
2022-09-01,52.721920013427734,52.769953098809175,51.75163483115081,52.10708772529042,6217300
2022-09-02,51.722816467285156,53.08697516840115,51.5210753069268,53.04855089834925,5575700
2022-09-06,51.079166412353516,51.76124949470983,50.73332595972247,51.694002434640744,9950000
2022-09-07,52.107086181640625,52.2031523495576,51.02152089366973,51.03112604458567,7466700
2022-09-08,51.98220443725586,52.23197870727678,51.348158112921304,51.60754119987951,11092400
2022-09-09,53.432823181152344,53.49526949587192,52.366471734139175,52.366471734139175,9515600
2022-09-12,53.711421966552734,54.023642556167005,53.27911681667837,53.528894754245755,4837200
2022-09-13,50.762142181396484,52.289617835844524,50.6180392525149,52.17433769155308,7053200
2022-09-14,50.848609924316406,50.963890083839594,50.12810251408863,50.915856989429116,7515200
2022-09-15,50.62764358520508,51.45382581961895,50.43070317748786,50.63724873609133,6948600
2022-09-16,50.08967208862305,50.2904531251724,49.66697574820703,50.23377502939828,10953500
2022-09-19,50.37847900390625,50.37847900390625,49.642004772690385,49.79122691398316,7144500
2022-09-20,49.598690032958984,50.17631305457711,49.44465698236498,49.84899236301015,5358400
2022-09-21,48.385677337646484,50.08967005346293,48.36642641939023,49.723843847591446,6596000
2022-09-22,48.2123908996582,48.635980855939955,48.00059408529859,48.193136309949374,6186200
2022-09-23,47.278568267822266,47.846565868015176,46.705756101606966,47.78880209306005,7014300
2022-09-26,46.50840377807617,47.52887144641511,46.392876226143606,47.066772255998586,6194000
2022-09-27,46.25809097290039,47.307442211599195,46.01741411698266,46.989750671455226,6616900
2022-09-28,47.83693313598633,48.01984990669317,46.37361733251948,46.39287192272217,7825400
2022-09-29,46.67205810546875,47.32669948448219,46.24846813711082,47.32669948448219,6384600
2022-09-30,46.10405731201172,47.39408538928019,46.07517726486993,46.672054831236736,6277400
2022-10-03,47.39409637451172,47.634773282978124,46.49877798122164,46.633556462372724,5783700
2022-10-04,48.8477783203125,48.867029237840015,48.00059472403812,48.01022018280188,8840100
2022-10-05,48.472320556640625,48.693746510647735,47.432598379164894,48.08723976486494,5179800
2022-10-06,48.2123908996582,48.85740312893524,48.03910326471624,48.28940558605603,6508700
2022-10-07,46.91273498535156,47.759918594691314,46.691312705995024,47.59625641368317,4890300
2022-10-10,46.78759002685547,47.29782757540544,46.37844001266558,47.06677612498531,4931000
2022-10-11,45.911521911621094,46.744265561403374,45.66121956354405,46.48914864727546,7811700
2022-10-12,45.853763580322266,46.21477892688986,45.641966735155776,45.94040741039601,5351800
2022-10-13,46.960872650146484,47.1486003267479,44.73990711809251,44.91030823304822,10305300
2022-10-14,46.19070816040039,47.5288710775106,46.094438873641714,47.33632883155536,8173300
2022-10-17,47.46147918701172,47.76954529432989,46.94161625374819,46.98012543527238,6105200
2022-10-18,47.81767654418945,48.60710001970538,47.394086594773825,48.491572483325044,5524000
2022-10-19,47.856197357177734,48.54453348759111,47.577011251709195,47.92358660023038,11117400
2022-10-20,47.97171401977539,48.910352315010314,47.82730643322964,47.97171401977539,6788900
2022-10-21,48.27977752685547,48.327912162316046,47.037884100811176,47.20154259586461,7086500
2022-10-24,48.61672592163086,48.87665737220138,47.836931569919294,48.414558239777385,6334600
2022-10-25,49.90675354003906,50.012651945399995,48.83814770039686,48.84777683130462,4684400
2022-10-26,48.327919006347656,49.473539651272304,48.25090064075383,48.69374889804273,5786000
2022-10-27,46.03667068481445,47.191920377359914,46.00779063604301,46.59504277731248,6867800
2022-10-28,47.20154571533203,47.24005489522041,46.152194434217556,46.258092842691845,8235200
2022-10-31,46.41211700439453,47.03787820424992,46.142560141656496,46.854961471017546,7609400
2022-11-01,46.11368942260742,47.317073763777366,46.0848057011618,47.0186331250897,4956900
2022-11-02,44.81403732299805,46.518030188217985,44.794782730615914,46.05593098836075,10548700
2022-11-03,43.71654510498047,44.42895023299543,43.66841046702591,44.33267728464883,11167500
2022-11-04,44.01498794555664,44.42895246313253,43.18705891040485,44.217155638576216,6621200
2022-11-07,44.80440902709961,44.83328907762583,44.18346223372152,44.50596837272353,7202200
2022-11-08,44.8525505065918,45.35315893584505,44.2364181851842,44.698517426239896,8273000
2022-11-09,44.246036529541016,44.95844170686021,44.18827642897306,44.67925564598932,7028600
2022-11-10,46.92236328125,46.98975250974832,45.58419682514941,46.027045048415175,8306200
2022-11-11,48.15463638305664,48.34717864470287,46.88386259760499,46.90311719101343,9255300
2022-11-14,47.96207809448242,48.67448312278594,47.75991043990707,47.80804507112449,5432300
2022-11-15,48.67448806762695,49.29062022365153,47.99096301412719,48.8978346888328,8965500
2022-11-16,48.193138122558594,48.53970973304006,47.98615586595067,48.39530581344886,5374000
2022-11-17,47.827301025390625,48.11129792839822,47.086015931652106,47.26892900448224,7109400
2022-11-18,47.68290328979492,48.32599489396303,47.42297181325455,48.222020834371754,4049300
2022-11-21,47.28819274902344,48.000597935645374,47.10527964077351,47.808055695549896,3202100
2022-11-22,47.990966796875,48.03910510921411,47.01863385008941,47.3748345922856,5479200
2022-11-23,48.597469329833984,48.70336773190014,47.913947954145364,47.913947954145364,4605800
2022-11-25,48.327919006347656,48.56859589017166,48.270155232152284,48.3086644149492,1895800
2022-11-28,47.55775451660156,48.332734389411556,47.442226966257735,48.04873375203031,3680300
2022-11-29,47.57699966430664,47.70215265911117,47.14378425660331,47.58662879521945,3823100
2022-11-30,49.58906555175781,49.60350925022469,47.3267042204237,47.471111825588835,10313800
2022-12-01,49.87786865234375,50.243694797718135,49.49759881200924,49.68532644968314,6604300
2022-12-02,50.003021240234375,50.132988796335496,49.05956842503417,49.05956842503417,4402200
2022-12-05,49.21359634399414,50.14742360389829,49.06437788707883,49.60830619167087,4033200
2022-12-06,47.798423767089844,49.11733187372015,47.62802267740082,49.04994264967287,5811000
2022-12-07,47.55775451660156,47.9428353337674,47.26893931317986,47.66364926242661,4700900
2022-12-08,47.46147918701172,47.90432375722687,47.307446133352634,47.779174425929774,5180800
2022-12-09,47.59626007080078,48.116123030506145,47.21117925328552,47.45185614139676,6325000
2022-12-12,47.97171401977539,47.98133947840761,47.25930889055383,47.59625502924394,5129600
2022-12-13,48.78038787841797,50.128179864418186,48.42418712720103,49.72384447208075,9909700
2022-12-14,48.14500427246094,48.94405332351984,47.62514497233801,48.13537881257112,10321600
2022-12-15,46.26771926879883,47.46147439604447,46.05592246423315,47.27856131092513,9817300
2022-12-16,46.25809097290039,46.68168458967552,45.98853406945249,46.35436391872991,8563500
2022-12-19,45.1752815246582,46.12105708363571,45.049820412111366,46.02454711956942,5688200
2022-12-20,45.48410415649414,45.58061043507115,44.85197588293553,45.001565400652,5743800
2022-12-21,46.08245086669922,46.304418251086,45.48410384437491,45.64816525312572,5863300
2022-12-22,45.686763763427734,45.715714907038,44.8567966194714,45.60955580516292,4384300
2022-12-23,46.130699157714844,46.15000114756503,45.416543940648715,45.503401054235475,3845500
2022-12-27,45.71571731567383,46.08244777379755,45.41654566533035,45.98594150235996,3905700
2022-12-28,45.04981994628906,45.961817928782835,45.040167109242894,45.551660709808594,6047800
2022-12-29,46.29477310180664,46.47331009954575,45.37794865636877,45.46480578659928,3466900
2022-12-30,46.31407165527344,46.323720810591745,45.57096152549277,45.7253737809356,4828600
2023-01-03,46.91242218017578,47.337054993911515,46.46848737288676,46.88347103058528,8577900
2023-01-04,47.7906379699707,48.08981331860142,47.095780995849545,47.55901775143749,5837200
2023-01-05,47.858192443847656,48.17184336155878,47.33704972040258,47.70378019410228,5407700
2023-01-06,48.63991165161133,48.77019550545445,47.626577244365365,48.30213228870307,4578400
2023-01-09,48.717105865478516,49.315452812289436,48.66885273261084,48.852216110099235,6430100
2023-01-10,49.4505729675293,49.455395704388934,48.27510632830291,48.32143037250504,8684900
2023-01-11,49.80765151977539,49.81730067514875,49.29616161097988,49.556729302325024,4098400
2023-01-12,50.35774230957031,50.521803711156736,49.363713700838034,49.942758705997385,4193700
2023-01-13,50.52180480957031,50.59901277539196,49.94758621005519,50.039266067620346,3712300
2023-01-17,50.04891586303711,50.454246614536906,49.74009138147206,50.39634432516734,3529900
2023-01-18,49.44092559814453,50.34809722767307,49.297130712777346,50.193684957083555,5930300
2023-01-19,49.691837310791016,49.947582234632726,49.02593154375455,49.189996617328084,7387400
2023-01-20,51.2456169128418,51.29966102053383,49.96206567367728,50.09717594290736,4874200
2023-01-23,52.14313888549805,52.263773579333815,51.16841217915569,51.293873291558924,6279000
2023-01-24,51.99837112426758,52.7414811609217,51.547677211890274,51.70884864178005,8867000
2023-01-25,52.18174362182617,52.297551898760624,51.448286292602994,51.63164970453911,4976800
2023-01-26,52.99240493774414,53.00205409281348,52.22034368045028,52.54847017498498,4303600
2023-01-27,53.35913848876953,53.654451982711706,52.886248870609,52.886248870609,3764100
2023-01-30,52.519508361816406,53.19024051650131,52.490557218980356,52.828336505138815,3857100
2023-01-31,53.156471252441406,53.17094682611871,52.52916939558227,52.52916939558227,4265500
2023-02-01,53.78376388549805,54.03950881138578,52.403702887803696,52.78008249054248,7523200
2023-02-02,57.31595230102539,57.70198477472851,56.09512984904615,56.40878077374512,9444700
2023-02-03,56.16751480102539,57.354559759585015,55.98414770824157,55.99380054548216,7829200
2023-02-06,55.4919548034668,55.955191549613986,55.173477469659005,55.511256794741065,5708300
2023-02-07,56.52458953857422,56.71760577711713,55.26033667352279,55.38579778079745,7167000
2023-02-08,54.748844146728516,55.791129576020154,54.45932164352918,55.617415337804886,6530400
2023-02-09,53.552154541015625,55.453354799453614,53.35431187736885,55.43405280679451,6056300
2023-02-10,53.0406608581543,53.62935874818147,52.895901435650366,53.40739135515918,4483300
2023-02-13,53.793426513671875,53.97678993053228,53.11787146403425,53.30123488089466,2956300
2023-02-14,53.812721252441406,53.986435501712435,53.050312804505914,53.5231987308159,5887900
2023-02-15,54.30491638183594,54.333867531436454,53.37844277983095,53.42669592299143,4233800
2023-02-16,53.47494888305664,54.150503929426776,53.2336794866015,53.3494877660859,5267600
2023-02-17,53.41703796386719,53.46046836558271,52.813864528496154,53.0696131575354,4245100
2023-02-21,52.239646911621094,53.15647128705899,52.22034491954594,52.87659792418705,4176400
2023-02-22,52.345794677734375,52.56776201625412,52.061094958202304,52.181729621407236,4410600
2023-02-23,52.10453414916992,52.451958945421445,51.51583630429184,52.394056653452054,5151100
2023-02-24,51.38072967529297,51.5061871044031,50.999523606507644,51.30352170524491,4842300
2023-02-27,51.54478454589844,52.017674098713584,51.39037230688336,51.75710275509848,3659200
2023-02-28,51.63164520263672,52.09005553324633,51.49653494441403,51.49653494441403,5728600
2023-03-01,51.235958099365234,51.7474479311739,51.15875014208497,51.53513341160923,7092300
2023-03-02,51.71849822998047,51.82948375129592,50.89818390913427,50.91748221751439,4649200
2023-03-03,52.84763717651367,52.91036956410168,52.05627399745598,52.181735091153854,5373300
2023-03-06,52.84763717651367,53.576271649461496,52.83798802229605,53.166114487867155,5626400
2023-03-07,52.30720520019531,53.233678786849694,52.15279293575291,53.08891567828798,5464500
2023-03-08,52.33615493774414,52.558122331800924,51.959775283409655,52.26859980396506,4289400
2023-03-09,51.158756256103516,52.75113559127412,50.98021927614237,52.40370710494756,6195400
2023-03-10,50.43495178222656,51.30834947944917,50.15508208710405,51.04295167724475,13124300
2023-03-13,50.43495178222656,51.12015964933285,49.576033340879526,50.0392701289719,15248700
2023-03-14,51.863258361816406,51.95976462413772,51.19735263477443,51.31316088585559,10217800
2023-03-15,52.423011779785156,52.49056691319767,51.14910971903687,51.41933025268691,12706500
2023-03-16,53.600406646728516,53.66796177899133,52.143137521679684,52.287900623087765,11404200
2023-03-17,53.088905334472656,53.7355090968579,52.8958928026352,53.426684628144315,12329700
2023-03-20,53.48567581176758,53.62115549164027,52.943753400732376,53.13729738264097,7192200
2023-03-21,54.62758255004883,54.73403192722015,53.85341029545442,54.07598458792878,5008700
2023-03-22,53.66954040527344,55.28562840414767,53.64051010011367,54.559841242798356,6751500
2023-03-23,54.54048538208008,55.140468389801256,54.100172741080925,54.23081649476951,7071100
2023-03-24,54.82112503051758,54.89370079337284,54.17275324717023,54.550161980195156,5494600
2023-03-27,54.51145553588867,55.03401948040428,54.29855678974327,54.82112442580324,3758300
2023-03-28,54.0662956237793,54.404998462118776,53.785660769953125,54.404998462118776,4113000
2023-03-29,54.78241729736328,54.84047790955668,54.337268710006114,54.56951854186876,4815700
2023-03-30,55.043701171875,55.12111655204434,54.772738112420996,54.90822148792026,6365100
2023-03-31,56.0985107421875,56.14689581512658,55.14047005519819,55.159824822682715,9690900
2023-04-03,56.33076095581055,56.35979495300896,55.63400777930451,55.69206839061241,8983800
2023-04-04,56.504947662353516,56.66946133402043,56.098508635078126,56.369467986595055,9755200
2023-04-05,56.32108688354492,56.59204625415214,55.92432336592239,56.53398194978864,12242800
2023-04-06,57.02751541137695,57.196865006434955,55.89528554869259,56.2339884303529,10713900
2023-04-10,56.90171813964844,56.916233293613,56.311410601457844,56.60172844692812,4791100
2023-04-11,56.756561279296875,57.163000344817085,56.683981820012654,57.00816588773158,17443800
2023-04-12,56.166255950927734,57.25009719284226,56.108191642924446,57.124293037940866,5886200
2023-04-13,57.33718490600586,57.36137928764723,56.5920429882927,56.659782827035315,5416200
2023-04-14,57.31782913208008,57.511373107177945,56.76623120255494,56.98880548187699,4906200
2023-04-17,56.98880386352539,57.037188933039765,56.51462501412271,56.68881421760978,6479100
2023-04-18,56.6984977722168,57.288805301778076,56.58334003536396,57.22106545657052,4380300
2023-04-19,56.272701263427734,56.50979071041038,55.953353129841524,56.07141610677261,4409400
2023-04-20,55.69207000732422,56.224313211849335,55.546914783296224,55.682394469006844,4414100
2023-04-21,55.827545166015625,55.90012461791649,55.363041842012095,55.54691027903351,7125300
2023-04-24,55.76948547363281,56.07915436138752,55.39207674740327,55.846900849799326,4876000
2023-04-25,54.89854049682617,55.60497289159974,54.88886495894463,55.50820274660669,5345900
2023-04-26,54.31791687011719,55.266278399691146,54.255012948124126,54.91789994157322,6964600
2023-04-27,57.47266387939453,57.646853088754234,56.22430910949809,56.35979247686787,9597400
2023-04-28,57.96620559692383,57.97588113526864,57.16299932715515,57.21138440196836,7480600
2023-05-01,57.95652770996094,58.19845678117737,57.54524902720194,57.87911232677491,7220800
2023-05-02,56.882362365722656,57.86943342486925,56.601727447093914,57.77266327245171,10152100
2023-05-03,56.65978240966797,57.52104923151788,56.567851881505504,57.01783636774779,8671300
2023-05-04,55.75013732910156,56.35012040895352,55.72110702103374,56.330765639726714,7134000
2023-05-05,56.44689178466797,56.558177088420706,55.57594566530276,55.88561457628936,4970900
2023-05-08,57.017845153808594,57.10493977233457,56.32109189714567,56.36947697598346,3997000
2023-05-09,56.65978240966797,57.10493097285308,56.61139733828599,56.87268115360185,7635100
2023-05-10,57.162994384765625,57.33234397774195,56.33075788037423,57.182349151326385,6380700
2023-05-11,57.73394775390625,58.077486558407635,57.15331951646194,57.40492410160933,7617800
2023-05-12,57.7823371887207,57.946850873065095,57.40976805167465,57.84040149346777,4019800
2023-05-15,58.05329513549805,58.193610732732175,57.651692035705864,57.78233209544063,3557900
2023-05-16,57.98556137084961,58.203299762464255,57.6826664219597,57.762987055443105,3775800
2023-05-17,58.69198989868164,58.94359449022628,57.94684797037085,58.08232764978292,5544900
2023-05-18,59.74679946899414,59.800020463467554,58.73069451159687,58.73069451159687,6547900
2023-05-19,59.427452087402344,60.16291477998732,59.195198573586666,59.78550605013816,5739500
2023-05-22,59.969383239746094,60.41453187365409,59.485525065964815,59.51455537509732,4924900
2023-05-23,59.224239349365234,60.10002143511348,59.224239349365234,59.63067843063687,4214600
2023-05-24,58.95327377319336,59.22907645578867,58.61457455314678,58.90488869769308,6112700
2023-05-25,58.95327377319336,59.55326052233963,58.78876377818349,59.50487544683935,5962500
2023-05-26,60.15324401855469,60.19195355585502,58.77908866829491,59.05004804630791,8314700
2023-05-30,60.25001525878906,60.69516756269604,59.9113160301536,60.63710325569651,6807700
2023-05-31,60.23065948486328,60.37581470372658,59.78550721566694,59.99840596651978,7566500
2023-06-01,61.04354476928711,61.14515453579321,60.26936879135455,60.40484848002936,10175700
2023-06-02,61.12095642089844,61.3290155562461,60.6080680046414,60.79193275782642,8956400
2023-06-05,61.27579116821289,61.817713584022655,60.88870320098528,60.88870320098528,7260600
2023-06-06,61.527400970458984,61.90480971745612,61.11128268747637,61.23708314211239,4420100
2023-06-07,60.840328216552734,62.18545709536943,60.72420328374631,61.6435345896977,5343100
2023-06-08,61.149993896484375,61.353217132464266,60.512268447623605,60.598395880706505,4159300
2023-06-09,61.169342041015625,61.57094516262463,60.99031690097012,61.1306325058268,8008400
2023-06-12,61.8951301574707,61.94351892296667,61.26611681301284,61.39191726697771,4675100
2023-06-13,62.09834671020508,62.630593572824694,61.846742122775716,62.38866452310462,5138400
2023-06-14,62.20478820800781,62.62090641617202,61.52738990778132,62.04027824696534,5512800
2023-06-15,63.19187927246094,63.4047706631653,61.87578078208905,62.10803432545934,6185600
2023-06-16,62.6693115234375,63.49186892634005,62.582213214634585,63.462838617768966,7422300
2023-06-20,62.36397933959961,62.56753630432199,61.87933909177704,62.30582443258163,5617500
2023-06-21,61.74364471435547,62.15074758636107,61.59825003916628,62.10228022960455,5208100
2023-06-22,62.2282829284668,62.23797787851081,61.326848543997365,61.559475579492684,4281500
2023-06-23,62.09257507324219,62.30581957579184,61.59823991442388,61.70486216569871,6838400
2023-06-26,61.472232818603516,62.37367080238971,61.36561426251733,61.99564913774511,4905500
2023-06-27,62.509368896484375,62.77108074684822,61.49161743386076,61.530389833732414,6508500
2023-06-28,62.790462493896484,62.9455520915174,62.300974817178655,62.33489604473383,3975800
2023-06-29,62.45121383666992,62.78076814212887,62.291280460757505,62.53844618985172,3652600
2023-06-30,63.081260681152344,63.32067639880101,62.92617106167658,62.92617106167658,5248600
2023-07-03,63.29450225830078,63.30418981275612,62.82924081665361,62.87770816924927,2809000
2023-07-05,63.77914047241211,64.00207252612691,63.05217461928467,63.120024469773405,6774700
2023-07-06,63.27509689331055,63.444725190854456,62.882536576507825,63.31386928689424,5245600
2023-07-07,63.05217742919922,63.74037091341965,62.974632626590875,63.05217742919922,5070500
2023-07-10,62.88738250732422,63.47864858834828,62.543289519480595,63.16847682412895,4535300
2023-07-11,63.982688903808594,64.12808355090465,62.80985156870397,62.916473816902474,6782400
2023-07-12,64.75812530517578,64.94229238133956,64.32194868751228,64.51580331867825,6097200
2023-07-13,65.70801544189453,65.83402018329637,65.1749042377359,65.32029887478629,5963200
2023-07-14,65.08767700195312,65.7564805527607,64.96748478276366,65.52385355226585,6236300
2023-07-17,64.85504913330078,65.26699200417536,64.61272718746434,65.08767613068166,4982100
2023-07-18,65.30091857910156,65.40754082353338,64.81627470262187,64.82596225569482,5209500
2023-07-19,65.48509216308594,65.90188628138307,65.27184762882969,65.5529420244329,6908900
2023-07-20,64.18624877929688,65.40755365830147,64.07478273645586,65.02952455699517,8461900
2023-07-21,63.54650115966797,64.45763399153738,63.33325667603228,64.38008919838285,7016800
2023-07-24,63.66282272338867,64.08931171996221,63.4495782251019,63.82759987385426,5837200
2023-07-25,63.866371154785156,64.14746549805216,63.56589430977647,63.827598756222926,5463200
2023-07-26,64.86474609375,65.16523037881886,64.35102467728645,65.03921821585837,6260700
2023-07-27,65.40753173828125,67.09409012354182,65.28151961504955,66.77422343467653,10384200
2023-07-28,66.69668579101562,67.0165525141262,65.94064255099312,66.05695973987291,6244300
2023-07-31,66.67731475830078,67.06987517005403,66.4156028870788,66.63854235533903,7829500
2023-08-01,66.59007263183594,66.80331714299291,66.21690213239069,66.31867321584686,5671800
2023-08-02,65.3396987915039,65.99880744307264,65.13614183136701,65.93095758805352,6492400
2023-08-03,65.17491912841797,65.56747956158843,64.8599035054017,64.95198704307481,4540500
2023-08-04,65.02951049804688,65.93579955762269,64.96069189720959,65.4075395176258,4904800
2023-08-07,66.03759002685547,66.06667487927328,65.32031896391102,65.38816882939116,4493400
2023-08-08,65.85343170166016,65.98913143544276,65.38913894494047,65.69834206586242,4531800
2023-08-09,65.14583587646484,66.0472738778238,64.91320886178238,65.94065162211945,8905900
2023-08-10,65.36876678466797,66.17326997916426,65.17490480189655,65.70801601066984,5574700
2023-08-11,65.05859375,65.37845307400393,64.75810953128102,64.92289406222176,4473700
2023-08-14,65.5335464477539,65.55292894923832,64.79688567500683,64.93258537063409,3788800
2023-08-15,64.95196533203125,65.39783674875935,64.80657071036221,65.28151957240858,5024700
2023-08-16,64.17654418945312,64.9810548362521,64.17654418945312,64.66118808823626,4912600
2023-08-17,63.43987274169922,64.50609505607623,63.430185189806906,64.37039537880604,6309800
2023-08-18,63.061859130859375,63.30418107021261,62.46090545411374,62.74199979117294,6811000
2023-08-21,63.51743698120117,63.63666046169201,62.86801584178023,63.023098065410885,3533500
2023-08-22,63.51743698120117,63.9148485828373,63.420509667047014,63.74037645932779,4628500
2023-08-23,64.54487609863281,64.85020414592938,63.750060336295405,63.75975528567551,5836600
2023-08-24,63.304195404052734,64.93259950102582,63.304195404052734,64.81628967665084,5732200
2023-08-25,63.372032165527344,63.6822039582051,62.33974571220544,63.39142206230156,6548200
2023-08-28,64.1474609375,64.19592828102672,63.61434973901938,63.77913426996325,4719100
2023-08-29,65.57231140136719,65.67893363512358,64.27346209700646,64.29285199136832,5346300
2023-08-30,65.58201599121094,65.75648069565193,65.24275934569825,65.58201599121094,4556800
2023-08-31,65.6498794555664,66.12482850466698,65.59656831979426,65.65956701110275,4070400
2023-09-01,65.03921508789062,65.86310830458066,64.86764924046794,65.86310830458066,4034600
2023-09-05,65.02951049804688,65.41238329406556,64.9713556004556,64.9713556004556,4403700
2023-09-06,64.82596588134766,65.17491008353544,64.46248295365865,65.029515433444,5208200
2023-09-07,64.70966339111328,65.22338480376419,64.234706987461,64.54487882500946,4850300
2023-09-08,64.90351104736328,65.2039879028582,64.72903894528385,64.72903894528385,3645200
2023-09-11,65.88249206542969,66.01334798729644,65.2039861774841,65.2039861774841,5761100
2023-09-12,65.19430541992188,65.7855716232302,65.13614311798551,65.73710427079652,8751200
2023-09-13,65.40753173828125,65.5529189649676,64.9131929823147,65.28151961504955,4536000
2023-09-14,66.31866455078125,66.40590429171029,65.48992768488712,65.8146381862394,5912400
2023-09-15,65.4366226196289,66.36228686493386,65.3106104705233,66.29928818546023,7611000
2023-09-18,65.4832763671875,65.72134704103314,65.30934013731903,65.33751896306832,3755400
2023-09-19,65.53184509277344,65.72132743755036,64.98768477394364,65.32778775328501,3366200
2023-09-20,64.63787841796875,65.7650609113497,64.63787841796875,65.66789179622025,4766100
2023-09-21,63.84107208251953,64.50183236433601,63.84107208251953,64.11315595087828,6303400
2023-09-22,63.76334762573242,64.55042707929582,63.76334762573242,64.16174321343345,5348500
2023-09-25,63.918827056884766,63.918827056884766,63.29693573638317,63.5204314047803,4129700
2023-09-26,63.209476470947266,63.44268382853874,63.02484996385956,63.29692644997098,5199600
2023-09-27,63.3746452331543,63.704050431863024,62.490389511479364,63.42322606873007,6537600
2023-09-28,64.07427978515625,64.40465618299291,63.345500469723724,63.3552121895237,4803100
2023-09-29,63.71475601196289,64.7058927749409,63.52041779601512,64.50183542413743,6325900
2023-10-02,64.19087982177734,64.38036214751679,63.70405577215363,63.899372543307884,6891000
2023-10-03,63.32606506347656,64.2880591410394,63.19489011851273,63.85078708391259,6603800
2023-10-04,63.928524017333984,64.06456223315713,63.09285645526216,63.277482925390764,6884900
2023-10-05,63.84107208251953,64.01597943398646,63.19975006949237,63.86051035130885,4678000
2023-10-06,65.016845703125,65.13344566714093,63.32607208961671,63.413529476156384,7387200
2023-10-09,65.71646118164062,65.90205882967997,64.57956716456746,64.69617453049561,6979700
2023-10-10,66.09542846679688,66.49383142265526,65.73590204797834,65.80392116074351,7788400
2023-10-11,66.6978988647461,66.92625036651994,66.30921498426753,66.35780324940049,7686800
2023-10-12,65.91081237792969,66.83393000913885,65.59986678929346,66.79506088386837,6276900
2023-10-13,65.17231750488281,66.19261171364418,64.8234739433954,65.90109696441864,8251500
2023-10-16,66.22174835205078,66.31891744435552,65.52697488569515,65.65815723774615,6463500
2023-10-17,66.45496368408203,66.55699606211982,65.7961457418395,65.85250337737268,4743600
2023-10-18,65.308349609375,66.47731459945614,65.18688637752892,66.13429810322285,7334200
2023-10-19,65.24034881591797,66.40639320366081,65.20147968118928,66.3092240736038,9381400
2023-10-20,64.63787841796875,65.56003237331504,64.59415342818974,65.31807705093155,8249500
2023-10-23,64.97797393798828,65.43953274170168,64.22003713503211,64.57957097437566,6415200
2023-10-24,65.7456283569336,66.11972981120341,65.28892537273086,65.62902097367073,6181200
2023-10-25,62.898521423339844,64.36579188389625,62.84993316659469,64.27834191798752,11531200
2023-10-26,61.52841567993164,62.22804509577166,61.042562742656905,62.02398775173957,14266200
2023-10-27,61.30492401123047,61.93653431484141,61.05713797436602,61.58671960556543,10356300
2023-10-30,62.568138122558594,62.8450778440266,61.790774195911425,61.839358746308704,9146500
2023-10-31,62.88880920410156,62.917959195942935,62.291212130769615,62.75277096648987,6375400
2023-11-01,63.811927795410156,63.84885457858791,62.80135272034987,62.86937184013623,8172400
2023-11-02,64.65730285644531,64.80306020472058,64.25404407207863,64.59900288254588,7342500
2023-11-03,65.64844512939453,65.86222160345676,65.16259220235395,65.18203047101088,7059000
2023-11-06,65.47354888916016,65.8185077878462,65.19175325403614,65.6776062635199,4962500
2023-11-07,65.8233642578125,66.07600990086854,65.42982450265573,65.57072602828511,5996200
2023-11-08,65.51240539550781,65.76505098754335,65.27919807168193,65.59014364129216,4573700
2023-11-09,65.49298095703125,66.15859714464169,65.32779272870175,65.86222654039035,4941200
2023-11-10,66.53270721435547,66.54728221044255,65.36665563269361,65.5998703971428,5105500
2023-11-13,66.3869400024414,66.65901644045326,66.0458732828999,66.23147092937474,7809400
2023-11-14,67.46554565429688,68.00969862404395,67.34893826926756,67.42667652595377,6034400
2023-11-15,67.79591369628906,67.93195933534035,67.44124313785342,67.86393280905106,5401800
2023-11-16,68.0971450805664,68.12629506876053,67.49468480828888,67.82020536566824,7438400
2023-11-17,68.08744049072266,68.10687134916033,67.68904487775727,67.93197138263547,3914300
2023-11-20,68.85508728027344,68.92796226436164,67.83479302186814,67.91253128058115,5727700
2023-11-21,68.62187957763672,68.80552750204038,68.40810307399938,68.70932955810925,3902200
2023-11-22,69.18544006347656,69.47209886760905,68.96195191313188,68.9716710455243,4188500
2023-11-24,68.95225524902344,69.21462001443008,68.7627728800201,69.09801262830176,2416400
2023-11-27,68.52468872070312,68.97167990586622,68.48582701319285,68.61214609641827,3909800
2023-11-28,68.68988800048828,68.71903798943843,68.17488509296294,68.37894242914125,4779600
2023-11-29,68.19430541992188,68.95223466972575,68.04854808414589,68.8842155681671,4089000
2023-11-30,67.79591369628906,68.38865485615536,67.2226108049418,68.19431665212885,7202700
2023-12-01,67.93196105957031,67.97762838875275,67.2517625011584,67.67931545710145,7708500
2023-12-04,67.25175476074219,67.33921213417702,66.8047710007603,67.04769744076306,6609500
2023-12-05,66.9408187866211,67.51898498266974,66.57157321388432,67.08657615417138,5984500
2023-12-06,66.76591491699219,67.40724440231386,66.68817666176628,67.3392252823732,4552500
2023-12-07,68.16516876220703,68.5198393315657,67.40723936422302,67.42667021981319,6122600
2023-12-08,68.48583221435547,68.66073956554231,67.59185718966305,67.59185718966305,5282500
2023-12-11,67.96111297607422,68.24290857652234,67.6695982408444,68.20403945092318,6300500
2023-12-12,68.2428970336914,68.2428970336914,67.60156769007345,67.88336324285773,7862100
2023-12-13,68.88421630859375,69.03482950555497,68.07769880035339,68.30119437274904,7708400
2023-12-14,69.18544006347656,69.51096798365286,68.58784315804519,69.10770924491476,6461000
2023-12-15,69.01055145263672,69.35065445682012,68.72876325861345,68.8842323514012,7243200
2023-12-18,69.86190032958984,70.1833525693741,69.16055269069125,69.16055269069125,6993300
2023-12-19,70.57299041748047,70.6752733880094,69.9885364720248,69.9885364720248,4835800
2023-12-20,70.02750396728516,71.36688105411932,70.01776096213135,70.63144394731877,6523400
2023-12-21,70.7191162109375,70.77756681633407,70.12491917293657,70.59248685742801,4867100
2023-12-22,70.7288589477539,71.20129441767236,70.39766362422212,70.86523130693283,4763900
2023-12-26,71.00160217285156,71.08927436290054,70.68989286817883,70.83600823043643,2461800
2023-12-27,71.01134490966797,71.13797425955208,70.75321099107681,71.01134490966797,4508600
2023-12-28,71.20614624023438,71.4574652067954,71.09899549179788,71.09899549179788,5465800
2023-12-29,70.77755737304688,71.15745281462515,70.49506968515158,71.06003762920693,4744400
2024-01-02,70.37818145751953,70.54377539497945,69.80833825032923,70.43662462797931,6003800
2024-01-03,70.11518096923828,70.64118437592927,70.0177657744757,70.20284572644147,7592700
2024-01-04,69.88138580322266,70.3099888319077,69.88138580322266,70.22231665252433,6665400
2024-01-05,70.17362213134766,70.5729961778419,69.88139141889958,69.93984202043065,5277300
2024-01-08,71.26460266113281,71.28894902544054,70.22231667168522,70.40739660352882,4658200
2024-01-09,71.11848449707031,71.36200758437406,70.78728923383511,70.92366156818642,3533000
2024-01-10,71.78087615966797,72.06043576258934,71.1574575762971,71.2646083420392,7234900
2024-01-11,71.54708862304688,72.0925854573435,70.9236700396242,72.08284245180185,6962800
2024-01-12,71.89776611328125,72.18999684031022,71.74191517547227,71.8393229405699,3862400
2024-01-16,71.4886474609375,71.82957834711269,71.24025655066757,71.59579822969769,6365600
2024-01-17,71.05030822753906,71.12822997821264,70.44636821146953,71.06004380153834,6561800
2024-01-18,71.91724395751953,71.96594411866928,71.17693164973177,71.17693164973177,6420400
2024-01-19,72.89134216308594,72.93517454113011,71.99517886385995,72.27765914352409,6446700
2024-01-22,73.0374526977539,73.69983583859357,72.99848810926505,73.26148979189557,5694400
2024-01-23,73.75827026367188,73.79626129032597,73.40272865448586,73.58293335212058,4663500
2024-01-24,74.21610260009766,74.927185892874,74.15181065839694,74.50832586210366,6991100
2024-01-25,75.42398071289062,75.42398071289062,74.33299446436105,74.55703900380166,6161800
2024-01-26,75.66749572753906,75.96459419816367,75.29734330173423,75.31682187920396,4718200
2024-01-29,76.3006591796875,76.35910234530556,75.36747848574517,75.62853304813905,4065400
2024-01-30,75.78439331054688,76.32988268803676,75.74542872190683,76.1155811663842,4596900
2024-01-31,73.91412353515625,74.95640203395067,73.87515895003729,74.36220511642225,9336400
2024-02-01,74.67393493652344,74.98564424058681,74.34760740770045,74.58626274664586,6907200
2024-02-02,77.67413330078125,78.13682574854859,76.27144516462504,77.02149311417318,11971800
2024-02-05,76.58316040039062,77.51828837421398,76.55393138068096,77.23580063757935,7886300
2024-02-06,76.34935760498047,77.16759906371004,76.20811748070226,76.9825191344796,6738300
2024-02-07,76.73899841308594,76.99226451906146,76.5568465818274,76.70977683003785,5980100
2024-02-08,77.03123474121094,77.24553627488491,76.71952544634038,77.23579326924451,4267600
2024-02-09,77.11888885498047,77.35754415395503,76.81789616467535,77.10915328241931,7624600
2024-02-12,77.36241912841797,78.11247446246718,77.03123126893112,77.07019585800055,4285300
2024-02-13,76.27144622802734,76.70004187728651,75.90128631926383,76.16429545777855,8023900
2024-02-14,77.48906707763672,77.50854565911322,76.59289626324986,77.03124237970503,7344700
2024-02-15,78.1222152709961,78.33651680937075,77.1189011883656,77.26501654923341,6672500
2024-02-16,76.90459442138672,77.77153609006172,76.81692966986778,77.69361434373448,7036600
2024-02-20,76.7876968383789,77.04095548238286,76.45650159599273,76.49546617931667,8030600
2024-02-21,76.70003509521484,76.74874268892506,76.20812109837732,76.54418417246583,6142700
2024-02-22,77.8494644165039,78.07935028705924,77.09941652312797,77.59620573817381,7108600
2024-02-23,77.65464782714844,78.15630482190473,77.50366469323434,77.78127716455552,7327500
2024-02-26,76.52468872070312,77.44033786098808,76.4954671407765,77.34293011732115,7872600
2024-02-27,77.14810180664062,77.15784480984675,76.4662402168906,76.57339095695616,4502500
2024-02-28,76.62210845947266,76.91433170787732,76.4467715377359,76.72925178167327,3774600
2024-02-29,77.3039779663086,77.54750108050898,76.62211621924179,77.11889802136089,6774300
2024-03-01,77.9468765258789,78.21475344266666,77.35755474068164,77.3624225276284,5829000
2024-03-04,76.92408752441406,77.82025085955779,76.82180453980902,77.77154326084374,7165800
2024-03-05,76.3006591796875,76.65133303686625,76.04739307578392,76.40780993781074,7602700
2024-03-06,76.40780639648438,77.02148190223713,76.15940809064992,76.91433114908008,6833300
2024-03-07,77.64490509033203,77.85920660955735,76.83640660661298,77.00200796439137,6460500
2024-03-08,77.52799987792969,78.64333968418772,77.13836891694609,77.76178737260089,8710000
2024-03-11,77.38189697265625,77.74230637797704,76.78282483963686,77.23578163699946,6934200
2024-03-12,78.06376647949219,78.33651116988455,77.34294016463586,77.76180020537713,7405100
2024-03-13,78.20014190673828,78.58003737357672,77.99558338088188,78.03454797129297,5496500
2024-03-14,78.01506042480469,78.51184965309906,77.5669787914995,78.45340648450052,7210300
2024-03-15,77.23579406738281,78.06377119371363,77.07993570246903,77.68387571890612,8166300
2024-03-18,78.82199096679688,79.12380569239271,78.57780882941293,78.68524956600966,5360600
2024-03-19,78.79269409179688,78.86106479547847,78.10898705498091,78.5192112770705,4777100
2024-03-20,79.72059631347656,79.8768690249027,78.67549694008555,78.92944102763408,4432700
2024-03-21,79.7498779296875,80.33591349827215,79.69126915653645,80.33591349827215,5377200
2024-03-22,79.91593170166016,80.24802329209281,79.76942092505303,79.95500173887856,3214200
2024-03-25,79.64244079589844,79.74011215309059,79.22244725330995,79.69127274857107,3732500
2024-03-26,79.47640228271484,80.10638889872857,79.37872346932599,79.78895511075643,5441600
2024-03-27,79.88662719726562,79.95499789614995,79.24198279191567,79.84755716192497,4177800
2024-03-28,79.7596664428711,79.9940792361948,79.61315565260065,79.86709974043119,5294700
2024-04-01,80.375,80.40430066665647,79.46664207440908,79.65222289903082,5290700
2024-04-02,80.24801635742188,80.3066176822616,79.50570061811496,79.68151204448114,5271200
2024-04-03,80.88288879394531,80.95125949433172,80.12104171768327,80.18941241806967,5158900
2024-04-04,79.78895568847656,81.63985296678045,79.75965502498664,81.25404847775098,8000500
2024-04-05,80.5996322631836,80.980563232569,79.78895327438356,79.94522595888407,6619400
2024-04-08,80.60940551757812,81.04893783334236,80.53126544564039,80.73149658553807,3503100
2024-04-09,80.69732666015625,81.25406171268955,80.20896231751833,80.81452933320631,4733100
2024-04-10,80.06243133544922,80.20894209166546,79.68150784039491,79.93057090966992,6845300
2024-04-11,80.76569366455078,81.00498741228162,79.89640577068576,80.38477009091771,4072900
2024-04-12,79.43732452392578,80.40428357730951,79.31034505960554,80.2382415336485,5997200
2024-04-15,78.4312973022461,80.17963466536197,78.22617777067934,80.08196331099718,6494700
2024-04-16,78.16758728027344,78.60711961359193,77.96735613237882,78.20665731780271,7501000
2024-04-17,78.09921264648438,78.76338834735567,77.66944970714198,78.70478701993528,4862200
2024-04-18,78.48013305664062,79.12477744001167,78.26525159551694,78.37269232607879,4539400
2024-04-19,77.62062072753906,78.33362841131486,77.05411636793116,78.30432774648128,6854700
2024-04-22,77.72805786132812,78.35316352160967,77.11271412097324,78.15781334536715,5458300
2024-04-23,78.909912109375,79.18827591229862,78.11876425155691,78.20666625715955,5068000
2024-04-24,78.95873260498047,79.33966359614438,78.25549430675224,79.16385215862545,6196600
2024-04-25,76.145751953125,76.41923473719245,74.70019796538361,74.85647064834488,14354200
2024-04-26,78.2457275390625,78.42641994269292,77.54248176557977,78.02107668570362,13015600
2024-04-29,77.33736419677734,77.99177051406944,77.01504199804641,77.91363044434428,5357800
2024-04-30,76.04808807373047,77.21039747217125,76.04808807373047,77.06388669434169,7333500
2024-05-01,76.75133514404297,77.9624765210143,76.09692877076272,76.15553010214667,9300500
2024-05-02,77.52293395996094,77.64013659601156,76.54620558302638,77.11270237824536,6956800
2024-05-03,78.34339141845703,78.50943347358881,77.69875448894962,78.09920929555254,4813300
2024-05-06,79.40802764892578,79.40802764892578,78.50943179247504,78.71454387710114,4714000
2024-05-07,79.49593353271484,79.72058437080564,79.25175140306482,79.32012210129294,3453300
2024-05-08,79.36896514892578,79.79091111332522,78.71455134803932,78.72432072019069,2941300
2024-05-09,79.7694320678711,79.7694320678711,79.15409566238334,79.26153641678023,3995900
2024-05-10,79.88662719726562,79.95499789614995,79.3640738579125,79.60337502993131,3563900
2024-05-13,79.74011993408203,79.7791899711407,79.20780465137192,79.40803579685475,2715500
2024-05-14,80.10151672363281,80.18941872310644,79.7157047432371,79.84756519429558,2730100
2024-05-15,80.60940551757812,80.6777762175618,80.05267054575468,80.55080418954851,3487700
2024-05-16,80.55081939697266,80.76178868881718,80.34570725829792,80.4336092669376,3136600
2024-05-17,80.68753051757812,80.70706180599053,80.34567708151589,80.55078914315322,2714100
2024-05-20,80.92196655273438,81.01475696608132,80.51174231126721,80.57034364523447,2157300
2024-05-21,80.81451416015625,81.00986433164321,80.57033203468286,80.78521349739498,2317200
2024-05-22,80.91218566894531,81.03916514360739,80.60940221739192,80.67777291457645,2602600
2024-05-23,79.99406433105469,81.21497493607126,79.6434176726132,81.06846417309987,3534100
2024-05-24,81.01963806152344,81.09777814150867,80.25779091128793,80.36523165830556,2028000
2024-05-28,81.15636444091797,81.21497321597339,80.70707024200937,80.78521030751871,2786100
2024-05-29,80.72662353515625,81.07824644148103,80.57034337596828,80.58988212179085,2768800
2024-05-30,80.46289825439453,80.628947777465,80.13081411194908,80.628947777465,2942200
2024-05-31,81.32241821289062,81.36148824769666,79.90127643569072,80.34568969828129,3600000
2024-06-03,81.64474487304688,81.96706711834508,80.95126842070265,81.55684287079188,5947600
2024-06-04,81.9572982788086,82.04520027364349,81.3028844703646,81.507996576827,2879000
2024-06-05,82.95355987548828,82.98286054104406,82.35775483636127,82.47496495043221,4160500
2024-06-06,83.00240325927734,83.55913828703143,82.87542376666006,82.8949625125311,3184500
2024-06-07,82.4358901977539,83.29052766954254,82.36165489420027,82.99262516701661,3463000
2024-06-10,82.64099884033203,82.72890082829566,82.05007482002623,82.36751605309357,3442900
2024-06-11,82.79727172851562,82.86564242549322,82.2405367811704,82.49448827787876,5804300
2024-06-12,82.62146759033203,83.63726621494632,82.11357200394875,83.36378340290551,4248000
2024-06-13,81.90845489501953,82.26007776099314,81.7521747537658,82.19170706215645,3595500
2024-06-14,82.17217254638672,82.20148066326517,81.5275355601663,81.5275355601663,2402800
2024-06-17,82.5628662109375,82.81486534579639,81.46404655130617,81.85962043647781,3420600
2024-06-18,82.07450866699219,82.70938379068969,81.85962716803165,82.426131583137,3004500
2024-06-20,82.4261245727539,82.4798449429251,81.91822898810169,82.06473231416156,3650900
2024-06-21,82.96332550048828,83.10494786156009,82.48472314520298,82.76797531919404,3724700
2024-06-24,83.24143981933594,83.75067828133675,83.06026966474293,83.24143981933594,3724900
2024-06-25,84.17178344726562,84.21095678663744,83.13371610433934,83.23164571699363,3225400
2024-06-26,84.18158721923828,84.27951684186128,83.63317535530847,83.71152204202738,2746500
2024-06-27,84.66144561767578,84.75938270955669,84.25013672935997,84.30889300724763,2988500
2024-06-28,83.88780212402344,85.21965850038558,83.85841651151884,84.62228553405448,4025100
2024-07-01,83.53524780273438,84.15221116494409,83.13862049322299,84.01510819556415,3213100
2024-07-02,84.27952575683594,84.27952575683594,83.28063154593764,83.32959262665253,2934400
2024-07-03,84.30889129638672,84.47047852884982,84.1032368564021,84.1620006046484,2081200
2024-07-05,85.94435119628906,86.03248561609053,84.2893129122045,84.2893129122045,3344400
2024-07-08,85.17069244384766,86.0031054322457,85.04337721175834,85.98352249660567,3043300
2024-07-09,85.43510437011719,85.71127532022892,85.30779660778853,85.58200253991258,2347500
2024-07-10,85.9737319946289,86.11572883255019,85.40572969984056,85.49387159391884,5169400
2024-07-11,84.79854583740234,86.04227513716731,84.55371805872194,85.78765215530544,3949100
2024-07-12,84.52434539794922,85.14131622199643,84.269729871139,84.35786429083069,3443500
2024-07-15,84.82793426513672,85.49386614413334,84.45579124738644,84.49496458986285,3543000
2024-07-16,85.05316925048828,85.57220294847414,84.6712385115345,85.13151593323543,3843000
2024-07-17,83.77027130126953,84.38723459648851,83.56461686952987,84.24033643908857,5222000
2024-07-18,83.72130584716797,84.50475773450587,83.52544661110896,84.43620625473012,4524600
2024-07-19,83.34918212890625,84.19139041217637,83.27083543475275,84.00531888144981,3402800
2024-07-22,83.70172119140625,83.91717082957241,83.21206563977434,83.72130412598918,4204700
2024-07-23,83.58419799804688,84.02489246072598,83.18757821172103,83.57440279535166,4242400
2024-07-24,81.40035247802734,82.3600733034928,81.33180099049409,82.20338739122471,7701200
2024-07-25,80.46021270751953,82.05648729219516,80.44062229922444,81.59620982743152,7788500
2024-07-26,81.96833801269531,82.267028204095,81.22406693867555,81.55702913417635,6660500
2024-07-29,82.69303894042969,83.08475743760606,82.12503665935198,82.36006925196808,4184300
2024-07-30,83.0260009765625,83.29041918028737,82.33558479873261,82.83992946072289,5373800
2024-07-31,84.01510620117188,84.40683216362335,83.59400209905803,83.78986134450811,4545600
2024-08-01,84.35787200927734,86.10104487048635,83.78986968078955,85.74849221635958,7523000
2024-08-02,82.98682403564453,84.17178962023013,82.5167588718103,83.59399963311074,9145600
2024-08-05,80.60709381103516,81.75289347017252,79.47109682642935,79.77468087487948,10799500
2024-08-06,81.55704498291016,82.51677335750645,80.70504892206232,80.78338814875299,9076800
2024-08-07,81.12613677978516,83.0357981158541,81.03800235752354,82.42862247791832,8590900
2024-08-08,82.74198913574219,82.81054061088827,81.4101255001465,81.4884721778993,7612000
2024-08-09,83.44710540771484,83.53524729981498,82.29151790736147,82.4579990160989,4385800
2024-08-12,82.86931610107422,83.54503574570647,82.68324458292473,83.54503574570647,3131900
2024-08-13,83.9465560913086,84.05917478570706,83.20227749763102,83.32958526210095,4184100
2024-08-14,83.46670532226562,83.93677056183469,83.10435745178559,83.71153314707726,4069000
2024-08-15,84.22076416015625,84.3088985828163,83.69193520954117,83.92696780818622,3665400
2024-08-16,84.47537994384766,84.7202077257043,84.12282734025003,84.21096175537396,3929000
2024-08-19,85.43510437011719,85.46448250976601,84.70062099269154,84.70062099269154,2807400
2024-08-20,85.3763427734375,85.69951723254924,85.21475554388162,85.307791294676,3355800
2024-08-21,85.73869323730469,85.89537913439158,85.22944726078246,85.43510170345645,3298900
2024-08-22,85.09233856201172,86.17937445110769,84.83771559091747,86.07164963531976,2984400
2024-08-23,85.68973541259766,86.03249285993765,85.06297680273252,85.62118392312965,3009000
2024-08-26,85.88558197021484,86.13040974945895,85.54282457358326,85.83662089729654,2976700
2024-08-27,85.68973541259766,86.19897398128107,85.52325429125423,85.65056206553709,2554100
2024-08-28,85.12171936035156,85.75827307221569,84.70061528679999,85.65054825305941,3182900
2024-08-29,84.94544982910156,85.99331249491112,84.7495905813349,85.61138173168015,3240300
2024-08-30,85.51345825195312,85.58200974075203,84.65166703968802,85.35677233679216,3072400
2024-09-03,83.9465560913086,85.42531807476564,83.54993625627591,85.16089987037624,5599400
2024-09-04,83.54503631591797,84.71041903808992,83.48138616839411,83.7017296947031,5200200
2024-09-05,83.78986358642578,84.20117996735839,83.34917653659622,83.47648430238995,3562800
2024-09-06,82.03689575195312,84.33828304401675,81.94876133049614,83.92696666256296,4422300
2024-09-09,82.38944244384766,82.91827134913635,81.96344449440024,82.47758433050458,4120300
2024-09-10,82.36985778808594,82.94764775473541,81.79206034988566,82.7028199780431,3924200
2024-09-11,82.71261596679688,82.85951412851774,80.94006523760407,82.44820525294,5549300
2024-09-12,84.25992584228516,84.28930397910544,83.20226808745153,83.20226808745153,4689000
2024-09-13,85.07276153564453,85.26372690933859,84.14241146846626,84.14241146846626,3026500
2024-09-16,85.96392059326172,86.01288913313988,84.98460956809984,85.33716213488212,3275300
2024-09-17,85.96392059326172,86.79633347033928,85.52323362055894,86.24792168714468,4079400
2024-09-18,85.89537811279297,86.76696441870983,85.75827515264095,86.12062295964328,5009700
2024-09-19,87.06076049804688,87.68751902025971,86.8453108551204,87.3937226941689,4036400
2024-09-20,87.06076049804688,87.27621014097333,86.60048307389505,87.18806825452572,5857700
2024-09-23,87.25623321533203,87.59020596260008,87.03030474365332,87.4821541927834,3361400
2024-09-24,87.6688003540039,87.70318387294088,86.76510135345134,87.3741123131059,2735700
2024-09-25,87.39375305175781,87.99294650990156,87.35446081746,87.6098565932821,2692100
2024-09-26,87.88489532470703,88.29745254624183,87.43795458759729,88.08134900327767,2245700
2024-09-27,88.41532897949219,88.74930173088624,88.06366985135254,88.15010827058285,2532000
2024-09-30,88.79842376708984,88.89174189222253,88.05679497949504,88.40550889537595,3269700
2024-10-01,88.86717987060547,89.36814650002135,88.03224048439738,89.11275071915065,4859400
2024-10-02,88.5921401977539,88.8475284800108,88.38586158782607,88.54302303119744,5005700
2024-10-03,88.28762817382812,88.49390678590342,87.82596127683723,88.10099942627096,5052600
2024-10-04,89.2699203491211,89.3632384791997,88.30728673134114,88.83772071213403,3345600
2024-10-07,88.071533203125,89.33867219365648,87.93400663249511,89.2404453525445,2473800
2024-10-08,88.84754180908203,88.94085994300265,88.13047903283793,88.37604991400644,3753200
2024-10-09,88.87700653076172,88.945766069922,88.09117680244906,88.8278893624068,2390400
2024-10-10,88.2188720703125,88.89665003224717,88.18940476661582,88.52338502837631,3136400
2024-10-11,88.82789611816406,89.05382461786083,88.27781976304605,88.4349812241248,1861400
2024-10-14,89.2404556274414,89.5204100257827,88.93595013666607,89.06364429539123,3436000
2024-10-15,89.43692016601562,89.82491887054826,89.15696575722106,89.43692016601562,3436500
2024-10-16,89.37796783447266,89.495844544835,88.94576821826652,89.03417013036736,3198700
2024-10-17,88.9555892944336,89.79053624541132,88.79842783508492,89.7708863791001,2237600
2024-10-18,89.61371612548828,89.85928697068184,89.43690481717984,89.52530672422033,2665500
2024-10-21,89.26010131835938,89.64319127084018,88.7591346519506,89.57443172793921,2920800
2024-10-22,89.3877944946289,89.51548864598486,88.68054920724327,88.85736052908968,3423200
2024-10-23,88.71001434326172,89.50566901923418,88.38095029285836,89.18151368806865,3015500
2024-10-24,89.0145263671875,89.0980195587198,88.46444255499269,88.95558426581405,2044700
2024-10-25,89.2404556274414,90.17853818065836,89.15205370853054,89.5351436789345,2943700
2024-10-28,89.8101806640625,90.14415345668151,89.47620037721512,90.0950437782408,2079700
2024-10-29,90.65493774414062,90.76298951989438,89.59897857095216,89.81017340328096,3839600
2024-10-30,91.20500946044922,92.25605236721158,91.1018739033046,91.92207961844007,4871800
2024-10-31,90.40937042236328,91.76491889721191,90.3799031176839,91.24430986326776,4840000
2024-11-01,90.76300048828125,91.33763545919913,90.5763642177472,90.74335062073627,5714000
2024-11-04,90.45846557617188,91.04784155205112,90.00661615709747,91.01837425210253,3003700
2024-11-05,91.46041107177734,91.55863791625927,90.74334086802631,90.821925341303,3090100
2024-11-06,93.70983123779297,93.80805807200724,92.67843074297535,92.81594980972076,5477400
2024-11-07,94.93769836425781,95.12924334010954,94.07328411899618,94.13222622295463,5268000
2024-11-08,94.47602081298828,94.91804535980691,94.18133278562397,94.91804535980691,3219700
2024-11-11,95.00645446777344,95.08503894072119,94.47111179749399,94.49566288784082,2625100
2024-11-12,95.43866729736328,95.51724428079477,94.68230481478747,95.07521970885804,3260600
2024-11-13,95.47795867919922,95.87087360058362,94.888590044237,95.44849137158542,2937100
2024-11-14,95.3698959350586,95.89051245528074,95.02609822866881,95.59582442453069,3170300
2024-11-15,93.46426391601562,95.0752080391696,93.15484225710188,94.88857180119275,3526400
2024-11-18,94.38761901855469,94.59390515088143,93.53303715989438,93.69019862472851,3880700
2024-11-19,95.00645446777344,95.09977259262043,93.53302932402813,93.57232156050202,3186700
2024-11-20,95.61546325683594,95.63020440263296,94.4072588627826,95.16361378884442,3069500
2024-11-21,95.3698959350586,95.61546679594099,94.06346465077746,95.56635712030126,3833900
2024-11-22,95.16361236572266,95.50741754847334,94.78052244219292,95.0260932903134,3266100
2024-11-25,95.65475463867188,96.26377304360436,95.15379550132963,95.6449372005317,4387200
2024-11-26,96.00838470458984,96.30307274464751,95.69405429250148,95.69405429250148,2513400
2024-11-27,96.1360855102539,96.41603240105047,95.8266638203273,96.21466249191639,2413700
2024-11-29,96.65669250488281,96.79028461222715,96.00347311452856,96.10660867950516,1960500
2024-12-02,97.45234680175781,97.53093128171611,96.57811507135003,96.72545909771473,4975900
2024-12-03,98.23817443847656,98.28728411669215,97.40323496652853,97.53092912296302,3077300
2024-12-04,98.4640884399414,98.57214021624755,98.04662248078387,98.20870014524307,2550200
2024-12-05,98.23817443847656,98.79807573088674,98.14485630737015,98.72931618600228,2493900
2024-12-06,99.14186096191406,99.33340591954234,98.16940252274176,98.22833712686511,4364500
2024-12-09,97.02996063232422,99.19098877766739,96.97102602187344,99.05346219623524,5040300
2024-12-10,98.55250549316406,98.82656193056003,97.80596793372304,98.00242163630986,5125300
2024-12-11,100.16344451904297,100.33043090680066,98.77842125837182,98.77842125837182,4015700
2024-12-12,100.35009002685547,100.85104923632709,100.17327868991588,100.34026509307309,2885400
2024-12-13,99.15169525146484,100.07503661152322,99.08784442815369,99.81964830673478,3371500
2024-12-16,99.5347900390625,100.2322104330613,99.42673825323735,99.80982822326163,4222700
2024-12-17,98.78824615478516,99.86875644971514,98.70475296093713,99.38743965814439,4707900
2024-12-18,95.96908569335938,99.21062392831212,95.90032615476233,98.75877446121326,6406000
2024-12-19,95.7038803100586,97.26570745506818,95.6645880713238,97.10854599435727,5026100
2024-12-20,96.22447967529297,97.29025625070435,94.98680050949403,95.01627530625025,6285600
2024-12-23,96.7503890991211,96.83902834021085,95.66706985345868,96.44509201986715,3768900
2024-12-24,97.66629028320312,97.66629028320312,96.51403271630915,96.86857466207815,1626800
2024-12-26,97.53826141357422,97.68105947844464,97.01629898419151,97.27235120490471,3512400
2024-12-27,96.6716079711914,97.13447507095594,95.79509608827934,97.01629943429707,4100400
2024-12-30,95.6572265625,96.19888998286227,94.87034567248949,95.54889387842755,3211100
2024-12-31,95.34207153320312,96.12994417147387,95.12540618199316,95.76555176137434,3616300
2025-01-02,95.8049545288086,96.52388893767483,94.99738838507844,95.84434891554068,6900500
2025-01-03,96.39585876464844,96.76025121972494,95.72616919357161,96.34662141474811,5454100
2025-01-06,97.43978881835938,97.68106910834538,96.77009926410666,96.86858147514448,5325300
2025-01-07,96.35645294189453,97.78447116634408,95.98221756947518,97.39053484533349,5058400
2025-01-08,95.78524780273438,96.12008877293361,95.11555834862594,95.89358047278941,4631600
2025-01-10,94.35723876953125,95.46025901036928,93.71710067484227,95.27313755971275,4797400
2025-01-13,94.39663696289062,94.44588182464295,93.48073813575859,93.72694741709826,6992500
2025-01-14,94.08148956298828,94.61330251334289,93.54967661263368,94.48527639173773,4194700
2025-01-15,95.62767791748047,96.00192081255476,95.24359206158569,95.45040694447438,4115700
2025-01-16,95.08602142333984,95.74586045215666,95.05154851955916,95.47010727675324,2943600
2025-01-17,95.91326904296875,96.3761436072396,95.42085057267371,96.31705579519127,3109100
2025-01-21,96.7799301147461,97.21818228567675,96.48448351860428,96.58296571731822,4817400
2025-01-22,97.74507141113281,98.29657772201247,97.59734435965863,97.9912806590198,5382400
2025-01-23,98.00113677978516,98.00113677978516,96.95228291896247,97.13447536850992,3721300
2025-01-24,98.88748931884766,98.92687618779541,98.09961669310849,98.17840545842444,3386700
2025-01-27,99.39960479736328,99.70490188167119,97.29205408940251,97.47917553524826,9407500
2025-01-28,99.88217163085938,100.24361115546661,99.1041494610917,99.47839234820371,5445400
2025-01-29,100.32534790039062,100.71927668944403,100.04958722885921,100.50261886094866,4797400
2025-01-30,100.42383575439453,101.5662428316777,99.72460234661483,100.83746551442583,5112700
2025-01-31,100.8276138305664,101.93555550474535,100.58140456963775,101.16246233255876,9101800
2025-02-03,101.04428100585938,101.50223414658045,99.57687588808217,99.58672636253598,7196700
2025-02-04,101.95032501220703,102.10888683803297,101.21169724715023,101.50715135865703,5543600
2025-02-05,100.96549224853516,100.9851931974449,100.01512809067845,100.71928298313678,6058900
2025-02-06,101.39881896972656,101.44806382635252,100.70943605922425,101.0541275144754,2892000
2025-02-07,101.1821517944336,102.26547099724054,101.04427521482417,101.93063002210623,3142800
2025-02-10,101.63517761230469,102.05865783209387,101.24124881467675,102.04881487175031,3042100
2025-02-11,101.8026123046875,101.93063842095673,101.03443306594014,101.10337887513589,2564500
2025-02-12,101.91093444824219,102.15714369433373,100.90639651651117,101.08366747424547,5391900
2025-02-13,103.0828857421875,103.14198107079686,101.77305074471076,101.90108436193943,2833500
2025-02-14,103.71318817138672,103.97909838471892,103.00410428744813,103.09274352979568,3425200
2025-02-18,103.2306137084961,103.73288268072463,102.53334893440247,103.66394439149406,3447900
2025-02-19,103.34880065917969,103.43743238557884,102.59047193600556,102.98440825199248,3469000
2025-02-20,102.86622619628906,103.12228593145836,102.19653670610727,103.10259249661935,2984900
2025-02-21,101.4579086303711,103.24046878342243,101.369276903286,103.15182954262701,3639600
2025-02-24,101.6548843383789,102.3787401914143,101.1624657996452,102.08821505685196,5415600
2025-02-25,100.14808654785156,101.75336830701096,99.60642314037193,101.67457953615742,6021500
2025-02-26,99.97080993652344,101.0541291767225,99.73444363728304,100.02004728024912,5079500
2025-02-27,99.00566864013672,101.04428105791739,98.95150230117858,100.63065129517013,3727300
2025-02-28,100.45337677001953,100.57648139841416,98.58218491567908,99.32081268604688,5690800
2025-03-03,99.44884490966797,101.477606752691,98.98597031122054,100.78821633515075,6074500
2025-03-04,98.66097259521484,99.77383571871773,97.71552996119546,99.1533911033735,7329500
2025-03-05,99.93141174316406,100.21701537524073,97.95188726633471,98.65112063574585,4899600
2025-03-06,98.13900756835938,99.90678816233725,97.69582641457869,99.05490626972086,4829600
2025-03-07,98.7693099975586,99.12385194150644,96.58297051445028,97.67614025600443,5501700
2025-03-10,96.30721282958984,97.72538053898006,95.51934021021523,97.28219937294054,6896200
2025-03-11,94.88904571533203,96.30721343361682,94.09133013065194,95.31252593600261,6699400
2025-03-12,95.36177825927734,96.1693443812623,94.10118797263844,95.85419680960258,4698800
2025-03-13,93.40193939208984,95.36177047222007,93.18528155915565,95.03677245225353,4763600
2025-03-14,95.11556243896484,95.33222778839237,93.62845641547523,94.13072540608356,3486000
2025-03-17,95.79510498046875,96.24320768095647,95.11557246547146,95.11557246547146,3031100
2025-03-18,94.45572662353516,95.45040665050149,93.69739787490164,95.45040665050149,4424100
2025-03-19,95.57844543457031,96.3170732740532,94.49511859236,94.82011664502309,5875000
2025-03-20,95.3716049194336,96.50416889434523,94.8594930206586,94.99736959008685,4881600
2025-03-21,96.12008666992188,96.20872590425937,94.70192654391015,94.70192654391015,5717500
2025-03-24,97.4812240600586,97.63926042370197,96.98734817775767,97.41701778385614,3651300
2025-03-25,98.71591186523438,98.84925292500591,97.69852877303381,97.89607610777165,2499900
2025-03-26,97.8763198852539,98.9826045875262,97.72321956569638,98.62701334522254,4482900
2025-03-27,97.44171142578125,98.35044122511226,97.3429377581927,97.55036472091298,3319300
2025-03-28,94.56734466552734,97.35280412915286,94.46857100374292,97.2639100943311,5595200
2025-03-31,95.26864624023438,95.38224310898089,92.97706265084072,93.96481432792328,5187100
2025-04-01,95.32792663574219,96.00947024119822,94.3204155974972,94.97233539117902,5884200
2025-04-02,95.66375732421875,96.14775358098234,94.33029394320596,94.53772091039035,5557500
2025-04-03,91.39666748046875,93.70801047541528,91.2682624669514,92.86841546596663,10078100
2025-04-04,86.16158294677734,89.8854034898247,86.10231272113109,89.15446935173092,13027900
2025-04-07,86.28011322021484,89.63847065268402,82.99089810829882,83.42551128660298,22019700
2025-04-08,85.0750503540039,89.2927542907936,84.07742657290103,89.02605711434038,13553900
2025-04-09,92.59185028076172,92.99683213015076,83.92432685411927,84.40338707305604,23909100
2025-04-10,89.39153289794922,91.72262761838482,87.25798551208025,91.47568968220264,9320700
2025-04-11,90.152099609375,90.41879680408455,88.50255598264508,89.29276040318346,4819500
2025-04-14,90.75462341308594,91.94190439196255,90.17185352779002,91.36703217955484,3668100
2025-04-15,90.9818115234375,91.81151935090388,90.7743845665709,91.05095384239303,3142400
2025-04-16,88.53218078613281,90.39903086732765,87.78149493164786,90.1916039178557,3857000
2025-04-17,89.10508728027344,89.75700707313905,88.43341576760041,89.04582458490313,3516700
2025-04-21,87.09994506835938,88.71985725089696,86.41839398494449,88.35438640953946,5533900
2025-04-22,89.37178039550781,89.69773274109095,87.79137158903629,87.82101047131448,4283800
2025-04-23,90.80401611328125,92.32021108799849,90.39903428996901,91.13984808153741,5029400
2025-04-24,92.62147521972656,92.79433478464115,90.32989153692152,90.53732602919804,3040400
2025-04-25,93.20425415039062,93.52033440358609,92.5325826703568,93.3820497638098,3168500
2025-04-28,93.55984497070312,94.05372083517183,92.70049825358643,93.52033399723192,2455000
2025-04-29,94.24139404296875,94.33028807940136,93.06497989025726,93.24376270818937,2714700
2025-04-30,94.27103424072266,94.52290823688075,91.99920208544644,93.32279341666207,3123000
2025-05-01,94.7550277709961,95.73289991502075,94.49821020026053,95.55510429465737,3753300
2025-05-02,96.22676849365234,96.72657513265139,95.22914470576622,95.36742934044246,3542600
2025-05-05,96.4539566040039,96.86881051622301,95.05135097548359,95.19950770417073,3764000
2025-05-06,96.43419647216797,96.8194190351448,95.47608364626883,95.51065103733215,4089000
2025-05-07,96.25640106201172,97.6343189166889,95.4662042160983,97.20464933462381,4160200
2025-05-08,96.48358917236328,97.4071346273047,96.177388547933,96.8391803976135,3865800
2025-05-09,95.98971557617188,96.88856575194298,95.84155130615858,96.80955133909066,4425900
2025-05-12,97.98497009277344,98.29611430396173,97.11575127008666,98.28129863066208,3341400
2025-05-13,98.9430923461914,99.34807418650196,97.97509983804309,98.26154875378639,5384300
2025-05-14,99.45672607421875,99.5554997419847,98.77517495552235,98.91345959758425,4406000
2025-05-15,99.85182189941406,100.35064136171161,99.39745699368065,99.51598991793853,3259800
2025-05-16,100.53337097167969,100.5679458998622,99.61476155130867,100.2271703435386,4156300
2025-05-19,100.63214874267578,100.6815393461086,99.4369699918924,99.4369699918924,3947600
2025-05-20,100.38520050048828,100.91858731186927,99.88145256969563,100.42471147199213,2603100
2025-05-21,99.634521484375,101.21492277320303,99.39745563908996,99.68390455018188,5864300
2025-05-22,99.4172134399414,100.29631187949131,99.35794321151323,99.92096893386869,3808400
2025-05-23,98.96286010742188,99.34808272544038,98.38008259814482,98.51836725405153,3894000
2025-05-27,100.5728759765625,100.74079195390314,99.62463526599815,99.93083587596605,3604100
2025-05-28,100.55313873291016,101.09639771473202,100.42472617273808,100.61240143086751,4014300
2025-05-29,99.74317169189453,100.94822245635906,98.97271902248943,100.94822245635906,4386200
2025-05-30,100.15802764892578,100.40496558320028,98.8146846835967,99.71353484566306,9044700
2025-06-02,100.65190124511719,100.7407952821942,99.13076270001439,99.29867868290266,5983100
2025-06-03,100.3654556274414,100.74079857840469,99.72341548462576,100.4345979483017,4102100
2025-06-04,101.00749969482422,101.2001109915579,100.40497050279619,100.49880812816994,4388200
2025-06-05,101.14578247070312,102.14341386566258,100.85933355389504,101.58038812383613,6785700
2025-06-06,102.43973541259766,102.65704200828011,101.80757488112943,102.1335347746531,4002100
2025-06-09,102.14341735839844,103.01263623033482,102.04463614954014,102.80520925643914,6371300
2025-06-10,103.43737030029297,103.60035025254983,102.01500528855902,102.52864044766216,7313500
2025-06-11,103.20030975341797,103.8225906646697,102.85459060010784,103.68430601772488,5455600
2025-06-12,102.3607177734375,103.0916595416914,102.1631704250138,102.98300623927388,5616100
2025-06-13,101.32357788085938,102.28169829883628,101.16059793529081,101.53100484723356,7342800
2025-06-16,103.06201171875,103.14597724729364,101.98536595210372,102.02487692555142,6211900
2025-06-17,102.15328216552734,102.83483327111459,101.89152855980568,102.53850473756857,6034700
2025-06-18,102.20266723632812,103.03237502784589,102.123645293532,102.40515813876303,5927300
2025-06-20,101.58038330078125,103.38797075760009,101.38283597109564,103.03237953540794,7469600
2025-06-23,102.8666000366211,102.94581378583322,100.98630464644427,101.74773415739568,6925400
2025-06-24,104.19339752197266,104.30726255809999,103.37157192121022,103.54979906891487,4685500
2025-06-25,104.17359161376953,104.75778354299025,104.00526807056164,104.21319848644877,4401800
2025-06-26,105.3815689086914,105.43107938533663,104.17358579923385,104.52013647303608,6375800
2025-06-27,106.61927032470703,106.68858046924603,105.440990313305,105.46079752845282,6949700
2025-06-30,107.46089172363281,107.66882214962008,106.80739717827835,107.47079533084332,5652500
2025-07-01,106.69847106933594,107.29255902927976,106.28260269856082,107.03511814341674,6614100
2025-07-02,106.39152526855469,106.70837270070697,106.33706676204858,106.5004422815669,4865800
2025-07-03,106.9757080078125,107.28265180668555,106.60935012698098,106.86679100416632,3206100
2025-07-07,105.94595336914062,106.87669593759021,105.73802296529855,106.77767498450893,5533900
2025-07-08,105.72811889648438,106.13408365047441,105.25285156242168,106.124180044362,4353000
2025-07-09,106.00536346435547,106.63905830335935,105.53999216447237,105.7875294470282,4973900
2025-07-10,105.64891052246094,105.83704127696242,105.22810166928456,105.75782753251565,4126500
2025-07-11,104.96571350097656,105.45088446926339,104.53004545764395,105.29245697923753,4769400
2025-07-14,105.99546813964844,106.10438514905967,105.01521505494733,105.07462914005063,6101100
2025-07-15,104.9458999633789,106.28259972440661,104.93104833136378,106.08457292804623,5813500
2025-07-16,105.26275634765625,105.59941099526687,104.69837162023256,105.41128023471273,6812600
2025-07-17,105.62911987304688,105.74794049985178,104.93106285476638,105.17365213498674,4640100
2025-07-18,105.1439437866211,105.72812817648128,104.59935871621013,105.65881803608704,5593900
2025-07-21,106.5499496459961,106.73312481968809,105.67862112161656,105.71822043951879,4468600
2025-07-22,106.7974853515625,107.05492623954987,106.50043759202026,106.98561610288847,5292500
2025-07-23,107.38167572021484,107.42128259398653,106.42123735964674,106.74798084834535,4967000
2025-07-24,107.55989837646484,108.61935765427054,107.55989837646484,108.31241383817607,5732700
2025-07-25,106.55985260009766,107.17374022892304,106.312315316413,106.87174444065822,7300700
2025-07-28,105.98556518554688,106.6687705116526,105.79248640480898,106.49054336372234,6326900
2025-07-29,105.07463073730469,106.45093745434436,105.01521665129823,106.28260635727099,5396000
2025-07-30,105.40137481689453,106.10933539286366,105.04987609627987,105.43108563718633,6331700
2025-07-31,106.35192108154297,107.58960748708608,106.13408706548925,107.37177347103237,11450800
2025-08-01,105.07463073730469,105.89644879230237,104.59935582044564,105.7776357287665,9181900
2025-08-04,107.09454345703125,107.11434311760227,105.61921567748186,105.75783596419618,4883600
2025-08-05,106.26280975341797,107.49059262210112,106.23310648667996,107.14404191975976,5774100
2025-08-06,106.66876983642578,106.9509584122233,105.81724097439802,106.80739011124534,5141000
2025-08-07,106.21329498291016,107.37177521857461,105.58455571771272,107.24305099559054,6248300
2025-08-08,106.56974792480469,107.14403623204944,106.25290050602109,106.25290050602109,5984400
2025-08-11,107.11433410644531,107.2678060142366,106.76778341881364,106.88164845455582,4686800
2025-08-12,109.16394805908203,109.28276868125734,107.55990365378996,107.6094141349227,7128000
2025-08-13,110.01547241210938,110.30756459768175,109.40157722097145,109.51049423156428,8215500
2025-08-14,110.10458374023438,110.68877567374005,109.54019902033288,109.58970950010472,5120900
2025-08-15,110.38182830810547,111.11453654893181,110.22340082131147,110.43133123204983,5535500
2025-08-18,109.70852661132812,110.28776294579367,109.48078898759307,110.28280736543176,4295800
2025-08-19,109.09463500976562,109.7283298693298,108.65896696097577,109.7283298693298,5086000
2025-08-20,108.76788330078125,109.14414481486051,107.74803087854474,109.01542058983821,8825500
2025-08-21,108.6490707397461,108.9164076893003,108.1935954780427,108.51044290733293,3794600
2025-08-22,110.21349334716797,110.5897548379806,109.25800309652662,109.29265438664783,6382900
2025-08-25,110.39173126220703,110.7927404761483,109.96596680762669,110.11449069722241,5684400
2025-08-26,109.90655517578125,110.17389212126281,109.57980414467386,110.17389212126281,4680600
2025-08-27,110.09468841552734,110.19370182148702,109.53525171820904,109.63922070472184,3603900
2025-08-28,110.51054382324219,110.55509872059908,109.74812477091233,110.02537286991118,4645100
2025-08-29,110.29270935058594,110.61450479136798,109.82239003165901,110.18379234356223,4311800
2025-09-02,110.10458374023438,110.10458374023438,108.61935999794215,108.8668972883242,8205300
2025-09-03,111.94625854492188,112.02547228856868,111.16403982344599,111.46108758500233,8269300
2025-09-04,112.95622253417969,112.97602219431197,112.03042789541885,112.34232731073432,5497600
2025-09-05,113.56021118164062,113.95131678149947,112.70868228767483,113.13444673465773,5323600
2025-09-08,113.68893432617188,114.07509192166773,113.07009105720554,113.09484629881203,8005300
2025-09-09,114.33252716064453,114.47609546805198,113.38891209014314,113.63941820126854,5455400
2025-09-10,113.49089050292969,114.17408823265534,113.11958459716476,114.14438496887222,5378200
2025-09-11,115.23355102539062,115.50584354225178,113.22354953513268,113.7087204852064,14732600
2025-09-12,116.19400787353516,116.43164156791154,115.26327275629475,115.44149236139783,6091200
2025-09-15,117.82775115966797,117.94161619896319,116.61976796431084,116.70888531776176,7242400
2025-09-16,117.35247802734375,117.67922907125794,116.69898349375414,117.46635062261731,5802300
2025-09-17,117.65943145751953,117.9366720253326,116.77819927229702,117.65943145751953,5993800
2025-09-18,117.74853515625,118.2980682369088,117.3178226931688,117.78814202877587,6022700
2025-09-19,118.23371887207031,118.37233915488007,117.5208102437694,118.03568450074293,5548000
2025-09-22,117.82136535644531,118.47713894814326,117.63257848916699,118.0896346483708,6412100
2025-09-23,117.65245819091797,118.46721181669413,117.49347817584733,118.07969992510553,4127600
2025-09-24,116.67872619628906,117.75678385422496,116.18689029588236,117.65245985087425,5099800
2025-09-25,116.28128051757812,116.73833668383742,115.73480377949136,116.13223865061474,3786700
2025-09-26,117.41398620605469,117.75181494214173,116.29121829557363,116.52968073361,7462700
2025-09-29,117.79156494140625,118.49204885663578,117.6425230685928,118.05983424800284,4875800
2025-09-30,117.61270904541016,117.94059204892432,117.1506800258928,117.6822609044082,5740500
2025-10-01,115.96332550048828,116.7482722405416,115.77453863448262,116.7482722405416,7218900
2025-10-02,115.70498657226562,115.96332529677996,115.1038614166995,115.94345658593303,3984800
2025-10-03,115.64537811279297,115.98817214000161,115.3472943724591,115.85403369879292,3535900
2025-10-06,115.76461029052734,115.84906557941767,114.65673822786091,115.49633341467877,4293600
2025-10-07,115.3174819946289,116.35082930958275,115.21812327946843,115.90371130106858,4242900
2025-10-08,114.84056091308594,115.37710708933005,114.66171218767123,115.23800336740575,4957900
2025-10-09,114.18477630615234,114.80081247092492,113.96618258379483,114.761067468625,4033800
2025-10-10,112.0783462524414,114.98462852961488,111.9889181005215,114.25433020803648,8248100
2025-10-13,113.11168670654297,113.40977044067027,112.773865549744,113.05207299195122,4146000
2025-10-14,113.85688781738281,114.14503340392052,112.08827687570964,112.47578117953313,4587900
2025-10-15,114.66171264648438,115.22806568246646,113.76746901583257,114.37356705546411,4103500
2025-10-16,113.43958282470703,115.38704259562138,112.80367790279968,114.88031083573512,4682800
2025-10-17,114.20465850830078,114.4928041044502,113.17131113677391,113.30047671549559,4393700
2025-10-20,115.496337890625,115.65531790922738,114.57228737910614,114.73126739770852,4281500
2025-10-21,115.90371704101562,116.18192448947636,115.287680847578,115.85403389068289,6804100
2025-10-22,114.90017700195312,115.68512378079168,114.32388581031199,115.27277788921663,5438900
2025-10-23,114.5126724243164,115.28768105516231,114.50273427811508,115.27774290896097,3607200
2025-10-24,114.81075286865234,115.57582333132633,114.7610697196569,115.17838088111543,4758000
2025-10-27,116.41045379638672,116.48497093965513,115.50627202828059,115.62550703809431,5252300
2025-10-28,115.83415985107422,116.48993343791423,115.81925642277676,116.44025787045075,4920400
2025-10-29,115.5460205078125,116.01102872143333,114.95482588481583,115.85900768012473,6986800
2025-10-30,113.588623046875,115.14361318734805,113.24086373223146,114.15001081374677,8434500
2025-10-31,114.07548522949219,114.34872739629458,113.33028345489538,113.77740906800415,5249700
2025-11-03,112.86328887939453,114.15497498472891,112.16777025688184,114.15497498472891,6410400
2025-11-04,112.0882797241211,112.67450905799774,111.7653619895902,111.80013413026097,5198200
2025-11-05,112.69438171386719,113.18125234497289,111.76536590121707,112.03860807569788,6273900
2025-11-06,111.68090057373047,112.94277216534798,111.58154185936897,112.57514416415201,6265900
2025-11-07,111.39276123046875,111.44244438072234,110.12591670484667,111.1344224942021,7460400
2025-11-10,112.5552749633789,112.79373740898532,111.69581103816293,112.12802564218416,4724100
2025-11-11,113.4693832397461,113.53396981708889,112.49565719987727,112.50559534575713,3841900
2025-11-12,112.81361389160156,113.55881566838903,112.50559958298311,113.54887752213487,4563800
2025-11-13,111.21391296386719,112.25719847884622,111.05990581026022,112.04853531138286,6354300
2025-11-14,110.61775207519531,111.09467696078585,110.11101275124405,110.57800707129871,4859800
2025-11-17,110.46870422363281,111.90942452909121,109.8973859322989,111.27849252543277,4582300
2025-11-18,111.09468078613281,111.75046200213092,109.46517347318463,110.43890715071934,8726100
2025-11-19,110.47864532470703,112.27209783075935,110.28489317388517,111.03506020284486,4416800
2025-11-20,109.26644897460938,112.31184252879186,109.16211739494956,112.07834537579603,7385400
2025-11-21,111.1841049194336,111.85478195997698,109.81292881945409,109.81292881945409,7535900
2025-11-24,112.28700256347656,112.61488557442527,111.85478039078885,112.03860197848206,5524000
2025-11-25,113.56875610351562,113.86683227188738,112.90800960511054,113.39983793612855,8890600
2025-11-26,113.72772216796875,114.02580590021371,113.48428686728255,113.54390816208208,6301600
2025-11-28,114.65177917480469,114.65177917480469,113.91651552877383,114.06058453986552,3731600
2025-12-01,114.11522674560547,114.70145606560605,113.76746744420727,113.82708115856576,5173500
2025-12-02,114.4927978515625,114.71138399271112,113.64822982112555,114.56234971024253,4777400
2025-12-03,114.39344024658203,114.75113771284998,113.91651534528117,114.28414337741212,4885500
2025-12-04,115.0492172241211,115.29364558587119,114.22452545279023,115.24296937949792,4654300
2025-12-05,116.38064575195312,116.86254351978697,115.19826405716181,115.3373677859608,6049400
2025-12-08,115.5162124633789,116.82776727498329,115.05915628757874,116.82776727498329,6128900
2025-12-09,115.64537811279297,115.79441998295991,114.8654042018349,115.37710881096001,4842700
2025-12-10,116.32102966308594,116.59923711501317,115.57582788231603,115.69506289624965,5882600
2025-12-11,116.06269073486328,116.698595646975,115.85403514625642,116.10243573944332,6495600
2025-12-12,115.80435943603516,116.76814736874475,115.48242717350115,116.48993991760511,5955100
2025-12-15,115.82421875,116.14018506689513,115.23799703703402,116.0825574682042,5070100
2025-12-16,115.90371704101562,116.27134506337399,115.23800527782969,115.48640586832454,6178500
2025-12-17,115.06908416748047,116.04281779273464,114.98462887854572,115.88383778020977,6181900
2025-12-18,115.72486877441406,116.43032554456431,115.52117847005523,115.68512377010616,4791400
2025-12-19,115.77454376220703,116.43032495911325,115.61557132635924,115.80435820072638,6174800
2025-12-22,116.28890991210938,116.71753478753473,116.06960851204256,116.3088429461493,4704400
2025-12-23,117.01658630371094,117.08636333219053,116.19919499646747,116.23906867061662,3685000
2025-12-24,117.71435546875,117.73429610819775,116.87703113495985,116.93683784305182,2044400
2025-12-26,117.59474182128906,117.64457820955914,117.32061506786393,117.49506143962327,2849500
2025-12-29,117.5149917602539,117.75422619175252,117.14616599096921,117.17607694939132,4699300
2025-12-30,117.9137191772461,118.2925076554003,117.22591164087038,117.30565898525822,4396200
2025-12-31,117.34553527832031,117.89877013403851,117.31563192478833,117.63461370433866,3003400
2026-01-02,116.52814483642578,117.93864466085685,116.2091630545664,117.7841389297395,6417600
2026-01-05,117.37544250488281,117.93365873623394,116.56802151237481,116.63280957879007,5984600
2026-01-06,116.95677947998047,117.50502538745914,116.17427288518383,117.26579094792528,5698200
2026-01-07,116.71753692626953,117.32559714482397,116.30884507739523,116.82718762831219,5050900
2026-01-08,117.1063003540039,117.29070943676172,116.16928805326056,116.95677598184533,5089300
2026-01-09,117.5349349975586,117.85391678165034,116.81722408207078,117.14616858073134,4187000
2026-01-12,117.17607879638672,117.47511993919228,116.98668074902196,117.07639081032596,5668000
2026-01-13,116.51817321777344,117.54489557902649,116.08555565444287,117.22591380072335,7757800
2026-01-14,116.26896667480469,116.45836471701658,115.7207131868889,116.29887002775912,5646400
2026-01-15,115.84033966064453,116.61785729458718,115.5612315464216,116.61785729458718,12267200
2026-01-16,114.80364227294922,116.02973298779658,114.76376860037996,116.02973298779658,5545100
2026-01-20,113.10905456542969,114.33513769193694,113.01435554242191,113.42803634522532,9177400
2026-01-21,114.2653579711914,114.63418373496641,112.81997347919196,112.88975050421693,7862800
2026-01-22,115.88021087646484,116.09951227730922,115.07777126253463,115.36186833320816,5517000
2026-01-23,116.58795166015625,116.84213777239702,115.7007833408152,115.7007833408152,6086200
2026-01-26,117.39537048339844,117.63461251949562,116.7125519008773,116.88699826822416,4763900
2026-01-27,116.52814483642578,117.51499353575235,116.16928938119328,117.51499353575235,3934000
2026-01-28,116.37862396240234,117.45020139795015,116.26897325861015,116.95678083601106,8319500
2026-01-29,119.40895080566406,119.57342685587285,117.50004147794598,118.90057097821192,9730200
2026-01-30,119.69802856445312,119.87745629048577,118.76101626126875,119.38900949982022,11651200
2026-02-02,119.2893295288086,120.0219921121933,119.1497754753187,119.19961946804747,7651800
2026-02-03,117.36547088623047,119.2145735398075,116.87703168920332,119.01520517001276,8132200
2026-02-04,116.428466796875,117.87385136137006,116.0696113344261,117.87385136137006,11640200
2026-02-05,115.84033966064453,116.29887550617158,114.1756536900108,114.83355030137547,15513700
2026-02-06,115.39176940917969,116.1393836581414,114.155708375206,115.76058757138719,9441200
2026-02-09,116.5082015991211,116.86207568921289,114.73885396403837,115.27214817261988,9210200
2026-02-10,117.20597839355469,117.52994152249201,116.5181708584335,116.75740528603531,5830200
2026-02-11,116.36865234375,117.27576131861157,115.95996049291593,116.9966532048467,6988000
2026-02-12,114.27532958984375,116.82718379705786,114.13079418105056,116.43842499533774,8124600
2026-02-13,114.21552276611328,114.76376865265826,113.4180645246155,114.00619168887333,7423000
2026-02-17,114.03609466552734,114.68402853396437,112.9395952909322,114.00619131246685,6451700
2026-02-18,114.2254867553711,114.604282846617,113.56759016314876,113.88657194228318,5277700
2026-02-19,114.77374267578125,115.09272446164867,114.07597239579805,114.1955858122948,5747600
2026-02-20,116.428466796875,116.6328089199738,114.43482871888143,114.53450910175596,8195700
2026-02-23,114.9930419921875,116.79728197276923,114.79866258878299,116.58795089257401,8839300
2026-02-24,115.7905044555664,115.90014755431005,114.52454000366492,114.8036481207414,6109200
2026-02-25,116.1294174194336,116.36865185807277,115.73068828495117,115.9599600089444,6197700
2026-02-26,116.34871673583984,116.67267987391025,115.56621015801126,115.85030722796192,6649500
2026-02-27,117.67449188232422,117.7841425862229,115.77056384656166,115.91510686766709,7131100
2026-03-02,117.49506378173828,117.76420157811339,115.95996153708285,116.07957495541588,10466500
2026-03-03,117.58477020263672,118.05327635692856,115.50142210987151,115.8602775640046,13693000
2026-03-04,118.4121322631836,118.70619204876596,117.23588551572854,117.3953726042158,8139800
2026-03-05,118.06324768066406,118.78095859503446,117.40036211683935,118.25263812380997,8776300
2026-03-06,117.08636474609375,117.25582215942971,116.02973898632152,116.85211166084224,10809500
2026-03-09,117.18604278564453,117.41531450890251,115.13259801656505,116.1294170470115,10548900
2026-03-10,117.0066146850586,117.73927727852431,116.57798219912031,117.2657897615883,12013500
2026-03-11,116.62782287597656,117.41531079775419,116.10948034278296,117.0863587028739,6213400
2026-03-12,114.90332794189453,116.36865315449482,114.83355091296717,115.93005794629104,7816900
2026-03-13,114.0859375,115.53132968899051,113.55762461907189,115.11266751223154,11622700
2026-03-16,114.96314239501953,115.37183424919496,114.35508216857798,115.0628227785897,7299700
2026-03-17,115.00301361083984,116.12842009938495,114.99304329115824,115.28212172091962,8391100
2026-03-18,113.29845428466797,114.79368282550303,113.24861029125655,114.29527331189134,7022000
2026-03-19,112.78010559082031,113.6772442479539,112.00258795634646,112.95455196489169,10146300
2026-03-20,111.87300109863281,112.67045174541138,111.26494089270918,112.47109098499811,10086700
2026-03-23,112.70999908447266,113.44999694824219,112.20999908447266,112.87000274658203,8557700
2026-03-24,111.12999725341797,112.48999786376953,111.05999755859375,112.1500015258789,8634400
2026-03-25,111.44000244140625,112.52999877929688,110.83999633789062,111.87999725341797,6097800
2026-03-26,108.80999755859375,110.87999725341797,108.68000030517578,110.61000061035156,9765900
2026-03-27,107.04000091552734,108.51000213623047,106.72000122070312,108.31500244140625,9594600
2026-03-30,107.95999908447266,108.66000366210938,107.06600189208984,107.8949966430664,9490400
2026-03-31,110.86000061035156,111.26000213623047,108.81999969482422,109.13999938964844,10145200
2026-04-01,111.23999786376953,111.875,110.70500183105469,111.25,9856900
2026-04-02,111.69999694824219,111.87000274658203,109.69999694824219,110.13999938964844,5590500
2026-04-06,111.76000213623047,112.5199966430664,111.66000366210938,111.9000015258789,3803600
2026-04-07,111.81999969482422,112.0,111.05000305175781,111.56999969482422,4379300
2026-04-08,113.80999755859375,114.48500061035156,113.20999908447266,114.26000213623047,4579400
2026-04-09,114.2699966430664,114.47000122070312,113.21499633789062,113.79499816894531,4176700
2026-04-10,113.94999694824219,114.86000061035156,113.68000030517578,114.63999938964844,2667900
2026-04-13,114.81999969482422,114.86000061035156,113.2699966430664,113.63500213623047,5063500
2026-04-14,116.55999755859375,116.83499908447266,114.83999633789062,115.01000213623047,5396400
2026-04-15,117.36000061035156,118.12000274658203,116.74199676513672,116.8499984741211,5140000
2026-04-16,118.83000183105469,118.92500305175781,117.83000183105469,117.9000015258789,3708300
2026-04-17,119.0999984741211,119.4800033569336,118.3499984741211,118.63999938964844,3176900
2026-04-20,118.75,119.0999984741211,118.5199966430664,118.73999786376953,3297300
2026-04-21,117.16000366210938,119.12999725341797,116.98999786376953,118.80000305175781,3862300
2026-04-22,117.87999725341797,117.9800033569336,117.28500366210938,117.6500015258789,3079700
2026-04-23,117.38999938964844,118.19000244140625,116.5199966430664,117.97000122070312,3503600
2026-04-24,115.54000091552734,117.22000122070312,115.08999633789062,117.20999908447266,4857700
2026-04-27,115.80999755859375,116.75,115.41000366210938,115.41000366210938,4506200
2026-04-28,115.75,116.2300033569336,115.31999969482422,115.8550033569336,4052200
2026-04-29,115.29000091552734,115.77999877929688,115.06500244140625,115.54000091552734,4401500
2026-04-30,116.51000213623047,116.66999816894531,114.69999694824219,115.0,5276500
2026-05-01,116.72000122070312,117.30000305175781,116.58999633789062,116.83499908447266,7556000
2026-05-04,116.0999984741211,116.7699966430664,115.95999908447266,116.625,5485700
2026-05-05,115.62999725341797,116.30999755859375,115.19100189208984,116.30999755859375,5299100
2026-05-06,117.3499984741211,117.61000061035156,116.22000122070312,116.22000122070312,6220600
2026-05-07,117.37999725341797,118.19999694824219,117.03500366210938,117.62999725341797,4333300
2026-05-08,116.94000244140625,117.19000244140625,116.61499786376953,117.01499938964844,4153400
