Price,Close,High,Low,Open,Volume
Ticker,XLE,XLE,XLE,XLE,XLE
Date,,,,,
2018-01-02,25.74726104736328,25.775304997179692,25.37568807275972,25.456313759877336,29782800
2018-01-03,26.132856369018555,26.19945740094224,25.77179656438228,25.799840511728053,38599200
2018-01-04,26.290599822998047,26.30812795931396,26.020684174892573,26.115329157511393,28613600
2018-01-05,26.280086517333984,26.301118143384393,26.0627499086124,26.25554872880238,28408800
2018-01-08,26.437828063964844,26.451850038942148,26.199459838187252,26.26956971307376,19558400
2018-01-09,26.371227264404297,26.497419691505037,26.329161339091858,26.49041004116211,18469000
2018-01-10,26.33966636657715,26.4658614164234,26.318634749741836,26.448333286115844,21644000
2018-01-11,26.879512786865234,26.974157781529172,26.336172584940485,26.430820254022876,36179000
2018-01-12,27.138912200927734,27.209022079520366,26.886521986831077,26.886521986831077,39638400
2018-01-16,26.795377731323242,27.21953238186571,26.746302163453397,27.202004247161682,33789800
2018-01-17,27.030250549316406,27.145929865935994,26.697237252353403,26.872507971685287,28014800
2018-01-18,26.809404373168945,26.995190865948533,26.760326122334053,26.928587151775346,23029200
2018-01-19,26.774351119995117,26.78486960848744,26.599080420317286,26.749813329016966,25925400
2018-01-22,27.352739334106445,27.36325514601578,26.80238955736715,26.80940188158543,34033400
2018-01-23,27.310680389404297,27.43336933837362,27.173966789788757,27.4053253859182,20369800
2018-01-24,27.237060546875,27.478934922836594,27.14241556356115,27.34222401670651,25839400
2018-01-25,27.023235321044922,27.373776722066662,26.974159738855374,27.373776722066662,23436800
2018-01-26,27.170461654663086,27.216031068827164,27.02673841285444,27.082826314365622,15570600
2018-01-29,26.760318756103516,27.156432095252406,26.71825551613556,27.061784456489313,25294400
2018-01-30,26.220491409301758,26.60959248257182,26.199457111815548,26.535976452997062,45503600
2018-01-31,26.238021850585938,26.33617300942489,26.055741509087667,26.290603592654946,31450600
2018-02-01,26.5079402923584,26.525465756822324,26.125848794953175,26.273075533658965,36023200
2018-02-02,25.400218963623047,26.08377601410407,25.260001927030718,26.020678481358402,62010800
2018-02-05,24.334583282470703,25.379197828481782,23.93496630146975,25.06020387159545,69535200
2018-02-06,24.52737808227539,24.70264875295117,23.801757612654395,23.917436897160773,65630400
2018-02-07,24.117244720458984,24.912972367654987,24.11373855830059,24.60449695816922,49207400
2018-02-08,23.38811683654785,24.23993233430691,23.377601025062354,24.141781194551623,55542200
2018-02-09,23.370595932006836,23.68958990932647,22.592393548287838,23.66505211679564,70348200
2018-02-12,23.752683639526367,24.015589663257433,23.559884819022905,23.67205794883809,49913800
2018-02-13,23.6545352935791,23.756189948002362,23.489780404573825,23.6299975020944,24570000
2018-02-14,23.998058319091797,24.068168187371068,23.367085551086465,23.423170771291865,39513800
2018-02-15,23.93846321105957,24.064658279903103,23.552868356001042,24.047130146956878,32938800
2018-02-16,23.87887954711914,24.103225814286777,23.735156298930065,23.836813619118285,27582200
2018-02-20,23.749177932739258,24.103225466994374,23.64051096332586,23.9279547811439,35616200
2018-02-21,23.34956169128418,23.899911554573304,23.34956169128418,23.67907144649295,25090800
2018-02-22,23.60545539855957,23.95249329259141,23.45822865986525,23.517820052991258,30660600
2018-02-23,24.117244720458984,24.13477018241472,23.6790680552938,23.72113130352206,31369600
2018-02-26,24.260963439941406,24.31003900877257,24.120746382816115,24.239931817418885,24312800
2018-02-27,23.945478439331055,24.502840569002036,23.94197495145951,24.31004175933825,26931400
2018-02-28,23.395130157470703,24.15931044688303,23.384614344334956,24.0716751048606,35244000
2018-03-01,23.360071182250977,23.728140603849038,23.19181286194507,23.370586992967873,45950000
2018-03-02,23.468740463256836,23.552872306207895,23.01303834881982,23.198824821771826,29157800
2018-03-05,23.71763038635254,23.7912437531485,23.318010763945537,23.360076691151118,25663000
2018-03-06,23.731645584106445,23.952488320725667,23.612462822593425,23.864852993347995,31355800
2018-03-07,23.552875518798828,23.724640041354178,23.332032743952105,23.475755989450345,24725200
2018-03-08,23.54585838317871,23.67555962644055,23.37760005753846,23.605449762075555,16026600
2018-03-09,23.994556427001953,24.015590728437882,23.707112601950193,23.728146903386122,22786200
2018-03-12,23.9875431060791,24.162813769524245,23.868357664239,24.00857472987873,18972000
2018-03-13,23.815778732299805,24.169823548774275,23.717627588151707,24.06115659267004,21461800
2018-03-14,23.675561904907227,23.97352150248408,23.626486332337777,23.906917793532056,22696400
2018-03-15,23.552875518798828,23.864857124313378,23.374098671165388,23.763199806028418,24817000
2018-03-16,23.76293182373047,23.86884405555942,23.519338000059786,23.56523186400703,28685200
2018-03-19,23.395769119262695,23.720565321717217,23.261615981232456,23.688790579826666,29050000
2018-03-20,23.593475341796875,23.752340995116406,23.491094236572764,23.522866289852697,22518200
2018-03-21,24.211292266845703,24.366626806144122,23.66055239318363,23.734692576789396,32879200
2018-03-22,23.717037200927734,24.070074371115133,23.67114333844892,23.94298077437088,36967600
2018-03-23,23.572290420532227,24.112439547747954,23.51933700032857,23.83706829538981,38428600
2018-03-26,23.995935440063477,24.03123861625915,23.56876081313853,23.844129358308354,31906000
2018-03-27,23.76999855041504,24.197173297210497,23.632314239194205,24.0983232987402,27846200
2018-03-28,23.307514190673828,23.8653135995059,23.268682577603766,23.784116553823015,36457400
2018-03-29,23.798234939575195,23.893553782410425,23.406363498051054,23.409891930165955,27936200
2018-04-02,23.32162857055664,23.748803112816578,22.9226976410393,23.70644038716184,37986200
2018-04-03,23.81941795349121,23.840599321484056,23.18748110492636,23.40989354923071,28228600
2018-04-04,23.787641525268555,23.840597634964297,23.293391684000643,23.45578844519719,24981600
2018-04-05,24.214815139770508,24.36662121143995,23.84765889957697,23.84765889957697,27056800
2018-04-06,23.777055740356445,24.179517947420315,23.462852836481318,24.063017714240907,37767800
2018-04-09,23.89002227783203,24.193634429393704,23.794703436508986,23.89002227783203,21639600
2018-04-10,24.680830001831055,24.874998830468815,24.260714904997922,24.267774463319714,43684400
2018-04-11,24.938541412353516,24.995028643215914,24.61021678997921,24.64199153070416,42381800
2018-04-12,24.935012817382812,25.13271545200401,24.846753530298614,25.023272104467015,28623200
2018-04-13,25.21038246154785,25.312760857847646,25.03386389854066,25.069167072450192,26660800
2018-04-16,25.46809959411621,25.584602499170952,25.13271538152069,25.26686852786696,28048600
2018-04-17,25.566957473754883,25.683460414850707,25.39043884547412,25.53518541352539,32210600
2018-04-18,25.96941566467285,26.202421510382294,25.782306378945016,25.78936863130838,34623000
2018-04-19,26.001188278198242,26.19535710688442,25.842319934589696,25.990597593982983,36300600
2018-04-20,25.87761878967285,25.969406490289433,25.711690932733358,25.9482251276024,27380800
2018-04-23,26.03649139404297,26.040022519926175,25.655210602452378,25.79642600972221,29689200
2018-04-24,25.75758934020996,26.287145048750777,25.616373945907156,26.107095353678204,45575000
2018-04-25,25.96235466003418,25.99765783950485,25.51399593103085,25.67639540482383,26326600
2018-04-26,26.340099334716797,26.361280699684922,25.976471537647022,26.057668565664457,24433800
2018-04-27,26.061199188232422,26.19182388775465,25.958818103762468,26.07178987051218,21078600
2018-04-30,26.05767059326172,26.350692067598686,26.01177673443988,26.018836292158763,25926400
2018-05-01,25.8988094329834,25.944703299737377,25.5704847263862,25.927053055659744,27601800
2018-05-02,26.004718780517578,26.209478288509043,25.78583476929796,25.821137946988916,26869400
2018-05-03,25.94468879699707,25.987054207329876,25.595182915491865,25.884673152452876,30659200
2018-05-04,26.071794509887695,26.163584928411645,25.768182327697588,25.874094556260594,27171000
2018-05-07,26.107099533081055,26.679020759507655,26.05414610851752,26.27655857206451,35947400
2018-05-08,26.311857223510742,26.32597903211672,25.644617254270784,26.117688415462577,57548200
2018-05-09,26.848474502563477,27.14502439546426,26.629590514856098,26.63312164028383,49807800
2018-05-10,27.049711227416992,27.113258031140763,26.83082719382176,26.954389675101293,27780200
2018-05-11,27.088542938232422,27.27212107947029,27.02852457296982,27.109724306289916,24021400
2018-05-14,27.275650024414062,27.399212483969436,27.17326893122258,27.17326893122258,20452600
2018-05-15,27.282712936401367,27.3250783677975,27.07442229232193,27.215635010055816,20965400
2018-05-16,27.378040313720703,27.395690560466015,27.106200117929827,27.24388443246164,23994400
2018-05-17,27.791091918945312,27.82992623075953,27.452176492307,27.46629830509948,32542600
2018-05-18,27.575735092163086,27.76990662380618,27.55455372269657,27.74166300221082,28185400
2018-05-21,27.858158111572266,27.858158111572262,27.58984916855282,27.73106454348196,23026200
2018-05-22,27.487472534179688,28.038209622660162,27.409803930735585,27.854631490986566,33166800
2018-05-23,27.48394012451172,27.505124183935667,27.102659376395366,27.32860561834027,33211600
2018-05-24,27.032058715820312,27.20857731856002,26.908496232594544,27.166211884256846,38309600
2018-05-25,26.329513549804688,26.590760309024173,26.06826409712527,26.55545712969072,64907000
2018-05-29,26.248321533203125,26.410718360668024,26.00472763873614,26.124759022464694,38655000
2018-05-30,27.042652130126953,27.16268619270284,26.463671270187817,26.47426195646737,46044400
2018-05-31,26.837886810302734,27.159151955779162,26.781402258793744,26.844949062653914,26517400
2018-06-01,26.964977264404297,27.145026969860876,26.82023342965433,26.92967408715746,28205000
2018-06-04,26.731979370117188,27.25447295990359,26.661370308348555,27.05677297387201,27378400
2018-06-05,26.668424606323242,26.873186784183265,26.541331026510782,26.601346691016808,27415800
2018-06-06,26.79551887512207,26.8661252241847,26.558984642956737,26.76727525811319,26958400
2018-06-07,27.201507568359375,27.356842049020408,26.92966751364912,26.93672976345046,30357800
2018-06-08,27.148557662963867,27.307423304772723,26.979098644035986,27.23328582569794,22473200
2018-06-11,27.289775848388672,27.413338326124247,27.085013631878287,27.141498181645975,21435600
2018-06-12,27.081480026245117,27.353320145833845,27.00734254639176,27.289773349751005,31414400
2018-06-13,26.97909927368164,27.13796761265794,26.869658615368483,26.996752209165603,25004200
2018-06-14,26.940265655517578,27.1344371769401,26.876718857002924,27.05676856837109,20582200
2018-06-15,26.361635208129883,26.83790184740571,26.304769128133906,26.784588033147884,32178800
2018-06-18,26.624656677246094,26.80236763289722,26.294114191268832,26.294114191268832,26368800
2018-06-19,26.56422233581543,26.66373999757074,26.230127715873024,26.304765962189506,25215200
2018-06-20,26.6815128326416,26.78103049686571,26.46826030763951,26.724164422303208,23311800
2018-06-21,26.187480926513672,26.5073611205306,26.063083826521922,26.493143921723913,30019600
2018-06-22,26.7099552154541,27.001401052855698,26.706400237338997,26.834352332944945,56072600
2018-06-25,26.173267364501953,26.67085854526302,25.995556422205414,26.63176192102548,36760600
2018-06-26,26.50381088256836,26.606883558609177,26.148388983801638,26.240799436744076,27047200
2018-06-27,26.859235763549805,27.193333253215034,26.71351417893582,26.724176403218042,41167800
2018-06-28,26.82368278503418,26.997838701961513,26.617537497114377,26.898321035145894,28570800
2018-06-29,26.990732192993164,27.27506800424479,26.89832176630115,26.89832176630115,26335800
2018-07-02,26.592662811279297,26.809470357549255,26.446941262276106,26.802363113649342,30593200
2018-07-03,26.759716033935547,27.17555901946464,26.695739981419226,26.869895958737104,18616400
2018-07-05,26.731273651123047,27.00850222539159,26.65308042009281,26.923201751382773,19939000
2018-07-06,26.894771575927734,26.980074774973726,26.52513251502258,26.649532335717915,18620600
2018-07-09,27.296398162841797,27.335494781839174,27.044046272348403,27.058263471225033,22118400
2018-07-10,27.498991012573242,27.72290581410725,27.431459989655856,27.463446656309145,22007200
2018-07-11,26.916095733642578,27.410131848564482,26.73838482290367,27.24308315860538,38725600
2018-07-12,26.962305068969727,27.13646103759352,26.770376921002054,26.987184493058837,25136000
2018-07-13,27.104469299316406,27.267963014416623,26.91609616478036,26.987179445553203,22846200
2018-07-16,26.791696548461914,26.969407463324323,26.564226794370295,26.837903121784294,22781200
2018-07-17,26.685073852539062,26.83435038267896,26.535797322399166,26.70284331851557,19506400
2018-07-18,26.702842712402344,26.741939332978255,26.294109752723607,26.55712116342684,30703000
2018-07-19,26.7099552154541,26.823690110253413,26.60332756523122,26.631761966844493,32463600
2018-07-20,26.61754608154297,26.7703776082004,26.532245584141172,26.709956535526374,21722400
2018-07-23,26.50025177001953,26.709952067636625,26.45404790658351,26.692179890809367,15247600
2018-07-24,26.834352493286133,26.990738991439798,26.5820032786815,26.61754492508357,20337000
2018-07-25,27.05826187133789,27.125792884095585,26.73838440631425,26.869888742754068,22070600
2018-07-26,27.353269577026367,27.40302842696437,27.061823722394966,27.115137550658236,24374800
2018-07-27,27.235977172851562,27.378146464492215,27.012062368883775,27.047604013880516,25281800
2018-07-30,27.45989227294922,27.56651719856012,27.360374591050995,27.452782317583086,22790000
2018-07-31,27.410137176513672,27.584293143627104,27.346161127745948,27.50965487200706,22581000
2018-08-01,27.029829025268555,27.182660508020824,26.88410478540221,27.171995576212222,22345000
2018-08-02,26.880552291870117,26.933866109226706,26.6566375129565,26.830793452111536,19379400
2018-08-03,26.741939544677734,26.880553850852003,26.60688021630766,26.830795008207577,15326600
2018-08-06,26.84145736694336,26.969409452011575,26.660194172808023,26.82013292331651,16400200
2018-08-07,27.040498733520508,27.18977528034113,26.95519552534824,27.11513700693082,23596600
2018-08-08,26.84501075744629,26.944528437358617,26.685072016394823,26.852120712670544,18797600
2018-08-09,26.59622573852539,26.91610604270252,26.553574127416997,26.866344473915554,30465000
2018-08-10,26.759716033935547,26.759716033935547,26.48248737691615,26.535801205955416,33955400
2018-08-13,26.41851043701172,26.802366739216055,26.4042932356352,26.709956286095625,19634000
2018-08-14,26.48248291015625,26.660193835876914,26.37230029228504,26.621097215286085,20875800
2018-08-15,25.558387756347656,26.272783756593036,25.483746778025996,26.2301348680134,52800800
2018-08-16,25.74320411682129,25.88892566193788,25.668565855422045,25.682783054496205,50026600
2018-08-17,25.807188034057617,25.874719072359277,25.7147775676955,25.810743012824624,23065400
2018-08-20,25.98134422302246,26.07375469006941,25.803633246515254,25.814295471241,16691400
2018-08-21,26.112836837768555,26.322534372139593,26.084402446502132,26.19813729991501,19018200
2018-08-22,26.425622940063477,26.50737118633132,26.25857418021726,26.276346363387702,18690800
2018-08-23,26.30121612548828,26.347419988432417,26.20169844428342,26.30121612548828,12937800
2018-08-24,26.49313735961914,26.649523796103814,26.439823555212755,26.464702969048705,15506600
2018-08-27,26.688623428344727,26.72416778002181,26.542901890751306,26.58199850827344,13969800
2018-08-28,26.574893951416016,26.84857032966264,26.557124483621294,26.738390409712213,16787000
2018-08-29,26.738384246826172,26.848564141381416,26.578442803615104,26.660191013921192,15520800
2018-08-30,26.66374397277832,26.78103382518467,26.525129678717473,26.72772000939512,18500400
2018-08-31,26.45760726928711,26.5891116376515,26.347424635672994,26.582004392734742,17819200
2018-09-04,26.40073585510254,26.599771232955245,26.294110921961583,26.578446788657786,30189400
2018-09-05,26.365192413330078,26.379409612443705,26.013325548141506,26.279891930301766,19196200
2018-09-06,25.878267288208008,26.354534037218105,25.80718399392178,26.26567856353339,28812800
2018-09-07,25.874710083007812,25.920913944309657,25.51217830104357,25.782299648750783,20268800
2018-09-10,25.864042282104492,26.11283916033532,25.856935039482146,26.00621153942882,17823400
2018-09-11,26.109296798706055,26.258573370780287,25.768092043255947,25.83917535043767,28563200
2018-09-12,26.244346618652344,26.503805747611075,26.237239375181705,26.32253985509616,25378800
2018-09-13,26.255016326904297,26.304775175209556,26.027546531322002,26.201702500390414,22074800
2018-09-14,26.39362907409668,26.49314676476957,26.247904804430163,26.258567026766016,18988600
2018-09-17,26.4362735748291,26.613984482001893,26.372297539780767,26.46115299336716,29457800
2018-09-18,26.610435485839844,26.791698681037335,26.60688050799668,26.624652685558907,20447000
2018-09-19,26.692182540893555,26.802365167185602,26.592664848748797,26.617544271784986,21823000
2018-09-20,26.699283599853516,26.908981136758005,26.667294231379117,26.80590850091157,25024800
2018-09-21,26.87571144104004,26.965177859106284,26.660992583740732,26.843504841079422,27420200
2018-09-24,27.269365310668945,27.387461647212533,27.09043246025695,27.11190625890945,25569000
2018-09-25,27.444732666015625,27.55924962778476,27.405367204441887,27.44115324306354,26055200
2018-09-26,27.179903030395508,27.419675161539764,27.13338146510136,27.27652831332056,25457200
2018-09-27,27.179903030395508,27.32304987861471,27.108330971435425,27.28726384913467,21344200
2018-09-28,27.104751586914062,27.391045283748735,27.036758949897585,27.05107117747018,29666200
2018-10-01,27.480510711669922,27.59502764013072,27.20495256080245,27.20495256080245,25425200
2018-10-02,27.509143829345703,27.602186967472917,27.319472670165016,27.548509284053086,18936800
2018-10-03,27.73101806640625,27.81332839576866,27.548508487457767,27.627236664296763,26489600
2018-10-04,27.616498947143555,27.80974677750464,27.4554604536588,27.641549440136718,30385400
2018-10-05,27.612918853759766,27.70238527918491,27.444721537112713,27.587865633554042,23966400
2018-10-08,27.591445922851562,27.634390791313827,27.301575569052755,27.40893364476034,23157200
2018-10-09,27.83837890625,28.042362288358383,27.56997957556533,27.688075936338386,33633400
2018-10-10,26.96518325805664,27.931422404810853,26.83993079374562,27.884898110710367,52810600
2018-10-11,26.05262565612793,26.721832808938572,25.85579841689022,26.70394116101619,71184200
2018-10-12,26.12419891357422,26.389018795611687,25.72696772536856,26.310287896284596,47158000
2018-10-15,25.905902862548828,26.227982601492695,25.89874674848303,26.120621778411692,23180800
2018-10-16,26.120624542236328,26.167148844633772,25.870119568940236,25.97747767308166,29142200
2018-10-17,25.956003189086914,26.149251027518403,25.734128164824117,26.07052012330938,31608400
2018-10-18,25.827173233032227,26.066942655426516,25.662555298389908,25.71623571258397,33173400
2018-10-19,25.59813117980957,25.973891228974793,25.580239534319766,25.698333131507386,27136200
2018-10-22,25.31542205810547,25.6339223529994,25.161539678414105,25.580244675443424,24589000
2018-10-23,24.653369903564453,24.95039911452278,24.302663017383765,24.943240270960573,52955400
2018-10-24,23.679975509643555,24.778623229149897,23.672819396130016,24.77146711563636,56200400
2018-10-25,23.969850540161133,24.216776065519372,23.80880930505012,23.969850540161133,50666600
2018-10-26,23.790918350219727,24.084368181773225,23.39726380641691,23.77302396902897,51159800
2018-10-29,23.347166061401367,23.99848176492867,23.035824535670493,23.966275150666696,48919600
2018-10-30,23.88754653930664,23.944806388371767,23.22549523371542,23.332853355262717,52794800
2018-10-31,24.03426170349121,24.43864896126315,24.002052370761465,24.120148706939517,34575600
2018-11-01,24.238252639770508,24.352769590359213,23.8374419475603,24.08437023145136,42951600
2018-11-02,24.177410125732422,24.685581585294788,23.934061297165645,24.50664870341625,42425000
2018-11-05,24.58180046081543,24.678423016777774,24.413603113122523,24.470860216207843,26463200
2018-11-06,24.69631576538086,24.74999617305686,24.402865964424212,24.64263535770486,26144200
2018-11-07,25.100709915161133,25.179440837172884,24.728529112205404,25.01482287764818,33325800
2018-11-08,24.556751251220703,25.183016377562115,24.4672848046005,24.98618910287796,30289800
2018-11-09,24.5137996673584,24.67126144402674,24.0986741580686,24.23108544574866,45835600
2018-11-12,24.005638122558594,24.785785662877977,23.955537129810505,24.68200425495713,36083200
2018-11-13,23.454524993896484,24.06647518776354,23.329272509239377,23.937643280602117,65463800
2018-11-14,23.415157318115234,23.909011095230266,23.20043840329562,23.819544653197166,45084200
2018-11-15,23.758708953857422,23.787338871575127,23.264855159573575,23.264855159573575,40613600
2018-11-16,24.041419982910156,24.123730302594595,23.787335640847807,23.905431987669406,39511000
2018-11-19,24.03426170349121,24.13088424108323,23.819540099422532,23.894691568727126,31167600
2018-11-20,23.246963500976562,23.776606119585868,23.068030589734164,23.719346277444515,52648800
2018-11-21,23.611982345581055,23.862487267419898,23.375789650448255,23.42947005664197,34661800
2018-11-23,22.871200561523438,23.10739190742826,22.703003218251226,23.02508158167624,28843600
2018-11-26,23.214750289916992,23.368632659064414,23.035817429526908,23.039394120919592,33365400
2018-11-27,23.150339126586914,23.318536486898388,23.017927799675913,23.096658711336545,44528600
2018-11-28,23.54756736755371,23.565459016817655,22.98213882907244,23.128862366352347,42296400
2018-11-29,23.70145034790039,23.89111876274636,23.533253004833497,23.56545961250211,28828400
2018-11-30,23.658504486083984,23.7264998509437,23.375790221502847,23.493886571954263,36258000
2018-12-03,24.184572219848633,24.33129578294992,23.901857900854075,24.198887179958426,43990800
2018-12-04,23.49030876159668,24.274035666161463,23.44736388658658,24.195304760459177,36592600
2018-12-06,23.05729103088379,23.093077060831536,22.570593378757028,22.974980704734808,70712200
2018-12-07,22.9284610748291,23.84459662428215,22.889095619472982,23.497469101149832,54891400
2018-12-10,22.57059097290039,22.878355712183918,22.051685403072305,22.7674168469319,46765600
2018-12-11,22.5777530670166,22.960670723703693,22.341561696861277,22.917725845384783,34483200
2018-12-12,22.667217254638672,23.100235861019378,22.652902296627012,22.94635347526788,38534800
2018-12-13,22.73879051208496,22.881935995698736,22.513334703085103,22.613536678129694,30598000
2018-12-14,22.219884872436523,22.692267561735374,22.11252541853215,22.599223065724793,45787200
2018-12-17,21.81549835205078,22.34871898278115,21.65803789502923,22.162628607128596,41464600
2018-12-18,21.3001708984375,21.854862571621634,21.182074538487868,21.776131664988547,53234000
2018-12-19,21.049659729003906,21.815492085448806,20.874306305783893,21.411104839570424,91097800
2018-12-20,20.466341018676758,21.110500437745696,20.341088556718603,20.79199878491741,77008800
2018-12-21,20.267675399780273,20.80949526734345,20.097904733676344,20.469953935135585,74787400
2018-12-24,19.447721481323242,20.12680277875407,19.42966109436417,20.029275035672047,31211800
2018-12-26,20.657785415649414,20.661398319809383,19.274339375010342,19.635552627531766,58194000
2018-12-27,20.766151428222656,20.791436246803443,19.967869057008823,20.24239191291345,48754600
2018-12-28,20.607215881347656,20.953980274760177,20.480791793515763,20.860065434930657,38874800
2018-12-31,20.715579986572266,20.867290272852273,20.473567762876975,20.79143581867189,37410400
2019-01-02,21.123748779296875,21.264621713556437,20.282122699627585,20.386873485410934,49785200
2019-01-03,20.914243698120117,21.261008020633295,20.67584305415244,21.185153583443334,36048200
2019-01-04,21.62583351135254,21.690851996423046,21.152645109684816,21.27545765060478,42703000
2019-01-07,21.947315216064453,22.10624991889769,21.499411583161425,21.788381891150333,36113400
2019-01-08,22.11708641052246,22.30491745974429,21.99788675842964,22.254347826861327,37384600
2019-01-09,22.467456817626953,22.54331124374043,22.18209811605485,22.413274297306625,37513600
2019-01-10,22.53248405456543,22.561380399501402,22.171270786390565,22.297694879084062,38335200
2019-01-11,22.398826599121094,22.543312408830175,22.20015964421021,22.416888358773832,28211800
2019-01-14,22.344648361206055,22.43495165954399,22.153205809663703,22.185713674263138,26383400
2019-01-15,22.424116134643555,22.637230600005175,22.31213954650661,22.46746133285956,19642400
2019-01-16,22.39522361755371,22.579441786187793,22.31936915858199,22.39883514411075,25082200
2019-01-17,22.60111427307129,22.698642021664245,22.17488250274026,22.225452140250844,20349600
2019-01-18,23.059850692749023,23.077911077125773,22.734758262291493,22.868408138101255,29063600
2019-01-22,22.55776596069336,22.857572218052788,22.496358996513806,22.807002587504385,39726400
2019-01-23,22.32659912109375,22.666139196269658,22.14237952889941,22.637241464976558,46735400
2019-01-24,22.445785522460938,22.648065387936242,22.189324509783944,22.279627799705604,26098400
2019-01-25,22.731143951416016,22.87201686138061,22.601106995165978,22.63722775949373,20467200
2019-01-28,22.503583908081055,22.514421241944223,22.257958801942355,22.431340986642766,24044800
2019-01-29,22.57221794128418,22.72392685390597,22.554156175374587,22.63362353603511,23768200
2019-01-30,22.890085220336914,22.96232815208664,22.590278913766618,22.71309148436536,24233000
2019-01-31,23.038175582885742,23.14654063641474,22.864793426325793,22.926200381853487,35688400
2019-02-01,23.439123153686523,23.576383170710766,23.211559841184727,23.287414278685326,29544800
2019-02-04,23.493305206298828,23.50052825722207,23.106807219716686,23.28018800025266,20215800
2019-02-05,23.529430389404297,23.569164066535258,23.39939340167359,23.47524785187678,15705400
2019-02-06,23.356048583984375,23.482472662284927,23.334373916391264,23.41745417118204,13607600
2019-02-07,22.839513778686523,23.29103172200263,22.62639790470242,23.21156436555863,29200200
2019-02-08,22.73476219177246,22.832289937766436,22.348264112047772,22.7781087752715,21268800
2019-02-11,22.84312629699707,22.87924707045102,22.56137902796339,22.62639752251584,24994800
2019-02-12,23.13209342956543,23.265743304343246,22.864795057928795,23.15015243588374,21354600
2019-02-13,23.421064376831055,23.60528389471519,23.200726843158787,23.226011658881063,26123400
2019-02-14,23.504146575927734,23.681140300623365,23.294642224992565,23.337988808032463,20426400
2019-02-15,23.883419036865234,23.90147804431573,23.695586619680608,23.74976915370841,20367600
2019-02-19,23.955663681030273,24.04596699749312,23.72810031564577,23.764221091063202,17443200
2019-02-20,24.056804656982422,24.176005704550224,23.91593169379819,23.919544598347166,19871400
2019-02-21,23.68475341796875,24.042353774790893,23.5980630069473,23.98094818181064,23732200
2019-02-22,23.753381729125977,23.933988336162866,23.634180707080485,23.861744039845238,19896600
2019-02-25,23.793119430541992,23.87258403618497,23.655856622223435,23.6775312927066,31808800
2019-02-26,23.717262268066406,23.933989657306284,23.710036460116726,23.771442048497672,21101400
2019-02-27,23.80756950378418,24.053191897825,23.69559150879876,23.832854324102424,20588000
2019-02-28,23.56916046142578,23.843683255293094,23.421061731892785,23.811172635414035,22498800
2019-03-01,24.002620697021484,24.00623360135746,23.695589968588692,23.695589968588692,40655800
2019-03-04,24.045961380004883,24.1471006298815,23.68474819853818,24.08930795388252,39560000
2019-03-05,23.966493606567383,24.089307519085036,23.79672297340823,24.078471564770677,31615000
2019-03-06,23.66307830810547,23.82201024753881,23.54387728665188,23.77144061828664,45381000
2019-03-07,23.52220344543457,23.6955842298312,23.428287246314298,23.67752522420207,46892400
2019-03-08,23.081525802612305,23.189888117426012,22.86840994313948,23.142931389923895,31243000
2019-03-11,23.442739486694336,23.496922023075072,23.229622245153642,23.251296913208904,26424200
2019-03-12,23.594444274902344,23.71364528301338,23.47524326679131,23.482469073497445,22026200
2019-03-13,23.83285140991211,23.843687366460845,23.64501897693939,23.742548097554792,26413600
2019-03-14,23.858123779296875,23.97732199498036,23.829226073018535,23.854510877052846,24640800
2019-03-15,23.84867286682129,23.921481012714366,23.757661295728575,23.8377519226826,24854800
2019-03-18,24.179946899414062,24.219992201891163,23.8668669586578,23.87778789979665,20135800
2019-03-19,24.114421844482422,24.4238605889443,24.016130583047183,24.30008620214049,25052000
2019-03-20,24.325565338134766,24.54399248796524,24.019767883862475,24.09257600798867,27325800
2019-03-21,24.496671676635742,24.53671698499284,24.20179511278108,24.252761363880595,35755800
2019-03-22,23.8341064453125,24.314647344161173,23.74309489039834,24.274602037802765,39949600
2019-03-25,23.84503173828125,23.88507705194634,23.615683577933442,23.732178278381134,24692600
2019-03-26,24.18723487854004,24.351054587778595,24.056178000168156,24.1217064393541,23033000
2019-03-27,24.016128540039062,24.278242251505308,23.8341054379044,24.169027279243664,19165200
2019-03-28,24.107141494750977,24.136265859376806,23.866869652766322,23.91419743964636,18298400
2019-03-29,24.07073402404785,24.39837335867661,23.99064342137793,24.340127415113322,20075200
2019-04-01,24.3874568939209,24.438423145437575,24.198154070780728,24.230916899276135,24823400
2019-04-02,24.219995498657227,24.471188288850428,24.161749545504403,24.449346403599662,22304800
2019-04-03,23.98700714111328,24.33649120710229,23.903278059158367,24.289166194582233,23979600
2019-04-04,24.18723487854004,24.20543552542621,23.885075810213053,24.001570504604437,21008600
2019-04-05,24.613161087036133,24.64228544640946,24.24183244865564,24.252756166509474,34538400
2019-04-08,24.72237777709961,24.84615214692566,24.620442512155126,24.649566873567835,21204200
2019-04-09,24.420223236083984,24.649571374823363,24.34377385650419,24.649571374823363,29083800
2019-04-10,24.511234283447266,24.624087730340882,24.445705848406874,24.474830214525365,18751200
2019-04-11,24.529438018798828,24.70054021948068,24.340135170089763,24.489392704705082,21828400
2019-04-12,24.594959259033203,24.900759497330824,24.533072074450434,24.88255607718203,30853600
2019-04-15,24.4493408203125,24.624081417319307,24.40929552152933,24.56583547746761,16601400
2019-04-16,24.609529495239258,24.645933570001244,24.44935101079595,24.53672134571529,16260400
2019-04-17,24.57676124572754,24.81339184571846,24.54399564144461,24.758784356881748,21869200
2019-04-18,24.460268020629883,24.678695211516942,24.398378048292408,24.64592960528505,19519000
2019-04-22,24.977216720581055,24.995420146456798,24.616811663354557,24.68597857128615,28329400
2019-04-23,24.937164306640625,25.050017738075805,24.773344630205557,24.99541303089881,20424400
2019-04-24,24.50031280517578,24.973571245724468,24.489389085030716,24.959009062983412,22038200
2019-04-25,24.423858642578125,24.62408516698371,24.369253933605812,24.49666955029476,24121800
2019-04-26,24.107141494750977,24.252760540427836,23.895994017392148,24.24547806054524,33676800
2019-04-29,24.085302352905273,24.21635645374172,24.03797456063542,24.114423943395263,25949000
2019-04-30,24.067094802856445,24.336488216512894,24.037970439906527,24.318287572758287,28654000
2019-05-01,23.58655548095703,24.14718700621613,23.568352058548683,24.074376094035028,44311400
2019-05-02,23.175182342529297,23.579272480772634,23.164261400306163,23.437294676967394,56066000
2019-05-03,23.389970779418945,23.575635138389714,23.33900452832146,23.393612019483733,39249000
2019-05-06,23.411815643310547,23.488265029682523,23.189748576524284,23.211590464786926,40689400
2019-05-07,23.207944869995117,23.226146901951868,22.913066952882044,23.135135353442084,30129000
2019-05-08,23.207944869995117,23.400888908443534,23.14605768359695,23.197023928566267,19647400
2019-05-09,23.207944869995117,23.295316567603958,22.902146011453198,23.09873128952858,28819000
2019-05-10,23.31716537475586,23.375411335354833,22.880308171726398,23.20795037963532,26150000
2019-05-13,22.91670799255371,23.21886560883225,22.807494413040097,23.10601217844945,28139600
2019-05-14,23.197023391723633,23.39360866524949,23.018640149733283,23.040483420811483,18484000
2019-05-15,23.31716537475586,23.368131631824724,23.00408396263351,23.065972552450237,20184600
2019-05-16,23.4445743560791,23.531944660879233,23.375404693659213,23.375404693659213,18753000
2019-05-17,23.207944869995117,23.415451089499342,23.178820507883493,23.288035477076054,21111400
2019-05-20,23.21886444091797,23.328079403664056,23.171539438369,23.211583350819833,16372200
2019-05-21,23.488264083862305,23.553792523464274,23.288040302127616,23.317164670273517,36761000
2019-05-22,23.12421417236328,23.400888665926235,23.047764805701597,23.346281181895886,19274000
2019-05-23,22.348798751831055,22.756530157268713,22.21410203006371,22.73832812276927,47927200
2019-05-24,22.43252944946289,22.614552573759436,22.239585382100948,22.527182251783785,20306800
2019-05-28,22.199541091918945,22.487137974807666,22.16677687249205,22.44709266342743,25861200
2019-05-29,22.057558059692383,22.07212024015885,21.762680154513273,21.89373700125954,33903200
2019-05-30,21.777244567871094,22.06120017245226,21.708076286652275,22.02115625515259,30347800
2019-05-31,21.394994735717773,21.675310468439157,21.394994735717773,21.478725192703227,43797000
2019-06-03,21.668033599853516,21.773607348733,21.507853745114016,21.54061657539426,36049400
2019-06-04,22.04300308227539,22.093969341836438,21.813653525524266,21.871902266424225,29486800
2019-06-05,21.79908561706543,22.093962133672594,21.668028770250704,22.086681043435558,31763800
2019-06-06,22.203176498413086,22.28690695078706,21.842770179413357,21.842770179413357,64787800
2019-06-07,22.30510711669922,22.44708488879916,22.217735432246897,22.272342908620324,31548200
2019-06-10,22.37064552307129,22.57087071131346,22.337881300360646,22.425251635104736,19675600
2019-06-11,22.41431999206543,22.6400282026044,22.40703890285762,22.567220087977862,19045200
2019-06-12,22.09760284423828,22.319671230611707,22.028433183005024,22.268703600172387,27633000
2019-06-13,22.356077194213867,22.458009686312877,22.09032363357998,22.35243734323578,24383000
2019-06-14,22.210460662841797,22.414327058757227,22.155854559655914,22.41068720736865,15832600
2019-06-17,22.396120071411133,22.45800725241389,22.093961090112785,22.16313074973457,17590400
2019-06-18,22.70555877685547,22.840256856925844,22.501693814545106,22.541737725908998,34444200
2019-06-19,22.680078506469727,22.81113536369507,22.559943979830546,22.67279741565431,17655400
2019-06-20,23.182464599609375,23.218868668001612,23.018643514391933,23.044126640011736,51908000
2019-06-21,23.34998321533203,23.434477949987734,23.21773009973108,23.21773009973108,32712600
2019-06-24,23.140586853027344,23.408766204665064,23.103849091664596,23.342639635614415,20793200
2019-06-25,22.95690155029297,23.147932297944106,22.9311844174222,23.125891043200962,23774600
2019-06-26,23.3095760345459,23.485913082485542,23.129564509818728,23.188343525798608,28653600
2019-06-27,23.136913299560547,23.37937692862197,23.089154908584135,23.309577281350563,21217400
2019-06-28,23.405086517333984,23.42712916924445,23.192013154474118,23.192013154474118,34739200
2019-07-01,23.427133560180664,23.77246009642372,23.368354545471156,23.69531290238042,29772600
2019-07-02,23.052413940429688,23.405087984695776,22.949551027869262,23.35733100466534,24190800
2019-07-03,23.144258499145508,23.16262667799137,22.94587880424487,23.085479485997418,13974600
2019-07-05,23.17732048034668,23.199363134565466,23.008331002209047,23.05976246065075,14726400
2019-07-08,23.21038246154785,23.338961100453673,23.074456271647122,23.140582829199275,17256400
2019-07-09,23.2287540435791,23.24344914772317,23.01935371443403,23.173649505142237,14976200
2019-07-10,23.52631950378418,23.607141161115376,23.221402452145227,23.37569821601369,23534800
2019-07-11,23.574073791503906,23.599789515646897,23.427126996601363,23.596117842771985,25362600
2019-07-12,23.67327117919922,23.75409284835101,23.588775033412045,23.588775033412045,16162800
2019-07-15,23.460195541381836,23.728373467294098,23.408764081541012,23.71368116688616,19077800
2019-07-16,23.21038246154785,23.452846038771725,23.118540176214537,23.412435209000737,21174200
2019-07-17,22.945877075195312,23.26548924891877,22.931181972665062,23.192015137669628,27329400
2019-07-18,22.94955062866211,22.94955062866211,22.703412576085707,22.835665690735468,25509000
2019-07-19,23.056089401245117,23.133237995051264,22.865058658550325,22.97159465698336,19930600
2019-07-22,23.162620544433594,23.239767715998656,22.97893600181096,23.1442523704517,15686200
2019-07-23,23.225082397460938,23.28753449181299,23.092829254830292,23.162628901706533,14537600
2019-07-24,23.324268341064453,23.474889639032995,23.169972566749152,23.195688295568015,19815400
2019-07-25,23.059764862060547,23.441829166560993,22.989965218535424,23.412438957875292,20140800
2019-07-26,22.94220542907715,23.063436528996572,22.843015582923698,23.05976345383631,19307600
2019-07-29,22.850358963012695,22.942201240676408,22.681369508447926,22.923833065424056,16569800
2019-07-30,23.10751724243164,23.162621767286527,22.71443241257874,22.758516312743033,21602600
2019-07-31,23.034048080444336,23.305900491386705,22.84301593689991,23.10752219740792,30556000
2019-08-01,22.51238441467285,22.88710117162024,22.369110649069913,22.78056376592492,50380400
2019-08-02,22.189102172851562,22.73648154373365,21.96133224000706,22.6042283959923,43399800
2019-08-05,21.527830123901367,21.836420244376356,21.373535764364867,21.77764124054312,55153800
2019-08-06,21.502119064331055,21.707846323101332,21.27067747479208,21.582940737669787,33995000
2019-08-07,21.34047508239746,21.443338001264582,20.998821643129194,21.109032113544277,49604400
2019-08-08,21.953983306884766,21.965005336105158,21.38456131337962,21.483751167949265,46535600
2019-08-09,21.711517333984375,22.020107492094912,21.619675041706262,21.972350509119853,29186400
2019-08-12,21.454357147216797,21.69314623413805,21.358840391326716,21.660082957314867,43838000
2019-08-13,21.652738571166992,21.85479273761652,21.244959965956028,21.358843512788837,28695200
2019-08-14,20.80411148071289,21.241280183255753,20.77104820731709,21.189848736062693,47299400
2019-08-15,20.675540924072266,20.793098971860683,20.451445457537318,20.693910507678716,28575800
2019-08-16,20.9473934173584,21.00984551305359,20.715950412777207,20.785751462556984,42798600
2019-08-19,21.4102725982666,21.48742118117377,21.200872304808623,21.24128313361666,27763200
2019-08-20,21.23026466369629,21.33312758281397,21.14944299787402,21.30741185303455,19042600
2019-08-21,21.36618995666504,21.487422450249298,21.289042770603483,21.45068469398038,24074800
2019-08-22,21.270679473876953,21.524163743986723,21.25965744376614,21.43966898728347,18706200
2019-08-23,20.557973861694336,21.215564866623975,20.44041586545463,21.017185222443775,48817800
2019-08-26,20.646146774291992,20.84819952909531,20.55797756054761,20.73798906296642,21610600
2019-08-27,20.517574310302734,20.840859678279358,20.407363803452387,20.75636490964734,23662600
2019-08-28,20.811464309692383,20.91432723017143,20.521242325309718,20.624105245788765,31388800
2019-08-29,21.116376876831055,21.204546082362327,20.951060492336158,20.97310314406947,24663400
2019-08-30,21.116376876831055,21.380883092022895,20.991471319812906,21.197198531784558,26044600
2019-09-03,21.013517379760742,21.057601288975423,20.712274764223025,20.77472685216031,27929600
2019-09-04,21.30741310119629,21.39925539904627,21.24496101133138,21.30741310119629,22381800
2019-09-05,21.571916580200195,21.81070568291547,21.461704715898613,21.494767994908674,29077000
2019-09-06,21.685800552368164,21.711516280846496,21.40660061400252,21.52783170520007,24468600
2019-09-09,22.119298934936523,22.17073039810592,21.818056306599544,21.862140217687276,49514200
2019-09-10,22.380126953125,22.70341218318504,22.211137487953494,22.255222793008517,51436000
2019-09-11,22.402172088623047,22.681373445975694,22.280940989790015,22.50503500901498,45504000
2019-09-12,22.2625732421875,22.42421658913793,21.935614874259294,22.1192994765922,38119000
2019-09-13,22.43890953063965,22.5564675526884,22.314003957037578,22.409519324426377,28123200
2019-09-16,23.192012786865234,23.38304489618864,22.923833499181022,23.379370420227477,61355600
2019-09-17,22.86873435974121,23.214060928299112,22.714439957216104,23.206713375597577,52900000
2019-09-18,22.758514404296875,22.850356672755375,22.60054559043611,22.703408482661054,23209000
2019-09-19,22.699739456176758,22.94587610686181,22.62993842280478,22.89444465157849,28037000
2019-09-20,22.718273162841797,22.807248747038305,22.607054743260363,22.714566495017287,40300200
2019-09-23,22.725690841674805,22.785007434044427,22.540326313742355,22.56627723451537,18660800
2019-09-24,22.3660888671875,22.677499975610555,22.232626155452255,22.65525713313427,41101000
2019-09-25,22.40315818786621,22.42910911006263,22.210378898536227,22.26228074292907,20248400
2019-09-26,22.110280990600586,22.354962114500264,21.999062555049665,22.30306027219111,28011000
2019-09-27,22.1065731048584,22.2771081242599,21.9471595041338,21.987939924907867,31263200
2019-09-30,21.947160720825195,22.091744828516564,21.924916468019163,22.00276923151157,39616800
2019-10-01,21.439258575439453,22.10286240526633,21.435550493506856,22.021302987594776,32749400
2019-10-02,20.912826538085938,21.36511645075801,20.853509944146907,21.313214607838752,37824600
2019-10-03,21.138967514038086,21.1612117629089,20.627361103760446,20.797896102446696,40914200
2019-10-04,21.27243423461914,21.302091824549176,21.012923605190323,21.22794572839535,20275800
2019-10-07,21.08336067199707,21.38735837977993,21.072239253050093,21.305798950470273,23284800
2019-10-08,20.72376251220703,21.031467007861313,20.69410349785886,20.86834667160528,40038400
2019-10-09,20.912826538085938,21.027753057563686,20.872046114586766,20.90911986968563,17833800
2019-10-10,21.176042556762695,21.23165247894387,20.949897614080538,20.983263284545433,20111400
2019-10-11,21.461502075195312,21.66169607919231,21.357698405368247,21.394770740529648,45127800
2019-10-14,21.450380325317383,21.528233076482078,21.224235407365622,21.305796240520397,24321200
2019-10-15,21.539358139038086,21.75438167584505,21.379944527741653,21.405896863407282,22170000
2019-10-16,21.23906707763672,21.61721086879507,21.231652327117647,21.465212018701727,23910600
2019-10-17,21.25389862060547,21.394774651345088,21.187167273741778,21.328043304481398,22616200
2019-10-18,21.14267921447754,21.36882418206222,21.138972545892855,21.198289142782343,20555600
2019-10-21,21.520824432373047,21.539360604925584,21.157510076309986,21.183461000727394,20948000
2019-10-22,21.79886817932129,22.047257381886155,21.52082138771204,21.58755273083579,39393800
2019-10-23,21.98052978515625,22.025016883414825,21.669117268907517,21.76179954857417,23640800
2019-10-24,21.88784408569336,22.12140237572382,21.772917567744067,22.106574288100635,24233600
2019-10-25,22.0657958984375,22.128819165746062,21.865601847776308,21.895260854193936,23750000
2019-10-28,21.939748764038086,22.265990775646266,21.902676418859134,22.139942822130788,23513200
2019-10-29,22.02872085571289,22.214085392354914,21.784039723914187,21.858185821414832,26936800
2019-10-30,21.58013916015625,22.09174568067645,21.494871642439417,22.080624260954007,31013400
2019-10-31,21.487459182739258,21.524532942799766,21.27614370016206,21.49116726585498,30064800
2019-11-01,21.976821899414062,22.017602329108797,21.5764351830517,21.59497135630766,26620200
2019-11-04,22.69232749938965,22.75905884943267,22.225209463307767,22.228916131990484,43060400
2019-11-05,22.721981048583984,22.922175050632397,22.647834964763952,22.755346715592054,35110200
2019-11-06,22.258575439453125,22.73681631649154,22.1955507572402,22.688621137648628,35655800
2019-11-07,22.59222984313965,22.662669274116702,22.4254028869122,22.484719483713324,26483400
2019-11-08,22.49954605102539,22.52920505453028,22.243743509781783,22.45505895998718,20779600
2019-11-11,22.37350082397461,22.477305934593282,22.202965775827263,22.288233299900938,28961000
2019-11-12,22.258575439453125,22.56257318744205,22.14364890966442,22.440231905968343,25082400
2019-11-13,22.162185668945312,22.240039856590972,22.069503391756054,22.143649496351323,21151200
2019-11-14,22.102867126464844,22.277110244824275,21.999063437681794,22.15476897085637,16233600
2019-11-15,22.273405075073242,22.358672598628196,22.16959996508606,22.195550889028034,18363600
2019-11-18,22.002771377563477,22.158478333954392,21.910089103160566,22.13252741025912,25508200
2019-11-19,21.676530838012695,21.950869578891396,21.650579914259826,21.932333406813527,30758200
2019-11-20,21.895259857177734,22.05467347386531,21.535652198944945,21.66911489330842,34290000
2019-11-21,22.254871368408203,22.27340895807215,21.898971708685124,21.96940974106171,31283400
2019-11-22,22.18071937561035,22.3809119845121,22.136230872104125,22.27340163658639,22984000
2019-11-25,22.202960968017578,22.240034718860365,22.06949829342153,22.154765799031452,24672000
2019-11-26,21.999061584472656,22.24003602938404,21.917500742031436,22.23262127877856,26804000
2019-11-27,22.054668426513672,22.099155509713945,21.87301059759934,22.025009428234238,19336600
2019-11-29,21.832231521606445,21.950864693565244,21.75067068555266,21.873011939633336,15660400
2019-12-02,21.832231521606445,22.04725502966862,21.806280603629144,21.906377607635434,30779000
2019-12-03,21.505992889404297,21.676529337687242,21.428140123534213,21.639455581878263,33891000
2019-12-04,21.828527450561523,21.895258794504496,21.62462675038872,21.695064762675578,34853000
2019-12-05,21.72472381591797,21.947162115455704,21.65057913029128,21.92121119264252,21784800
2019-12-06,22.139936447143555,22.20666778062646,21.813694529473675,21.817401197236542,33459200
2019-12-09,22.113988876342773,22.217792560037136,21.969403355772464,21.969403355772464,16812600
2019-12-10,22.158475875854492,22.240036720831455,22.06208552920551,22.188133464979405,17570200
2019-12-11,22.12139892578125,22.27339917463115,22.076911841411402,22.125107007773106,24872400
2019-12-12,22.529207229614258,22.607060000002207,22.128819128957506,22.154770052420158,44981600
2019-12-13,22.358673095703125,22.751645046543384,22.34384359191537,22.607060920161075,22743000
2019-12-16,22.658958435058594,22.747934026546808,22.506959585856308,22.518082418679242,22271800
2019-12-17,22.673791885375977,22.87769260920428,22.588524361383023,22.755352740595015,46292400
2019-12-18,22.759061813354492,22.9036459525372,22.618184343337223,22.64784335353852,25881400
2019-12-19,22.75164031982422,22.825786409139607,22.710859899989803,22.762763152463894,25534800
2019-12-20,22.969886779785156,22.996090903786754,22.778969387181903,22.820147704332314,34839600
2019-12-23,23.205720901489258,23.220693663767047,22.917474164385368,22.94367828339323,26944400
2019-12-24,23.194490432739258,23.291821245366734,23.15331212185974,23.258130029921443,10074800
2019-12-26,23.187007904052734,23.37418104272031,23.157060944435138,23.29556866720418,20312400
2019-12-27,23.089679718017578,23.295569895806963,23.074705523410184,23.273108603895874,21436600
2019-12-30,23.016807556152344,23.22114390040989,22.982108792908342,23.1787341374758,29259000
2019-12-31,23.14789581298828,23.17102734553632,22.835606887082072,22.901149660988693,21444800
2020-01-02,23.356088638305664,23.390785937436792,23.22114832410678,23.302111630192258,23889400
2020-01-03,23.28668975830078,23.637532201867728,23.171026218295165,23.568134666153565,59005800
2020-01-06,23.467891693115234,23.58740999081147,23.286688334913546,23.36765163139023,44916200
2020-01-07,23.406204223632812,23.42933722343724,23.13247034419993,23.402349459026834,22925000
2020-01-08,23.02066421508789,23.410061642506864,22.989821684512197,23.383073876732038,38042800
2020-01-09,23.190305709838867,23.2134372425128,22.73922170329706,23.0091008600366,30733600
2020-01-10,23.059221267700195,23.198014873720116,23.032233499524956,23.178738106555382,18302400
2020-01-13,23.06693458557129,23.14018689644402,22.905006489532607,23.02452481111537,17557000
2020-01-14,23.070783615112305,23.097771379288364,22.866447266144178,23.016808086760182,34678000
2020-01-15,22.901147842407227,23.03994143884308,22.83560507370536,22.97054537598663,21661600
2020-01-16,22.939697265625,23.11319106850116,22.928131502340822,23.036082548253678,16449000
2020-01-17,22.793193817138672,23.012952168873543,22.7546402879905,23.001386404273664,23818200
2020-01-21,22.384521484375,22.669821134532445,22.345966483865286,22.665966369842916,34709200
2020-01-22,22.16861915588379,22.357534992330297,22.106932622278944,22.342112991248346,29355400
2020-01-23,22.083797454833984,22.15319498217379,21.767653817273906,21.937292871092463,26556000
2020-01-24,21.829341888427734,22.083799016425942,21.65970429333657,21.98355895358183,40781200
2020-01-27,21.224042892456055,21.474645262240074,21.19705512595291,21.38982572710278,43365000
2020-01-28,21.3204288482666,21.451512919906005,21.235610781245583,21.343561850575796,28600200
2020-01-29,21.09680938720703,21.517049243533513,21.06982162796132,21.439940729664674,27490800
2020-01-30,21.26645278930664,21.289585791045525,20.823079815677424,20.877056819734815,48861000
2020-01-31,20.60331916809082,20.965728801638193,20.4953681133607,20.907897039048304,66861000
2020-02-03,20.33344078063965,20.607174642584663,20.260187021300307,20.576330644815936,42578400
2020-02-04,20.406692504882812,20.788377407016853,20.368138979460916,20.626450835377618,39639600
2020-02-05,21.17392349243164,21.247177266864323,20.734406728727816,20.745973965635805,68764000
2020-02-06,20.958017349243164,21.274160977601174,20.92331858658325,21.274160977601174,30801200
2020-02-07,20.811513900756836,20.90018820070146,20.703562834863025,20.79994813533192,27386600
2020-02-10,20.707414627075195,20.753680623579008,20.580186813496606,20.703559862727925,29281200
2020-02-11,20.938739776611328,21.01970306278171,20.846209256186086,20.988859065732388,27689200
2020-02-12,21.22018814086914,21.33970497239437,21.04669430558078,21.251030672296533,34399600
2020-02-13,21.154645919799805,21.274164225144844,21.03127284944757,21.162356920537196,23949800
2020-02-14,21.0428409576416,21.243321102226865,20.911756881121654,21.22790057083628,25040000
2020-02-18,20.869346618652344,21.03898422573397,20.67657600894562,20.857779381978276,32629400
2020-02-19,21.14693260192871,21.231752130023064,20.892475488368493,21.00813901603274,24910800
2020-02-20,21.12380599975586,21.358986403798294,21.069830458642485,21.200914545942044,26101600
2020-02-21,20.873201370239258,20.942598907346675,20.699707527470718,20.923322140533067,27616400
2020-02-24,19.909347534179688,20.202359672750017,19.8476610003843,20.08669613500106,66075000
2020-02-25,19.030311584472656,19.978742469727027,18.90693853293011,19.963320470603513,85674600
2020-02-26,18.45585823059082,19.19224191955741,18.448147229519808,19.099712848151377,97656600
2020-02-27,17.468870162963867,18.324770522095022,17.461159163421073,17.977784367005995,122557400
2020-02-28,17.45345115661621,17.673209533738,16.77875402352086,16.917549097644734,137511600
2020-03-02,18.158992767333984,18.182125772406593,17.32236893863775,17.8428490516243,73285400
2020-03-03,17.603811264038086,18.50212297266317,17.407185897694472,18.263086367965638,97190600
2020-03-04,18.02019500732422,18.024049771922083,17.607664600655845,17.981640007731315,48969000
2020-03-05,17.360919952392578,17.584534556748533,17.07176404927759,17.50357125684985,58774600
2020-03-06,16.3855037689209,16.921405892165186,16.13875759453992,16.771045034071978,123034800
2020-03-09,13.085267066955566,14.045265248401133,13.004303772455653,13.520929010400572,133113800
2020-03-10,13.705988883972168,14.195626367243959,12.86165421511805,14.137794600988057,96862200
2020-03-11,12.981170654296875,13.513217887517053,12.772979537578427,13.281893770841949,86954600
2020-03-12,11.361900329589844,12.337319953113008,11.327201558392789,12.025031747701075,77658200
2020-03-13,12.410568237304688,12.422135471102314,11.103584063818424,12.32189395537712,68196800
2020-03-16,10.721900939941406,11.998042885897164,10.667925405375104,10.775877209869213,80467200
2020-03-17,10.795151710510254,11.250090364539574,10.39033381551066,10.825994971697257,90887200
2020-03-18,9.245278358459473,10.247685686134789,8.821182865747431,10.039493807936003,104271600
2020-03-19,9.873709678649902,9.912263207671709,8.859735981569521,9.38021671233963,104453000
2020-03-20,9.970094680786133,10.347924842913512,9.545999255677597,10.124310998454307,116714400
2020-03-23,9.290548324584961,9.968518399518672,9.124997579754229,9.905450768892036,96520400
2020-03-24,10.780506134033203,10.835689470699203,10.0118774359334,10.0118774359334,89022200
2020-03-25,11.288983345031738,11.825052638561157,10.540063494952852,11.017007675652783,104869800
2020-03-26,11.978774070739746,12.219216967783819,11.261387904534665,11.403288729257902,93836200
2020-03-27,11.166790008544922,11.513657846964984,11.099781354873075,11.478183384966014,73056800
2020-03-30,11.281099319458008,11.379641414047969,10.6780214299135,11.017006475884251,84254800
2020-03-31,11.454534530639648,11.825053070696804,11.225916868012176,11.59643540806933,68701200
2020-04-01,10.886931419372559,11.225915728418732,10.733205233823634,11.084015617210598,47653000
2020-04-02,11.884180068969727,12.51879159157849,11.139201848040653,11.434828221655904,146256200
2020-04-03,11.758041381835938,12.341410336151073,11.422998147325071,12.258635346821794,127668600
2020-04-06,12.380828857421875,12.463604608846861,11.860526711835771,12.022135688818834,76041400
2020-04-07,12.64492130279541,13.350481501682847,12.621270660650183,12.991788365794593,103019000
2020-04-08,13.488442420959473,13.531801183264244,12.80653130519881,12.912955444413926,83811600
2020-04-09,13.36624813079834,14.371377080644056,12.857770619636941,14.008742935514691,182655200
2020-04-13,13.322891235351562,13.882611129111503,13.110039944613288,13.831368817570864,67685600
2020-04-14,13.259822845458984,13.551508081482842,13.173105328656478,13.389899120662745,72648200
2020-04-15,12.637040138244629,12.763173912870371,12.242870964814283,12.731639717397336,73421000
2020-04-16,12.097027778625488,12.644922337422873,12.081260682571914,12.605504597288938,64605800
2020-04-17,13.382017135620117,13.397784232085451,12.34141207522084,12.349295623453507,91706800
2020-04-20,12.964200973510742,13.441144470013349,12.526674475088388,12.593683146279806,112790000
2020-04-21,12.735581398010254,12.968140811465833,12.372945692315218,12.58973876089776,120861600
2020-04-22,13.188873291015625,13.397783549454399,13.011497223900816,13.311066026946492,73753200
2020-04-23,13.614579200744629,13.933854696447552,13.456911212610647,13.59092855143452,83207200
2020-04-24,13.64610481262207,14.008740395636034,13.429312569197764,13.886547693079654,64859200
2020-04-27,13.941736221313477,14.040278323676572,13.236175911154909,13.543626789365158,46576000
2020-04-28,14.261011123657227,14.347728642430067,13.922026099690237,14.15064446604302,59138000
2020-04-29,15.31738567352295,15.368627991253653,14.71824946997653,14.730074041901593,71075000
2020-04-30,14.978399276733398,15.404101872658144,14.757664430294666,15.404101872658144,84040200
2020-05-01,14.130934715270996,14.781313092807705,13.957501182956573,14.67094643621061,58531800
2020-05-04,14.619707107543945,14.631531679264082,13.803778578923438,13.870786490181855,52780400
2020-05-05,14.63153076171875,15.341033589465313,14.580289951722655,15.218842346331249,68733400
2020-05-06,14.249186515808105,14.828612970352973,14.237360442786379,14.702479218096068,47350200
2020-05-07,14.619707107543945,14.89562530886857,14.51722397749189,14.651239800008721,48469400
2020-05-08,15.285845756530762,15.293729302741667,14.87591187899246,14.962627880047048,49646200
2020-05-11,15.017818450927734,15.226728767302975,14.94686800440534,15.183369994024464,46531400
2020-05-12,14.753724098205566,15.187308759261143,14.734015977909076,15.167600638964652,56129000
2020-05-13,14.083633422851562,14.674885883107125,13.981150324672347,14.655177768491825,68994800
2020-05-14,14.241302490234375,14.375319785462276,13.519973709075494,13.835308079131474,61968400
2020-05-15,14.18612003326416,14.540870657466678,14.059984773874783,14.245244385481426,54427800
2020-05-18,15.344974517822266,15.443516608738857,14.958689701865184,14.99810593677863,73139600
2020-05-19,14.915331840515137,15.411983347079007,14.903507270054805,15.364683561604608,53940600
2020-05-20,15.510526657104492,15.538118326092084,15.143949907831404,15.222783892210177,54521200
2020-05-21,15.262198448181152,15.620891573727649,15.140005722736547,15.557824700124954,56241800
2020-05-22,15.1676025390625,15.18336963872817,14.856209087015753,15.140010866464271,38495000
2020-05-26,15.589361190795898,15.750970187831966,15.54994494903422,15.652428079794529,74888600
2020-05-27,15.790384292602539,15.908634494257099,15.348914667763939,15.81797595620084,71225600
2020-05-28,15.348919868469238,15.829805888921301,15.274028399560065,15.829805888921301,54356800
2020-05-29,15.27796459197998,15.392273774408585,14.95868919064668,15.214897716094015,71500400
2020-06-01,15.546003341674805,15.632720883036663,15.049351749405357,15.254319526675815,47680000
2020-06-02,15.979586601257324,15.995353697442907,15.695784884449028,15.71549300286448,50318400
2020-06-03,16.448644638061523,16.52353608130951,16.200318162990797,16.231852351915983,54601800
2020-06-04,16.45258903503418,16.515655916425743,16.121487531820197,16.357987961130302,54849400
2020-06-05,17.674509048461914,17.83611801341048,17.260632577606604,17.27639967263401,100393400
2020-06-08,18.470739364624023,18.47862291643184,17.90707819125221,18.31701386345603,95069400
2020-06-09,17.776994705200195,17.93072164828741,17.53261071180229,17.879479333925005,87399000
2020-06-10,16.901939392089844,17.62720922151626,16.894055844596487,17.61144212652955,80977000
2020-06-11,15.30949878692627,16.1766694583768,15.25825648036627,15.723375254045203,96304400
2020-06-12,15.695784568786621,16.097836491634908,15.270083505768625,15.983527302037912,85635000
2020-06-15,15.743083953857422,15.904692923331977,14.860147658456484,15.02569764998179,65694800
2020-06-16,16.196378707885742,16.51565563528927,15.735200923858422,16.492004991307628,64083800
2020-06-17,15.644539833068848,16.13725022530797,15.640598811529362,16.133309203768484,46736000
2020-06-18,15.837688446044922,16.011122022788992,15.392277676393888,15.486878766020943,36937800
2020-06-19,15.597247123718262,16.334341783476646,15.58148002315049,16.330400760151438,53934200
2020-06-22,15.669502258300781,15.721401673088378,15.338146447699375,15.521790179352061,38896400
2020-06-23,15.685468673706055,15.944962654340985,15.637560827475202,15.905040972063167,29611600
2020-06-24,14.815165519714355,15.445937056986336,14.715359771425161,15.441945497137306,64726000
2020-06-25,15.098613739013672,15.154504715350424,14.599584988985681,14.675436810740576,48034400
2020-06-26,14.57563304901123,14.99082539117088,14.507765860748739,14.99082539117088,67722200
2020-06-29,14.77125072479248,14.899001960579119,14.547685300708434,14.611560918601754,38905600
2020-06-30,15.110589981079102,15.198419528645788,14.499779276785052,14.651484443605266,41886800
2020-07-01,14.743305206298828,15.37407674131123,14.723344361295466,15.170473685613167,49146800
2020-07-02,14.906987190246582,15.254310781037612,14.87504861858469,15.046714633980066,41558400
2020-07-06,14.950899124145508,15.278261806906231,14.763263858569985,15.17047143239995,45084400
2020-07-07,14.475823402404785,14.78322525464752,14.451871000226577,14.763264411860783,41821800
2020-07-08,14.463848114013672,14.699389728755557,14.344081526821054,14.4758243158585,41301800
2020-07-09,13.749239921569824,14.439895546392252,13.733272158578874,14.399973854542488,61087200
2020-07-10,14.188387870788574,14.204357158635178,13.669398199094848,13.669398199094848,50456000
2020-07-13,14.112530708312988,14.37601779504947,14.004741851710758,14.320126825577294,74447600
2020-07-14,14.60757064819336,14.635516138306302,13.976797533266934,14.016720749796134,68442200
2020-07-15,14.922952651977539,15.018765296580789,14.703380358271016,14.978843615148522,51805000
2020-07-16,14.855087280273438,15.04671413514717,14.635514937579464,14.823150232585249,37645600
2020-07-17,14.647490501403809,15.066675846258839,14.58361488589782,14.902994486342568,35433800
2020-07-20,14.403965950012207,14.763265720773065,14.391988224946472,14.595592799000963,40153000
2020-07-21,15.27426815032959,15.390043161880302,14.631520532534878,14.651481373822863,72340400
2020-07-22,15.086638450622559,15.110590857409933,14.86706609188675,15.110590857409933,39243400
2020-07-23,15.058692932128906,15.134544758336334,14.867066063619367,15.034739002472097,42087800
2020-07-24,14.97485065460205,15.282252477447956,14.918959690978165,15.058688622952417,39901200
2020-07-27,14.990823745727539,15.058692449455625,14.767259834423083,14.954893613851477,36462000
2020-07-28,14.735318183898926,15.046711579821633,14.695396500339722,14.902992605259728,35553800
2020-07-29,15.042720794677734,15.054696995778828,14.675434890792431,14.77524062774071,34430000
2020-07-30,14.451872825622559,14.735320788574317,14.324121588153742,14.727336145868156,65667400
2020-07-31,14.384002685546875,14.399971969362124,14.092570109034858,14.232299058046193,49548200
2020-08-03,14.43590259552002,14.515747494441674,14.260245036224205,14.380011623149295,42206800
2020-08-04,14.787220001220703,14.819157048690982,14.376019283543762,14.387997008895617,45144200
2020-08-05,14.942916870117188,15.130552165670451,14.807180990487888,15.078652749746487,61517400
2020-08-06,14.823148727416992,14.994814719689986,14.767257757451778,14.859078854239588,38381400
2020-08-07,14.843111038208008,14.879041168583283,14.519739864830536,14.691405874077418,36753200
2020-08-10,15.302218437194824,15.310201557090343,14.918963196869305,14.954893328058732,52616200
2020-08-11,15.25031566619873,15.781281351533133,15.178455419624967,15.601632258013288,53026200
2020-08-12,15.402021408081055,15.581670508688882,15.23833854438256,15.481864775944702,51065400
2020-08-13,15.102608680725098,15.406017528004126,15.066678545384088,15.278266274106107,31522000
2020-08-14,15.24632453918457,15.270278465418855,14.92694647063458,14.982837442266483,26559400
2020-08-17,15.15849781036377,15.258303560449567,15.074659822876384,15.250318917692917,28511600
2020-08-18,14.966866493225098,15.250314373509346,14.922951732606382,15.102602333812747,28697600
2020-08-19,14.795206069946289,15.022763075672916,14.74729820975068,14.954894368519973,29587800
2020-08-20,14.475823402404785,14.671443316710048,14.471831843013312,14.575629139253154,38215400
2020-08-21,14.384002685546875,14.447878297893144,14.248266818946716,14.41993281267382,34695600
2020-08-24,14.779234886169434,14.88303219077328,14.384003466319617,14.471833009156201,49654000
2020-08-25,14.571640014648438,14.879041918255197,14.49977975027725,14.859081072133188,40237000
2020-08-26,14.264233589172363,14.551674555536167,14.24427274937809,14.551674555536167,36002400
2020-08-27,14.292179107666016,14.387993271014851,14.116521584926687,14.268226709014654,44519400
2020-08-28,14.547687530517578,14.591602310096846,14.276215732132187,14.348076003640973,29150200
2020-08-31,14.23230266571045,14.587610944633779,14.23230266571045,14.567650096262321,37583000
2020-09-01,14.136486053466797,14.20036167112409,13.960828485637954,14.16842462375287,36521000
2020-09-02,14.068617820739746,14.216329889946298,13.980788281955707,14.132493433605937,47700400
2020-09-03,13.964820861816406,14.332106827002642,13.880984394286864,14.040672686307667,78884600
2020-09-04,13.920902252197266,14.204351671780799,13.749236281445155,14.108537504627368,68682000
2020-09-08,13.413891792297363,13.721293675914012,13.26218815330331,13.6574180587284,98437600
2020-09-09,13.505714416503906,13.64144877044038,13.457806561440025,13.565596950961496,49955200
2020-09-10,13.010676383972168,13.561604497587334,12.986722458018555,13.545635213618258,74006600
2020-09-11,13.022652626037598,13.106490605678902,12.914862243282847,13.038621910056394,50794600
2020-09-14,13.122457504272461,13.24222408071194,12.966760802609674,13.058581895310429,38888400
2020-09-15,13.02664852142334,13.330057368723649,12.986725302755486,13.21029075855024,51220800
2020-09-16,13.549627304077148,13.725286388790458,13.03063773806422,13.142419684398291,71772200
2020-09-17,13.569591522216797,13.581567725839099,13.2023055410111,13.334049872516461,44713400
2020-09-18,13.417886734008789,13.569591916935867,13.28215083831931,13.561607273317069,52812800
2020-09-21,12.973137855529785,13.123280864511068,12.754011120296312,13.090816841825472,61439200
2020-09-22,12.839224815368652,13.188205263872405,12.814877576212627,12.981251796084234,44697400
2020-09-23,12.25894546508789,12.93661645093385,12.242714227922033,12.887921965451383,52969200
2020-09-24,12.254886627197266,12.478071333321292,11.987064670254519,12.21430737863341,70487600
2020-09-25,12.246771812438965,12.34010355141349,12.051992329191732,12.129092057569888,55116800
2020-09-28,12.534882545471191,12.67285153421645,12.453724817611226,12.469956053589284,52752000
2020-09-29,12.189962387084961,12.526768896502558,12.06822461894328,12.498362875480046,47601800
2020-09-30,12.15343952178955,12.409087485198938,12.09662826126593,12.267060494867133,49149000
2020-10-01,11.780112266540527,12.072281489500615,11.707069767304292,12.019529003377144,56730400
2020-10-02,11.893731117248535,11.995178842717353,11.443303742476592,11.463592977976466,57410400
2020-10-05,12.25082778930664,12.258943019278036,11.970831844697978,11.999237084559704,63144400
2020-10-06,12.06822395324707,12.498362186056948,12.035760704996983,12.429377686777402,62223200
2020-10-07,12.238654136657715,12.271117379434601,11.99923743093389,12.137206406231849,42086000
2020-10-08,12.697197914123535,12.705313144075138,12.283291001187171,12.34010148077206,61126200
2020-10-09,12.494303703308105,12.843283393475993,12.474013691447594,12.810820148483984,51035800
2020-10-12,12.526768684387207,12.571405168696888,12.323873181571628,12.45372617953601,33369200
2020-10-13,12.331988334655762,12.599810334742182,12.29546708246353,12.526768604342633,50767600
2020-10-14,12.384739875793457,12.672851076362216,12.336044621648908,12.360391861728779,54488000
2020-10-15,12.534882545471191,12.538940547961914,12.064165092334951,12.173728837629982,40707800
2020-10-16,12.25082778930664,12.526765731937237,12.23053777941631,12.510533724024972,37423000
2020-10-19,11.99112319946289,12.356335702175365,11.978949965362391,12.295466435733369,50372000
2020-10-20,12.133148193359375,12.238653924047599,11.97894798634412,12.060105704884085,45980600
2020-10-21,11.901849746704102,12.133150487962606,11.897791743911949,12.064165988465781,49315200
2020-10-22,12.39285659790039,12.409087834231658,11.845038633489034,11.92213836053604,65648400
2020-10-23,12.331988334655762,12.53082583326629,12.177788094054607,12.457784102866743,49975400
2020-10-26,11.889676094055176,12.137208853888232,11.771997105501454,12.12097761621889,60802000
2020-10-27,11.735477447509766,11.881562476303856,11.707072197240919,11.877504472839018,43193600
2020-10-28,11.244466781616211,11.520404749702342,11.179540291947099,11.44736225532839,81098200
2020-10-29,11.589388847351074,11.625910093295277,10.948239203197526,11.098382189188671,74504200
2020-10-30,11.654315948486328,11.662431953342352,11.374320746816913,11.508231731002015,75799400
2020-11-02,12.051992416381836,12.210250650917024,11.593448175520331,11.812575676247395,83786200
2020-11-03,11.983006477355957,12.263001662623923,11.873442740172086,12.254886432228092,69755000
2020-11-04,11.999238967895508,12.287350961680806,11.674606498545034,11.999238967895508,87227400
2020-11-05,11.999238967895508,12.238655704285806,11.974891726190437,12.015470978355461,63591600
2020-11-06,11.739535331726074,12.177789639671602,11.690840064627677,11.999241358957494,66446400
2020-11-09,13.415448188781738,13.71167537056939,13.10704622694152,13.147626247167597,198713400
2020-11-10,13.849645614624023,13.849645614624023,13.382985400992238,13.667039376769429,146676200
2020-11-11,13.70761775970459,14.028192980876664,13.57776477988267,13.99978773828872,93085000
2020-11-12,13.265308380126953,13.65892617952366,13.123282137030179,13.468203897676604,77169600
2020-11-13,13.748202323913574,13.817186064990091,13.350527248375059,13.366757715235916,78865400
2020-11-16,14.65311336517334,14.685575840467186,14.158047846191097,14.33253810130878,95865400
2020-11-17,14.803255081176758,14.81137108670667,14.271668328740907,14.462390588769376,78020200
2020-11-18,14.373115539550781,14.985860776450245,14.373115539550781,14.929050287830632,82000400
2020-11-19,14.608475685119629,14.63688093066978,14.125584962797296,14.271668419353874,65872400
2020-11-20,14.53137493133545,14.63687990052919,14.429927190661989,14.571953408416961,39506400
2020-11-23,15.558027267456055,15.578316508208378,14.742388024641818,14.75861848846177,76324600
2020-11-24,16.35743522644043,16.402070934669986,15.939469457640229,16.08149723172623,106932000
2020-11-25,15.975991249084473,16.251929253138236,15.88671828163401,16.251929253138236,71352400
2020-11-27,15.789328575134277,16.016572104306544,15.663532801275895,15.886719101342361,37510800
2020-11-30,14.916876792907715,15.635127063783944,14.892530323095883,15.6148378229508,83087200
2020-12-01,14.985862731933594,15.416001777277007,14.961514713075315,15.33078448525799,68935600
2020-12-02,15.472808837890625,15.708166776051252,14.888468898791954,14.93716492569656,75483600
2020-12-03,15.635130882263184,15.825853198207438,15.383540828954114,15.541799113260952,72975400
2020-12-04,16.487287521362305,16.499460755094894,15.919179544972772,15.919179544972772,103700400
2020-12-07,16.101787567138672,16.32903109235764,15.947586548312591,16.292509839161195,69313200
2020-12-08,16.341201782226562,16.503517233841805,15.898889583725891,15.90294681212918,57854600
2020-12-09,16.37772560119629,16.775400609851467,16.178887322883764,16.507578602064516,86691800
2020-12-10,16.880905151367188,17.075686195548585,16.353377155631307,16.39801441375747,77604400
2020-12-11,16.686126708984375,16.771344001684408,16.450768716686493,16.767285224523963,56152200
2020-12-14,16.101787567138672,16.94583207172222,16.040918295821307,16.941774842687,79884400
2020-12-15,16.41830062866211,16.499459124119465,16.04091494055953,16.19105869894498,58671800
2020-12-16,16.337146759033203,16.519753038524442,16.223525762003092,16.45888531067402,47628800
2020-12-17,16.260046005249023,16.487289533126834,16.1626570275656,16.483230756074253,46363400
2020-12-18,15.988166809082031,16.316856544620236,15.862371035597967,16.22758357282919,73140400
2020-12-21,15.679750442504883,15.815451633117565,15.22329798843206,15.383672835825658,80158800
2020-12-22,15.416568756103516,15.700308707931416,15.400119654024959,15.646849910512461,50185800
2020-12-23,15.75788402557373,15.975829207316094,15.544050336326809,15.548163397495465,53931800
2020-12-24,15.675639152526855,15.778443714382544,15.51937734795086,15.778443714382544,22903000
2020-12-28,15.576948165893555,15.930596121340923,15.53171390619589,15.733209975628718,37824600
2020-12-29,15.47414493560791,15.716763793275486,15.400125516748425,15.671529529675432,37968600
2020-12-30,15.716758728027344,15.864797518035891,15.449466293992712,15.486475991494848,56436600
2020-12-31,15.58517074584961,15.71264738666666,15.51526283462186,15.64685253598506,36309800
2021-01-04,15.609844207763672,15.89769729307289,15.424795683731093,15.766107580132639,67717600
2021-01-05,16.308916091918945,16.736583457831987,15.766108115442073,15.77844416123872,95473400
2021-01-06,16.806486129760742,16.962749473227348,16.41582855543064,16.629662191576305,86262800
2021-01-07,17.0532169342041,17.22592780172675,16.777699962005418,16.954523889424927,51457200
2021-01-08,17.03265953063965,17.271166873764276,16.896958320912976,17.271166873764276,62744000
2021-01-11,17.299949645996094,17.369857556099973,16.567981747846595,16.662561746138827,46890400
2021-01-12,17.904441833496094,17.999021836691096,17.3780814405472,17.509672715289195,87947200
2021-01-13,17.764625549316406,17.974346129242633,17.628922798026075,17.9661215774669,54764400
2021-01-14,18.29098892211914,18.504822616146512,17.85921004147704,17.87565914917297,83314600
2021-01-15,17.579580307006836,17.970237960897173,17.40686939379584,17.966124899912256,95497000
2021-01-19,17.933225631713867,18.05659077576919,17.735841087490765,17.79341138347172,55619400
2021-01-20,17.999027252197266,18.130616997858652,17.822203237338496,18.08538272866127,50725600
2021-01-21,17.390417098999023,17.990795261530913,17.230042260798175,17.900326760526188,59968000
2021-01-22,17.299949645996094,17.349295391045747,16.868170847297492,17.0079850988323,50444600
2021-01-25,17.123123168945312,17.176581966593254,16.810598071477614,17.11078712666991,81823200
2021-01-26,16.757143020629883,17.53434523121251,16.74891846771641,17.275277304793942,54999600
2021-01-27,16.530975341796875,16.991539380962134,16.24723372169268,16.48162958691177,99867200
2021-01-28,16.724241256713867,16.925738838612723,16.514520692321188,16.66667096722069,57248200
2021-01-29,16.16910171508789,16.703685134638004,16.107418349162693,16.48985145308333,63069000
2021-02-01,16.284242630004883,16.448730563105208,16.012838638460575,16.366486596555045,61021400
2021-02-02,16.4610652923584,16.855835986487484,16.4610652923584,16.674898960815344,63929000
2021-02-03,17.16425132751465,17.209484019654322,16.48574055266773,16.54742392080771,74385600
2021-02-04,17.353408813476562,17.357520305369395,16.98742485676826,17.291725454373214,48327800
2021-02-05,17.501447677612305,17.68238312627517,17.452100362699078,17.624812827549395,48196400
2021-02-08,18.233415603637695,18.31977105177474,17.73995343493988,17.756402539920174,62368200
2021-02-09,18.040142059326172,18.147059670165614,17.801636318182638,18.089489372947277,64798800
2021-02-10,18.385568618774414,18.40201772618442,17.986687960457704,18.101828574981305,58451000
2021-02-11,18.101825714111328,18.33210847543713,17.719392654972335,18.32799541489806,49632600
2021-02-12,18.36911964416504,18.385568751693967,17.941453829125596,17.974350475510214,47400800
2021-02-16,18.829681396484375,19.047626536365378,18.698091700480045,18.7926716964411,76593400
2021-02-17,19.10930824279785,19.23267337606667,18.74743582569291,19.02295123770418,68964400
2021-02-18,18.677532196044922,19.06407835569955,18.619961891927797,19.027068650385235,61360200
2021-02-19,18.99005699157715,19.06407639459145,18.681643335241883,18.70220393192964,54404200
2021-02-22,19.648000717163086,19.93174221590646,19.08463234788954,19.117530549524027,75644600
2021-02-23,19.972867965698242,20.03043826304837,19.12575790400551,19.882399459192072,98370800
2021-02-24,20.680166244506836,20.79941991392391,19.935860644566258,20.10446006493507,77748800
2021-02-25,20.281280517578125,20.893996296159496,20.141466273593487,20.893996296159496,75887800
2021-02-26,19.800155639648438,20.06744651065484,19.21622501880264,20.00987621747416,90308800
2021-03-01,20.31417465209961,20.593803084005334,20.17436043614675,20.322397633621055,69391600
2021-03-02,20.203149795532227,20.55268462405449,20.19081218332909,20.388198291850493,74468200
2021-03-03,20.49922752380371,20.963904549008852,20.34707722249111,20.35119028312478,82574400
2021-03-04,20.98858070373535,21.366900756044036,20.491006977631162,20.684278496235294,107573800
2021-03-05,21.774002075195312,21.8233478155963,21.046145737421327,21.584842096430858,112395800
2021-03-08,21.81512451171875,22.102977556420665,21.498486319413928,21.987836966009056,100610000
2021-03-09,21.43269157409668,22.004284605889556,21.280541283376316,21.691759472427066,118889600
2021-03-10,21.97550392150879,22.04952333606555,21.36278957383397,21.465594141976894,78416600
2021-03-11,21.983726501464844,22.357935033161077,21.934380752415088,22.02073620542043,50797400
2021-03-12,22.028961181640625,22.226345750305292,21.864473256750177,22.024849689421263,59786800
2021-03-15,21.778118133544922,22.041297562436696,21.51493870465315,21.979615766168823,60452600
2021-03-16,21.157176971435547,21.436805476467512,21.02558727126438,21.416244879941946,77287000
2021-03-17,21.321664810180664,21.424469368703566,20.914559636886892,21.095495095164893,64552200
2021-03-18,20.363523483276367,21.227080992309165,20.277168046107644,21.132501003694927,87207200
2021-03-19,20.36763572692871,20.704834505285103,20.092120302355525,20.35529968364121,81158600
2021-03-22,20.17231559753418,20.4008849831775,20.130756518579272,20.321925111138324,59561800
2021-03-23,19.877254486083984,20.32192635352774,19.64037168485099,19.76504734402105,103196200
2021-03-24,20.37594985961914,20.650233443813395,20.180627734035685,20.180627734035685,81630800
2021-03-25,20.450754165649414,20.508935290508337,19.71102000332868,20.03517289058082,80670200
2021-03-26,20.957767486572266,20.986858054079292,20.583743639600478,20.820624880910266,72348600
2021-03-29,20.708417892456055,20.887116401183967,20.454913034145157,20.779065955753495,47286200
2021-03-30,20.52971076965332,20.749968286073315,20.37594459279749,20.496463514554854,53392200
2021-03-31,20.38842010498047,20.57958713147062,20.3094586396742,20.48815873388102,48097400
2021-04-01,20.907896041870117,20.916207858214744,20.371795777518273,20.47984621936467,65039600
2021-04-05,20.409198760986328,20.870494277173027,20.28867979840627,20.866337576219554,53372200
2021-04-06,20.355173110961914,20.78322136846727,20.321927429322315,20.508937757343563,53257800
2021-04-07,20.42582130432129,20.529716628177823,20.288678715878586,20.363483475880635,49888600
2021-04-08,20.159847259521484,20.284522912172314,19.927122756582392,20.280366211581672,63766600
2021-04-09,20.02686309814453,20.33023726935632,19.93543628640803,20.155693877145527,44373400
2021-04-12,19.868940353393555,20.346857844999647,19.79829071574598,20.201405040014464,39196200
2021-04-13,19.889719009399414,19.997769437570373,19.6902401983261,19.8356930026556,44825400
2021-04-14,20.44244384765625,20.712572330368904,20.04348617483619,20.064264923048654,66767800
2021-04-15,20.276214599609375,20.467381641572334,20.193098011920288,20.467381641572334,49686200
2021-04-16,20.114137649536133,20.475692974312786,20.031021063814013,20.42582365700632,57189000
2021-04-19,20.093355178833008,20.305302529166998,19.898033046257126,20.15569300782932,40827800
2021-04-20,19.561403274536133,20.05178912504119,19.361924526328067,20.022698573343106,72574000
2021-04-21,19.81075668334961,19.881406317563858,19.220632091440066,19.312060470311472,56991000
2021-04-22,19.578033447265625,19.914653253864977,19.51154050895937,19.90634302372881,50062800
2021-04-23,19.756732940673828,19.84400462241158,19.47829267972245,19.594656507356106,33897800
2021-04-26,19.889719009399414,20.039328514033564,19.681928383033465,19.681928383033465,35891800
2021-04-27,20.13075828552246,20.201407933288575,19.87309831465342,19.964526711062426,42268800
2021-04-28,20.82477378845215,20.90373364423219,20.263738227963103,20.280361856121985,65874000
2021-04-29,21.057497024536133,21.315158490159728,20.799837144228885,21.12399153332907,66042400
2021-04-30,20.525558471679688,21.045035054118703,20.47984427877438,20.758284551326383,58519000
2021-05-03,21.090749740600586,21.14477575032727,20.695947211644217,20.762440152339845,45740000
2021-05-04,21.10321807861328,21.29022998220012,20.86218174701447,21.132308643024917,53917600
2021-05-05,21.784767150878906,21.851261669079893,21.36503080929288,21.36503080929288,79621200
2021-05-06,21.896976470947266,21.896976470947266,21.37749988521797,21.780614223045255,58710400
2021-05-07,22.287628173828125,22.325030558622394,21.593606497160476,21.672567968013396,63196200
2021-05-10,22.29593849182129,22.91515377194623,22.279314858515633,22.566065399112055,68998000
2021-05-11,21.722431182861328,22.142167529564418,21.531264196652657,21.83048160562205,113531800
2021-05-12,21.82632827758789,22.47047892273689,21.726588076222107,21.834640093144767,82195600
2021-05-13,21.56035804748535,21.963470825975087,21.269450823665668,21.564513162899605,79698200
2021-05-14,22.229442596435547,22.312557581309473,21.79723769969758,21.79723769969758,57183600
2021-05-17,22.744766235351562,22.753078052275363,22.11723911811595,22.150484800494173,67404200
2021-05-18,22.216976165771484,22.794633925575408,22.17541866943387,22.711518932900177,70435400
2021-05-19,21.664255142211914,21.909448189933258,21.360880962034145,21.697500824194034,87969600
2021-05-20,21.63100814819336,21.730748366033726,21.32347884837644,21.655943598982695,56522600
2021-05-21,21.676719665527344,22.00087255908052,21.66009603372544,21.84710792820488,50539800
2021-05-24,21.892822265625,21.942691576038804,21.581136301234345,21.826329323301,48020400
2021-05-25,21.44815444946289,21.896981498213233,21.41490717939104,21.838800360904585,48558600
2021-05-26,21.63931655883789,21.7182764292661,21.369188099750932,21.468928301891008,39554400
2021-05-27,21.655942916870117,21.92191470897762,21.535423953159864,21.726590980572514,39053600
2021-05-28,21.697498321533203,21.805550342475176,21.581136070041957,21.776459779602362,37125400
2021-06-01,22.532821655273438,22.582690974161434,22.11308359745804,22.12555211616784,72570200
2021-06-02,22.952556610107422,23.060608643423393,22.403989382660537,22.669961179566062,67893400
2021-06-03,23.014894485473633,23.143723683093445,22.711520304993776,22.85697313627968,58761600
2021-06-04,23.168657302856445,23.264240810908237,22.82788076621377,23.16450218742673,52658800
2021-06-07,23.06891441345215,23.305797183657848,23.03566873792707,23.164499495713798,40070400
2021-06-08,23.26839828491211,23.30995578185764,22.715674380698605,22.989957982363013,57553000
2021-06-09,23.122941970825195,23.43462792820041,23.110475039831552,23.334889309617726,56052200
2021-06-10,23.093849182128906,23.542677678435755,22.84865618921682,23.434625669184133,57353800
2021-06-11,23.014894485473633,23.305801733362404,22.985803919216455,23.17697095042563,38091400
2021-06-14,22.9151554107666,23.239308356824697,22.728143485995762,23.098012219572333,37745000
2021-06-15,23.351512908935547,23.413850738683355,23.00242455004493,23.060607264290752,64285000
2021-06-16,23.226837158203125,23.501120735724854,23.023203221650423,23.31410884529714,60786400
2021-06-17,22.437231063842773,23.363977006534157,22.133855374128125,23.168653323234288,106941800
2021-06-18,21.772302627563477,22.246065024887873,21.75567899617605,21.96762633307386,113812200
2021-06-21,22.700124740600586,22.74210694606074,21.952830593084183,21.952830593084183,84366800
2021-06-22,22.851261138916016,22.939424723176764,22.397845674400735,22.645544507455934,48344400
2021-06-23,22.914234161376953,23.32146660827108,22.87225036171072,23.061173456413258,40553000
2021-06-24,23.111553192138672,23.12834671257022,22.79668189087924,23.01919203280165,41756800
2021-06-25,23.23330307006836,23.24589740923017,23.044379975050166,23.174527351955632,38330000
2021-06-28,22.448225021362305,23.145140100086966,22.355862261037437,23.13254415907651,65702800
2021-06-29,22.339073181152344,22.708522694370902,22.309685315483446,22.582574469858695,31911000
2021-06-30,22.616151809692383,22.6833242787911,22.385246547260422,22.40623764356915,47034000
2021-07-01,23.010799407958984,23.203920123073637,22.79668598777307,23.132548449172152,47251600
2021-07-02,22.960420608520508,23.035989868353685,22.716920905794783,22.91424081775016,30471800
2021-07-06,22.213123321533203,22.926832009924393,22.12076054964774,22.88484820383171,68446200
2021-07-07,21.852069854736328,22.385252162620763,21.608570193740626,22.179537125066265,60823800
2021-07-08,21.726119995117188,21.931836618579574,21.390257590858646,21.465826832006602,49379800
2021-07-09,22.18793487548828,22.2047283993162,21.747115284876188,22.003210917936915,51206000
2021-07-12,22.154348373413086,22.28869335459602,21.780701294403148,21.936037378611193,41353000
2021-07-13,21.98641586303711,22.1837357504779,21.856270066230174,22.04519159082327,49786800
2021-07-14,21.331485748291016,22.309685278622094,21.24751973158209,22.053589648343223,66999400
2021-07-15,21.033409118652344,21.35667728517851,20.932651166356703,21.10058162068903,59670800
2021-07-16,20.43724822998047,21.201335849299085,20.399463606980387,21.192939088463692,74253800
2021-07-19,19.71514320373535,19.996429091976943,19.4380564967538,19.74033348674037,114994800
2021-07-20,19.979633331298828,20.189547528264978,19.555607358095227,19.72353775475721,83342000
2021-07-21,20.67654800415039,20.8444799991061,20.328089675148664,20.374271053837393,82042600
2021-07-22,20.445646286010742,20.655560515638122,20.269317500334132,20.655560515638122,47270000
2021-07-23,20.370079040527344,20.521217556980634,20.16436237057289,20.512820794786716,46951800
2021-07-26,20.873868942260742,20.957833342581818,20.382668872487393,20.42045349323919,47266200
2021-07-27,20.680749893188477,20.743724804800326,20.437250211427628,20.710139359720927,46888400
2021-07-28,20.869672775268555,21.041802383214442,20.54640466248852,20.735327793531205,39169200
2021-07-29,21.07118797302246,21.23072322218153,20.945239766430916,21.138360456639173,43794000
2021-07-30,20.735326766967773,21.117370590153882,20.609378553014256,21.029207000538264,49600600
2021-08-02,20.57999038696289,21.25171525250912,20.546403342926375,20.747920802590244,57810800
2021-08-03,20.932647705078125,20.974629911339623,20.319698525156582,20.51281923638909,64302000
2021-08-04,20.365877151489258,20.81089587950006,20.336489288476308,20.554800271942828,64523800
2021-08-05,20.596786499023438,20.84868295489961,20.403664174565193,20.4918293754886,45800000
2021-08-06,20.785703659057617,20.94943808253642,20.67235139886823,20.77310931937397,36214800
2021-08-09,20.491830825805664,20.65556369386529,20.353286644205227,20.50862274960555,42193400
2021-08-10,20.852874755859375,20.907452893396528,20.575788090581906,20.600978369795556,53283000
2021-08-11,21.016611099243164,21.054395720775783,20.6681527449403,20.79830013055673,47686200
2021-08-12,20.995622634887695,21.113175704225817,20.739528594497898,20.99982181674904,36517200
2021-08-13,20.747920989990234,21.008215779069047,20.697542024998835,21.008215779069047,33050800
2021-08-16,20.365877151489258,20.47503344398173,20.185352393631874,20.466636682903967,48258400
2021-08-17,20.155963897705078,20.48343118940067,19.97543913117249,20.168559840686235,51108200
2021-08-18,19.736133575439453,20.311299671390508,19.710944894884577,20.15176442129677,56305800
2021-08-19,19.22394561767578,19.52202344068525,18.951056477359884,19.396075222661946,99256200
2021-08-20,19.265926361083984,19.387676989924852,18.963649379553104,19.04761538570261,61587600
2021-08-23,19.988033294677734,20.042611443060828,19.68995547157969,19.731937677093775,58704400
2021-08-24,20.319700241088867,20.42465736712441,20.12238033165608,20.155965779197754,45382200
2021-08-25,20.475034713745117,20.588388593046922,20.143369837438193,20.277714819976957,39817600
2021-08-26,20.16436195373535,20.470836560644134,20.130776507172584,20.35748427716602,41465400
2021-08-27,20.701740264892578,20.840282812698337,20.37007542395155,20.416256807059586,46202600
2021-08-30,20.458240509033203,20.861275443223395,20.449843747714432,20.78150861297277,31817800
2021-08-31,20.319700241088867,20.542208835798256,20.26931966749838,20.35748487052241,53873200
2021-09-01,20.021615982055664,20.416255706232345,19.94604674132048,20.298702664245248,63459800
2021-09-02,20.529613494873047,20.69334634728373,20.206345370220788,20.206345370220788,61635400
2021-09-03,20.41205596923828,20.638763685267364,20.31549563126698,20.487625207914643,39162800
2021-09-07,20.290311813354492,20.571596134629683,20.21474255657518,20.315500497935194,42472800
2021-09-08,20.030014038085938,20.538006054710106,20.01741969765474,20.40366108504947,43798400
2021-09-09,20.071996688842773,20.386867993679047,19.79071082373287,19.89566792534496,50529600
2021-09-10,20.0636043548584,20.424657120300473,20.00062943939064,20.382673309482424,37513000
2021-09-13,20.63876724243164,20.777311404389618,20.32389589418369,20.32389589418369,68499600
2021-09-14,20.340688705444336,20.861275086149725,20.252525115384003,20.823490461621233,58935800
2021-09-15,21.100576400756836,21.117369922491264,20.596783560871064,20.63036900282154,76695000
2021-09-16,20.86127471923828,21.08378488266738,20.747920847646494,21.079585701394493,60643800
2021-09-17,20.705936431884766,21.08378263015641,20.65135829179703,20.756315391148238,64459000
2021-09-20,20.073644638061523,20.31585401382707,19.746449146717197,20.20537157728206,85660000
2021-09-21,20.120389938354492,20.417840598573314,19.907925412623293,20.311608335707714,51323400
2021-09-22,20.740785598754883,20.982995005210135,20.460332516492194,20.460332516492194,79252200
2021-09-23,21.4674129486084,21.531151325055454,20.75778068647446,20.855515781449128,49734200
2021-09-24,21.62888526916504,21.739366088379906,21.31018854096109,21.352680789664795,55503000
2021-09-27,22.398008346557617,22.487243052087592,22.07506300326914,22.104807905112462,81697400
2021-09-28,22.4744930267334,22.873927297073585,22.423502004064044,22.61047016783526,132975200
2021-09-29,22.4744930267334,22.614720365293348,22.177042422707302,22.453246902369116,69894400
2021-09-30,22.134552001953125,22.533984684304937,22.134552001953125,22.410756504425194,89198800
2021-10-01,22.878171920776367,22.899418041469847,22.296019784704484,22.296019784704484,83312000
2021-10-04,23.25211524963379,23.507071999608964,23.018403004351814,23.124635253670718,114815800
2021-10-05,23.388093948364258,23.817271550813114,23.145884533550696,23.5835609110251,98029600
2021-10-06,23.141630172729492,23.269108533230156,22.733698770737252,23.001404462471353,100174800
2021-10-07,23.320104598999023,23.44758297822115,23.0863939669292,23.20112337354624,77596200
2021-10-08,24.03823471069336,24.093475937577804,23.511323629716678,23.56656323562554,86200400
2021-10-11,23.94899559020996,24.471657997838957,23.92774946716331,24.39941923431,86021400
2021-10-12,23.97024154663086,24.19970356428031,23.80451951865357,23.902252980769017,71038200
2021-10-13,23.94899559020996,24.07222537324594,23.528315221595005,23.79602091071361,57902600
2021-10-14,24.24219512939453,24.344178785811387,23.99998576900163,24.220949007092127,46786600
2021-10-15,24.36117935180664,24.607637318820373,24.34843038006468,24.51415242393132,45354800
2021-10-18,24.378175735473633,24.735116152396515,24.24219858816734,24.599139005090223,65257600
2021-10-19,24.654375076293945,24.7393611808467,24.348425748294087,24.480154291399607,44552600
2021-10-20,24.854097366333008,24.858345943008594,24.369676955567815,24.467412049836337,50212600
2021-10-21,24.395172119140625,24.75211251901784,24.195454984395226,24.66287782429238,64241800
2021-10-22,24.624637603759766,24.645883731056934,24.25494980166708,24.484410245842355,43005000
2021-10-25,24.985822677612305,25.121799815971322,24.794604320240136,24.926332882202153,50112200
2021-10-26,25.130300521850586,25.24503154509483,24.977325824191595,25.07081072186664,45503200
2021-10-27,24.407917022705078,24.994319396784153,24.352677429208118,24.858342269602804,68007600
2021-10-28,24.582141876220703,24.603389622892717,24.27194390232003,24.276194100044624,46735000
2021-10-29,24.420665740966797,24.760608555414592,24.318682086144857,24.705367341512076,43997800
2021-11-01,24.84134864807129,24.909337222403273,24.59489067398365,24.662879248315633,49656800
2021-11-02,24.607637405395508,24.888090470073926,24.526901481964373,24.696872103026042,34125400
2021-11-03,24.403669357299805,24.65862607503494,24.208202432304514,24.310184471008455,46674800
2021-11-04,24.437660217285156,24.82859564645674,24.21669861672417,24.764855663349657,76363200
2021-11-05,24.756362915039062,24.866845363179262,24.552397188828888,24.773360464133788,45207000
2021-11-08,24.981576919555664,25.24078387535023,24.845599765856146,24.96457937009934,40022400
2021-11-09,25.083553314208984,25.09205208701939,24.6543758236222,25.011316176783307,39378000
2021-11-10,24.420665740966797,25.058059125922114,24.276189842204584,24.97732159307031,72033000
2021-11-11,24.5141544342041,24.67987811263627,24.437667081381736,24.437667081381736,48996600
2021-11-12,24.454660415649414,24.552393878302915,24.305935933562626,24.412168169617555,34190000
2021-11-15,24.658626556396484,24.80310246486012,24.225198831005578,24.433414730634908,42751400
2021-11-16,24.696876525878906,24.89659370289264,24.577896907730665,24.73087162876453,40958800
2021-11-17,24.31868553161621,24.80735451103999,24.23369941071963,24.454662676660572,47339000
2021-11-18,24.174209594726562,24.454662658797627,23.881009179871725,24.26344429216385,57911000
2021-11-19,23.23086929321289,23.715289749057032,23.17987826348347,23.65154974616355,91379600
2021-11-22,23.643051147460938,23.999991600181456,23.192627409701547,23.196875986804194,67785800
2021-11-23,24.369674682617188,24.450412220702088,23.9319983819581,23.953244505305328,67724600
2021-11-24,24.607637405395508,24.747864748222433,24.208204743876376,24.242198219698537,42868600
2021-11-26,23.617551803588867,23.69403752324146,23.005653078565718,23.388089781705187,89454400
2021-11-29,23.7535343170166,24.37393033507,23.677046959067482,24.131720908556336,70882400
2021-11-30,23.19687271118164,23.66004535679577,23.082141693903786,23.307353530981395,92524000
2021-12-01,22.95041275024414,23.95749556719702,22.937665399970808,23.74078088669815,89549600
2021-12-02,23.617551803588867,23.702536296752925,22.691206563517984,22.963160831983693,100743800
2021-12-03,23.430585861206055,24.042484686327363,23.205373999724223,23.936252431518863,75880200
2021-12-06,23.779027938842773,24.059481031551975,23.49857484613357,23.791776911903824,63939000
2021-12-07,24.335681915283203,24.56514394442928,24.08072356479578,24.11047008351503,73686600
2021-12-08,24.331430435180664,24.59063734840555,24.280439416161506,24.471657763702428,47030000
2021-12-09,24.14446449279785,24.24219796359529,23.995739998318136,24.178459589236308,46798800
2021-12-10,24.322935104370117,24.42066857354913,23.889507357809677,24.403671025611374,39051200
2021-12-13,23.64729881286621,24.178460047468096,23.53256779167515,24.10622127665501,57208000
2021-12-14,23.549562454223633,23.910753046936023,23.468826534452216,23.50282162970883,57597600
2021-12-15,23.434837341308594,23.575063082420527,22.912173192596352,23.515573275829063,67716200
2021-12-16,23.58355712890625,24.06797588084665,23.545313457912254,23.638798347225432,53731800
2021-12-17,23.1033878326416,23.519818032106244,22.895173543396975,23.413585788743568,69270200
2021-12-20,22.81715202331543,22.834369661488576,22.236070691668747,22.481416288760844,72661600
2021-12-21,23.467105865478516,23.55319242156196,23.04097831594594,23.049587135750734,50319400
2021-12-22,23.617752075195312,23.77701275144872,23.208842235080255,23.49292831424659,42206200
2021-12-23,23.63067054748535,23.95779749563903,23.62206172753861,23.721060693979386,33370600
2021-12-27,24.147184371948242,24.16870724080381,23.355191071815646,23.553190628322067,43484400
2021-12-28,24.129962921142578,24.366699647361262,23.996528717436345,24.20744063400891,35877000
2021-12-29,23.975013732910156,24.207446931980527,23.85879713337497,24.091230332445342,30218200
2021-12-30,23.828664779663086,24.173009314231923,23.80714355412083,23.983620230710127,27180000
2021-12-31,23.888925552368164,24.01375096283936,23.729666508435717,23.768405372307317,26482400
2022-01-03,24.6292724609375,24.668011332526532,23.910451541888705,23.923365593728136,65054200
2022-01-04,25.48151969909668,25.580518648264718,24.883220773883956,24.96500208616254,79957600
2022-01-05,25.477218627929688,26.01525755382589,25.43847975958658,25.731173066631275,90804000
2022-01-06,26.045385360717773,26.191732001644766,25.679519579382465,26.075517048582007,74681400
2022-01-07,26.40264320373535,26.471512112658818,25.963603293611637,26.144385205763427,71169200
2022-01-10,26.320863723754883,26.514556414764474,25.976517513150224,26.462905139959545,66473000
2022-01-11,27.216157913208008,27.263505596326013,26.32516567878618,26.54899004500309,76887800
2022-01-12,27.26780891418457,27.43567841865445,27.069811006714623,27.362504279480763,60496800
2022-01-13,27.130069732666016,27.48732830780263,27.018158377276798,27.267807543282387,59554000
2022-01-14,27.767112731933594,27.81015518755277,27.138682042928348,27.15589968196179,64801000
2022-01-18,27.87902069091797,28.206149243940352,27.45289482464544,28.064106193873293,82133400
2022-01-19,27.676721572875977,28.12436703557975,27.457200788177712,28.094236989360674,65978000
2022-01-20,27.42276382446289,28.158800580190455,27.366808966049174,27.495937962182456,83980800
2022-01-21,26.880420684814453,27.28502530003297,26.596336243923954,27.11285385698783,114539600
2022-01-24,27.061203002929688,27.155898371078013,25.75699728544561,26.243384891892433,124505600
2022-01-25,28.1114559173584,28.21476175250182,26.458601962210366,26.95790200498578,118434400
2022-01-26,28.064105987548828,28.636580130147067,27.758500305181684,28.408452175980653,130725400
2022-01-27,28.36971664428711,28.86470980425073,27.900545016690828,28.559104103673715,108901400
2022-01-28,28.249187469482422,28.524663067458185,27.65949905690688,28.180320211952562,105302400
2022-01-31,28.3740177154541,28.55479799180621,27.736981517662265,28.18463026191182,63298400
2022-02-01,29.38552474975586,29.454395290317755,28.14157934522773,28.206144656022474,90444600
2022-02-02,29.4802303314209,29.53618848602831,28.873324080766572,29.234884692402467,65197000
2022-02-03,29.2004451751709,29.41996596264329,28.88192707055424,29.359705869443616,61962600
2022-02-04,29.656700134277344,30.130173634606933,29.501744692870812,29.570611953535764,81733400
2022-02-07,30.03547477722168,30.31525558514975,29.290830983180552,29.51465365916625,65165000
2022-02-08,29.38983917236328,30.005355864467997,29.183234053909885,29.94509576459166,75764200
2022-02-09,29.63517951965332,29.86330746907606,29.385528702427898,29.458704482599877,70791400
2022-02-10,29.450090408325195,30.018259238957807,29.256397757581777,29.488830908830774,75643200
2022-02-11,30.306652069091797,30.34538928764149,29.463004313933066,29.648089798392125,93034000
2022-02-14,29.59213638305664,30.156000040007584,29.23918303319041,30.121568049820223,99633000
2022-02-15,29.282228469848633,29.351099025103224,28.701147116585535,28.86470975942195,86092200
2022-02-16,29.518962860107422,30.031173588039888,29.33818260319008,29.514657630010806,73444200
2022-02-17,29.471616744995117,29.781527649832007,29.243488796692557,29.49313632876357,67622800
2022-02-18,29.29083824157715,29.523268150266848,29.00675213373391,29.054099818374453,63291600
2022-02-22,28.817358016967773,30.177521736412515,28.382625012854827,30.177521736412515,93002800
2022-02-23,29.114364624023438,29.338190675636245,28.81736606027652,28.98523395702149,67958000
2022-02-24,28.886228561401367,29.7686135437599,28.132974209997663,29.7341782709815,123485800
2022-02-25,29.64809799194336,29.678228042673748,28.950801593917422,28.950801593917422,78423000
2022-02-28,30.379823684692383,30.414258956140966,29.273616039850413,29.43717865333884,96394200
2022-03-01,30.685434341430664,31.20195036180264,30.25500322981109,30.650999064358192,124231000
2022-03-02,31.387033462524414,31.63668427624854,31.003950065295005,31.15460028601525,90908200
2022-03-03,31.473129272460938,31.68834486388768,31.01686998556432,31.081435319778205,89119800
2022-03-04,32.38133239746094,32.39854675123132,31.387034344897927,31.46881730298599,105216800
2022-03-07,32.85911178588867,33.38423830426797,32.12738015846346,32.71707200489298,131214800
2022-03-08,33.375633239746094,34.52918890407216,32.424380750287284,33.608066465087454,196054400
2022-03-09,32.355506896972656,33.11737182766704,31.63668770594646,32.15320374267608,174036400
2022-03-10,33.34549331665039,33.43157821139515,32.50615081521197,32.73858397173669,137802600
2022-03-11,33.078636169433594,33.49184971619709,32.76011800954016,32.8117709343591,91837800
2022-03-14,32.08863067626953,32.60084130626522,31.658199698902685,32.372713413689226,101490000
2022-03-15,30.913557052612305,31.270815602697358,30.31956340171761,30.844689794097427,124724400
2022-03-16,30.771520614624023,31.3009523503203,30.448697266595023,31.029778636261437,107536200
2022-03-17,31.830373764038086,31.912156711646233,31.124467128479463,31.318163064825885,76956400
2022-03-18,31.800251007080078,32.015466574143524,31.55921062282628,31.774426189889727,58550800
2022-03-21,33.0821647644043,33.186458755678004,32.425999141513124,32.44338147339208,68714800
2022-03-22,32.83882141113281,33.125624937376415,32.46510953378932,32.9431120955209,66462200
2022-03-23,33.40373611450195,33.712265075239074,33.295099016411086,33.455879799767246,58663000
2022-03-24,33.48629379272461,33.816551457183536,33.264676527870705,33.5297512787029,52700600
2022-03-25,34.220680236816406,34.26413440579504,33.26032884642408,33.28640068474314,56083600
2022-03-28,33.373321533203125,33.529759236901064,33.16039041046112,33.51671999880833,69760400
2022-03-29,33.28640365600586,33.30378598821704,32.23914383417412,32.62589160868544,73274000
2022-03-30,33.67315673828125,33.912159699681936,33.39939242231979,33.60797381105003,49736400
2022-03-31,33.216880798339844,33.986030008549065,33.21253438603889,33.355936153899634,65606600
2022-04-01,33.48629379272461,33.79916912586036,33.15169303194042,33.17341845958886,49612600
2022-04-04,33.52975845336914,33.81221228062301,33.17342555800732,33.703575173112625,46007400
2022-04-05,33.00394821166992,34.107701497279486,32.964840448742606,33.590591178307974,54577200
2022-04-06,33.19949722290039,33.66446386147811,33.01264128504162,33.36462441540819,64328400
2022-04-07,33.63404083251953,33.74702432469161,32.7388690335263,33.35593017128103,54097400
2022-04-08,34.55963134765625,34.65523251954403,33.72529927264812,33.72529927264812,53426200
2022-04-11,33.521060943603516,34.19895533882322,33.447188516502074,34.190265830186966,52461000
2022-04-12,34.07728958129883,34.69869401433436,34.01210664895547,34.19896262015754,63929400
2022-04-13,34.5857048034668,34.681305979817374,33.925192708753606,34.49445003931609,49295800
2022-04-14,34.69868087768555,34.972448426813045,34.3684232434294,34.42057023262997,51869400
2022-04-18,35.20711135864258,35.41569605797963,34.768219843620116,34.985494052564775,60913200
2022-04-19,34.920310974121094,35.36789531213538,34.716072688151556,35.02460166566294,45727800
2022-04-20,35.05501937866211,35.24187532725404,34.67261797204337,35.01156520080518,52079400
2022-04-21,33.94256591796875,35.42003071135713,33.812200109745575,35.26359306762541,65157800
2022-04-22,33.11259078979492,34.29456311231432,33.099554866660625,33.80787096681216,71499200
2022-04-25,32.017520904541016,32.19134089861852,30.852931254164556,32.06966789736646,110724400
2022-04-26,32.06097412109375,32.938763573186314,31.97840888040985,32.25652285187027,89168600
2022-04-27,32.53029251098633,32.847510976855965,31.687267579428333,32.26521772973028,89132600
2022-04-28,33.5167121887207,33.79047976406934,32.10443008717408,32.747563087551384,87469600
2022-04-29,32.656307220458984,33.781785788558466,32.53897731635666,33.59058678037861,79416200
2022-05-02,33.177764892578125,33.19080081224371,32.356468800239284,32.456416376576605,104141200
2022-05-03,34.107704162597656,34.264141857213694,33.2168819011166,33.23860733266026,83298800
2022-05-04,35.52432632446289,35.59819874560264,34.32062889735637,34.76386673953555,90767400
2022-05-05,34.989830017089844,35.81112940959441,34.2771710222528,35.77636474756805,93194000
2022-05-06,36.032752990722656,36.03709940307348,34.73345418648866,35.441766893976904,94245600
2022-05-09,33.0517463684082,35.289671029122744,32.91703744110942,35.25925277730235,106044000
2022-05-10,33.35157775878906,34.19460241386139,32.64760840931568,33.56016237485748,113727800
2022-05-11,33.79917526245117,34.90727504927052,33.74268516190002,33.907812366439686,99705000
2022-05-12,33.94256591796875,33.95994824675452,32.886613480449725,33.78612827423703,90043600
2022-05-13,35.10281753540039,35.241872884107295,34.385812046773125,34.44664855462358,59437400
2022-05-16,36.02840042114258,36.397765805659986,35.20710110051585,35.22882984121584,56518800
2022-05-17,36.4455680847168,36.66718533657122,36.11965685104092,36.51509409059058,56329400
2022-05-18,35.51129913330078,36.74976152723336,35.085440202318644,36.70630734619636,66461400
2022-05-19,35.38093185424805,35.976264388109975,34.70303737433328,34.70303737433328,71441000
2022-05-20,35.533016204833984,36.23698570721082,34.82035719443109,35.815473288121396,63840000
2022-05-23,36.471641540527344,36.5976609543136,35.732910704225226,35.95452796591147,53289400
2022-05-24,36.61070251464844,36.7627937908102,35.78940630803377,36.06751701739846,53127600
2022-05-25,37.366817474365234,37.41896447796276,36.68457659183553,36.736723595433055,52648000
2022-05-26,37.779632568359375,38.06208632832339,37.566701501320445,37.59277665534313,42678200
2022-05-27,38.47056198120117,38.574852649006544,37.518900105873065,37.61015816996088,37334400
2022-05-31,37.892616271972656,39.3092448765277,37.68838132439217,39.10500661360628,78681200
2022-06-01,38.509681701660156,38.79213551892322,37.94911384889371,38.37062634157911,59297200
2022-06-02,38.38800048828125,38.6574216647039,38.005599125429875,38.240255637409426,52605400
2022-06-03,38.89642333984375,39.01809634614751,38.392345667624454,38.43579983911283,41050600
2022-06-06,38.852970123291016,39.109352062112364,38.64438545354311,39.083280221646696,33384600
2022-06-07,40.01321792602539,40.065361612804324,38.79648106595143,38.82689932168622,51378800
2022-06-08,40.10011672973633,40.54770094980198,39.85242433050871,40.20875380510529,56985400
2022-06-09,39.21363830566406,40.008862503364234,39.170184138020765,39.75682368955645,49176200
2022-06-10,38.54877471923828,39.34399880952314,38.101190553823095,38.76170243266744,62543600
2022-06-13,36.536834716796875,37.4189675457602,35.81113959611037,37.379856461020196,89462600
2022-06-14,36.606353759765625,37.74921809466077,36.128351215843466,37.27121223539765,69512800
2022-06-15,35.798091888427734,36.706299664132025,35.194069947003975,36.523790152768186,86446400
2022-06-16,33.78179168701172,35.037636297758674,33.49064505469958,34.8464372561946,115958200
2022-06-17,31.93496322631836,33.79482997823886,31.548215388434958,33.547137505489474,128468400
2022-06-21,33.589385986328125,33.817883728317874,32.7281201087967,32.785243706164,70013400
2022-06-22,32.244754791259766,32.81160903980966,31.79654624840577,31.972315553405227,82425200
2022-06-23,31.049528121948242,32.631445020731725,30.52661540818279,32.39855213721209,113842200
2022-06-24,31.458187103271484,32.126109735578424,31.124229139638377,31.581227953185138,94797000
2022-06-27,32.3809700012207,32.60068074167676,31.78335651897863,31.822902843051196,67958800
2022-06-28,33.25542449951172,33.791519350473685,32.75448417869951,33.14996426158297,79568000
2022-06-29,32.0997428894043,33.83106137219141,32.00746142138835,33.71681419254135,71184000
2022-06-30,31.423036575317383,32.23596578773501,31.141807046183942,31.40985446497057,75533400
2022-07-01,31.89321517944336,32.02943477977275,30.81663042863179,31.80532886268231,69204000
2022-07-05,30.627681732177734,31.38348736020052,29.964157583000937,31.23408563734603,89865800
2022-07-06,30.10477066040039,30.84299898210078,29.19956000779663,30.298113858391243,96419000
2022-07-07,31.19013786315918,31.43621281708302,30.847386295525503,30.922090494412217,67587200
2022-07-08,31.176956176757812,31.699868869664936,30.74192980126209,31.568041069807947,43940600
2022-07-11,30.87815284729004,31.137413321925855,30.465098843197932,30.785874718103912,45508200
2022-07-12,30.276138305664062,30.45629935524816,29.73125665122588,30.069609689601638,64690200
2022-07-13,30.227806091308594,30.86057413885217,29.836721215401816,29.836721215401816,58978000
2022-07-14,29.656557083129883,29.691711608904463,28.773322252554234,29.168798933697907,73273600
2022-07-15,30.139925003051758,30.33327157388133,29.6917164600167,30.302512196933048,59920600
2022-07-18,30.829814910888672,31.33954212182492,30.684805007230917,30.944062090267437,51453600
2022-07-19,31.77897071838379,31.85806674232764,30.777089983442195,30.78587694053781,48776400
2022-07-20,32.08655548095703,32.23156537616029,31.295598816477202,31.427423250963898,41849400
2022-07-21,31.524105072021484,31.554864450337032,30.610110679564936,31.20772097933542,43159200
2022-07-22,31.264842987060547,31.959129819215086,31.084678547917044,31.64713757813632,40836400
2022-07-25,32.41173553466797,32.44249491008067,31.317573425300807,31.695476238954285,39112000
2022-07-26,32.11731719970703,32.943431800659404,31.902001594201842,32.798421894851366,37228800
2022-07-27,32.84236145019531,33.00494860952279,31.99427783455078,32.32384395432166,44810800
2022-07-28,33.02692413330078,33.365277239665396,32.41612511619228,33.136779516896084,46665400
2022-07-29,34.459442138671875,34.56490573976547,33.56302164450142,33.6289355570547,51667600
2022-08-01,33.74757766723633,33.95849814186378,33.29497063736892,33.870615169522424,51331000
2022-08-02,33.66848373413086,34.00683688635093,33.36967691615491,33.75197155726424,39864400
2022-08-03,32.701751708984375,33.9101609996639,32.49961819357316,33.80909591821852,57013200
2022-08-04,31.488948822021484,32.56992539632409,31.37030313010471,32.477647276233405,55991000
2022-08-05,32.1129264831543,32.3897608424414,31.062709285951794,31.062709285951794,45179600
2022-08-08,32.2799072265625,32.569927063856305,32.02943707277259,32.07777371232155,37756600
2022-08-09,32.84675598144531,33.26420505090389,32.67977702416585,32.736900610269906,34683000
2022-08-10,33.08405685424805,33.2730083002673,32.27112746184753,32.921469634759475,34788400
2022-08-11,34.22214126586914,34.5121610316275,33.60255876564294,33.70362382157478,60531600
2022-08-12,34.481407165527344,34.49898442860668,33.853034258651626,33.998044164666055,38381000
2022-08-15,33.8090934753418,33.993649712705555,32.930250418348415,33.233448993297394,42024400
2022-08-16,33.730003356933594,34.21336645219351,33.51907951130921,33.85743602475571,39357600
2022-08-17,34.01122283935547,34.3627580078834,33.48831021123992,33.57619651776175,45472400
2022-08-18,34.92522048950195,34.96037165976947,34.32760701219651,34.389125750814436,46866000
2022-08-19,34.91643524169922,35.15811843023063,34.63520572369192,34.837339230227144,39488400
2022-08-22,34.85052490234375,35.065843893233684,34.04638594812194,34.617631998237286,45696200
2022-08-23,36.107269287109375,36.37971186503857,35.395408495536444,35.42177271669974,54367000
2022-08-24,36.55107879638672,36.60381058083021,35.94907016260615,36.11165731691706,49093200
2022-08-25,36.832313537597656,37.0168697807393,36.476383161178724,36.76200783414764,39798600
2022-08-26,36.40167999267578,37.157485603381836,36.23909616300278,36.757613731799694,38635200
2022-08-29,36.950950622558594,37.4299217787911,36.2918184029409,36.38409986390483,52125000
2022-08-30,35.69860076904297,36.326973631382074,35.40418917650112,36.31818667672526,57641800
2022-08-31,35.37343215942383,35.962255383675384,34.68793566491721,34.81536830729705,58304600
2022-09-01,34.50336837768555,34.98233946816253,34.020005486828325,34.850511701329026,56604200
2022-09-02,35.13614273071289,35.601928447813904,34.94719135164966,35.35145832696449,57188200
2022-09-06,34.81097412109375,35.58435695211266,34.66596421168017,35.465711261676006,45568200
2022-09-07,34.40670394897461,34.55610564610871,33.73878140790945,34.05077026297176,60541400
2022-09-08,34.55610656738281,34.72748068455606,34.138657482477726,34.56050172109803,53681600
2022-09-09,35.41737365722656,35.588747780933325,34.91643339523446,35.17569383399606,38678800
2022-09-12,36.06771469116211,36.45879952723728,35.62829322568261,35.93588691051037,41731800
2022-09-13,35.158119201660156,36.11166316184231,34.999927175245006,35.505262628931156,61146000
2022-09-14,36.151206970214844,36.406072256383894,35.487682888922514,35.487682888922514,54384200
2022-09-15,35.21963119506836,35.65905266137609,35.04825709140992,35.509647619521196,55886400
2022-09-16,34.46821975708008,35.13613888880592,33.967279570155796,35.10977467450031,70403600
2022-09-19,34.488651275634766,34.51086325178559,33.44030971586458,33.52026808530711,37625800
2022-09-20,34.248779296875,34.448676933283345,33.844547728751905,34.248779296875,42299600
2022-09-21,33.746822357177734,34.941755002588465,33.733496525144076,34.89289135908356,68705800
2022-09-22,33.62688064575195,34.47088496692994,33.60022898362246,34.35983185596105,57748000
2022-09-23,31.308101654052734,32.3830951992752,31.068226473130963,32.32090571411838,105475600
2022-09-26,30.53960609436035,31.503546302434142,30.499628600409594,31.112640564492267,72159600
2022-09-27,30.881649017333984,31.454683502791315,30.708406427436667,31.068220827976752,67671200
2022-09-28,32.24982833862305,32.42751402479259,31.0060353135814,31.19260375897676,63147600
2022-09-29,32.24982833862305,32.316460894570696,31.450247834468968,32.014396244804246,48563000
2022-09-30,31.9921875,32.436400065831606,31.681240059547047,31.9921875,43369400
2022-10-03,33.80012893676758,33.97781462214431,33.08938958433323,33.14269630666802,69550600
2022-10-04,35.252708435058594,35.283803178168505,34.21324929996348,34.48421922809534,66330800
2022-10-05,35.9812126159668,36.261065271802686,34.937313915416816,35.23937855195326,61273600
2022-10-06,36.620880126953125,36.73193325359811,35.66137948598568,35.68803115187729,52670200
2022-10-07,36.33658218383789,37.10951094933633,36.074495058578464,36.69639320778035,56915400
2022-10-10,35.59031295776367,36.78968556234144,35.474816738581076,36.478738113472545,46331600
2022-10-11,35.30601119995117,35.914580159543206,34.77739723732238,34.92398817656653,53842200
2022-10-12,35.59031295776367,35.839070916858795,34.8440356914053,35.07502474069748,41102400
2022-10-13,37.04288101196289,37.185028879884676,35.115000341456565,35.12388310048246,70134800
2022-10-14,35.661376953125,37.16725697234958,35.590304719437825,36.63864643163347,53494600
2022-10-17,36.105594635009766,36.700841199708606,36.00342764889971,36.22109084411361,37988400
2022-10-18,36.42097473144531,36.75857711369547,35.71912169578469,36.4032058282667,50375800
2022-10-19,37.49597930908203,37.633684101625654,36.51426668710646,36.52759590912542,62527600
2022-10-20,37.53150939941406,38.12675585183445,37.30496348734261,37.78027067895145,50523600
2022-10-21,38.61539840698242,38.690913729647036,37.642571805230624,37.740299111772096,50548400
2022-10-24,38.79751968383789,39.06848959086319,38.38440529573029,38.59318233230731,44992000
2022-10-25,38.83750534057617,39.01519104735114,38.43771334760074,38.646493798880854,37683600
2022-10-26,39.36610794067383,39.6770552953184,38.95742991719127,38.98408496835508,45413000
2022-10-27,39.50826644897461,40.174585293664364,39.38832715904963,39.908055044530144,50021200
2022-10-28,39.64596176147461,40.25897373167012,38.93522250855111,39.93470053615131,49328000
2022-10-31,39.9791259765625,40.50329687492922,39.2106368415989,39.25506080394197,59520800
2022-11-01,40.365596771240234,40.667661449279194,40.12127850625545,40.649892540091855,43510800
2022-11-02,39.39276123046875,40.44554598453254,39.29947702022089,40.236765585327845,56499200
2022-11-03,40.121273040771484,40.34782236570746,39.041836525464426,39.15288965095251,53634400
2022-11-04,40.60990524291992,41.32064455296451,40.041313794884246,41.014140237769496,60590600
2022-11-07,41.30731964111328,41.43614167347264,40.6232319808631,40.694307607987895,38775400
2022-11-08,41.34729766845703,41.524983334905244,40.840895721976544,41.2273584032488,43718600
2022-11-09,39.326133728027344,40.91641535793699,39.237292579939485,40.787593320858804,63028000
2022-11-10,40.20123291015625,40.24565348417617,39.31280787346771,40.139043428713855,58488200
2022-11-11,41.3695068359375,41.5827303164655,40.8719910298259,40.969718317189894,51082600
2022-11-14,41.3561897277832,42.071372239005846,41.24513658491103,41.24957965956634,46245200
2022-11-15,41.79151153564453,41.898121583444755,41.24068561235333,41.51165550019449,51542200
2022-11-16,40.938629150390625,41.671577127218384,40.72540564084636,41.41837611598797,47277200
2022-11-17,41.0274658203125,41.06300363286629,40.103503028348,40.31228344076109,42859800
2022-11-18,40.70319366455078,40.814246799126295,39.76146525235697,40.26786727489549,47366200
2022-11-21,40.152366638183594,40.258976686679276,38.775308599117224,39.8192072711963,85153600
2022-11-22,41.409488677978516,41.50277289377967,40.46775698325316,40.65432541485548,53755000
2022-11-23,40.960838317871094,41.22292548141971,40.50774301371498,40.65877365207609,41197400
2022-11-25,40.80979919433594,41.27622023559591,40.73872357524562,40.98748146391761,15182600
2022-11-28,39.690391540527344,40.31228980206524,39.55712980603036,39.81033082955479,58262400
2022-11-29,40.29006576538086,40.525501198465115,39.98356149537975,40.13014902056643,38048400
2022-11-30,40.48997116088867,40.81868747094425,39.85474713294183,40.738729083193164,43830200
2022-12-01,40.35670471191406,40.978602886103005,40.21899992222003,40.77426554398294,38902000
2022-12-02,40.116825103759766,40.59213228766805,39.88139304851622,40.076847610184984,36770000
2022-12-05,38.92634201049805,40.67209735427865,38.593182619616805,40.51218057552985,51753800
2022-12-06,37.900211334228516,39.148447406665234,37.638127579277075,38.68202630317389,64930200
2022-12-07,37.81136703491211,38.38884121809589,37.4782076791657,37.89132541585413,48894200
2022-12-08,37.6425666809082,38.744215183216724,37.43378626154983,38.65981372286186,51280800
2022-12-09,36.72748947143555,37.93574800828768,36.71416363874668,37.52263024957092,48097800
2022-12-12,37.69143295288086,37.780277493409194,36.7941251225171,36.93627299828975,42184800
2022-12-13,38.406620025634766,38.726453631861396,38.10455532965107,38.4243889358777,54557400
2022-12-14,38.17117691040039,38.80640086521171,37.8291348066122,38.66869608680079,52675600
2022-12-15,37.940189361572266,38.02903050151723,37.29607923521842,37.83801900047054,40406600
2022-12-16,37.4737663269043,37.65145200261246,36.96292128014547,37.225008414356296,59101000
2022-12-19,37.46927261352539,37.98986782924434,37.1955119266348,37.86869327000956,36836600
2022-12-20,38.034751892089844,38.2770976247575,37.44235235356154,37.58596425914483,28593000
2022-12-21,38.757301330566406,38.93232823835373,38.24119485356208,38.81115708064635,34058200
2022-12-22,37.86421585083008,38.82013232753495,37.10576361488502,38.79769157509543,37359400
2022-12-23,39.071441650390625,39.08041931850611,38.16938117148249,38.366845358320084,29630000
2022-12-27,39.48882293701172,39.654875594139945,39.09837988697469,39.24199179282308,32749200
2022-12-28,38.604705810546875,39.43496556596496,38.48353467148413,39.43496556596496,31838000
2022-12-29,39.00862503051758,39.18365195497007,38.42520309033539,38.443155008737996,26915800
2022-12-30,39.25545120239258,39.331744271243586,38.79768594133134,38.80217477596304,22661800
2023-01-03,37.87767028808594,39.20608103865107,37.40644198622659,39.00861341898014,53082800
2023-01-04,37.873191833496094,38.0930968367757,37.17308415221018,37.31669607206314,45705200
2023-01-05,38.56431579589844,38.77524650037047,37.70264448841802,37.81035254585871,38723800
2023-01-06,39.29583740234375,39.77603995146138,38.96373556881743,39.06246937921163,44422400
2023-01-09,39.1567268371582,39.95107955985434,39.03106682895574,39.88824955575311,46003200
2023-01-10,39.43496322631836,39.51574512222662,38.8156342163626,39.41252247924157,31599000
2023-01-11,39.5561408996582,39.879268536727416,39.12979402651168,39.7805347116254,32903000
2023-01-12,40.31010437011719,40.57040201456286,39.71770484164165,39.793997916192936,36716000
2023-01-13,40.368446350097656,40.46718017751535,39.85234330965085,40.2786901927968,31808400
2023-01-17,40.45372009277344,40.87558159608668,40.28766742309141,40.46269776355526,33933200
2023-01-18,39.71322250366211,41.095489437566535,39.672833254284264,40.64221290311521,38075200
2023-01-19,40.206886291503906,40.368450128951636,39.39907052824353,39.484341282446,34293800
2023-01-20,40.60630798339844,40.74543105889946,39.88375959467333,40.29215457474776,28560000
2023-01-23,40.66015625,41.104455019381696,40.530007433923004,40.902501967111206,29305000
2023-01-24,40.50308609008789,40.59733108728718,39.69975577227138,40.52552684255453,30755200
2023-01-25,40.50757598876953,40.50757598876953,39.663852979159536,40.30561948320241,26861200
2023-01-26,41.78661346435547,41.80456537912729,40.66015563626145,41.16279897793958,36663000
2023-01-27,40.942893981933594,41.76866151692598,40.875575157586304,41.56221963317788,34841000
2023-01-30,40.00492858886719,40.70503618767425,39.95107284127516,40.64669502909961,27525000
2023-01-31,40.359474182128906,40.4223041802703,39.46189886699114,39.87029385491021,27848200
2023-02-01,39.565120697021484,40.34152141074823,39.04452538175529,40.17098333711518,46967200
2023-02-02,38.66305923461914,39.48882692055444,38.23670888513836,39.41253383687138,49803000
2023-02-03,38.577789306640625,39.45292735392153,38.537400058170505,38.824623904996905,45454800
2023-02-06,38.40275955200195,38.905402958896495,37.93153114403969,38.61369029796643,31714400
2023-02-07,39.650386810302734,39.708731394114515,38.44315040219782,38.645103468065564,41014000
2023-02-08,39.29583740234375,39.82092144635135,39.071443623803226,39.618964991278474,26967200
2023-02-09,38.959259033203125,39.42599865078519,38.932332866950944,39.30033864297048,32150400
2023-02-10,40.48513412475586,40.56591603997032,39.56960689365133,39.605510727964,40003200
2023-02-13,40.381919860839844,40.538994875355115,39.861324471042366,40.278697180456376,24744800
2023-02-14,40.395381927490234,40.6915800296944,39.951079638216335,40.06327656347124,27022600
2023-02-15,39.70872497558594,40.02736373359445,39.20159283939401,39.942093001177604,31939600
2023-02-16,39.31828308105469,39.834389521222995,39.27789041538316,39.493309976349835,25314200
2023-02-17,37.91806411743164,38.7348574286745,37.752014893483576,38.707931267813244,44680400
2023-02-21,37.72957229614258,38.1648968032999,37.65776806270231,37.75201304508004,33622600
2023-02-22,37.47825622558594,37.98089618367004,37.15512858168735,37.62635354239119,40270400
2023-02-23,38.043724060058594,38.26363245345324,37.56352145599763,38.043724060058594,35023400
2023-02-24,37.99436569213867,38.04821802106,37.267328435897035,37.482744599538734,37496800
2023-02-27,38.106563568115234,38.27261281843801,37.79241013759797,38.070659731945554,30676400
2023-02-28,37.55903625488281,38.50597838787539,37.52762125907642,38.49251188340601,38007600
2023-03-01,38.299530029296875,38.492508823618365,37.45132178597107,37.59044826260678,37094000
2023-03-02,38.63611602783203,38.77973132152707,38.11103545017348,38.23220999823441,32798600
2023-03-03,39.161216735839844,39.35419558909699,38.14695554728052,38.17388171434665,50675200
2023-03-06,39.179161071777344,39.24199106542276,38.78871460499982,38.94578958911335,33898400
2023-03-07,38.49699783325195,39.04451922539854,38.398264018408796,38.94578541055538,37000400
2023-03-08,38.102073669433594,38.81564441750916,37.734067918908586,38.326467503265384,39399000
2023-03-09,37.56352996826172,38.86052617661817,37.55455572060966,38.321982294053974,37888200
2023-03-10,37.08332061767578,38.09309278472398,36.867904472799786,37.56352324460181,56624800
2023-03-13,36.32935333251953,36.980097379717165,35.50358582653049,36.13637453562334,83327000
2023-03-14,36.688392639160156,37.50518607532973,36.04213728782484,36.32487571602317,61066400
2023-03-15,34.71821594238281,35.61130248599882,34.21557249738401,35.34203055702667,115347000
2023-03-16,35.095191955566406,35.184951537639,33.82063670593711,33.95527436705703,88790400
2023-03-17,34.543182373046875,35.18494878271029,34.26044399162863,34.893236155776435,67351600
2023-03-20,35.23472213745117,35.46145781004664,34.509168677088034,34.509168677088034,52288800
2023-03-21,36.45457077026367,36.56793863643808,35.851452891884804,35.960288534405386,59712400
2023-03-22,35.67913055419922,36.64502340867327,35.65192337680094,36.4772412017675,49209400
2023-03-23,35.184844970703125,36.18701982934089,34.84474141388493,35.874123449960216,49486200
2023-03-24,35.32088088989258,35.456923669977,34.37765971257665,34.48649532052884,41298000
2023-03-27,36.073646545410156,36.27770726489046,35.40704312086391,35.692728820078685,40223800
2023-03-28,36.63142013549805,36.790134437875565,35.855984435557325,35.86958802437364,32596800
2023-03-29,37.13931655883789,37.18012733319422,36.753866475605136,36.9942058171604,36204600
2023-03-30,37.30255889892578,37.50208396535002,37.08489110134848,37.447669610739894,27460800
2023-03-31,37.56104278564453,37.62452851482844,37.261749954023735,37.39779277925369,32294600
2023-04-03,39.261558532714844,39.51550143476985,38.93959422197723,39.14365498831249,62452200
2023-04-04,38.54961013793945,39.42934242582754,38.20497085644955,39.379460287991655,49363000
2023-04-05,39.13005065917969,39.13005065917969,38.322872056002375,38.64483636065667,40552200
2023-04-06,38.5359992980957,39.111906426979075,38.45890653430774,39.07109566354315,33378600
2023-04-10,38.844364166259766,39.28876422806766,38.68111417547372,38.68111417547372,26977200
2023-04-11,39.211669921875,39.456544876868044,38.839823536821555,39.062023539427244,25575200
2023-04-12,39.23888397216797,39.56538396936603,39.12098042657698,39.48375897006652,33334400
2023-04-13,39.48375701904297,39.583521286558536,39.084703408693116,39.179931993218226,31384600
2023-04-14,39.556312561035156,39.787580488817596,39.32504117354043,39.53817328949515,23560200
2023-04-17,39.089229583740234,39.588050844136056,38.95319025248747,39.42480087886322,23762000
2023-04-18,39.2434196472168,39.34318391964129,38.80355178773385,38.9985446493692,24493600
2023-04-19,39.10737609863281,39.13911896111067,38.676579613617264,38.88971174441681,34246200
2023-04-20,38.76273727416992,38.77180518000881,38.29112659716575,38.56320874859178,30396200
2023-04-21,38.5359992980957,38.92144927818729,38.36367795991185,38.9033100078673,33757600
2023-04-24,39.125511169433594,39.30690041827444,38.39995763378238,38.41356122199581,25251800
2023-04-25,38.390892028808594,38.81261712754586,38.164156319098296,38.744599182402666,30665200
2023-04-26,37.87846755981445,38.47251401919173,37.64719616444805,38.11880686140335,40070000
2023-04-27,38.014503479003906,38.109732045780774,37.49754642523704,37.85578920104246,34114600
2023-04-28,38.60402297973633,38.81261942987808,37.746962222968286,37.87846935756663,38228600
2023-05-01,38.16868591308594,38.58134653699487,37.96462517228815,38.11880378360877,27821400
2023-05-02,36.50898742675781,37.76963750484392,36.159812472641455,37.71068746181052,67648000
2023-05-03,35.819698333740234,36.463630232769,35.80609474779448,36.04190176989279,59367600
2023-05-04,35.42064666748047,36.196082244225224,35.311814514528166,35.833303788101844,52861000
2023-05-05,36.38201141357422,36.667697145910566,36.1824828933768,36.400147224762925,39073400
2023-05-08,36.38201141357422,37.07128640924649,36.377475730920956,36.912572113504076,32711800
2023-05-09,36.395606994628906,36.740242686787596,36.0192249905939,36.09631428017849,41421200
2023-05-10,35.98295211791992,36.64955557797034,35.71086999088415,36.577001958626376,36052000
2023-05-11,35.552146911621094,35.73806832622015,35.280064851882095,35.475057628975414,38168200
2023-05-12,35.606571197509766,35.96934968500929,35.34809264957277,35.729010407418485,37913200
2023-05-15,35.787960052490234,35.992024246883965,35.45692788647662,35.738077924508126,32544600
2023-05-16,34.908233642578125,35.774362310529156,34.85381582323856,35.62018367863595,44511200
2023-05-17,35.579368591308594,35.76982576483585,35.00799361101431,35.26647219214773,46200600
2023-05-18,35.83784484863281,35.88319129752572,35.14403414740573,35.36623416877957,33154200
2023-05-19,36.11445999145508,36.39561348916517,35.910399256797646,36.16887780189601,36122200
2023-05-22,35.964820861816406,36.332135101885804,35.91040650011185,35.97842445224254,26943600
2023-05-23,36.350276947021484,36.762934211226565,36.2142341137113,36.30946271314324,42803800
2023-05-24,36.50898742675781,36.790137511684506,36.20062670221273,36.63595887926827,33474200
2023-05-25,35.86051940917969,36.0600444740601,35.5249480796898,35.98295516581739,38251000
2023-05-26,35.719940185546875,36.17794726223757,35.5340187130445,36.078183001996806,28785800
2023-05-30,35.35263442993164,35.39344866017846,34.962648699501685,35.09869152070754,40331600
2023-05-31,34.73137664794922,35.06694801148926,34.61347656210146,34.79939805729991,44797600
2023-06-01,35.16217803955078,35.55669946215873,34.57719943073737,34.8130030717947,51623600
2023-06-02,36.23237609863281,36.40469403529553,35.57484030140687,35.81971534385172,55278800
2023-06-05,35.99201965332031,36.76291950785449,35.92853394575687,36.76291950785449,37826200
2023-06-06,36.28224563598633,36.31398849380718,35.479599365825905,35.51587790611031,34750800
2023-06-07,37.24360656738281,37.2889564772602,36.43642799142352,36.459102946362215,60654200
2023-06-08,37.08489227294922,37.420460155924694,36.46817086332747,37.29348871154005,46155200
2023-06-09,36.880828857421875,37.24813957500284,36.78106459839689,37.06675032765851,38387000
2023-06-12,36.527122497558594,36.89443322287869,36.27771184474112,36.32759397530461,36387000
2023-06-13,36.69944381713867,37.42046174685368,36.68130454435362,36.930715220507416,40136400
2023-06-14,36.32305908203125,37.22546621506222,36.05097692922484,37.0622196911482,47605400
2023-06-15,36.72211837768555,36.99873277047,36.37747911790513,36.38654702434376,46777000
2023-06-16,36.66769790649414,36.962455010251034,36.56339796157872,36.858155065335616,47461800
2023-06-20,35.84700012207031,36.464577905246344,35.57709363760687,36.42340768178766,42552000
2023-06-21,36.13063430786133,36.43713541953765,35.64571840277384,35.70061553076078,34473800
2023-06-22,35.645721435546875,35.84243179817115,35.51305598259694,35.80126156631728,33507400
2023-06-23,35.3895378112793,35.4856051649717,35.09676011711614,35.2614480063561,34905200
2023-06-26,36.02541732788086,36.22670331615954,35.3712413561608,35.45358530680338,32488600
2023-06-27,36.107757568359375,36.26329418682154,35.77838179963324,35.98881554294487,28388400
2023-06-28,36.47373580932617,36.51948167377948,35.75093928433231,36.071163825691244,32903200
2023-06-29,36.89460372924805,36.89460372924805,36.41426342204204,36.61097378239864,28435800
2023-06-30,37.132484436035156,37.32004702006166,36.8717291659346,37.14620784653743,35970600
2023-07-03,37.21940612792969,37.49846045787854,37.08216503477301,37.223981761751176,19539800
2023-07-05,37.01354217529297,37.38408818246037,36.80310493472942,37.37493691625216,32557400
2023-07-06,36.18095397949219,36.86715240511075,35.9064753072819,36.6109727764059,41967800
2023-07-07,36.958648681640625,37.30174790428097,35.97509687870114,36.00254369965292,48916000
2023-07-10,37.24684524536133,37.32004141061931,36.83512554124831,36.86257584831269,30925000
2023-07-11,38.06571578979492,38.12518506700329,37.3429192351738,37.41611541344799,39642000
2023-07-12,38.4179573059082,38.632963176391456,38.18007327233195,38.37678359271094,43077600
2023-07-13,38.271575927734375,38.65584537809731,37.91474980787284,38.41796478837536,53226400
2023-07-14,37.26057815551758,38.061143093704025,37.169086415799306,38.02454849192841,43988200
2023-07-17,37.187381744384766,37.34749401797938,37.01811820362143,37.12791246853128,32445800
2023-07-18,37.56249237060547,37.951337346392435,37.04098198139758,37.100451239751195,43209400
2023-07-19,37.782081604003906,38.03826470909422,37.48015612789257,37.56250007413848,37521000
2023-07-20,38.22582244873047,38.303594249262616,37.905597941311164,38.09315701274665,35449800
2023-07-21,38.56435012817383,38.58264568017108,38.12060795325381,38.367639787441824,31529000
2023-07-24,39.18650436401367,39.47013079789955,38.747334323456236,38.761061222999366,44539600
2023-07-25,39.39236068725586,39.62109347327398,38.930319482247356,39.168203534209994,33606600
2023-07-26,39.40608596801758,39.561626084795385,39.01266527816169,39.06756240588071,32788000
2023-07-27,39.154483795166016,39.78121299992743,39.04469301505263,39.62110071847334,35550600
2023-07-28,39.27341842651367,39.282569692403484,38.70158646488655,39.12702958394454,34627800
2023-07-31,40.01908874511719,40.133455135176156,39.50215042833207,39.61651681839105,36266400
2023-08-01,39.83152770996094,39.945894104383726,39.401508950071936,39.85897452776309,35766000
2023-08-02,39.31001663208008,39.762906569846784,38.976065229768665,39.56162409205343,45920000
2023-08-03,39.7080078125,40.06483035320421,39.20022081528714,39.415230164220404,41630600
2023-08-04,39.76291275024414,40.366767257852686,39.71716688409828,39.99164557115928,43208200
2023-08-07,39.80865478515625,40.069410036296674,39.68971624266099,39.987069579270205,26821600
2023-08-08,40.00536346435547,40.02366250632714,38.87085078359496,39.163628474770924,37237200
2023-08-09,40.508575439453125,40.8791214143515,40.14260160707525,40.394209053108185,52085600
2023-08-10,40.504005432128906,41.030091580417924,40.229526764817216,40.56805033816212,39226600
2023-08-11,41.12615203857422,41.171897893752494,40.476551820561646,40.485699595523286,46689200
2023-08-14,40.95231246948242,41.12157597105526,40.67783385113092,41.01178522175166,30189400
2023-08-15,40.1014404296875,40.714442723493555,40.02824425062569,40.66869685667288,44982400
2023-08-16,39.753761291503906,40.57719727642871,39.72631098220987,40.14260635301164,37995400
2023-08-17,40.229522705078125,40.7784799843038,40.170049948202085,40.3118666459805,40464200
2023-08-18,40.62751388549805,40.677835374602054,39.86812289661193,39.99621269062753,35307200
2023-08-21,40.371334075927734,40.95688941117729,40.092279816131445,40.79220153686522,30488400
2023-08-22,40.06026077270508,40.56347221356881,40.03738609758997,40.42165900037427,25732800
2023-08-23,39.95962142944336,39.99621951688986,39.28257426261169,39.62567347950477,38798600
2023-08-24,39.685142517089844,40.10601004965534,39.57077611214146,39.598222932469646,33455000
2023-08-25,40.06941223144531,40.27069822236528,39.575352011292395,39.92302337173598,38036800
2023-08-28,40.33930969238281,40.64123512068047,40.1060012999358,40.174621825971386,25718200
2023-08-29,40.44910430908203,40.49027802471583,40.046535869449215,40.48570239182646,27019400
2023-08-30,40.650386810302734,40.723579479369796,40.471975534857116,40.632087770489726,27890200
2023-08-31,40.67783737182617,40.86997207228312,40.3850596882198,40.80135502939513,29617400
2023-09-01,41.510433197021484,41.55617906518912,41.11701244844496,41.1261637161901,35764200
2023-09-05,41.730018615722656,42.15546182475876,41.702571792619054,41.74374202727446,48737400
2023-09-06,41.74831008911133,41.972467247568495,41.44180549590697,41.647667102404114,40324200
2023-09-07,41.7071418762207,42.045668965311826,41.633949188164436,41.83065955445786,30729200
2023-09-08,42.10970687866211,42.411632338274266,41.88097409494355,41.90384527920422,34739000
2023-09-11,41.556175231933594,42.54430264609989,41.38691518630774,42.416212830971446,44095000
2023-09-12,42.535152435302734,42.58089829663283,41.92672235807448,42.0044906713542,53599400
2023-09-13,42.21492385864258,42.66324167010149,41.99534233113305,42.57632209161186,36315400
2023-09-14,42.708988189697266,42.859952673554936,42.52600125382605,42.65409106188025,37099800
2023-09-15,42.09141540527344,42.7318680128773,42.09141540527344,42.31557259636972,49612800
2023-09-18,42.44810104370117,42.65087238197634,42.13472875543082,42.52644323678356,33746600
2023-09-19,42.05177688598633,42.82599056271664,41.802922113186504,42.766082447686244,36264400
2023-09-20,41.660064697265625,42.319068062588336,41.63241182147394,41.844401966799296,35930400
2023-09-21,41.08861541748047,42.0425568472864,41.01948851353561,41.94577707219937,43446200
2023-09-22,41.15774154663086,41.67388514572901,41.12087690922005,41.39738102747453,42067400
2023-09-25,41.67388916015625,41.738406676765884,41.047144556570395,41.047144556570395,35073800
2023-09-26,41.43425369262695,41.68310496499512,41.24991642173783,41.31443393915787,33460000
2023-09-27,42.46653366088867,42.586353403561525,41.76605279781425,41.950390052093866,46289400
2023-09-28,42.51261520385742,42.761469958670915,42.18541826214168,42.28219452524573,48462800
2023-09-29,41.655452728271484,42.614003657945894,41.49876834419779,42.44810047719683,48369200
2023-10-02,40.82593536376953,41.71075346808589,40.54482536216258,41.60014900758345,50599800
2023-10-03,40.798282623291016,40.876624806028,40.397352914025056,40.729155720194704,41466600
2023-10-04,39.517154693603516,40.25910971606484,39.13004955976697,40.18998279475367,59572400
2023-10-05,39.27290344238281,39.61853448157402,38.95031236290657,38.95031236290657,47037000
2023-10-06,39.507938385009766,39.8673941473587,38.830500902456215,39.27290826503501,51481000
2023-10-09,40.82593536376953,40.996447936755324,40.27753652319263,40.567865321145106,61489000
2023-10-10,40.87662887573242,41.14852711739751,40.63238350762321,40.862804196924834,41700600
2023-10-11,40.35127258300781,40.49874169301653,39.885825292132715,40.457267653923886,47145400
2023-10-12,40.39735794067383,40.816721777342984,40.208411283095955,40.77985362231207,39986400
2023-10-13,41.28678512573242,41.48494709614745,40.881245902624585,41.05636439343315,48511800
2023-10-16,41.563289642333984,41.68771528125685,41.16696573177806,41.55407084481906,38365200
2023-10-17,41.99647521972656,42.12551376420575,41.411208192873076,41.47111630871136,40424000
2023-10-18,42.37897491455078,42.55409338160737,42.07021201897434,42.16698829150095,47616800
2023-10-19,42.30523681640625,42.65547370662438,41.83056727835037,42.23150051366111,63297000
2023-10-20,41.59554672241211,42.388194511522286,41.45268349422722,42.231506603564235,46549600
2023-10-23,40.92271423339844,41.36051211965365,40.73376758787446,41.35590272158365,51888200
2023-10-24,40.3466682434082,41.05636094525705,40.33284004724089,41.024102186082104,44271600
2023-10-25,40.27293014526367,40.581693043122044,40.07015880174312,40.37431581702395,41412600
2023-10-26,39.959556579589844,40.14389383912215,39.56323270217466,39.904254346947916,44770400
2023-10-27,39.001007080078125,40.070159005638,38.867362649890524,39.91808401316465,53809400
2023-10-30,39.130043029785156,39.42037183171279,38.752149725138686,39.139258310316215,45530600
2023-10-31,39.25907897949219,39.34203056999237,38.784412912273694,39.176127388992015,37205600
2023-11-01,39.16691207885742,39.71992390340013,39.11161335756191,39.5079372679048,46082600
2023-11-02,40.35127258300781,40.38814073949522,39.0378752726269,39.26368657821567,45323000
2023-11-03,39.94573211669922,40.4065735100548,39.701486740771294,40.277538482465765,47235000
2023-11-06,39.49410629272461,40.263714097365884,39.37889594354404,40.263714097365884,41035400
2023-11-07,38.61851501464844,39.04709770487669,38.448002411975686,38.97797078401254,47550200
2023-11-08,38.13462448120117,38.72450088947769,38.12079980224793,38.471040238139885,50742000
2023-11-09,38.01941680908203,38.503301702119465,37.99637333191226,38.4157407080035,38232200
2023-11-10,38.43878936767578,38.5309562568993,38.07472417814239,38.44800465022155,34565600
2023-11-13,38.71528244018555,38.793624625135855,38.37886671078064,38.49868644513669,28447400
2023-11-14,39.060916900634766,39.171517848921255,38.798237450991394,38.862754963820244,34724000
2023-11-15,38.9871826171875,39.480282785684636,38.93188389814094,39.00100729694914,33043600
2023-11-16,38.2267951965332,38.76598234152853,37.8396900831428,38.61851322462631,53166000
2023-11-17,39.028663635253906,39.28673372287777,38.46182710314721,38.55399750297091,48850800
2023-11-20,39.083953857421875,39.420369590701945,39.07473857741469,39.18994891517711,29093800
2023-11-21,38.996395111083984,39.06551849871933,38.623111238151296,38.89961885245414,26973800
2023-11-22,38.97796630859375,39.01022506583426,38.000981278545424,38.21757729827781,36547200
2023-11-24,39.139259338378906,39.42958814793255,38.941097400319535,38.96414087616348,19152600
2023-11-27,39.001007080078125,39.07013399444287,38.63694194596865,38.93648956425527,24501800
2023-11-28,39.010223388671875,39.36967910130952,38.93648708046893,39.07935029862697,28921800
2023-11-29,38.719886779785156,39.305157234489336,38.59546116840523,39.25446440720188,45268000
2023-11-30,38.97796630859375,39.53558397857455,38.512515511888466,39.05169910402599,58364600
2023-12-01,39.18073272705078,39.64618350705412,38.75675949969166,38.93188147494835,43048000
2023-12-04,39.001007080078125,39.24525597962568,38.715287657417186,38.895015525200975,37070200
2023-12-05,38.31896209716797,39.051698216088,38.29591862140262,38.977965422332254,37747200
2023-12-06,37.74752426147461,38.337400745615426,37.60005162449822,38.0701118650075,62306600
2023-12-07,37.48944854736328,38.11158375675338,37.35580411460021,37.92264060418558,40908800
2023-12-08,37.894996643066406,38.01020701366124,37.659966502589334,37.73830871076786,34127200
2023-12-11,37.941070556640625,38.06549617861085,37.75212390867997,37.92724587819289,29344200
2023-12-12,37.42032241821289,37.63231256839018,37.208335783976665,37.59083501172382,45386600
2023-12-13,37.941070556640625,37.954895235088365,37.268242583306204,37.44336103687853,46445600
2023-12-14,39.056304931640625,39.10699776208968,38.323568863052444,38.323568863052444,60717400
2023-12-15,38.848934173583984,38.922666974508765,38.5263430612074,38.70607093864161,46366400
2023-12-18,39.166236877441406,39.738517735876464,39.129014607848184,39.53845247395164,42447200
2023-12-19,39.63615798950195,39.67803038021544,39.15227913733945,39.24067758986047,36862400
2023-12-20,39.26859664916992,40.00837062710214,39.22207058667229,39.77573676490292,39818200
2023-12-21,39.42213821411133,39.48262174401407,39.05457626383029,39.3476936698822,26062800
2023-12-22,39.53845977783203,39.882756960893346,39.4779726911416,39.70595292252029,25037800
2023-12-26,39.87809753417969,40.09212026842514,39.75247680636365,39.87344386286468,25983400
2023-12-27,39.701297760009766,40.01302629901325,39.55706234443063,39.87809822622565,20238200
2023-12-28,39.09645080566406,39.65012059722572,39.08249334028208,39.49658137860101,26198000
2023-12-29,39.00804901123047,39.26860138210071,38.891732066111516,39.2313791077319,24345400
2024-01-02,39.42679214477539,39.78970045867405,39.2267268499708,39.28256026353659,39301800
2024-01-03,40.06886291503906,40.21309479245598,39.28721289438827,39.48727818389149,37936000
2024-01-04,39.36630630493164,40.52947572996871,39.34304149654635,40.35732537716713,42049000
2024-01-05,39.39887619018555,39.76178449466432,39.21742203794616,39.74317335729214,34029200
2024-01-08,38.94291687011719,38.989446493984694,38.198489034492034,38.72889408923195,47218600
2024-01-09,38.3194580078125,39.03597087786129,38.23570965807403,38.99409492813617,33750400
2024-01-10,37.942588806152344,38.407856585260475,37.78904958711592,38.39389557012961,33159800
2024-01-11,38.04029846191406,38.24501389162664,37.88675922734578,38.14730807409549,38588600
2024-01-12,38.46834182739258,38.7800704013111,38.23570792750503,38.62653117545454,38769200
2024-01-16,37.551761627197266,38.43577110806024,37.52850036831567,38.38459136892476,36031200
2024-01-17,37.240028381347656,37.612240423988666,37.08183551219923,37.16558384299287,39284200
2024-01-18,37.17955017089844,37.28190610120122,36.74685099156366,37.24933749844318,35705600
2024-01-19,37.30051803588867,37.305171707728306,37.0306618645749,37.16093982810371,39940200
2024-01-22,37.440101623535156,37.52384997218455,36.97948748081935,37.22142518263331,30136800
2024-01-23,37.519187927246094,37.82161264930751,37.3237763405766,37.379606194075926,24709200
2024-01-24,38.054256439208984,38.07286757847102,37.5378088612511,37.71460935967263,33841000
2024-01-25,38.910343170166016,38.92430418532603,38.096124555026606,38.32410832305789,37609400
2024-01-26,39.19881057739258,39.212768042878764,38.58465724802011,38.868470878610786,36469600
2024-01-29,39.14297103881836,39.198804441735156,38.733536733227915,39.13832091752514,29680600
2024-01-30,39.547760009765625,39.557063803189045,38.60792068670065,38.756806229454845,35341200
2024-01-31,38.80799102783203,39.622209722436374,38.78937988884709,39.547765166496596,38580800
2024-02-01,38.80333709716797,39.22207884726024,38.44507888609,39.04062468050555,51101400
2024-02-02,38.85915756225586,39.166235954598,38.53347158526655,39.129013685881816,38075000
2024-02-05,38.76145553588867,38.994089413405156,38.342717396128016,38.62187733920555,31593600
2024-02-06,38.88707733154297,39.26859672429109,38.72423433763421,38.95221452910648,28056200
2024-02-07,38.9661750793457,39.166240359054974,38.64979285910107,38.99874368070715,26920400
2024-02-08,39.36630630493164,39.51053817772859,38.933607136829394,38.94291093035668,36201000
2024-02-09,38.76145553588867,39.60824270806022,38.719583141797116,39.44074603227145,38073400
2024-02-12,39.18950271606445,39.30116597807561,38.89638177243241,38.89638177243241,25893800
2024-02-13,38.79402542114258,39.36165266902957,38.54278039914122,39.22672458963746,41156800
2024-02-14,38.756805419921875,39.198808367384736,38.55208647176917,39.07783775713893,40894600
2024-02-15,39.83622741699219,39.947890686952746,38.71493039667172,38.74749899831485,43364400
2024-02-16,39.812965393066406,40.12934763817322,39.69664844339054,39.99907322249011,26960800
2024-02-20,39.45005416870117,39.87809966001042,39.39887443064122,39.854838401617656,28995600
2024-02-21,40.18982696533203,40.227049237261085,39.58963114189314,39.61754962069555,28745800
2024-02-22,40.259620666503906,40.42711735224212,39.743173143763,39.93393463851932,35206800
2024-02-23,39.994422912597656,40.12469733923191,39.61290342757797,39.868802158260884,28952400
2024-02-26,40.13399887084961,40.399201358003864,39.74782576946545,39.947891052737006,23376400
2024-02-27,39.961849212646484,40.34336864904004,39.757130254192376,40.171218293093496,26317400
2024-02-28,39.88275146484375,40.31545060746341,39.72455858650511,40.01302586482194,26679600
2024-02-29,40.07817077636719,40.208445201411855,39.85484420477972,39.966507490573456,27335400
2024-03-01,40.543434143066406,40.729541965366025,40.29684278714679,40.36663366422307,32459600
2024-03-04,40.11073303222656,40.627180528111516,40.0735107596178,40.52016738178913,33198000
2024-03-05,40.40850067138672,40.66905300774108,39.99906635670271,40.05024608975209,32174200
2024-03-06,40.53413009643555,40.96217560025613,40.44572808270967,40.74815284834584,28008800
2024-03-07,40.8784294128418,41.10640964215432,40.557393493199534,40.58996209738704,24569200
2024-03-08,41.02265548706055,41.03196282963145,40.720230748306435,40.82259021831962,28252000
2024-03-11,41.44605255126953,41.460010015993994,40.72488610967448,41.0319645324578,24983800
2024-03-12,41.38092041015625,41.55772090114034,41.16224397016621,41.441403947929615,23780600
2024-03-13,42.04159927368164,42.26957950491682,41.74382816153849,41.81361904244646,42725200
2024-03-14,42.47429275512695,42.492903890843266,42.046247282785224,42.20909028316401,35946000
2024-03-15,42.599918365478516,42.906996815418225,42.34402320690701,42.44172901833012,37753400
2024-03-18,42.7471923828125,42.89728113208504,42.414183082189,42.77064520361054,30496800
2024-03-19,43.23497772216797,43.26780952121618,42.71435663840509,42.74249715804707,28545800
2024-03-20,43.174007415771484,43.32878385941404,42.92073199199565,42.98639559315258,32659400
2024-03-21,43.43197250366211,43.521088928573185,43.11303346431504,43.24905195240109,23334200
2024-03-22,43.33816909790039,43.55861273472595,43.230291130246016,43.45073476707157,17948800
2024-03-25,43.74152755737305,44.032322462827565,43.47886959252677,43.488252151127156,35074400
2024-03-26,43.403831481933594,43.88223824624954,43.31940633783101,43.7837428411962,35373800
2024-03-27,43.80720138549805,43.81658036789133,43.23498684274896,43.31002943709065,33960000
2024-03-28,44.280914306640625,44.36064817020761,43.854097310373874,44.06515837943895,34615200
2024-04-01,44.609230041503906,44.740557240293086,43.976043288257344,44.41223924332014,42899000
2024-04-02,45.233036041259766,45.27993809921791,44.60453701374816,44.801527804210956,38671200
2024-04-03,45.54259490966797,45.60357080881576,45.251799987816675,45.401888728307036,29148800
2024-04-04,45.51445388793945,45.777108286306174,45.33622462881886,45.61294928732697,36941200
2024-04-05,46.00224685668945,46.185167409927914,45.42534109604641,45.70206935504695,31194600
2024-04-08,45.71144485473633,46.15702337177231,45.63171099471018,46.02569259370842,34034600
2024-04-09,45.725521087646484,46.03038988577807,45.39251176545294,45.90844165084578,35322800
2024-04-10,45.86623001098633,46.03508030901162,45.40189348061589,45.59888430217932,39199600
2024-04-11,45.833396911621094,46.030387727615334,45.186136261357,46.01162618632091,39204600
2024-04-12,45.087642669677734,46.4196835280568,44.871890303697676,46.12419371376377,46572400
2024-04-15,44.66551208496094,45.519142406269516,44.6092274694118,45.30338650252994,48690800
2024-04-16,44.276222229003906,44.78746078096532,43.96197448173967,44.58109099535786,36497600
2024-04-17,44.14958572387695,44.62330480595402,43.83533795528247,44.182417526888344,27421000
2024-04-18,44.01356506347656,44.42631179916889,43.85878861598991,44.299672294936755,25555600
2024-04-19,44.5435676574707,44.843745142435615,44.03232553006623,44.09798913125243,35451400
2024-04-22,44.83436584472656,45.139234631496606,43.95728614576434,44.30905699702251,30244400
2024-04-23,45.08294677734375,45.08294677734375,44.41223697909504,44.62798930587746,28657400
2024-04-24,45.11578369140625,45.16737703392193,44.58578000527206,44.80153235652037,21303800
2024-04-25,45.322147369384766,45.458165837814576,44.67489040295095,45.064184270002045,26500200
2024-04-26,44.90471649169922,45.08294932968651,44.4450712933482,44.914099050750025,32366600
2024-04-29,45.2095832824707,45.30807867783148,44.7452468247991,44.773387343931425,22236400
2024-04-30,43.86347961425781,45.106404037702596,43.844721650678224,45.02667016809551,35399000
2024-05-01,43.16462707519531,43.94321492664413,42.93011317946708,43.80250515784796,50943800
2024-05-02,43.4132080078125,43.70869778465873,43.206838228209484,43.45542236667531,34616800
2024-05-03,43.41789245605469,43.49762630331975,42.845678110463574,43.45072425071661,38087800
2024-05-06,43.76028823852539,44.20117186736656,43.5539148941332,43.5539148941332,33445600
2024-05-07,43.718082427978516,44.041712767053696,43.70401216600103,43.82126912034441,20942200
2024-05-08,43.66648864746094,43.877553310218595,43.39914293735315,43.464806544860444,19811800
2024-05-09,44.25277328491211,44.25277328491211,43.71339058618339,43.71339058618339,22489400
2024-05-10,44.00887680053711,44.49197483419586,43.89161985728409,44.34657736964946,20568400
2024-05-13,43.89162063598633,44.27622327354372,43.704008807773405,44.11206426575666,20978000
2024-05-14,43.94790267944336,43.98073448174774,43.62896363774451,43.80719648888091,24911600
2024-05-15,44.0463981628418,44.126132022327745,43.20683805249564,43.85409506577804,38792200
2024-05-16,43.9244499206543,44.26683817750575,43.807192982039844,43.94789916133852,24580200
2024-05-17,44.53887939453125,44.60923428010968,43.99011772813609,44.00418798957216,29001600
2024-05-20,44.24807357788086,44.65612898426271,44.14019920571853,44.55763359204589,20134600
2024-05-21,44.03232955932617,44.49666966814478,43.99949775572873,44.13551625017475,22467600
2024-05-22,43.188072204589844,43.872852228753295,43.01453066443435,43.85409069102858,34868000
2024-05-23,42.79409408569336,43.5539203853369,42.71905150088796,43.40383163732808,26931400
2024-05-24,42.85506820678711,43.23967083122504,42.73311998584887,43.12710159109842,19041400
2024-05-28,43.295955657958984,43.408524907926754,42.897282738251455,43.00516070820436,28904200
2024-05-29,42.53144073486328,43.21152960851071,42.3391376206441,43.17401010436876,30053600
2024-05-30,42.65338134765625,42.808157773300124,42.42355519193518,42.43762902917323,22731400
2024-05-31,43.71338653564453,43.746218336260654,42.68621815728408,42.72842893876287,32503000
2024-06-03,42.56896209716797,43.582060236022755,42.25471076659174,43.56798997523835,40796600
2024-06-04,42.16090774536133,42.19843082736666,41.60276353032575,42.12807594320618,34721400
2024-06-05,42.156219482421875,42.278167718467394,41.89825632656973,42.212504109457875,21040200
2024-06-06,42.37665557861328,42.39072583826477,41.851346800170106,42.01081451408388,25506600
2024-06-07,42.20780944824219,42.70029005476201,42.00143965577126,42.29692587264433,20089800
2024-06-10,42.52674865722656,42.780024092023794,42.20780961841502,42.36728092701981,22543800
2024-06-11,42.44232177734375,42.48922383852271,41.949844767367786,42.33913509571129,18591200
2024-06-12,41.98735809326172,42.808156567553205,41.77629705980286,42.794086309108934,32560600
2024-06-13,41.60276412963867,41.99205805965634,41.391703052514835,41.87480111049907,28495600
2024-06-14,41.29320526123047,41.60276172837136,41.11966369827103,41.55585966709521,25811400
2024-06-17,41.40107345581055,41.58868525126936,41.08682575599553,41.2369144766831,29547800
2024-06-18,41.57461929321289,42.099931659155196,41.47143261611728,41.6684234114465,29285800
2024-06-20,42.339134216308594,42.55489013436669,41.565241276935055,41.69656847686759,34073800
2024-06-21,42.09524154663086,42.56896058715715,42.0342692259286,42.45170364691584,39972600
2024-06-24,43.15666580200195,43.32214309583251,42.25835585489175,42.329275725714695,31188200
2024-06-25,43.25594711303711,43.26067606577407,42.88243920376615,43.11883634073759,27666600
2024-06-26,42.83043670654297,43.30323103746214,42.62713860709683,43.30323103746214,23127400
2024-06-27,42.929725646972656,43.10465723659523,42.68859953406643,43.05737852607925,15631600
2024-06-28,43.0952033996582,43.411974731361354,42.939180406860736,43.260680691806535,25670000
2024-07-01,43.11883544921875,43.58217541524181,42.863529720846216,43.44033569313798,24563200
2024-07-02,43.08574676513672,43.5443578505828,42.81152879025315,43.534903550952826,25226800
2024-07-03,43.27486038208008,43.47343311631187,43.04792114499635,43.123566354979545,16280000
2024-07-05,42.59877014160156,43.22285853826177,42.40965168049416,43.18976307810306,23450400
2024-07-08,42.3387336730957,42.731150225376474,42.17325277197121,42.29145135441186,19595000
2024-07-09,41.9652214050293,42.42855778056294,41.795015175243925,41.91794269834094,19086600
2024-07-10,42.248897552490234,42.26308080388411,41.79028651937293,41.917942996186056,19320800
2024-07-11,42.6885986328125,42.77843070589038,41.99359042078413,42.14015550242968,22684800
2024-07-12,42.797340393066406,42.991187796296984,42.48056906338828,42.929725833073206,18117200
2024-07-15,43.445068359375,43.83748849788943,42.934449644715315,43.09993053702608,30792000
2024-07-16,43.638919830322266,43.681469590283044,43.03846898744405,43.260682908487105,24129400
2024-07-17,44.07388687133789,44.35756274051944,43.72874543229184,43.73820333864071,29435400
2024-07-18,44.154258728027344,44.68378963467564,43.870582873697046,44.026605856075676,32867600
2024-07-19,43.67201614379883,44.385933027189054,43.55854290075024,44.08334492666221,26500200
2024-07-22,43.39778518676758,43.64836556528116,43.15193015367711,43.44033493837905,21527600
2024-07-23,42.7075080871582,43.31268418712791,42.65550042789823,43.274859779096275,33103800
2024-07-24,42.712242126464844,43.095208023249334,42.419111922391195,42.82098641990608,29328600
2024-07-25,43.449798583984375,43.58690936918154,42.537305405153454,42.740607106358304,36437400
2024-07-26,43.58690643310547,43.77129591629676,43.18030305808515,43.336326038365215,23730800
2024-07-29,43.213401794433594,43.62473054640932,42.80679838854571,43.591635088122366,27156600
2024-07-30,43.88477325439453,44.021884054473475,43.156669492148495,43.208677161389986,25673200
2024-07-31,44.06916046142578,44.508859346529555,44.03606500156354,44.480492840114664,36173800
2024-08-01,42.901363372802734,44.192093687791456,42.67914942493249,43.96987973992121,42558400
2024-08-02,41.79502487182617,42.64132726428886,41.374238152547925,42.409655415639314,45836200
2024-08-05,40.873069763183594,41.218211222855,40.409733324163156,40.896710923334155,50039200
2024-08-06,41.12364959716797,41.586985988874666,40.86361129060405,41.024359620382306,31418600
2024-08-07,41.28913116455078,42.05033035133671,41.26549000436107,41.62481471786405,26126000
2024-08-08,42.177982330322266,42.23471894927609,41.407328860322366,41.407328860322366,21596800
2024-08-09,42.27254104614258,42.4522015856191,41.84702544513573,42.11651805791768,22345600
2024-08-12,42.480567932128906,42.75478949699598,41.36950202766978,42.518392342552154,28785800
2024-08-13,42.069236755371094,42.19688962423819,41.86120611722639,42.15906521600568,31386400
2024-08-14,42.315086364746094,42.504204790596326,41.98413182485864,42.149609094802365,21657600
2024-08-15,42.820987701416016,42.95809850719098,42.518399580786756,42.55622399764915,18335200
2024-08-16,42.77370834350586,42.87772368475267,42.523127898030296,42.556223360505655,17753000
2024-08-19,43.06210708618164,43.426157121679346,42.8446221340859,42.8446221340859,21762600
2024-08-20,41.92740249633789,43.005373021617196,41.90849028975506,42.96754860845153,33866400
2024-08-21,41.99832534790039,42.40492880043247,41.8801267537256,42.192169166636944,22737800
2024-08-22,42.107059478759766,42.296177921421936,41.94158219410572,42.02668531294698,19595400
2024-08-23,42.735877990722656,42.80679785964255,42.253629374909245,42.30563703830821,20734600
2024-08-26,43.11883544921875,43.497072303406306,42.8020641579387,43.208667513693435,19514800
2024-08-27,42.71696853637695,43.237041596727394,42.6413233165557,43.11884300995981,16627200
2024-08-28,42.4427490234375,42.707516323586944,42.253634161075475,42.45693588453596,17049000
2024-08-29,42.995914459228516,43.15666278854393,42.291448360614325,42.69332639817131,22498800
2024-08-30,43.15666580200195,43.17084905473965,42.46165756077914,42.560943937077475,28085000
2024-09-03,42.08342361450195,42.518393525063644,41.81865634130989,42.45220260854923,38194200
2024-09-04,41.50188064575195,42.39546153183683,41.42150648517235,42.1259689409086,30114000
2024-09-05,41.18038558959961,41.83284407622787,41.142561177333,41.79974861727821,24991200
2024-09-06,40.665042877197266,41.520799492704114,40.499565576841604,41.27021906543202,35912000
2024-09-09,40.958168029785156,41.33640490450634,40.726499837763875,40.78796179687404,32824400
2024-09-10,40.25371170043945,41.071647534008,39.90857383610347,41.01963986560646,49326800
2024-09-11,39.88019561767578,40.26788677152989,39.25137837815205,40.248974568032864,48125800
2024-09-12,40.239524841308594,40.39554783253376,39.738364016671355,40.0362231395367,31762000
2024-09-13,40.466461181640625,40.76905284305205,40.34826261021562,40.44282363163611,26195400
2024-09-16,40.92980194091797,41.18511129286856,40.6224849279885,40.80687441431934,26875000
2024-09-17,41.482975006103516,41.511345119782106,40.85416126585936,40.94398973896018,25034600
2024-09-18,41.5633544921875,42.07396966660656,41.364778116826734,41.421514739377635,28209600
2024-09-19,42.059783935546875,42.53257827422047,41.828115719594486,42.26781459884631,37806800
2024-09-20,41.9652214050293,42.06450777121508,41.50188142236155,41.88484363581158,27961600
2024-09-23,42.483394622802734,42.69313960321788,41.90182155612753,42.044829001375646,26630200
2024-09-24,42.37852478027344,42.96963028415744,42.31655160757082,42.96963028415744,34627400
2024-09-25,41.549068450927734,42.39759171866739,41.4632625229022,42.26888100816751,27633600
2024-09-26,40.73391342163086,41.27258542521659,40.60043833162062,40.724381045311596,46896400
2024-09-27,41.56336975097656,41.625339286005,40.92935947083291,40.95319586572559,30489600
2024-09-30,41.854156494140625,41.930426411668314,41.24874697568682,41.487096377961144,22806600
2024-10-01,42.807552337646484,42.97916419115975,41.425125134088766,41.47756229138022,66114200
2024-10-02,43.24610900878906,43.5178271371583,42.76464227714439,43.40818482992179,41925200
2024-10-03,44.00883483886719,44.06604000645814,43.06973758322507,43.39866093225716,44726000
2024-10-04,44.418792724609375,44.55703580804539,43.97546271115013,44.3806559491257,35945600
2024-10-07,44.57610321044922,44.90979089624763,44.42832411794735,44.57610321044922,32519400
2024-10-08,43.412960052490234,44.04697033639054,43.20321141434619,43.99930118324596,39759800
2024-10-09,43.675148010253906,43.78955471084386,43.003000915825616,43.08880685049894,31519600
2024-10-10,43.970699310302734,44.21381673332048,43.59887480270116,43.91826214775139,26047400
2024-10-11,44.24241638183594,44.39972786551605,43.87059188362723,43.95639781682334,26414600
2024-10-14,44.22334289550781,44.294848437750254,43.86581882121854,43.93255999438833,22198600
2024-10-15,42.79801940917969,43.33192339601741,42.77418665037186,43.04590483185995,37839200
2024-10-16,43.00299835205078,43.14600944695469,42.888591658281584,43.041135128948255,19877000
2024-10-17,43.20798110961914,43.35099221156604,42.95056330826876,42.998232463276594,21433400
2024-10-18,43.06496810913086,43.25088398823499,42.75988116622257,43.126941281139985,24015200
2024-10-21,42.93626403808594,43.48923643389174,42.85999411548167,43.35099333494029,21162000
2024-10-22,43.03636932373047,43.23658195729739,42.879057838675,43.093574492002475,17956400
2024-10-23,42.812320709228516,43.084038896538964,42.56443891816002,42.917195033615606,19813200
2024-10-24,42.807552337646484,43.03159771152809,42.52153015717563,42.9028906398547,17046600
2024-10-25,42.793251037597656,43.150775148975434,42.66931196423816,43.03636845167308,19104600
2024-10-28,42.52153015136719,42.55013455156423,41.84461874978127,41.882755525428585,24228000
2024-10-29,41.87322235107422,42.459563496391766,41.78265204892718,42.42619472466952,23791600
2024-10-30,41.96855926513672,42.297482573338776,41.858916950095065,42.02099641968844,19364200
2024-10-31,42.230743408203125,42.55013435663233,42.12110472487325,42.23551141436797,31623200
2024-11-01,41.96379470825195,42.9553290833688,41.87798877892601,42.80278561311415,26304600
2024-11-04,42.69791030883789,42.764647848224605,42.192610757217615,42.249812284164435,25811800
2024-11-05,42.98392868041992,43.093571001496244,42.71697852395321,42.907658765825055,20876600
2024-11-06,44.59993362426758,44.93838929834923,43.880121134579184,44.16613965551495,50053200
2024-11-07,44.39495849609375,44.57133836361648,44.05650278024468,44.57133836361648,26138000
2024-11-08,44.69050598144531,44.75724351275712,44.22333962533995,44.39971946490556,22336800
2024-11-11,44.94316101074219,45.09570447695012,44.49029861832203,44.70004361128098,20909400
2024-11-12,44.704811096191406,45.21487864633792,44.657141945480376,45.071871194204824,18500400
2024-11-13,45.05280303955078,45.238715274131515,44.2996180888825,44.83828640485703,23676200
2024-11-14,45.22441482543945,45.372190284265635,44.93839264627214,45.353121896526275,18011000
2024-11-15,45.157676696777344,45.61530708577327,44.995597221572076,45.18150945344783,28080400
2024-11-18,45.75831604003906,45.84888997436277,45.31498601786361,45.51520227462777,23892600
2024-11-19,45.467525482177734,45.73924362429925,45.25301249936916,45.39125557334998,23796400
2024-11-20,45.9251594543457,45.95853186092585,45.491365448804366,45.634376539861975,17917600
2024-11-21,46.29698944091797,46.644977533319256,46.02050326002155,46.13490995535262,33541000
2024-11-22,46.368492126464844,46.678347083543784,46.1921158925775,46.23501704019658,21555600
2024-11-25,45.45322799682617,46.59253779135595,45.343589313979564,46.35895640723125,32950600
2024-11-26,45.391258239746094,45.6105392412759,45.18150961353365,45.51520094041009,24932800
2024-11-27,45.34358596801758,45.72971078794458,45.286380809282065,45.348350336886774,15595600
2024-11-29,45.539039611816406,45.61531317195398,45.36266336861445,45.44370129856797,13636400
2024-12-02,45.05756759643555,45.60100755776893,44.65237435622411,45.5247340063807,22190000
2024-12-03,45.05280303955078,45.429395514884924,44.85735479262468,45.34835395764164,17886600
2024-12-04,43.96592712402344,45.033731301101525,43.70374135787973,45.033731301101525,32518000
2024-12-05,44.137542724609375,44.428329300549784,43.95163047270301,44.12801034829875,22662400
2024-12-06,43.389122009277344,44.05173666943292,43.30808408831755,44.04696866322261,26206600
2024-12-09,43.31761932373047,43.98499470427911,43.279482548578244,43.751413321087085,23627800
2024-12-10,43.02206802368164,43.62747391806225,42.96009848706735,43.56550438144796,23299800
2024-12-11,43.093570709228516,43.25564654972033,42.883822080899726,43.11263909697868,23147600
2024-12-12,42.745582580566406,43.09357432156214,42.70268143222464,43.0173007641678,21746200
2024-12-13,42.53106689453125,42.864754594871116,42.41189219627799,42.85045421298843,22346000
2024-12-16,41.59674072265625,42.41189528157707,41.563371950194814,42.41189528157707,25036200
2024-12-17,41.28688049316406,41.36315040466997,40.90075565578105,41.28211248715652,32011600
2024-12-18,40.06653594970703,41.36792164855863,40.06653594970703,41.17247703002731,39241200
2024-12-19,39.718544006347656,40.61950445047479,39.68994324206528,40.490797374280874,49981400
2024-12-20,40.109432220458984,40.2476752933089,39.60889708210318,39.71377138819089,35704800
2024-12-23,40.3449821472168,40.47957699662583,39.77775837653975,40.04694807535781,34445400
2024-12-24,40.686275482177734,40.76318891698023,40.1959651713323,40.46034685173843,15024200
2024-12-26,40.65262222290039,40.72472764310163,40.40266092262799,40.70069128055654,15386400
2024-12-27,40.6478157043457,41.09006058629399,40.44592345434153,40.61897500218343,20369800
2024-12-30,40.64301300048828,40.87374596193604,40.30652223617838,40.652625345784315,23545400
2024-12-31,41.17658996582031,41.291956452005536,40.65743527683511,40.73915305173987,21165000
2025-01-02,41.65728759765625,41.964934003267544,41.37848189649775,41.51307674052339,34887000
2025-01-03,42.04664993286133,42.186052777324775,41.734195534404236,41.902439082055196,22120800
2025-01-06,41.8543701171875,42.57541703800785,41.74861598201103,42.23892994193207,22835200
2025-01-07,42.27257537841797,42.59464209792954,41.907243939941296,42.16201324544848,25035800
2025-01-08,42.31584167480469,42.335070033679784,41.86398440982616,42.01300327424951,28483800
2025-01-10,42.488887786865234,43.358949826605404,42.26295918335759,42.86383156824643,34075800
2025-01-13,43.38298416137695,43.637753453873195,42.681165688719865,42.681165688719865,48896200
2025-01-14,43.849266052246094,43.88772276708538,43.243585629546985,43.30607504058519,31173000
2025-01-15,44.49821090698242,44.613577392825015,43.935795162636005,44.118459070839656,34657800
2025-01-16,44.82027816772461,44.86354289254596,44.29631913527763,44.349196205929005,25230600
2025-01-17,45.166378021240234,45.32500922169094,44.66164738448921,44.82027491750568,23899600
2025-01-21,44.935646057128906,45.18560737788868,44.70010142067019,45.051012538446166,49302000
2025-01-22,44.11845779418945,44.84912074072986,44.08961709042198,44.79624367219992,35880200
2025-01-23,44.320350646972656,44.61838470380703,44.00789990549648,44.45494915703084,29359200
2025-01-24,43.89252853393555,44.565506395782066,43.839651466169684,44.38284249550365,29156800
2025-01-27,43.43586730957031,43.82042713879438,43.133028919574535,43.743513705975836,31993400
2025-01-28,43.02246856689453,43.719479160501706,42.80615594610182,43.56565595589846,37401800
2025-01-29,43.11860656738281,43.33973086156801,42.85422488357487,42.916714299580136,20681800
2025-01-30,43.339725494384766,43.56565043231814,43.07053216988357,43.38298654608455,39092600
2025-01-31,42.12836837768555,43.3156929103624,42.02742224747955,43.219554786576026,44537400
2025-02-03,42.39274978637695,42.56580132708551,41.73900033646329,42.123556463366974,39816400
2025-02-04,43.28204345703125,43.37337724026391,42.123559647897544,42.19566507321626,40279800
2025-02-05,43.373374938964844,43.4358643482939,43.027271849745915,43.267620809766385,21772000
2025-02-06,42.57542037963867,43.6762192052486,42.34468373319517,43.57046506177177,41309600
2025-02-07,42.570613861083984,42.95998173635419,42.51293244803262,42.73405308874381,22568400
2025-02-10,43.50797653198242,43.580081964682314,42.95036509770022,42.95036509770022,25871400
2025-02-11,43.858882904052734,44.15210896682354,43.435869999655544,43.71467570973837,26226800
2025-02-12,42.80134582519531,43.796390433070755,42.72443239297581,43.49835638437163,38798800
2025-02-13,43.1234130859375,43.21955487736016,42.45524322214597,42.734048916120166,31550400
2025-02-14,43.29646682739258,43.90214730789203,43.28685448148254,43.28685448148254,25885800
2025-02-18,43.887725830078125,44.176143876633546,43.25320466068243,43.5031659897146,29574800
2025-02-19,44.233821868896484,44.64722238175447,44.04634996974393,44.070386333198016,24531200
2025-02-20,44.637611389160156,44.714521153161776,43.955021188620854,44.142493093453,28332200
2025-02-21,43.709861755371094,44.48859370146998,43.685825392538746,44.368419222176364,31276600
2025-02-24,43.719478607177734,43.95502325142854,43.48874563691031,43.786776029125264,26295200
2025-02-25,43.08976364135742,43.91175668998046,42.738856194090175,43.709864432585526,26608600
2025-02-26,42.844608306884766,43.25800885024427,42.647524048269794,43.14264236550784,24305600
2025-02-27,43.075347900390625,43.60411496477999,42.77250948188341,43.142645326725564,30048000
2025-02-28,43.74351501464844,43.77716372565464,42.66675259501566,42.935942283065245,26627200
2025-03-03,42.21489334106445,44.16172148334487,41.82552917958208,43.91175649843119,49501800
2025-03-04,41.80630111694336,42.484083316437456,41.066025837062384,41.594792846281855,50677000
2025-03-05,41.19581604003906,41.41213233476068,40.39305128152194,41.20062404679321,56510800
2025-03-06,41.320796966552734,41.575566303280226,40.67666344859526,40.998730207574,47104200
2025-03-07,42.02742385864258,42.33026226087017,41.50826916845143,41.50826916845143,44849200
2025-03-10,42.339874267578125,42.92151831884328,41.945702114347434,42.25815650021626,40045400
2025-03-11,42.003387451171875,42.69559370406981,41.777462485094695,42.51292979508151,30230200
2025-03-12,42.1956672668457,42.585031449400695,41.87360050677097,42.032231717232065,32240400
2025-03-13,41.90724563598633,42.652328893604604,41.652476320168276,42.04664847561838,30742000
2025-03-14,43.14744567871094,43.20512708108769,41.945700896741535,42.137980795343445,32023200
2025-03-17,43.83484649658203,44.03673875200107,43.113799583713245,43.113799583713245,29761600
2025-03-18,43.90694808959961,44.180949436201175,43.56084865336264,44.07999964143521,30806600
2025-03-19,44.62318801879883,44.82027225551028,43.95501821499788,43.96463055955994,31742600
2025-03-20,44.78662872314453,44.93564758682964,44.190564270707426,44.37803618451776,33163600
2025-03-21,44.47417068481445,44.74336401834922,44.19536867382487,44.63760988739993,36975600
2025-03-24,44.98090362548828,45.247350956359675,44.60303555337054,44.675703343247946,23824600
2025-03-25,45.16499710083008,45.557398002560234,45.02934883115938,45.17952991999972,22292000
2025-03-26,45.43144226074219,45.93526761966648,45.32002151269442,45.58646516379293,25564600
2025-03-27,44.990596771240234,45.46535278837485,44.81135004050471,45.29579706796963,19147800
2025-03-28,44.777442932128906,45.135932729872444,44.55459772293493,44.96637699418549,22248800
2025-03-31,45.27157211303711,45.53801944993574,44.61756938142105,44.68054985889022,28813800
2025-04-01,45.538021087646484,45.58161954650472,44.80650503315654,45.29579757122283,27121200
2025-04-02,45.60100173950195,45.63975839246633,45.043890561299975,45.15046581289521,33960600
2025-04-03,42.02093505859375,43.76494365690691,42.006402238813756,43.43067771385434,75657800
2025-04-04,38.15504837036133,40.979371690953805,38.15504837036133,40.52399400497864,100752000
2025-04-07,37.907981872558594,39.521191445046874,36.32384163653701,36.919709441557785,113906800
2025-04-08,37.03113555908203,39.278969689174296,36.44010953680092,39.07550280492476,90538400
2025-04-09,39.8990592956543,40.31083854855429,36.086459685214614,36.30930488447769,118962400
2025-04-10,37.29273223876953,38.86233950713372,36.5660617280035,38.86233950713372,79046600
2025-04-11,38.21802520751953,38.5038508719725,36.73077300024845,37.46713084623012,41916800
2025-04-14,38.35367202758789,39.12394475834739,37.970958414901276,39.12394475834739,32748200
2025-04-15,38.29553985595703,39.0076738975851,38.27616153090056,38.31975999024943,22167000
2025-04-16,38.61042785644531,39.26443432145686,38.43602662524725,38.53291825148929,27331400
2025-04-17,39.4824333190918,40.09283761756581,38.90594016519758,38.92531849010569,47908800
2025-04-21,38.4505615234375,38.95438687058526,38.0242457779846,38.857495248419845,31012000
2025-04-22,39.429141998291016,39.71980946618987,38.779984776518155,38.949540491456034,22097400
2025-04-23,39.35647964477539,40.19942022299085,39.11425610538798,39.77310442820476,43216200
2025-04-24,39.98625946044922,40.1025257161337,39.380700655371,39.724657613130915,21219000
2025-04-25,39.91358947753906,39.947500620923755,39.47274461353809,39.627767511302025,17664800
2025-04-28,40.19457244873047,40.30599320077887,39.816704339979054,39.86999381131966,16436800
2025-04-29,40.078304290771484,40.22363618168705,39.666521359750284,39.74403465840192,19843400
2025-04-30,38.99798583984375,39.49212018323495,38.518384315958535,39.433988905210995,37814200
2025-05-01,39.1433219909668,39.65683466644399,38.678249583849166,38.678249583849166,36314400
2025-05-02,39.71497344970703,39.91359483159282,38.9107895186568,39.618081815584034,32038800
2025-05-05,38.99798583984375,39.26927499338892,38.77998615517888,39.21598552450862,29530200
2025-05-06,39.00767517089844,39.346790326399955,38.789675474962806,39.17238909123637,22995400
2025-05-07,39.0222053527832,39.22082669078793,38.726692402061566,39.0948694422745,22446200
2025-05-08,39.53572082519531,40.07345730256876,39.31772114887088,39.38069792966658,30565800
2025-05-09,39.93296813964844,40.13158949657152,39.60838952221471,40.01532324627417,19993200
2025-05-12,40.97452926635742,41.599466356953414,40.67417078757905,41.41053231747525,32610000
2025-05-13,41.55101776123047,41.880441870637675,41.013284989029,41.17799519571395,29031600
2025-05-14,41.29910659790039,41.45897499436057,41.139238201440214,41.27488276957469,21332600
2025-05-15,41.4735107421875,41.49773457222412,40.674172399467174,40.775905832753395,29721600
2025-05-16,41.4105339050293,41.589776941333476,40.98906365678461,41.5655568073657,21725800
2025-05-19,40.872798919677734,41.110176939174536,40.5724404182467,41.06657478275564,24787000
2025-05-20,40.49492263793945,40.93577117857585,40.45616968723208,40.843725066566655,22782200
2025-05-21,39.74888229370117,40.33021728059192,39.7440367882664,40.252703977786375,25698400
2025-05-22,39.59385681152344,39.821543807635955,39.10456428345884,39.540567343316525,23732200
2025-05-23,39.719810485839844,39.82154391741418,39.230521652463864,39.24505447182627,23511000
2025-05-27,40.06376266479492,40.1267431359251,39.700427439796044,39.99594038514476,19028000
2025-05-28,39.55509948730469,40.3786579338348,39.45336605774773,40.25754618016641,29552600
2025-05-29,39.85061264038086,39.85061264038086,39.36616562353804,39.618076446039844,23792800
2025-05-30,39.49696350097656,39.70527585977975,39.18207221031537,39.54540746199275,31038600
2025-06-02,40.015323638916016,40.29145829610515,39.55510044227996,40.238168827521505,32031000
2025-06-03,40.49008560180664,40.741996443265705,39.66652339357517,40.044395199820315,30352600
2025-06-04,39.700435638427734,40.78559972900421,39.65199167096435,40.470708396435484,44939200
2025-06-05,39.661678314208984,40.01532256417953,39.55994488492825,39.99594424012071,27655000
2025-06-06,40.40773010253906,40.528841864703196,40.020170985198774,40.020170985198774,28556800
2025-06-09,40.48523712158203,40.90670735755695,40.247859117798136,40.56759222754253,28680400
2025-06-10,41.207061767578125,41.473509103301694,40.89701597475655,40.91639429881257,46092200
2025-06-11,41.80293655395508,41.870758845541275,41.08111148148045,41.48804523099763,48996600
2025-06-12,41.94826889038086,41.96280540676215,41.30395711357721,41.609157428905256,34028200
2025-06-13,42.679779052734375,42.90746972925598,42.12266427538013,42.73306851728356,84194800
2025-06-16,42.55382537841797,42.99467395020257,42.2340922602771,42.56351638880748,69406600
2025-06-17,42.95107650756836,43.2708096332725,42.641027000407746,42.90747435185921,67884200
2025-06-18,42.67009353637695,43.32409626080019,42.573201916735165,43.10609658467157,70473000
2025-06-20,43.10609817504883,43.22720993204139,42.713693569087425,42.83965083125019,56744800
2025-06-23,42.016014099121094,43.6765338489219,41.835312945094145,43.64723176472386,105688200
2025-06-24,41.469024658203125,41.9036896569468,41.31273692947282,41.4055318368803,65358800
2025-06-25,41.2883186340332,41.571584545431016,41.151570601249276,41.42018174390215,43723000
2025-06-26,41.87926483154297,41.96228988504895,41.27854604053762,41.38111078440288,33565600
2025-06-27,41.65949630737305,41.85484851906584,41.41041739352877,41.85484851906584,35411800
2025-06-30,41.4201774597168,41.679022455871205,41.298080482202145,41.49832131385612,26247600
2025-07-01,41.737632751464844,41.932988671965816,41.102730667467014,41.483672663086566,40772800
2025-07-02,42.45556640625,42.52394042400207,41.625308347200836,42.08927542853339,42468800
2025-07-03,42.50440216064453,42.64115018875728,42.29928011847541,42.39695621681185,22266200
2025-07-07,42.09415817260742,42.47021525077781,41.6594931996385,42.24555724320657,35673000
2025-07-08,43.22721862792969,43.38350262335595,42.0355508339892,42.04531695353268,47472400
2025-07-09,43.00743865966797,43.29070454500918,42.88046048439426,43.119769519752964,28672400
2025-07-10,43.33466339111328,43.35908055235799,42.60208148389542,42.909764543529384,28823800
2025-07-11,43.53001403808594,43.68141682727981,43.12953609208717,43.261402917317184,30171600
2025-07-14,43.051395416259766,43.44698843472372,42.821852500226186,43.44698843472372,33441600
2025-07-15,42.43114471435547,43.15396053619081,42.37742174055196,42.96837445239059,33859000
2025-07-16,42.06485366821289,42.616734447914034,41.913454592913006,42.37254046782806,35501600
2025-07-17,42.323699951171875,42.38718904089764,41.74740204270101,41.84996306122919,36085600
2025-07-18,41.98182678222656,42.85604164002162,41.81577667152462,42.66068571923372,60975600
2025-07-21,41.54716110229492,42.08438708067198,41.46413604836753,42.011128145869606,30434400
2025-07-22,41.742515563964844,41.97205847949168,41.45924967986346,41.49832160720933,32444000
2025-07-23,42.39695739746094,42.421378285777266,41.80600841602907,41.91345436285385,28046000
2025-07-24,42.69976043701172,42.75348341188924,42.09416039651588,42.28463140704364,24022200
2025-07-25,42.5385856628418,42.8169666188791,42.318812596640136,42.74370768811055,20143200
2025-07-28,43.0220947265625,43.09535366768832,42.758368500276795,42.82185759533009,23705200
2025-07-29,43.442108154296875,43.45676292322793,42.94883899064819,43.09047194814581,24552000
2025-07-30,42.82185745239258,43.19791455062988,42.553242577862704,43.17349738773913,26552400
2025-07-31,42.59231185913086,43.085584722521766,42.37253877626884,42.37253877626884,24960800
2025-08-01,41.80112075805664,42.58254441979683,41.57158156298244,42.43114162912998,42329400
2025-08-04,41.70833206176758,42.04043601988964,41.4934401694226,41.72786802708116,26509600
2025-08-05,41.762054443359375,41.82065861236568,41.19552263560279,41.69856162546343,31413600
2025-08-06,41.376224517822266,42.269975291414575,41.254127539772085,42.025781335314214,38249400
2025-08-07,41.215057373046875,42.08438729772126,41.16133440232167,41.62042025175367,35042000
2025-08-08,41.478790283203125,41.85973230217587,41.200409290407315,41.410416265751834,40736200
2025-08-11,41.14668655395508,41.74252047471133,41.07342761308915,41.56181558405598,28828800
2025-08-12,41.346927642822266,41.708333700058425,41.10761485290908,41.22971184633659,34522600
2025-08-13,41.82554244995117,41.83042737260973,41.22970857315086,41.37622644407378,25601200
2025-08-14,41.78647232055664,41.849965139539734,41.34204121819699,41.79624216629453,24944600
2025-08-15,41.78647232055664,42.26020923402557,41.65460921193031,41.80600828592802,27297800
2025-08-18,41.53739929199219,41.73275150359082,41.29808649840606,41.56670137851106,26428400
2025-08-19,41.55204391479492,41.79623786766592,41.312731158186445,41.42017709362633,25693800
2025-08-20,41.898799896240234,42.06973492217208,41.58134700459302,41.620418932264336,27967200
2025-08-21,42.18695068359375,42.279745588435574,41.71321749187015,41.82554463615868,22088000
2025-08-22,43.046512603759766,43.14907362371811,42.260207724641525,42.32858173794708,30936400
2025-08-25,43.158843994140625,43.21256696612058,42.79743423243831,42.939067183466896,23412800
2025-08-26,43.09047317504883,43.12954138166389,42.68999517993387,42.98790842013359,22855600
2025-08-27,43.573974609375,43.73025860832705,42.97814069896267,43.0269787499906,26877400
2025-08-28,43.90607452392578,43.96956361179673,43.300474549597624,43.58862163236282,24086200
2025-08-29,44.145389556884766,44.25772043264299,43.86700855516742,43.92561645462014,23745000
2025-09-02,44.20887756347656,44.287021427487005,43.69607242880001,44.02817639863533,25964400
2025-09-03,43.21745300292969,44.223534814963784,43.070938838842594,43.85724381558895,36018200
2025-09-04,43.50559997558594,43.68630113443647,43.03674798538047,43.222334067095844,25895400
2025-09-05,42.66556930541992,43.290705251475224,42.45067742667435,43.149072306493295,48182200
2025-09-08,42.56789779663086,42.99279295124298,42.191836968316146,42.807206861673684,34931800
2025-09-09,42.77301788330078,43.378617902636044,42.74859699517175,42.79743504532543,41193400
2025-09-10,43.5202522277832,43.5446731166818,42.77301923118209,42.87069533456746,29932800
2025-09-11,43.53001403808594,43.622808935388235,43.04162611730188,43.17349294253189,25176800
2025-09-12,43.27117156982422,43.90607739445962,43.261405450322535,43.710721469486856,22297800
2025-09-15,43.124656677246094,43.46652674547667,43.05139774088117,43.354195879569886,23287800
2025-09-16,43.84746551513672,43.984213532361366,43.305354642493285,43.31512448721163,41593000
2025-09-17,43.95003128051758,44.25771807864824,43.598391354713634,43.788866086277785,26044800
2025-09-18,43.81328201293945,44.077011949855034,43.48117806194623,43.989101970883176,28713000
2025-09-19,43.23209762573242,43.808395528199064,43.0806985608307,43.77420852237918,29979200
2025-09-22,43.182350158691406,43.394149224897184,42.90652021494478,43.078913929786424,22502400
2025-09-23,43.926109313964844,44.39896224715108,43.354743004343305,43.354743004343305,44214800
2025-09-24,44.497474670410156,44.911223361715315,44.18716597035726,44.23642078272896,35406200
2025-09-25,44.89645004272461,44.940778249202886,44.36941562648527,44.49255454390476,31887200
2025-09-26,45.3101921081543,45.763346151326765,44.96047805596233,44.97033127315156,40161600
2025-09-29,44.47777557373047,45.05899137635297,44.24627382281878,44.99495673841493,37674400
2025-09-30,44.004920959472656,44.18224129810316,43.66013349985861,44.088658277865896,47544800
2025-10-01,44.004920959472656,44.152689160965224,43.73894420942837,43.78819902395874,27661200
2025-10-02,43.561622619628906,44.29552948138622,43.51729065729384,43.90641006934003,31793600
2025-10-03,43.793121337890625,44.04924860307044,43.72908670316985,43.78326812121,24048000
2025-10-06,44.00984573364258,44.26105016254732,43.832525402404094,44.06895376335584,21488400
2025-10-07,44.07880401611328,44.11328276125798,43.300568946004184,43.97044117197241,25324000
2025-10-08,43.82267761230469,44.078804901682275,43.492666222446545,44.078804901682275,20024200
2025-10-09,43.226680755615234,44.29059890359593,43.182348797252985,43.91625935114216,23397800
2025-10-10,41.975589752197266,43.12324522721807,41.96081368513794,42.906519555945174,44892200
2025-10-13,42.54695510864258,42.601136530029066,42.15783569954931,42.29575443628849,22889600
2025-10-14,42.542030334472656,42.78338153652683,41.886930456710154,41.941111875646975,25084600
2025-10-15,42.51740264892578,43.054290250059175,42.20216734029567,42.81293528102885,24267000
2025-10-16,42.00514602661133,42.71935398738432,41.71946284230213,42.59128846374547,29193800
2025-10-17,42.34993362426758,42.438593785687864,42.010069045839636,42.18246276029543,24071800
2025-10-20,42.79815673828125,42.89666635731879,42.42381342171661,42.42381342171661,25352400
2025-10-21,42.699649810791016,43.014885121063145,42.48292412576593,42.91637173791478,25885200
2025-10-22,43.24638748168945,43.43355727544907,42.625766311789754,42.98532983110446,32814000
2025-10-23,43.82267761230469,44.11328364751967,43.55669710531558,44.019700627619,47308800
2025-10-24,43.37937545776367,44.03447536679916,43.34982332162417,44.01969929872941,21191000
2025-10-27,43.482810974121094,43.6601313038327,43.29071457658373,43.51728971834828,19597200
2025-10-28,43.029659271240234,43.45818401355842,43.00502998707553,43.32026528329771,22474600
2025-10-29,43.349822998046875,43.57147153324137,42.99025572679437,43.07891589245243,26807800
2025-10-30,43.09368896484375,43.65027920530188,43.034584697114425,43.335043917741984,20663400
2025-10-31,43.4089241027832,43.655201905209324,43.00995526538122,43.1971250423807,26985400
2025-11-03,43.41385269165039,43.53206498999566,42.91637045584144,43.41877930013596,22232000
2025-11-04,42.945926666259766,43.064138965478726,42.54203119918552,42.881892029177685,29477600
2025-11-05,43.05921173095703,43.53699128731007,42.896667473205774,42.95084889245619,23857200
2025-11-06,43.477882385253906,43.88670444668508,43.12324549988465,43.12324549988465,32154800
2025-11-07,44.103431701660156,44.206867933341556,43.512362689036294,43.630578746301815,35458400
2025-11-10,44.50239944458008,44.605835673667286,43.64535371935666,44.21671628353856,31264600
2025-11-11,45.0836181640625,45.39885348027524,44.73390410257341,44.768382847849765,38752800
2025-11-12,44.453147888183594,44.98510889777233,44.38911700584291,44.77823642445496,29863200
2025-11-13,44.566436767578125,44.97033224937484,44.369413756430646,44.59598890398477,32243800
2025-11-14,45.32497024536133,45.42348363224487,44.24134929495265,44.8028624475337,34179400
2025-11-17,44.497474670410156,45.285566699962594,44.32015809745229,45.27079063204122,37447400
2025-11-18,44.85211181640625,44.97032786631356,44.182235898535524,44.30537479876322,34839400
2025-11-19,44.27090072631836,44.41374231659627,43.748792936813956,44.059101645271994,41062800
2025-11-20,43.76849365234375,45.10331896082773,43.734014908504726,44.497473881483465,41630000
2025-11-21,44.0443229675293,44.23641936013223,43.37937362714214,43.842377115929295,39317200
2025-11-24,43.92118453979492,44.059099514662535,43.24145912456115,43.99506863573149,33681800
2025-11-25,43.645355224609375,43.81774894570029,43.28578795670438,43.57639773617301,29299000
2025-11-26,43.975364685058594,44.290599977876845,43.59609851516514,43.63550010834158,26611000
2025-11-28,44.55165481567383,44.74375120895379,43.93596028390442,43.9999949202652,16666600
2025-12-01,44.98017883300781,45.22645664172071,44.58120998542128,44.61568872832504,31150000
2025-12-02,44.39896774291992,44.91122609008836,44.177319194831384,44.91122609008836,33305000
2025-12-03,45.23138427734375,45.31019122381305,44.63539241767128,44.69942329654641,30174000
2025-12-04,45.42348098754883,45.497365083934355,45.073766939752,45.20675530692495,23799600
2025-12-05,45.236305236816406,45.96528919016331,45.22645577813246,45.3446680718451,22164400
2025-12-08,44.743751525878906,45.23630715478326,44.59598709194833,44.98017988122953,27891900
2025-12-09,45.019588470458984,45.39393182755485,44.78316009810857,44.82256545315055,20917400
2025-12-10,45.49243927001953,45.58109943565054,44.95062881689726,45.157501284069184,26255100
2025-12-11,45.27571487426758,45.56139805586556,45.15750256936205,45.21661060076552,25827200
2025-12-12,44.83241271972656,45.55154726140699,44.71420041828513,45.36437371306497,33161200
2025-12-15,44.51717758178711,44.93092627527498,44.152687458832105,44.93092627527498,27521600
2025-12-16,43.1577262878418,44.1822391572967,43.11832093496626,44.162540238760215,49312400
2025-12-17,44.11328125,44.21179463125377,43.40400369447914,43.47296118240615,43375300
2025-12-18,43.47296142578125,44.044324008646754,43.32519323202397,43.98521973746486,29920200
2025-12-19,43.47296142578125,43.867003679298534,43.374448043975974,43.59117372604631,31959600
2025-12-22,43.92301940917969,44.2012044267167,43.80379942448381,43.85347410227918,23707400
2025-12-23,44.21113586425781,44.260810539826196,43.93295464912701,44.08197867583216,19137500
2025-12-24,44.08198165893555,44.27075074477847,44.02237356019363,44.1316563378655,11293900
2025-12-26,43.9130859375,44.15152590660888,43.704450017045986,44.03230592205444,17884500
2025-12-29,44.33035659790039,44.44958036921491,44.002500701622665,44.22107003582953,31352100
2025-12-30,44.66815185546875,44.797309052314645,44.50919060932575,44.50919060932575,18654700
2025-12-31,44.41977310180664,44.727762163421666,44.280682490088545,44.63834622875504,16965900
2026-01-02,45.35367202758789,45.482825425154886,44.20120212894493,44.42970866687282,31935500
2026-01-05,46.58562088012695,47.01282991096521,45.45302160392687,46.85386867553247,94961000
2026-01-06,45.34373474121094,46.75451901245013,45.23444818196782,46.69490712833531,69568200
2026-01-07,44.8370475769043,45.5225671984761,44.787372901126886,45.5225671984761,42739200
2026-01-08,46.24782943725586,46.54588129062382,44.92646483101509,45.02581418549276,51451000
2026-01-09,46.36705017089844,46.57568988257353,46.20808892720098,46.446532687714665,38839900
2026-01-12,46.03919219970703,46.506142490229195,45.800748449883955,46.44653060528972,28264400
2026-01-13,46.694908142089844,47.082375922411224,46.37698566644487,46.42666034265161,50469200
2026-01-14,47.74802780151367,48.334198065427145,46.873739115182524,46.943284418533715,80750200
2026-01-15,47.30094909667969,47.75796218217059,46.963155992200576,47.3208197251708,49328800
2026-01-16,47.380428314208984,47.49965208639743,47.18172960709805,47.251274912573855,30796300
2026-01-20,47.291011810302734,47.996405855814075,47.19166245794416,47.777832732703395,50178700
2026-01-21,48.43354797363281,48.73159981856051,47.976534892081354,47.976534892081354,58996000
2026-01-22,48.59251022338867,48.681926157724746,48.105689294240065,48.30439179164633,50869500
2026-01-23,48.87069320678711,49.56615007780146,48.77134384947151,49.19855290781168,51431200
2026-01-26,48.90049743652344,49.56614641926269,48.63224964364896,49.546275791279236,40122600
2026-01-27,49.34757614135742,49.49660396484257,48.8408883633909,49.06939491344914,39840300
2026-01-28,49.7251091003418,49.81452503390222,49.23829196535106,49.645630376029686,41890400
2026-01-29,50.18212127685547,51.39420306758355,50.15231722952111,50.817970009488675,77520700
2026-01-30,50.7186164855957,50.75835774169804,49.556213169113235,50.03309687253692,74039400
2026-02-02,49.7251091003418,50.18212218745735,49.44692788034709,49.774783776778726,61479900
2026-02-03,51.334590911865234,51.443877471427115,49.69530388824132,49.91387700736509,83754100
2026-02-04,52.487064361572266,52.61621775870438,51.48361849194724,51.48361849194724,78149900
2026-02-05,51.871089935302734,52.14927495713522,51.10608775764971,51.920764613865124,54235600
2026-02-06,52.90433883666992,53.073233498294265,52.02011669067198,52.15920730375908,41669600
2026-02-09,53.291805267333984,53.37128778131812,52.63608968670435,52.86459622950644,38798500
2026-02-10,53.23219680786133,53.44083272074105,52.89440370560781,53.42096209238086,32146000
2026-02-11,54.62310791015625,54.75226510243012,53.8978470134313,53.92765106167338,57349700
2026-02-12,53.629600524902344,54.881423640863865,53.411027392606044,54.58336799139254,67427800
2026-02-13,53.997196197509766,54.22570653309593,53.46070438116699,53.58985778309928,48392100
2026-02-17,53.401092529296875,54.55356246763407,52.83479287450657,54.20583593923122,50499600
2026-02-18,54.42440414428711,54.503886657661106,53.868041710408434,54.176026974895606,59196100
2026-02-19,54.82181167602539,55.51726854059053,54.57343449510463,55.099992905877436,62513500
2026-02-20,54.52375793457031,54.93109634562031,54.15615699074515,54.64297791611461,50833500
2026-02-23,54.79200744628906,55.56694303542547,54.51382242741997,54.682720880654955,44013500
2026-02-24,54.74232864379883,54.861552418272026,54.0468755757134,54.75226585330575,42921700
2026-02-25,54.51382064819336,55.01057499218256,53.838234437173256,54.941029687218865,36207500
2026-02-26,54.69265365600586,55.308627994218725,53.768690253719086,54.01706743089435,47033500
2026-02-27,55.557003021240234,55.785513350540484,54.57343156005572,55.27882180634923,59071500
2026-03-02,56.66973876953125,57.504286252867,55.904736593978896,57.3949996863688,135633300
2026-03-03,56.15311050415039,57.34532166658233,55.68616021629697,57.01746198619125,154770800
2026-03-04,55.825252532958984,56.06369628871972,54.97083823382575,55.696099130609554,70732700
2026-03-05,56.11336898803711,56.689605833353845,55.715967795689,56.163043663338776,85177800
2026-03-06,56.20278549194336,56.96778762717139,55.80538050561314,56.779022343128695,68219000
2026-03-09,55.954410552978516,56.77902460600071,55.57687617991203,56.47103553982345,88747400
2026-03-10,55.23908233642578,56.09350042686328,55.01057578967028,55.69609921987172,88817900
2026-03-11,56.61012649536133,56.66973838302696,55.17947530080109,55.26889123733204,48743700
2026-03-12,57.13668441772461,57.842078484313404,56.689608528817374,56.75915383553338,69358700
2026-03-13,57.3254508972168,57.5539574360472,56.729343422501366,57.12674840564499,43374600
2026-03-16,57.52415466308594,57.7228533691246,56.898243127246474,57.385060262950034,39474300
2026-03-17,58.130191802978516,58.66668740533501,57.603633409888744,57.85201058246843,40137700
2026-03-18,58.05071258544922,58.58720818324884,58.05071258544922,58.3587016412086,42908000
2026-03-19,58.97467803955078,59.33234178401211,58.14013056578601,58.48785710071508,69231400
2026-03-20,58.92500305175781,59.92844518294305,58.89519521325283,59.17338022966787,73003400
2026-03-23,59.630001068115234,59.84000015258789,57.65999984741211,57.88999938964844,71027200
2026-03-24,60.84000015258789,61.470001220703125,59.77000045776367,59.79999923706055,51207500
2026-03-25,60.56999969482422,61.0,60.2599983215332,60.31999969482422,42680700
2026-03-26,61.52000045776367,61.86000061035156,60.59000015258789,60.66999816894531,54967600
2026-03-27,62.560001373291016,62.790000915527344,61.2599983215332,61.529998779296875,59553200
2026-03-30,61.959999084472656,63.459999084472656,61.779998779296875,63.130001068115234,49750100
2026-03-31,61.2599983215332,62.83000183105469,60.040000915527344,62.040000915527344,94766900
2026-04-01,58.970001220703125,60.619998931884766,58.36000061035156,59.720001220703125,96652900
2026-04-02,59.25,61.0099983215332,58.97999954223633,60.529998779296875,60400500
2026-04-06,59.68000030517578,59.689998626708984,58.88999938964844,59.11000061035156,25474200
2026-04-07,60.15999984741211,60.77000045776367,59.790000915527344,59.810001373291016,38811700
2026-04-08,58.04999923706055,58.189998626708984,56.18000030517578,56.68000030517578,88023600
2026-04-09,57.33000183105469,59.02000045776367,57.11000061035156,58.20000076293945,55088500
2026-04-10,56.939998626708984,57.47999954223633,56.400001525878906,57.16999816894531,42561700
2026-04-13,57.11000061035156,57.720001220703125,56.650001525878906,57.619998931884766,43100900
2026-04-14,55.95000076293945,56.5,55.40999984741211,56.5,58830100
2026-04-15,55.7599983215332,56.209999084472656,55.27000045776367,55.599998474121094,39551500
2026-04-16,56.58000183105469,56.880001068115234,55.77000045776367,55.84000015258789,31282600
2026-04-17,55.02000045776367,55.15999984741211,53.40999984741211,54.40999984741211,90913300
2026-04-20,55.06999969482422,55.720001220703125,54.79999923706055,55.099998474121094,35150000
2026-04-21,55.869998931884766,55.959999084472656,54.91999816894531,55.31999969482422,41299800
2026-04-22,56.540000915527344,56.779998779296875,56.130001068115234,56.36000061035156,40565500
2026-04-23,56.97999954223633,57.189998626708984,56.470001220703125,56.88999938964844,34707200
2026-04-24,56.869998931884766,56.91999816894531,56.16999816894531,56.77000045776367,36426700
2026-04-27,56.77000045776367,57.68000030517578,56.630001068115234,57.099998474121094,33070600
2026-04-28,57.709999084472656,58.04999923706055,57.380001068115234,57.720001220703125,39151300
2026-04-29,59.029998779296875,59.11000061035156,58.060001373291016,58.279998779296875,40616700
2026-04-30,59.650001525878906,59.84000015258789,57.939998626708984,58.20000076293945,35896800
2026-05-01,58.849998474121094,59.599998474121094,58.2599983215332,59.060001373291016,35828400
2026-05-04,59.38999938964844,59.630001068115234,58.220001220703125,58.72999954223633,36883000
2026-05-05,59.45000076293945,59.7599983215332,58.88999938964844,59.22999954223633,27041400
2026-05-06,57.0,57.88999938964844,56.65999984741211,57.290000915527344,57907500
2026-05-07,55.95000076293945,56.150001525878906,55.130001068115234,55.869998931884766,52909900
2026-05-08,55.70000076293945,56.22999954223633,55.459999084472656,55.849998474121094,30555600
