Price,Close,High,Low,Open,Volume
Ticker,XLF,XLF,XLF,XLF,XLF
Date,,,,,
2018-01-02,23.884143829345703,24.029570271398324,23.772936141488994,24.029570271398324,55436100
2018-01-03,24.01245880126953,24.02956817687616,23.849922996286285,23.92691355487625,56906200
2018-01-04,24.234874725341797,24.414519898045373,24.106557677204837,24.149329482703894,62247000
2018-01-05,24.30331039428711,24.363191574151788,24.149329285126637,24.363191574151788,37989500
2018-01-08,24.269094467163086,24.320420962188116,24.18354922102813,24.27764752330071,44252100
2018-01-09,24.45728874206543,24.585605774664764,24.328971709466096,24.371743509786008,51418700
2018-01-10,24.6626033782959,24.76525801273599,24.491512864775764,24.53428630897583,64670900
2018-01-11,24.782358169555664,24.808022228216476,24.64548645331046,24.765250428754683,42361700
2018-01-12,25.004777908325195,25.02188728267612,24.773806249506954,24.92778735538578,44537500
2018-01-16,24.936342239379883,25.261413828054202,24.799470506771673,25.218640391839287,67563800
2018-01-17,25.124542236328125,25.192978103015975,24.799470645831015,25.004778245894563,54312000
2018-01-18,25.0903263092041,25.218643369721335,25.05610918783148,25.210088681468193,49247400
2018-01-19,25.269968032836914,25.278521088276843,25.124541615762237,25.175868106600436,60727800
2018-01-22,25.47527503967285,25.483829726555,25.244303388773876,25.278520504662787,46868900
2018-01-23,25.500934600830078,25.5437080304305,25.295627033666555,25.415389373268734,60862000
2018-01-24,25.67202377319336,25.73190494000235,25.466716216288482,25.620697291876997,66371000
2018-01-25,25.62070655822754,25.77468605786705,25.535161304001132,25.77468605786705,45423700
2018-01-26,25.808897018432617,25.81745170443591,25.57792539126223,25.697689363668832,33871900
2018-01-29,25.706249237060547,25.94577561377275,25.689141492155354,25.826013241236623,41037700
2018-01-30,25.37261962890625,25.680581820397,25.37261962890625,25.518046038039145,67316900
2018-01-31,25.44106101989746,25.569378083695693,25.35551576681864,25.44106101989746,49504500
2018-02-01,25.680585861206055,25.70624829344181,25.38117830921637,25.38973299717492,60824200
2018-02-02,25.11598777770996,25.697693465672803,25.098878402972282,25.629255966722084,73086000
2018-02-05,23.849918365478516,24.987665516171393,23.610393680052358,24.577050371178373,147871500
2018-02-06,24.28619956970215,24.346080745991962,23.242552248954755,23.302433425244566,159006400
2018-02-07,24.30331039428711,24.645489730399397,24.140774597768857,24.24342921442243,102699400
2018-02-08,23.23399543762207,24.38885195014316,23.216886065492385,24.346078519818953,135270500
2018-02-09,23.678829193115234,23.858472704571728,22.891816027506856,23.584729278558296,149504900
2018-02-12,24.01245880126953,24.251985164842743,23.70449656690967,23.918358867072936,83571800
2018-02-13,24.115110397338867,24.166436886078515,23.807148201621672,23.875584063821087,43365500
2018-02-14,24.688262939453125,24.696817626731992,24.01245732918047,24.09800257032938,57379700
2018-02-15,24.82513427734375,24.927787259776082,24.551390815337875,24.893570142845217,66976000
2018-02-16,24.790916442871094,25.004778734403743,24.671154081737544,24.705371199930074,47508200
2018-02-20,24.713926315307617,24.987669792146885,24.636935758491596,24.739590378126234,58236100
2018-02-21,24.748144149780273,25.15020466255233,24.69681765768251,24.72248008791151,44578800
2018-02-22,24.5428409576416,24.944901542623704,24.48295976749959,24.808029784687665,47602700
2018-02-23,24.910680770874023,24.910680770874023,24.611273232371147,24.619827919944353,41187300
2018-02-26,25.28707504272461,25.28707504272461,24.927786353987265,25.090322140512168,55124200
2018-02-27,25.047548294067383,25.466718124782652,25.03043892179993,25.30418235152096,72752100
2018-02-28,24.696813583374023,25.269964484103866,24.696813583374023,25.175864571082112,65254700
2018-03-01,24.269094467163086,24.90212667793799,24.132221094363242,24.705372122335632,82467900
2018-03-02,24.328975677490234,24.39741154814765,23.858477639035605,24.0980040021565,78991200
2018-03-05,24.6711483001709,24.808020004145376,24.13221453808691,24.140769223540243,58952100
2018-03-06,24.7738037109375,24.825131828730683,24.517169648529887,24.808022456132957,49746100
2018-03-07,24.731033325195312,24.782359814283755,24.44018050096137,24.465844561325426,41530200
2018-03-08,24.808029174804688,24.84224792926749,24.54284035427805,24.790919797573288,50803000
2018-03-09,25.406837463378906,25.423945204350147,24.970558251640448,25.073211224026217,54595700
2018-03-12,25.32129669189453,25.500940241030673,25.27852325283364,25.406841938376445,51784500
2018-03-13,25.03900146484375,25.46672611590713,24.979120274757285,25.441062049452906,47049400
2018-03-14,24.756696701049805,25.150202492580398,24.67970615372606,25.150202492580398,57278900
2018-03-15,24.76525115966797,24.902122879952756,24.688260613052822,24.85079476111625,47451600
2018-03-16,24.786714553833008,25.02711114600843,24.786714553833008,24.821056222324227,61278200
2018-03-19,24.606414794921875,24.838227191778937,24.37460239806481,24.75237056654533,52145000
2018-03-20,24.666519165039062,24.76954746465389,24.606420005921773,24.700862477437095,37146500
2018-03-21,24.657934188842773,24.984189117578737,24.572079180040035,24.709449159219602,53291400
2018-03-22,23.747852325439453,24.426117877948506,23.66199569837035,24.331675424414602,85160300
2018-03-23,23.02666664123535,23.807959085991698,22.9837391327637,23.77361740673027,89289500
2018-03-26,23.773611068725586,23.84229604651662,23.26705874342457,23.49028533064019,84145000
2018-03-27,23.309988021850586,23.95391035194358,23.121104727885143,23.850883696173035,78827400
2018-03-28,23.3529109954834,23.584721728567754,23.052413659910368,23.370081008526835,84244500
2018-03-29,23.670581817626953,23.833709247318147,23.35291442239455,23.45594106608869,58290000
2018-04-02,23.14685821533203,23.69633966126249,22.794847508409507,23.670582181153886,74363900
2018-04-03,23.46453094482422,23.51604427556729,23.08676269835676,23.292817658908305,75160400
2018-04-04,23.71351432800293,23.782199312774832,23.0266628427047,23.043834498292476,70327000
2018-04-05,23.90239715576172,24.07411043309767,23.825126344718463,23.928154638635863,45378300
2018-04-06,23.32716178894043,23.782200866265146,23.112520992810165,23.627659231038663,88521000
2018-04-09,23.455949783325195,23.92816059475054,23.413022272095432,23.455949783325195,54633200
2018-04-10,23.807952880859375,23.94532283726093,23.653411270512862,23.833710361776813,67801500
2018-04-11,23.524629592895508,23.704928702950806,23.464530435403482,23.59331457825485,52480800
2018-04-12,23.936737060546875,24.091278671217868,23.687754628138425,23.704926282119438,63289100
2018-04-13,23.576139450073242,24.2458191868765,23.44735532619003,24.228647533671012,70103900
2018-04-16,23.67916488647461,23.850878122738738,23.610479919484714,23.71350818875895,44633600
2018-04-17,23.67916488647461,23.910977264157548,23.593308268342543,23.885219787444296,50750100
2018-04-18,23.567554473876953,23.833708539356383,23.516039515981117,23.739266087459615,66795500
2018-04-19,23.928152084350586,23.97966540702075,23.59331139304702,23.61048304646341,76142000
2018-04-20,23.936737060546875,24.074108654815912,23.833710411818913,23.971080368508897,49800400
2018-04-23,23.91098403930664,24.03118235620231,23.833713224851067,24.005424872190705,45689200
2018-04-24,23.756439208984375,24.185720725852484,23.593311774052363,24.039764944614166,69592900
2018-04-25,23.739267349243164,23.859467286476686,23.49887074993415,23.730681522470842,51819000
2018-04-26,23.747852325439453,23.876636447253627,23.627654030090085,23.722094846045035,33456200
2018-04-27,23.78219985961914,23.842299017979066,23.670585733311356,23.704929045276597,47185200
2018-04-30,23.567554473876953,23.971078485254086,23.55896864756098,23.842294365672355,41731400
2018-05-01,23.576139450073242,23.59331110327873,23.327157028909568,23.51604030143301,46372400
2018-05-02,23.309988021850586,23.58472795401093,23.275646349120127,23.490287125817794,45430300
2018-05-03,23.112516403198242,23.2327147011372,22.717576565203238,23.19837303211707,68947900
2018-05-04,23.41301727294922,23.54180141672012,22.897879060286392,22.97514987406478,40575600
2018-05-07,23.567554473876953,23.66199528819479,23.404427049031334,23.4988695009281,36873600
2018-05-08,23.73068618774414,23.893813653329893,23.576144550618622,23.584730379078852,47718500
2018-05-09,24.08269500732422,24.14279580165599,23.75644174027635,23.84229838031396,43817000
2018-05-10,24.280166625976562,24.331679956782054,24.00542504066234,24.03976835291884,41445500
2018-05-11,24.262990951538086,24.426118382581627,24.211477629263964,24.297332620527836,25894000
2018-05-14,24.245817184448242,24.374601297695353,24.202889692558823,24.33167380580593,31292900
2018-05-15,24.202896118164062,24.331680265601957,24.108453645839273,24.21148194633716,54655800
2018-05-16,24.245817184448242,24.314502154018623,24.12561889709479,24.17713221487786,31984900
2018-05-17,24.194303512573242,24.28016013267439,24.039761923906944,24.22005935229841,45070400
2018-05-18,23.996841430664062,24.20289639644978,23.988255602392243,24.19431056817796,33266100
2018-05-21,24.16855239868164,24.262994869416833,24.125624896117962,24.13421072414655,29647900
2018-05-22,24.33167839050293,24.46904835552763,24.18572259796679,24.18572259796679,52841400
2018-05-23,24.177135467529297,24.245820446340154,23.91956720638334,24.168549640480556,44968500
2018-05-24,23.988250732421875,24.11703485519545,23.74785250235329,24.099863202137914,43245200
2018-05-25,23.91098403930664,23.953911541746738,23.79936991283559,23.876640727291164,39312500
2018-05-29,23.112516403198242,23.610482885832642,22.94080314536059,23.576139579233516,126469700
2018-05-30,23.533212661743164,23.627655119632095,23.275644406237568,23.335743556683607,65843700
2018-05-31,23.335750579833984,23.51604808543461,23.26706558185572,23.48170640523524,66686900
2018-06-01,23.593313217163086,23.722097352584935,23.52462823576616,23.619070699279106,62934300
2018-06-04,23.670581817626953,23.756438445758054,23.627654322350892,23.704925123910982,44196900
2018-06-05,23.567554473876953,23.627653620509832,23.447354543032265,23.59331031524594,44996800
2018-06-06,23.996841430664062,24.014011449628395,23.67917233492402,23.704929819739473,61960000
2018-06-07,24.07411003112793,24.194308340708616,23.910982584140466,24.099865875992847,65166100
2018-06-08,24.10845184326172,24.13420932585514,23.91956855031414,24.048352688122907,47713400
2018-06-11,24.05694007873535,24.27158086822247,24.05694007873535,24.18572422491177,47319600
2018-06-12,23.996841430664062,24.185724739906146,23.876641472437917,24.12562557958272,55517200
2018-06-13,23.91098403930664,24.19430981311733,23.885226555295034,24.005424872190705,61095800
2018-06-14,23.68776512145996,23.9968484797212,23.61908011268855,23.95391932575171,70635500
2018-06-15,23.686899185180664,23.764504740123794,23.376478610081463,23.540311097474014,63387600
2018-06-18,23.643774032592773,23.678264459590363,23.402334464919658,23.479939981504856,49824600
2018-06-19,23.583423614501953,23.64378311844711,23.393720436762163,23.402343457993346,50214700
2018-06-20,23.523061752319336,23.798991825362123,23.49719269121921,23.798991825362123,42833600
2018-06-21,23.454072952270508,23.592037951840243,23.29023889852925,23.445449934213332,75190900
2018-06-22,23.341983795166016,23.64378295751068,23.324737752821033,23.617913893993208,61389400
2018-06-25,23.0919189453125,23.281620445751212,22.93670787919317,23.238506991683774,80746100
2018-06-26,23.014310836791992,23.135029810409804,22.867722806824936,23.10916075406056,56387800
2018-06-27,22.729759216308594,23.178144708345414,22.721136196986553,23.005689255922874,78099200
2018-06-28,22.928085327148438,23.022936901639067,22.68664570329633,22.729760802916108,78544800
2018-06-29,22.928085327148438,23.341980415461013,22.893593247452614,23.21263840594744,77149900
2018-07-02,23.040184020996094,23.048807041939604,22.72114046945168,22.738386511338696,66202800
2018-07-03,22.833234786987305,23.1695260005638,22.78149830977283,23.100543482720177,30717800
2018-07-05,22.88496971130371,23.005688689494516,22.80736418398884,22.953952219508846,40668500
2018-07-06,22.997072219848633,23.091923812396278,22.738388151575485,22.824615077884403,41285000
2018-07-09,23.523061752319336,23.548929168746493,23.091920602021734,23.11778801844889,73447400
2018-07-10,23.436838150024414,23.617916682003006,23.367855617174477,23.540311126962663,51260600
2018-07-11,23.324731826782227,23.44545244785287,23.272995357564923,23.307487433491595,46023700
2018-07-12,23.367849349975586,23.488568338918114,23.229884321277584,23.471322299162647,64876800
2018-07-13,23.264375686645508,23.341981223976312,23.022937699103394,23.272998706868144,64146900
2018-07-16,23.678268432617188,23.69551447134598,23.316111487349183,23.3333558814052,55812000
2018-07-17,23.704137802124023,23.798989371705726,23.574795799304393,23.704137802124023,55502200
2018-07-18,24.08355140686035,24.126664875635658,23.764506146033494,23.798998236792464,59109200
2018-07-19,23.721389770507812,23.97145081917497,23.6868976839754,23.962829442215074,61765100
2018-07-20,23.764501571655273,23.83348409522151,23.592046085076227,23.678273006029205,51562300
2018-07-23,24.092164993286133,24.126655425862705,23.75587381879615,23.764496838108485,81516200
2018-07-24,24.161151885986328,24.30773995154181,24.100792384523437,24.18701930394296,63133700
2018-07-25,24.212886810302734,24.2560002672414,24.014562276908126,24.14390429239709,44197200
2018-07-26,24.204265594482422,24.36809970347502,24.178398176259908,24.273248117530922,40056800
2018-07-27,24.255996704101562,24.37671732620763,24.118031688556957,24.195637215384888,63149400
2018-07-30,24.27324676513672,24.454326905970756,24.238756327870657,24.27324676513672,56474100
2018-07-31,24.100791931152344,24.350852953176467,24.049053806866223,24.342229932462114,84500100
2018-08-01,24.100791931152344,24.37672201531953,24.04043078615187,24.256001369991612,64046900
2018-08-02,24.109411239624023,24.152526339498337,23.86797325901944,23.945578794120312,38330700
2018-08-03,24.247377395629883,24.247377395629883,24.074920289169178,24.074920289169178,34894300
2018-08-06,24.376720428466797,24.437079924865014,24.2301323752113,24.2818688514565,38230100
2018-08-07,24.488821029663086,24.62678608884189,24.428461521856512,24.445707565422172,44608600
2018-08-08,24.549175262451172,24.59229036210094,24.437079292707544,24.454325332567453,47522000
2018-08-09,24.402585983276367,24.549174025352848,24.402585983276367,24.488814533557733,29357800
2018-08-10,24.118040084838867,24.204268660741423,23.99732106537926,24.08354964128182,83301400
2018-08-13,23.885221481323242,24.17839760856403,23.87659846056051,24.118036463224893,74413500
2018-08-14,24.109411239624023,24.152526339498337,23.902463694246,23.971446209372004,43659000
2018-08-15,23.91971778869629,24.04043681964837,23.807621780622707,23.91109476581779,55681100
2018-08-16,24.23875617980957,24.307738698593308,24.03180862345836,24.03180862345836,49534200
2018-08-17,24.290494918823242,24.324985359089183,24.169775910882752,24.169775910882752,43193100
2018-08-20,24.36809539794922,24.411208850484538,24.255997789880915,24.290489867647405,30053700
2018-08-21,24.462953567504883,24.58367258291332,24.333609885655004,24.38534801626425,47940000
2018-08-22,24.376720428466797,24.471570360804172,24.342228347854718,24.359474388160756,27323300
2018-08-23,24.264623641967773,24.39396730401886,24.230133204847668,24.368098242674048,31767800
2018-08-24,24.350847244262695,24.402583711746473,24.307733795471655,24.359470262955433,22064500
2018-08-27,24.67852210998535,24.764749031096382,24.437082454724415,24.445705475770136,52254500
2018-08-28,24.65264892578125,24.764744891290896,24.609535472432807,24.74750049675521,28896800
2018-08-29,24.64402961730957,24.71301213985882,24.523310614016655,24.65265263821236,34015300
2018-08-30,24.45432472229004,24.62678018256669,24.411209623716243,24.531930255050025,43264100
2018-08-31,24.42845916748047,24.44570520938398,24.290494121598517,24.368099665491247,34107800
2018-09-04,24.549175262451172,24.575044322241034,24.316360303033964,24.376719797870756,43145600
2018-09-05,24.566423416137695,24.69576543687051,24.514686936779174,24.531932978123024,32727700
2018-09-06,24.45432472229004,24.600912768095256,24.37671918953005,24.531930255050025,38328900
2018-09-07,24.42845916748047,24.523310753276714,24.324984560732464,24.506064711373202,43644300
2018-09-10,24.402585983276367,24.523306611539397,24.37671856946292,24.488814533557733,29927200
2018-09-11,24.42845916748047,24.497441690421443,24.24738066151281,24.33360758168422,32065200
2018-09-12,24.204265594482422,24.48019568667643,24.187019552552027,24.428459205558326,47963400
2018-09-13,24.169771194458008,24.385341749241952,24.118033077145437,24.26462112018543,44977100
2018-09-14,24.34222412109375,24.36809317706093,24.19563609329166,24.20425911194739,34151000
2018-09-17,24.23875617980957,24.41121165443242,24.2128871185133,24.342229135648687,26907900
2018-09-18,24.359477996826172,24.385347061117532,24.195643878993895,24.299118491486166,36405600
2018-09-19,24.77337074279785,24.85097628343458,24.342229581337367,24.342229581337367,75551800
2018-09-20,24.98893928527832,25.06654481958507,24.8940893558712,24.954448850404695,78555500
2018-09-21,24.891935348510742,25.117123550997384,24.857291899188603,25.073818826352372,64710000
2018-09-24,24.61478042602539,24.900595895442127,24.597457875886363,24.86595079516407,47985100
2018-09-25,24.519508361816406,24.727374010201363,24.510847086637536,24.710053111812943,32964400
2018-09-26,24.225038528442383,24.588803929942113,24.16441123685406,24.55416047130727,60288100
2018-09-27,24.13842010498047,24.33762446117978,24.112436281662184,24.251013368754677,57492200
2018-09-28,23.88724708557129,24.051807988978823,23.852603641257087,24.043146714907994,66454900
2018-10-01,23.982521057128906,24.155741594257787,23.90457123723168,24.02582577841882,49855000
2018-10-02,23.982521057128906,24.02582577841882,23.79197631872714,23.947875958521593,47629500
2018-10-03,24.207712173461914,24.311644177930447,24.069135066190924,24.13842361982642,79591400
2018-10-04,24.372272491455078,24.554155984957465,24.18172937385355,24.199051925990823,94700800
2018-10-05,24.251014709472656,24.51950762406185,24.19038743701406,24.43289652684845,58148700
2018-10-08,24.415578842163086,24.49352867471671,24.164406792385968,24.181729344502216,56594900
2018-10-09,24.3203067779541,24.424240440051598,24.147084558448114,24.3029842256096,47963500
2018-10-10,23.566789627075195,24.372270049075663,23.566789627075195,24.311642774640244,101604400
2018-10-11,22.86524772644043,23.57545592449665,22.79595916204396,23.428217518657945,178628200
2018-10-12,22.891225814819336,23.315618371775876,22.544783079749635,23.28097327228427,137933000
2018-10-15,22.787294387817383,23.06444860286822,22.787294387817383,22.89988932016268,82196400
2018-10-16,23.16838264465332,23.18570519637433,22.787294766638414,22.94319442818858,75137300
2018-10-17,23.402231216430664,23.549469596328567,23.003820802366583,23.11641573215466,79472100
2018-10-18,23.012483596801758,23.445537489558944,22.943195040039388,23.27231692363777,81706000
2018-10-19,23.099096298217773,23.280978152769514,22.882569336911633,22.995162629924195,73614300
2018-10-22,22.60541343688965,23.17704444075842,22.60541343688965,23.125078436398393,58645800
2018-10-23,22.423526763916016,22.553444234347428,22.01645675887614,22.14637257733829,93698200
2018-10-24,21.860557556152344,22.388883767436123,21.773946458110352,22.388883767436123,98050700
2018-10-25,22.198341369628906,22.380224859954787,21.93850969998561,21.964493527737726,72439400
2018-10-26,21.877880096435547,22.10306829045697,21.670014452408687,21.92984609444994,115308900
2018-10-29,22.06842803955078,22.458177240221318,21.834578519148458,22.146377879684888,97946100
2018-10-30,22.449514389038086,22.46683694162417,22.033783038789306,22.189682708124984,82719100
2018-10-31,22.761310577392578,23.047126047626044,22.631393102947932,22.666038203324987,93781100
2018-11-01,22.86524772644043,22.960520121974206,22.709348043555956,22.821942993181267,62346600
2018-11-02,22.847919464111328,23.22034602418534,22.67469892238176,23.090430204895846,73034200
2018-11-05,23.211685180664062,23.280973729037385,22.9431922622136,22.9431922622136,58705800
2018-11-06,23.33294105529785,23.33294105529785,23.08176903845147,23.19436396047546,51010900
2018-11-07,23.63608169555664,23.662063871241525,23.229009988819186,23.46285948179992,59990800
2018-11-08,23.705364227294922,23.835280028617017,23.419548803598698,23.49749696281672,46730100
2018-11-09,23.48883628845215,23.714022786268583,23.367580114279104,23.644734251870688,47051200
2018-11-12,23.02113914489746,23.54080401729977,22.977834427184387,23.43687038203167,47135500
2018-11-13,23.151060104370117,23.376248320946114,23.038466822066848,23.055789373796415,69820600
2018-11-14,22.839262008666992,23.36758661084535,22.588089969164137,23.33294315999945,104274200
2018-11-15,23.177043914794922,23.194366466511656,22.54478564485923,22.68336275465419,93998000
2018-11-16,23.203027725219727,23.3069597315044,22.925871853865203,23.055789339675226,80518300
2018-11-19,23.19436264038086,23.298294629597784,22.986497009977832,23.185701365951253,65491300
2018-11-20,22.68336296081543,23.021144462514446,22.61407440528821,22.925872079175967,103778300
2018-11-21,22.70068359375,23.02980546761078,22.631395039037645,22.813278527638488,48618000
2018-11-23,22.518796920776367,22.709339992320213,22.458169654920102,22.579424186632632,24252300
2018-11-26,22.97783851623535,23.064447967074194,22.743989034243963,22.752650309721723,50168800
2018-11-27,22.995155334472656,23.064443874029326,22.882562077181472,22.934528068856704,47174300
2018-11-28,23.436872482299805,23.436872482299805,22.865241567021947,23.06444592950409,61375300
2018-11-29,23.237668991088867,23.393568637822522,23.142396617647343,23.26365281620091,43664100
2018-11-30,23.358922958374023,23.454195329452798,23.133734768895533,23.168379868185728,45435200
2018-12-03,23.50615882873535,23.79197425963266,23.3415995805002,23.69670355064628,65332700
2018-12-04,22.484155654907227,23.39356975357133,22.37156237799021,23.384908478120888,110918600
2018-12-06,22.17236328125,22.18102455876405,21.592070903566775,21.981818479880427,134687100
2018-12-07,21.74796485900879,22.4321890824618,21.644031208221715,22.12039143403925,86740000
2018-12-10,21.444828033447266,21.72198224842406,21.046417610441054,21.661354970394065,101121800
2018-12-11,21.236957550048828,21.843231844654646,21.159007738290086,21.71331604237976,92308200
2018-12-12,21.35821533203125,21.670014626561994,21.254283335167205,21.5314375294304,86748900
2018-12-13,21.202312469482422,21.462145726178008,21.124362657670652,21.349550819352537,67232900
2018-12-14,20.99445152282715,21.288928288035923,20.951146796401503,20.99445152282715,66817000
2018-12-17,20.78658103942871,21.193650990075337,20.69130868103457,20.873192124153473,101180400
2018-12-18,20.708633422851562,21.133025965809505,20.578717607981858,20.907837782449718,90844000
2018-12-19,20.44879913330078,21.124361943539274,20.284238241486968,20.665326013909322,129331700
2018-12-20,20.266916275024414,20.570054246952257,20.15432302074958,20.24959372760704,107016900
2018-12-21,19.861669540405273,20.628595903934812,19.818093139922528,20.24513189103519,118502300
2018-12-24,19.44334602355957,19.826810068338826,19.417201843366115,19.600217753799715,71752700
2018-12-26,20.32356834411621,20.33228362446769,19.21675267352478,19.495636657962827,108133500
2018-12-27,20.56759262084961,20.56759262084961,19.791949238952192,19.983682095323854,98005000
2018-12-28,20.55887222290039,20.829039216043782,20.47172109735655,20.66345224373743,76348400
2018-12-31,20.759319305419922,20.846470433723457,20.49786758277882,20.672168177116383,56435400
2019-01-02,20.933622360229492,20.977197094908014,20.39328667396008,20.454291967417845,62945000
2019-01-03,20.463010787963867,20.829044274322705,20.41072076484685,20.776754251205688,65729700
2019-01-04,21.142786026000977,21.18636076469269,20.759322008888926,20.811612027772927,64638400
2019-01-07,21.168933868408203,21.360665063960337,20.96848572956974,21.099211620276645,48167000
2019-01-08,21.186363220214844,21.395524982262653,20.94234199562736,21.360665519722982,90114700
2019-01-09,21.290945053100586,21.36938092209701,21.090498571118573,21.23865502785961,61037100
2019-01-10,21.299659729003906,21.369380314767017,21.099211590448814,21.16893383848181,48630500
2019-01-11,21.35194969177246,21.395524434398737,21.07306734951657,21.195077958686053,44961600
2019-01-14,21.500106811523438,21.569827399252446,21.116642747878924,21.142788591628527,50610600
2019-01-15,21.691837310791016,21.726698434663227,21.35194966438633,21.412954968892823,59156500
2019-01-16,22.153732299804688,22.28445816070236,21.883565298980223,21.944570589914505,72982400
2019-01-17,22.275747299194336,22.35418316374152,21.935859661003093,22.06658554782512,55771300
2019-01-18,22.65921401977539,22.685359865138498,22.249605749373586,22.432621680105232,58400200
2019-01-22,22.397756576538086,22.580772461195068,22.284459604090763,22.467477151017356,79651700
2019-01-23,22.423900604248047,22.511051737336217,22.171164146788914,22.484905898728886,44072000
2019-01-24,22.4761962890625,22.53720159442084,22.27574814853808,22.34546873498617,25496900
2019-01-25,22.65921401977539,22.80737048562626,22.5720628641684,22.633068174412283,63140000
2019-01-28,22.589488983154297,22.615634823373085,22.40647142616219,22.44133254645391,66894900
2019-01-29,22.51105499267578,22.6679267224659,22.50233971187968,22.58077557677474,29442100
2019-01-30,22.641780853271484,22.781222021304316,22.423903820436454,22.58077555004085,62076800
2019-01-31,22.60692024230957,22.64177970140944,22.415187399316128,22.45004852068576,64021500
2019-02-01,22.702783584594727,22.80736527990663,22.615634111149404,22.641778288275137,42920300
2019-02-04,22.79865074157715,22.807366021659053,22.589489006420536,22.7114996030278,30362500
2019-02-05,22.737646102905273,22.859656703052135,22.650494961827622,22.842226142382653,39094900
2019-02-06,22.711498260498047,22.83351051216259,22.63306240666713,22.667923524934032,51542800
2019-02-07,22.484905242919922,22.70278223815081,22.301889364815363,22.64177694544929,80395700
2019-02-08,22.371612548828125,22.467478969848997,22.084014948035264,22.36289726852898,54911100
2019-02-11,22.441329956054688,22.484904689119805,22.32803465272368,22.441329956054688,53115700
2019-02-12,22.772502899169922,22.859654030056934,22.598202299665463,22.606917578981122,37671300
2019-02-13,22.83350944519043,23.03395587904975,22.824794166030955,22.87708417871827,42969600
2019-02-14,22.554624557495117,22.728926808870398,22.42389870009839,22.65920624077418,47630100
2019-02-15,23.033958435058594,23.033958435058594,22.554628001714832,22.73764555983364,46880800
2019-02-19,23.068824768066406,23.138545367586882,22.850947686781144,22.92066828630162,23868300
2019-02-20,23.21697235107422,23.225687630457603,23.0078106326817,23.060100646712435,27509100
2019-02-21,23.094966888427734,23.25183862759534,23.01653101884393,23.173402758011537,46619900
2019-02-22,23.060096740722656,23.164678413339338,22.972947286189594,23.094957852351314,26343700
2019-02-25,23.155967712402344,23.373844716338787,23.129823535782528,23.164682992032155,33835900
2019-02-26,23.08625030517578,23.260552597147885,22.972954978982813,22.990383878364142,35659700
2019-02-27,23.173397064208984,23.21697179781796,23.016525363585426,23.04267120111253,42542400
2019-02-28,23.11239242553711,23.225687733484534,23.103677146115064,23.18211299864389,39835900
2019-03-01,23.26055145263672,23.47842847574651,23.190830871732377,23.312841472747536,82657300
2019-03-04,23.11239242553711,23.478425849915105,22.920659602791275,23.32155414485745,76611900
2019-03-05,23.025245666503906,23.164686839199913,22.850943369498953,23.155971558122673,39868100
2019-03-06,22.877086639404297,23.10367893511457,22.859656079210495,23.02524307651218,43158900
2019-03-07,22.641780853271484,22.7899373020901,22.511054966024435,22.7899373020901,62622100
2019-03-08,22.633066177368164,22.650496739405572,22.380329676905312,22.389044957924014,55826400
2019-03-11,22.868371963500977,22.938092543848523,22.641779661804023,22.746361363460217,63343500
2019-03-12,22.920656204223633,22.99909204512236,22.86836619771426,22.903227310233397,32521100
2019-03-13,23.077533721923828,23.164684862991333,22.938092561123725,23.007813141523776,42817500
2019-03-14,23.164682388305664,23.251833520062803,23.033956521804747,23.04267180120742,37665700
2019-03-15,23.326736450195312,23.396812950200474,23.151546035560187,23.169065578250365,70020400
2019-03-18,23.563241958618164,23.63331844879247,23.370532028327652,23.370532028327652,43980700
2019-03-19,23.379295349121094,23.73843762465274,23.31797861975065,23.694638767419875,45029300
2019-03-20,22.89751434326172,23.335492822181067,22.871236703809956,23.326733052112044,65860300
2019-03-21,22.82744026184082,22.923796072010653,22.582173357052852,22.739844222664196,104914100
2019-03-22,22.196748733520508,22.6785243765808,22.100392936606347,22.555890941057505,121855900
2019-03-25,22.10039520263672,22.363183310959393,21.969001983853097,22.17047169737168,72835600
2019-03-26,22.363187789916992,22.4157447538056,22.144198491166062,22.27559173626547,51171500
2019-03-27,22.266828536987305,22.424501075143286,22.161712954631483,22.310625721694855,73148100
2019-03-28,22.459535598754883,22.46829536872032,22.205508952778324,22.310622850853008,52089300
2019-03-29,22.520858764648438,22.66977155517855,22.43326438142959,22.652253680988238,50234400
2019-04-01,23.072711944580078,23.090231488925852,22.696050094924487,22.704809867097374,62485300
2019-04-02,23.055187225341797,23.177820666724894,22.976350964236858,23.011390045063646,41002400
2019-04-03,23.12527084350586,23.317982505936744,23.028916683046265,23.21286690181482,52030900
2019-04-04,23.265419006347656,23.361774817426067,23.12526601064569,23.12526601064569,54378900
2019-04-05,23.300460815429688,23.388056865675857,23.23038430938389,23.309220587529875,37088800
2019-04-08,23.326736450195312,23.3354962215404,23.186583450184994,23.239142078255526,34998000
2019-04-09,23.13402557373047,23.221621612945523,23.02891166327679,23.221621612945523,65954800
2019-04-10,23.2041015625,23.239140645720433,23.020151387859062,23.13402506681458,48232700
2019-04-11,23.344255447387695,23.43185148803613,23.221621992933198,23.291698491300842,62205000
2019-04-12,23.773473739624023,23.93990604649637,23.56324424866944,23.685879371459556,84627600
2019-04-15,23.62455940246582,23.79099169826205,23.572002450913722,23.782231927877476,40030400
2019-04-16,23.957427978515625,23.98370562328433,23.659602418928888,23.677121962611785,56093400
2019-04-17,24.01874351501465,24.05378092988067,23.82603355636263,24.045022829230835,58834000
2019-04-18,23.94866943359375,24.045025258030485,23.913630344432853,23.97494875046442,52495700
2019-04-22,23.878589630126953,23.948666128020538,23.799753361152234,23.878589630126953,39324100
2019-04-23,24.02750587463379,24.05378352092501,23.773477488780376,23.869833313863495,54250300
2019-04-24,24.001220703125,24.10633627491695,23.896106802088383,23.94866375260669,39505200
2019-04-25,24.045021057128906,24.141375193975897,23.826031800400063,23.88734852496327,44532300
2019-04-26,24.264009475708008,24.281527345867065,24.009981144714825,24.045020226543695,41527900
2019-04-29,24.509279251098633,24.640672481915782,24.290289976151527,24.351606705815826,61643200
2019-04-30,24.5443172454834,24.5793546591238,24.33408775137447,24.5443172454834,38800300
2019-05-01,24.342844009399414,24.64942759984101,24.32532446972982,24.570591342083098,67969500
2019-05-02,24.36912727355957,24.483002636943855,24.193936848688153,24.32533008503063,50972900
2019-05-03,24.588115692138672,24.631914549881408,24.430443145776,24.474242003518736,34598900
2019-05-06,24.421682357788086,24.50927839887219,24.115098720126998,24.158895905291292,42517000
2019-05-07,24.01874351501465,24.430442746534865,23.85231119982326,24.193935601611432,60090800
2019-05-08,23.966190338134766,24.167660099975127,23.861074735443022,23.922391474198278,44254200
2019-05-09,23.913625717163086,23.966184340734372,23.563243247131524,23.67711859411391,56468300
2019-05-10,24.071290969848633,24.115089809584745,23.571995892141288,23.782225310609913,63453600
2019-05-13,23.370532989501953,23.64207919125102,23.291696725969096,23.589522239147577,54962500
2019-05-14,23.554487228393555,23.75595864266389,23.39681467407576,23.42309399004728,52398400
2019-05-15,23.46689224243164,23.58076593384866,23.230383417078265,23.31797946395977,49061700
2019-05-16,23.703399658203125,23.834792894595317,23.52820923326542,23.54572710623024,44872600
2019-05-17,23.54572296142578,23.773471977433726,23.431849288799484,23.466888370072407,62711500
2019-05-20,23.572006225585938,23.677121816278042,23.458132533862152,23.458132533862152,44357300
2019-05-21,23.817276000976562,23.817276000976562,23.66836321474074,23.66836321474074,36851400
2019-05-22,23.677120208740234,23.74719670752531,23.607043709955157,23.694638080369863,25867600
2019-05-23,23.344255447387695,23.45813080145731,23.142785723425156,23.449371030316918,51832900
2019-05-24,23.528207778930664,23.536967550249436,23.361775465385126,23.43185196517974,30582000
2019-05-28,23.256664276123047,23.528212226064323,23.256664276123047,23.458135713024348,35177700
2019-05-29,23.21286964416504,23.256666843115763,22.96760098607527,23.07271660261547,39700600
2019-05-30,23.13402557373047,23.396812020620146,23.02015189227974,23.265418797175307,40641200
2019-05-31,22.78365135192871,22.950083719731698,22.766131803579746,22.836208326219516,49259200
2019-06-03,22.93255615234375,23.02891196381334,22.70480711571459,22.748604300515943,63329300
2019-06-04,23.554487228393555,23.58076654436508,23.151547741364226,23.21286447454211,45454400
2019-06-05,23.703399658203125,23.72091920192359,23.396814326117585,23.598285737391635,46599700
2019-06-06,23.790990829467773,23.887346629424055,23.580761360181135,23.712154569640873,37297600
2019-06-07,23.755956649780273,23.869830334592685,23.720917564757666,23.79099406404735,33054800
2019-06-10,23.957427978515625,24.1326184030777,23.896111246381114,23.896111246381114,37081400
2019-06-11,23.966190338134766,24.18517964554972,23.896113826592213,24.088823815645277,34273400
2019-06-12,23.729677200317383,23.983703882256535,23.677120243839546,23.93990669698426,36866000
2019-06-13,23.80851173400879,23.88734799835362,23.712155928530574,23.77347265174202,31020000
2019-06-14,23.861072540283203,23.93990881736031,23.65084302499614,23.83479322433894,29724100
2019-06-17,23.642078399658203,23.922384362498434,23.615799089108684,23.852307871788376,40981600
2019-06-18,23.957427978515625,24.05378212726029,23.589525914952926,23.589525914952926,46237400
2019-06-19,23.913625717163086,24.167654052158095,23.887348076132845,24.001221752359825,58118500
2019-06-20,24.01874351501465,24.115099329718436,23.75595705587503,24.045022829230835,50583800
2019-06-21,23.965038299560547,24.193947763198583,23.92982236322226,24.035471851505456,65322300
2019-06-24,23.86819076538086,24.088295802525963,23.84177755638691,23.9210155041006,48377800
2019-06-25,23.78895378112793,23.90340766620081,23.674498216786812,23.868191732050786,47748500
2019-06-26,23.744932174682617,23.956232821038896,23.736127771175905,23.841778933988177,31448000
2019-06-27,23.95623016357422,24.026665383814528,23.83297188668983,23.83297188668983,59459800
2019-06-28,24.299598693847656,24.387641052737532,23.982646873551438,24.237969546405242,76728100
2019-07-01,24.590133666992188,24.69578313862488,24.45807098781729,24.581329264478118,48971100
2019-07-02,24.528514862060547,24.634164378201376,24.396450447981337,24.554926401461366,56626800
2019-07-03,24.72220230102539,24.731006705660185,24.537314841500145,24.60774839931002,23706800
2019-07-05,24.792633056640625,24.889479817408752,24.67817916786144,24.801437460280297,40683100
2019-07-08,24.669370651245117,24.766215716598555,24.598937113138977,24.660566249073348,26286700
2019-07-09,24.713396072387695,24.757418092312566,24.484486606583424,24.502095414553374,25895800
2019-07-10,24.625350952148438,24.854260392299807,24.590135019423396,24.7221977058616,36566700
2019-07-11,24.766223907470703,24.801441527805213,24.616552379586157,24.660574405004297,40907500
2019-07-12,24.933502197265625,24.933502197265625,24.73981033914305,24.801439490397126,31109900
2019-07-15,24.792633056640625,24.959913367257855,24.722199506791522,24.942304559978506,28346100
2019-07-16,24.731002807617188,24.880674304280863,24.67817806740301,24.83665228804554,47287700
2019-07-17,24.519702911376953,24.722199154398183,24.48448529732025,24.642961202038872,35062600
2019-07-18,24.70458984375,24.748611860423456,24.458073267451567,24.48448479818741,46369800
2019-07-19,24.598939895629883,24.810240533849424,24.581331089294537,24.76621851801106,29338500
2019-07-22,24.651762008666992,24.69578234054669,24.502090529300794,24.54611086118049,26683300
2019-07-23,24.90709114074707,24.942307079594915,24.70459319511525,24.713397599644328,45307600
2019-07-24,25.16240692138672,25.16240692138672,24.836650738640092,24.854259544035717,36374200
2019-07-25,24.9863224029541,25.18882030790194,24.933497665661157,25.15360269686123,34180400
2019-07-26,25.25925636291504,25.27686349091842,24.986324888009065,25.039151309824067,33642800
2019-07-29,25.065561294555664,25.28566633406297,25.039149764546426,25.21523278859136,35955100
2019-07-30,24.99512481689453,25.021538023073408,24.819041813505972,24.87186654659574,30726100
2019-07-31,24.871870040893555,25.118388295392954,24.827849703678908,24.995128328509143,64485400
2019-08-01,24.308401107788086,25.02154096580893,24.273183495407707,24.854260665538497,107976300
2019-08-02,24.299598693847656,24.422856988732487,23.97384246973562,24.26438107858438,66036400
2019-08-05,23.489612579345703,23.876997960211444,23.31352785733354,23.76254238712303,85527900
2019-08-06,23.86819076538086,23.885797892108663,23.410371885094683,23.63928132523777,53445000
2019-08-07,23.551237106323242,23.656888254650102,23.10222266465314,23.41917443036569,82354600
2019-08-08,24.000259399414062,24.009063804593904,23.665698719654518,23.78015430772384,66653200
2019-08-09,23.9210147857666,24.044273065500672,23.683300949763936,23.86819004863316,53782700
2019-08-12,23.463199615478516,23.727326701290938,23.392766061782215,23.639284339353466,56837600
2019-08-13,23.753734588623047,23.921014882702963,23.331133331306745,23.41917567973134,72255900
2019-08-14,22.87331771850586,23.34874546010611,22.85570891046103,23.22548548306066,92067300
2019-08-15,22.98776626586914,23.137437729969978,22.820485999105177,22.98776626586914,59504500
2019-08-16,23.392763137817383,23.4543922796898,23.102224555227284,23.102224555227284,48451800
2019-08-19,23.630475997924805,23.797756289806937,23.586455663924923,23.753734276538953,38297700
2019-08-20,23.31352424621582,23.542433677667663,23.28711271749283,23.498413343617276,40579300
2019-08-21,23.419179916381836,23.498417876371715,23.357550765116027,23.463200258923578,44913500
2019-08-22,23.577653884887695,23.639283031052585,23.392764767124728,23.54243627035445,43896700
2019-08-23,22.978965759277344,23.586456119976727,22.820489866984623,23.41037142203634,86245300
2019-08-26,23.19907569885254,23.216684508224603,22.98777502419323,23.12864214063277,34175500
2019-08-27,23.058204650878906,23.357547642090637,22.91733755845788,23.287114095880124,54240800
2019-08-28,23.26950454711914,23.304720479466766,22.91733682730215,22.934943953841888,51870400
2019-08-29,23.62167739868164,23.700915362763215,23.436789935336975,23.480810280151847,49818300
2019-08-30,23.700912475585938,23.824170769467408,23.612870117412754,23.753737218782522,40561000
2019-09-03,23.454397201538086,23.533635166078568,23.25190092738731,23.50722363074409,59997200
2019-09-04,23.68330192565918,23.72732394114112,23.577652447038897,23.630477186349037,43945700
2019-09-05,24.167537689208984,24.370033953362167,24.009061767952254,24.017866172385233,68639200
2019-09-06,24.158735275268555,24.264384778632117,24.0706929029532,24.19395121663355,35660800
2019-09-09,24.528514862060547,24.625359971978177,24.27319211939411,24.326016877464525,67797700
2019-09-10,24.61654281616211,24.722193956852056,24.387635089991736,24.607740093766868,77540100
2019-09-11,24.75741958618164,24.783831120461887,24.41405452712232,24.634159602222812,53285900
2019-09-12,24.88948631286621,24.986331419639903,24.607752039945055,24.686990014112723,72872200
2019-09-13,25.083173751831055,25.18002052067704,24.96871985350542,25.083173751831055,56248700
2019-09-16,24.99512481689453,25.030342425133036,24.836648938357236,24.87186654659574,36693600
2019-09-17,25.02153968811035,25.02153968811035,24.819043465067978,24.907085812254955,40868800
2019-09-18,25.10958480834961,25.171213954406262,24.854262141236866,24.924695690911367,57268900
2019-09-19,24.99512481689453,25.241643036760095,24.986320414834903,25.091971560282428,42335000
2019-09-20,24.848236083984375,25.13140659628492,24.83053750500824,25.034067787574976,82921100
2019-09-23,24.892478942871094,24.96327156554069,24.6801010748623,24.724347518924088,35827300
2019-09-24,24.653564453125,25.016376995928397,24.58277180301287,24.963281242471865,61659700
2019-09-25,24.857078552246094,24.901323299715486,24.6093035780623,24.70664404788967,53544400
2019-09-26,24.74204444885254,24.848234226943813,24.706648981374958,24.821686360463676,53107500
2019-09-27,24.83938980102539,25.034070817668006,24.706653818296985,24.945579599905873,73386900
2019-09-30,24.777437210083008,24.92787171780024,24.759738635568283,24.901323856028153,30608000
2019-10-01,24.255346298217773,24.910178505769487,24.255346298217773,24.892479927444736,54786200
2019-10-02,23.759798049926758,24.113761179211703,23.70670400249135,24.104911890000913,78141700
2019-10-03,23.857135772705078,23.857135772705078,23.40583385824482,23.72439981622681,81128700
2019-10-04,24.299591064453125,24.317289642783884,23.86598602232551,23.88368460065627,40697200
2019-10-07,24.175703048706055,24.396930202062194,24.149156870514027,24.202250914727315,36922900
2019-10-08,23.69785499572754,23.94562834526546,23.680156417095013,23.9367790559492,60008900
2019-10-09,23.919078826904297,24.034116196301927,23.830587633921212,23.848286210083653,45131000
2019-10-10,24.166852951049805,24.343835342941944,23.981022958609316,23.981022958609316,54305400
2019-10-11,24.467721939086914,24.768590991800842,24.45887265073307,24.547363846442316,78702500
2019-10-14,24.503124237060547,24.556218290501796,24.361538969330862,24.388085152136725,35821000
2019-10-15,24.857078552246094,25.00751305660252,24.54736025647358,24.644700726300954,65130200
2019-10-16,24.795143127441406,24.919029810074406,24.733199786124906,24.857086468757906,44595200
2019-10-17,24.812841415405273,24.998671437169463,24.75089638698777,24.92787880680747,32013600
2019-10-18,24.874784469604492,24.972123280338145,24.74204681235323,24.74204681235323,40523700
2019-10-21,25.21989631652832,25.255293472393788,25.07831106872503,25.087160357691396,44145400
2019-10-22,25.149105072021484,25.31723819594575,25.06946315478522,25.1756529403767,50423000
2019-10-23,25.255292892456055,25.255292892456055,25.087159781614506,25.09600907037767,30615400
2019-10-24,25.21989631652832,25.32608609629543,25.122555825727574,25.2818396514636,33469600
2019-10-25,25.343786239624023,25.423428162715176,24.98097378457744,25.193351683544012,28330200
2019-10-28,25.476520538330078,25.591557918806497,25.432274093662777,25.441123382596235,50104600
2019-10-29,25.538469314575195,25.662356010381895,25.396884037130494,25.423430221757847,48458100
2019-10-30,25.520769119262695,25.591561753508838,25.34378668973257,25.538467699781616,51106700
2019-10-31,25.396879196166992,25.441123953998737,25.193348921784718,25.432274664866526,56795500
2019-11-01,25.768539428710938,25.795085606761976,25.53846298790298,25.591557031834288,42302300
2019-11-04,25.98977279663086,26.034017562517032,25.91898015851521,25.98977279663086,37319100
2019-11-05,26.087108612060547,26.210996980354423,26.025165271828325,26.06941003261436,39516100
2019-11-06,26.2198486328125,26.2198486328125,26.034018583407942,26.069414059938943,40179900
2019-11-07,26.41452407836914,26.573807908667884,26.317183584780054,26.379126921489714,61738600
2019-11-08,26.405677795410156,26.414527085637495,26.22869536652242,26.38797921495548,53808800
2019-11-11,26.334880828857422,26.387974873657,26.21099416171532,26.246389628971954,19702400
2019-11-12,26.370271682739258,26.449913579920217,26.272932898940606,26.343725508898242,44640600
2019-11-13,26.20214080810547,26.290630306433968,26.060555585385078,26.166743658510875,43495400
2019-11-14,26.255239486694336,26.255239486694336,26.078257083088193,26.13135281686761,46158400
2019-11-15,26.326030731201172,26.37027548586983,26.24638882253423,26.343729308200317,30097000
2019-11-18,26.37912940979004,26.387978699844634,26.246393434630097,26.32603535729196,25440500
2019-11-19,26.432222366333008,26.520711881900446,26.361429741181464,26.441069967626294,30770900
2019-11-20,26.308334350585938,26.37912697666352,26.122504340068286,26.32603292906267,46719500
2019-11-21,26.281789779663086,26.405676460925825,26.19329856969137,26.361431699854688,37192700
2019-11-22,26.476470947265625,26.50301881846691,26.31718709571706,26.31718709571706,35195000
2019-11-25,26.64459991455078,26.679995382777182,26.503014665986584,26.511862267171207,50094100
2019-11-26,26.6180477142334,26.644595576953325,26.485311776291823,26.644595576953325,33516200
2019-11-27,26.7242431640625,26.733090765689507,26.600354799502416,26.68884600623694,31012300
2019-11-29,26.67999839782715,26.75964032012334,26.626904345572854,26.671149107813186,19444200
2019-12-02,26.511859893798828,26.777333476963175,26.485313716962796,26.724239435461964,52427800
2019-12-03,26.140201568603516,26.2109941910252,25.972068457416043,26.202144902243834,66912000
2019-12-04,26.387981414794922,26.45877405468575,26.14905562222724,26.166754204157364,41793900
2019-12-05,26.511859893798828,26.55610633490746,26.39682252257468,26.494163005184525,44933500
2019-12-06,26.865827560424805,26.954317076499677,26.795034934867306,26.803884224040658,40811300
2019-12-09,26.803884506225586,26.918921891031605,26.795035216959068,26.812732107662754,21627500
2019-12-10,26.812732696533203,26.86582843329841,26.662298151357223,26.73309077921478,37362100
2019-12-11,26.750783920288086,26.848124396741056,26.72423774513112,26.803879646260093,24490200
2019-12-12,27.272891998291016,27.3525339342308,26.76849419589226,26.78619277895216,68427500
2019-12-13,27.175548553466797,27.405625044985264,27.016266386565945,27.246342878084413,48135700
2019-12-16,27.272891998291016,27.449874453230482,27.246345811530944,27.396778704050774,45914900
2019-12-17,27.379072189331055,27.467563385709884,27.281731704531428,27.29058099295223,30911900
2019-12-18,27.264036178588867,27.46756645938436,27.264036178588867,27.46756645938436,39079700
2019-12-19,27.25518226623535,27.334824169596843,27.22863609033425,27.272880842055482,36946900
2019-12-20,27.287208557128906,27.46509025300272,27.25163120010109,27.393937235368846,97416000
2019-12-23,27.224950790405273,27.36725683043828,27.189373432186116,27.35836249088349,38293100
2019-12-24,27.287208557128906,27.29610289638586,27.21605553949503,27.278314217871955,12315900
2019-12-26,27.43840789794922,27.43840789794922,27.313888849464703,27.313888849464703,15891300
2019-12-27,27.367250442504883,27.491767774364067,27.349461767547453,27.482873436885352,19417400
2019-12-30,27.287208557128906,27.5362432706366,27.260525539358046,27.491773270773585,18819300
2019-12-31,27.37615203857422,27.385046378411204,27.233845994026176,27.269421656952254,15788100
2020-01-02,27.642969131469727,27.642969131469727,27.393932762205505,27.47398010602538,28843300
2020-01-03,27.349468231201172,27.46509125290748,27.20716219075257,27.287209550557634,51363600
2020-01-06,27.33167839050293,27.349467068908478,27.091536321293244,27.10043066049602,27956100
2020-01-07,27.153793334960938,27.31388633153137,27.153793334960938,27.269416337443175,39627500
2020-01-08,27.33167839050293,27.48287876410661,27.180478016899247,27.180478016899247,47966600
2020-01-09,27.50066566467285,27.554030000017903,27.420618313444454,27.527348680556194,27705300
2020-01-10,27.296100616455078,27.527348328555448,27.26052326239889,27.5184539900414,33458200
2020-01-13,27.48287582397461,27.50955883872837,27.287205471711715,27.358358481300183,27542700
2020-01-14,27.42951202392578,27.64297105683933,27.39393467022939,27.48287635804877,37575400
2020-01-15,27.27831268310547,27.385043051762164,27.189370991961834,27.29610136061853,41457300
2020-01-16,27.518457412719727,27.518457412719727,27.349468352777624,27.41172703369792,34444000
2020-01-17,27.59849739074707,27.66075605501422,27.491767040273835,27.59849739074707,38819400
2020-01-21,27.367250442504883,27.58960379020852,27.367250442504883,27.465084761927923,41276500
2020-01-22,27.447303771972656,27.51845679090546,27.411726414295362,27.45619811139198,27391000
2020-01-23,27.37615203857422,27.438410721011255,27.118221272567226,27.304999016300197,43072300
2020-01-24,27.029277801513672,27.385044586020193,26.860290444937004,27.385044586020193,58924900
2020-01-27,26.611248016357422,26.735765344919365,26.460047676065905,26.49562502503867,50289300
2020-01-28,26.922544479370117,27.038167476895442,26.709085463339274,26.753555455520985,34257900
2020-01-29,26.878074645996094,27.10932235342982,26.83360465074489,27.011488024592857,41167500
2020-01-30,27.21605682373047,27.233845503083764,26.62014963676971,26.637938316123005,51210000
2020-01-31,26.64682388305664,27.02037756816591,26.548989565438024,26.98480191532861,58958800
2020-02-03,26.833606719970703,27.100430104896688,26.815818041929848,26.833606719970703,40168200
2020-02-04,27.091537475585938,27.34946823419086,27.082644832426016,27.198267854144962,79273300
2020-02-05,27.634071350097656,27.660754360186385,27.393929348562867,27.456189705436575,51086900
2020-02-06,27.59849739074707,27.811956395272173,27.54513136729977,27.78527338354852,37044400
2020-02-07,27.50066566467285,27.580713015901246,27.385042655354965,27.447301329327797,27982500
2020-02-10,27.580711364746094,27.580711364746094,27.40282799568296,27.411722333778272,17723700
2020-02-11,27.678546905517578,27.80306424384113,27.651863891696173,27.651863891696173,27997400
2020-02-12,27.69633674621582,27.909795789574474,27.660761087200218,27.820855793824627,26964200
2020-02-13,27.687440872192383,27.749701240755524,27.527347870866205,27.607395219740088,22758700
2020-02-14,27.723020553588867,27.74080923181493,27.58960885973687,27.660761876219382,22080200
2020-02-18,27.48287582397461,27.71412352924252,27.322781128295166,27.642970519654053,37768900
2020-02-19,27.687440872192383,27.7585938827001,27.545134851176947,27.5807122046416,25643300
2020-02-20,27.634071350097656,27.820849027876246,27.44729536874033,27.5896013630377,50344300
2020-02-21,27.367250442504883,27.562920777772373,27.216050098209553,27.500662111842782,51128200
2020-02-24,26.477842330932617,26.73577138355647,26.353323277824984,26.50452365226716,70455400
2020-02-25,25.57953453063965,26.540101120405676,25.455017173432385,26.486736781091388,111826900
2020-02-26,25.392757415771484,25.988664591271366,25.392757415771484,25.74852421030774,95015700
2020-02-27,24.30767250061035,25.250450398190942,24.289883822288406,24.850215314477563,143536200
2020-02-28,23.649503707885742,23.880751407837096,23.09806662393689,23.480514677840226,192063500
2020-03-02,24.859107971191406,24.859107971191406,23.444940372319532,23.693975066285343,127115500
2020-03-03,23.925222396850586,25.125930940364725,23.68508034886344,24.779060224219908,256525000
2020-03-04,24.716800689697266,24.72569333138227,23.836279877786914,24.245410948579977,124408000
2020-03-05,23.524986267089844,23.96079865098147,23.258161216096806,23.898539981342882,130265700
2020-03-06,22.724512100219727,22.982442805141893,22.262018413180275,22.45768875398845,160606600
2020-03-09,20.28752326965332,21.23919552811523,20.029594213785238,20.456512324725235,134165700
2020-03-10,21.479331970214844,21.497120644278944,20.314200961757585,21.230297319002766,149282300
2020-03-11,20.3142032623291,21.034627679299483,20.02959123075668,20.821168655620166,146915400
2020-03-12,18.117351531982422,19.75387061169813,18.055091169581022,18.624316893729638,161437500
2020-03-13,20.5009822845459,20.53655964193137,18.58874343204299,19.47815700961846,160945700
2020-03-16,17.6904354095459,18.980085767902498,16.83659919445153,17.210152962660757,110661600
2020-03-17,18.651002883911133,18.846674964795984,17.379142840268813,18.099567392959997,122295100
2020-03-18,17.067852020263672,17.832746767109676,16.258485563679823,17.476981571318248,145056400
2020-03-19,17.44139862060547,17.69043330551118,16.10727842087952,16.712079849516066,105652800
2020-03-20,16.818809509277344,17.71711736707539,16.605350468279045,17.62817567588735,157840900
2020-03-23,15.840231895446777,16.68337043281763,15.68774941220744,16.539857708687265,144547900
2020-03-24,17.8045597076416,17.90322360878727,16.665426279710086,16.782029694084475,158551100
2020-03-25,18.288923263549805,19.042366068450004,17.391967706364518,18.06468437425348,162949600
2020-03-26,19.437021255493164,19.571564207197085,18.504186930173933,18.531096204837297,129753900
2020-03-27,18.84503173828125,19.437022120777495,18.432431395774046,18.647702181051343,109305600
2020-03-30,19.203813552856445,19.311448945628438,18.477280211766722,18.871941037521985,67297200
2020-03-31,18.674610137939453,19.23969296723758,18.513157900997133,19.024422177443444,83819900
2020-04-01,17.53547477722168,17.88528849453434,17.37402426631553,17.68795724097171,79185000
2020-04-02,17.974985122680664,18.118497834530665,17.36505524191492,17.427841839498488,68398300
2020-04-03,17.616201400756836,18.06467904709632,17.365055013722856,17.804562901838775,68418100
2020-04-06,18.880901336669922,19.033383749214682,18.360667525188827,18.49521213863866,69015100
2020-04-07,19.069271087646484,19.930347408842007,19.060301328783208,19.91240960192203,70950900
2020-04-08,19.903438568115234,20.029011762544165,19.141026221640015,19.356295288149525,80003400
2020-04-09,20.970815658569336,21.221963776391735,20.387795014102736,20.423674049851616,147845500
2020-04-13,20.208406448364258,20.9259701078489,20.02901467808974,20.908030588660107,66236300
2020-04-14,20.298099517822266,20.75554696739632,19.921378189396965,20.692760364459872,96169000
2020-04-15,19.419086456298828,19.60744800308591,19.320422513512135,19.490842828692273,63482000
2020-04-16,19.0782413482666,19.410113880903143,18.889879828797074,19.374236555313043,68907600
2020-04-17,20.08283233642578,20.199437505058416,19.661263883293202,19.822716140903445,88698600
2020-04-20,19.73301887512207,20.055923367809473,19.50878002426841,19.688171789274,59063100
2020-04-21,19.096179962158203,19.472899561644326,19.024421892762902,19.132057286049317,71957900
2020-04-22,19.30248260498047,19.544660998496248,19.25763380388116,19.490842437177076,47507800
2020-04-23,19.221750259399414,19.607441270125072,19.19484098743962,19.356293197585828,71740200
2020-04-24,19.499805450439453,19.580531553680046,19.132053962701754,19.42804910431518,33825300
2020-04-27,20.163551330566406,20.271186701156495,19.661256926360394,19.697134242686307,109435100
2020-04-28,20.378828048706055,20.92597144323307,20.33398095867888,20.77348894201112,46452300
2020-04-29,20.970815658569336,21.221963776391735,20.791425612244698,21.006694694318217,70064400
2020-04-30,20.44161033630371,20.77348281048531,20.342944714398,20.54924400492238,56745700
2020-05-01,19.786834716796875,20.01107355627809,19.65229175526946,19.957256713828443,37534300
2020-05-04,19.60744285583496,19.63435041916457,19.23072157196271,19.526716744233305,50177200
2020-05-05,19.544660568237305,19.98416854449416,19.544660568237305,19.87653313503215,65123000
2020-05-06,19.12308692932129,19.777863894817166,19.1051474125335,19.72404705526029,63738400
2020-05-07,19.571565628051758,19.894470104228517,19.374236065280723,19.374236065280723,61339000
2020-05-08,19.993133544921875,20.020041107776628,19.741985456503727,19.948284755486643,42218300
2020-05-11,19.60744285583496,19.777863126277197,19.49980747009728,19.715076530766225,54994900
2020-05-12,19.096179962158203,19.759926706805928,19.078240444809378,19.688170348217163,62202700
2020-05-13,18.531095504760742,18.9616336182708,18.38758280025739,18.93472605543041,86848300
2020-05-14,19.006481170654297,19.024418974444952,18.019830108304678,18.20818987915363,103763100
2020-05-15,18.880901336669922,19.042353504165057,18.65666259532797,18.827084517773486,70285000
2020-05-18,19.849624633789062,20.002107138539117,19.445995681784936,19.58053866578631,79548500
2020-05-19,19.365266799926758,19.831684008333795,19.356297040825858,19.733018369030525,56673200
2020-05-20,19.795804977416992,19.91241013495438,19.670231771582838,19.688171289789608,50402600
2020-05-21,19.73301887512207,19.921378688651945,19.62538347395738,19.73301887512207,49939900
2020-05-22,19.661256790161133,19.750952646563828,19.46392727472013,19.72404337640117,37584500
2020-05-26,20.683788299560547,20.89905736169052,20.38779312528103,20.40573264149347,108349200
2020-05-27,21.58074378967285,21.61662282244548,21.114328339273808,21.60765306425232,121521200
2020-05-28,21.23990821838379,21.83189875903072,21.17712160207381,21.82292899801401,101590100
2020-05-29,20.997722625732422,21.186084121082008,20.782453567337466,20.988752867781834,86969000
2020-06-01,21.23990821838379,21.338573878760606,20.934943187043615,21.078455941696994,52619200
2020-06-02,21.410324096679688,21.56280656848301,21.257841624876367,21.428261902745703,52572800
2020-06-03,22.208614349365234,22.307279983893096,21.831893039393847,21.885709880587893,77622900
2020-06-04,22.69297218322754,22.69297218322754,21.993348027681836,22.172738091059845,97575100
2020-06-05,23.536108016967773,24.065311806695718,23.455381899157985,24.02046472382652,135859300
2020-06-08,23.984582901000977,24.038399736349838,23.652710420408923,23.921796307959582,80298400
2020-06-09,23.473325729370117,23.679625085762165,23.24908685221175,23.41950887787803,92833100
2020-06-10,22.59430503845215,23.464351084834277,22.57636552141998,23.338777887222108,110848900
2020-06-11,20.74657440185547,21.849830671379635,20.710697081090682,21.526926230464625,233116600
2020-06-12,21.374448776245117,21.58074812369915,20.827305392225753,21.58074812369915,127502900
2020-06-15,21.670440673828125,21.742197031921336,20.59409359162343,20.638942384685766,92469500
2020-06-16,22.011287689208984,22.531521784731588,21.482083833838622,22.531521784731588,108121300
2020-06-17,21.679410934448242,22.074071768502918,21.64353189916756,22.074071768502918,56320900
2020-06-18,21.65250015258789,21.85880116949551,21.401353766310443,21.464140362879807,61206500
2020-06-19,21.508989334106445,22.074072174525153,21.266810973926997,22.065102415539997,99903900
2020-06-22,21.40247344970703,21.55592862726172,21.239993016166725,21.37539423831029,47929500
2020-06-23,21.501766204833984,21.862836666204707,21.483712251335504,21.727435458405658,47218900
2020-06-24,20.74351692199707,21.230963325490137,20.680329807852356,21.221936348938073,90217500
2020-06-25,21.294151306152344,21.339284469029526,20.63519748651462,20.6713036724724,110208900
2020-06-26,20.3824462890625,20.99626691544081,20.32828615194668,20.933079801852404,123959100
2020-06-29,20.60811424255371,20.74351543770665,20.42757816787005,20.59908726664757,69107100
2020-06-30,20.887943267822266,21.03237143652392,20.4817396889937,20.499791918791722,60653100
2020-07-01,20.707414627075195,21.077512126628235,20.64422750106176,20.97821708762423,60500300
2020-07-02,20.7344913482666,21.239991739064145,20.689358184172466,21.167777643481617,50841900
2020-07-06,21.131669998168945,21.357339264891568,21.01432273702992,21.1948571173761,60271700
2020-07-07,20.698389053344727,20.96919153226943,20.64422890190382,20.96016455340925,43810900
2020-07-08,20.915027618408203,20.9691877601062,20.61714425648943,20.689358352660044,53046100
2020-07-09,20.47271156311035,20.951129199412996,20.3012024767674,20.905996044874083,71163700
2020-07-10,21.176803588867188,21.203884521237878,20.463689586971373,20.463689586971373,94440600
2020-07-13,21.267066955566406,21.58300421006213,21.14069274245593,21.447603021483825,102487100
2020-07-14,21.375394821166992,21.438581945108954,20.9872433778435,21.176804749669394,102468300
2020-07-15,21.79964828491211,21.898943301668538,21.56495206821852,21.889916325443437,90561800
2020-07-16,21.79964828491211,22.025317525380597,21.52884588503779,21.61008694934402,74678500
2020-07-17,21.619121551513672,21.86284310868321,21.61009457210439,21.84479087158492,47033200
2020-07-20,21.51982307434082,21.646197322514766,21.438581994308997,21.50176911839597,40127600
2020-07-21,21.944080352783203,22.052402364975276,21.637169993578965,21.664250927056976,46491300
2020-07-22,21.944080352783203,21.96213430843521,21.763545961423045,21.835760062311103,44437400
2020-07-23,21.96213150024414,22.088505730209388,21.826730293607124,21.898944385261515,49916100
2020-07-24,21.907970428466797,22.097531765337738,21.83575633988934,21.980184517044254,41245600
2020-07-27,21.727436065673828,21.826731090970924,21.537874713800992,21.80867713696785,43060200
2020-07-28,21.673274993896484,21.772570014926018,21.573979972866955,21.646194064055774,35370500
2020-07-29,22.079479217529297,22.106560148113697,21.60106149591009,21.637167681636168,36491600
2020-07-30,21.682302474975586,21.727435637373773,21.402471358603517,21.664248521328396,53994600
2020-07-31,21.691329956054688,21.718409165435194,21.402471856143976,21.6732760019878,50115900
2020-08-03,21.754520416259766,21.926029562808775,21.628144440093084,21.78159962980113,42982100
2020-08-04,21.664249420166016,21.70035732895849,21.546902160030186,21.664249420166016,30754400
2020-08-05,21.96213150024414,22.016291638554996,21.781595410248283,21.808676340263588,34860700
2020-08-06,21.953107833862305,22.043375892471676,21.799652650742377,21.88992070935175,33115400
2020-08-07,22.422502517700195,22.44055647550238,21.79965474728625,21.844789641791714,63302800
2020-08-10,22.58498191833496,22.666222996738465,22.449580694902444,22.548874007168973,45436100
2020-08-11,22.846755981445312,23.216853439521476,22.792595839749254,23.009238128253358,73758600
2020-08-12,22.783571243286133,23.2619907564668,22.62108907949949,23.252963778287537,58793600
2020-08-13,22.639141082763672,22.80162323253287,22.50373986519597,22.612060150562176,35222500
2020-08-14,22.72940444946289,22.837724712499256,22.503735226131003,22.530814431030326,28276900
2020-08-17,22.350282669067383,22.666219962597975,22.341255692484253,22.648166009431716,53397000
2020-08-18,22.20585823059082,22.4225005399478,22.187804274381065,22.36834039303856,35502500
2020-08-19,22.196823120117188,22.51276035115618,22.13363601825327,22.287091146373957,59847200
2020-08-20,21.989215850830078,22.11559010045369,21.92602872601827,21.9440809604502,45586100
2020-08-21,21.944080352783203,22.142670421515344,21.871866251895145,21.953107330609207,35349200
2020-08-24,22.467632293701172,22.467632293701172,22.01629374720355,22.070455612421608,51010900
2020-08-25,22.53081512451172,22.720378173239272,22.386386954871487,22.657191064236617,55236900
2020-08-26,22.422502517700195,22.530822821072945,22.341261429310542,22.47666266938657,30646600
2020-08-27,22.801624298095703,22.909944588523913,22.404445882512317,22.404445882512317,66463900
2020-08-28,22.891889572143555,22.97313064095004,22.70232650435517,22.9641036642249,49170600
2020-08-31,22.6210880279541,22.873838240064188,22.6210880279541,22.873838240064188,52259000
2020-09-01,22.684268951416016,22.765510007331354,22.43152053009674,22.50373461071932,42036100
2020-09-02,23.009239196777344,23.090480273954114,22.61206078854869,22.67524963213502,48432500
2020-09-03,22.657196044921875,23.47863208597017,22.51276784353228,23.144640794181754,98405500
2020-09-04,22.828710556030273,23.18978114453878,22.467638245801393,23.063405147270522,111105500
2020-09-08,22.241962432861328,22.657194779963834,22.1607213589004,22.603034637896506,84687600
2020-09-09,22.467632293701172,22.630114445915503,22.30515014148684,22.449580060348406,52321200
2020-09-10,22.151695251464844,22.693300094750107,22.1065603667112,22.539844930027332,55515300
2020-09-11,22.305147171020508,22.422496141645208,22.115585833161717,22.1877999221155,69285700
2020-09-14,22.612062454223633,22.810652533826694,22.440555031301074,22.503742157822025,51021000
2020-09-15,22.305147171020508,22.67524631384329,22.28709494007183,22.65719236117492,48459900
2020-09-16,22.557899475097656,22.810649671182393,22.305149279012916,22.3502841649494,62119900
2020-09-17,22.32320213317871,22.458603340875143,22.18780092548228,22.250988040959296,47334200
2020-09-18,22.2780704498291,22.50373971820789,22.232935563121412,22.323203614816904,61707200
2020-09-21,21.719867706298828,21.93770152208449,21.384039491635964,21.810632229006842,72307300
2020-09-22,21.538339614868164,21.874167844405676,21.356812292601134,21.66541064476338,84561500
2020-09-23,21.05729103088379,21.738022399582324,21.05729103088379,21.583723220096413,54282500
2020-09-24,21.102672576904297,21.402194311974075,20.821304093945276,21.066366072682793,56512300
2020-09-25,21.32050895690918,21.393120242841338,20.902994495596673,20.948375900108168,46026600
2020-09-28,21.828786849975586,21.983086041144862,21.62002962991996,21.62002962991996,62803500
2020-09-29,21.556499481201172,21.80156325920987,21.438506772080252,21.76525674490197,53250800
2020-09-30,21.846939086914062,22.02846814967571,21.63818187657078,21.647258502827807,66732200
2020-10-01,21.88324546813965,22.08292605109623,21.710793032610663,21.937703494184273,65766100
2020-10-02,22.055694580078125,22.18276560659375,21.5383390420332,21.592798795335316,63368100
2020-10-05,22.418758392333984,22.491369684057595,22.209999413837572,22.264459181022595,58911700
2020-10-06,22.19184684753418,22.763660526615908,22.110158931781122,22.609361322547873,88404900
2020-10-07,22.56397247314453,22.672888504092942,22.400596695532816,22.400596695532816,53815200
2020-10-08,22.872581481933594,22.927039522889604,22.63659432953767,22.69105237049368,57646300
2020-10-09,22.899805068969727,23.02687611410664,22.718277724929163,22.999646233465253,52031600
2020-10-12,23.153940200805664,23.226551468267036,22.881646649433637,22.881646649433637,45931400
2020-10-13,22.709197998046875,23.15394226734073,22.636586724104802,23.08133099339866,60377800
2020-10-14,22.491365432739258,22.80903869198985,22.46413555429374,22.727352519032145,48982200
2020-10-15,22.663818359375,22.672894986413947,22.246303902720953,22.28260867968715,41637200
2020-10-16,22.68197250366211,22.827195079605705,22.573056437299247,22.709202385847657,40103600
2020-10-19,22.337066650390625,22.772734326180117,22.300760145146775,22.763657699869157,42989000
2020-10-20,22.518596649169922,22.78181364978352,22.473215243431554,22.482291870817157,67293900
2020-10-21,22.400602340698242,22.627512815411652,22.400602340698242,22.482290250090234,44307200
2020-10-22,22.84534454345703,22.87257442112407,22.382447010253564,22.39152363614258,39511800
2020-10-23,22.917957305908203,23.063179867173254,22.736428238732145,22.99056858654073,45092700
2020-10-26,22.400602340698242,22.627512815411652,22.191845119447393,22.59120630848653,54015100
2020-10-27,21.992162704467773,22.391525623075353,21.9740094510789,22.391525623075353,46083300
2020-10-28,21.429426193237305,21.719871329400814,21.302355147773596,21.529265626800033,89288300
2020-10-29,21.59280014038086,21.747097590780324,21.102672717266966,21.37496457598174,60908400
2020-10-30,21.65633773803711,21.692642516249432,21.302356196126468,21.46573202605605,66221600
2020-11-02,22.064777374267578,22.164618552044693,21.747102315950215,22.019395965017864,65136000
2020-11-03,22.554901123046875,22.781811593638515,22.445983335439507,22.473213215138724,79834200
2020-11-04,22.291685104370117,22.691048034510587,21.955858562925524,22.15553916240097,87397400
2020-11-05,22.836271286010742,22.99964711373284,22.48229148007261,22.48229148007261,65942300
2020-11-06,22.654741287231445,22.972416302594795,22.582130003536072,22.9451881532025,60783500
2020-11-09,24.515405654907227,24.905691912729836,24.19773067310817,24.48817577720238,162966800
2020-11-10,24.642480850219727,24.733245399759554,24.315730895542053,24.54264140379673,85851200
2020-11-11,24.542634963989258,24.796773558588924,24.397410684117446,24.778620307206282,65062400
2020-11-12,24.134197235107422,24.297573047163183,23.91636339609623,24.243113289018286,62733800
2020-11-13,24.533557891845703,24.63339731025473,24.297570821733746,24.361105469227482,45031800
2020-11-16,25.07814598083496,25.168910520857025,24.83308397332188,25.15075726661469,67556100
2020-11-17,25.04184341430664,25.08722482272927,24.624327185821446,24.79677965396901,63679700
2020-11-18,24.80585479736328,25.35951694917173,24.796778169984,25.159834609206897,71578400
2020-11-19,24.887537002563477,24.91476687845388,24.524480646637713,24.678779814304818,47194800
2020-11-20,24.669702529907227,24.86030646247991,24.615244510770633,24.760467049261027,39974700
2020-11-23,25.13260269165039,25.20521396861276,24.860309104649456,24.98738013772565,51870500
2020-11-24,26.013015747070312,26.04024562628481,25.50473678672602,25.568271440370374,60983200
2020-11-25,25.922252655029297,25.94040590884796,25.61365426487029,25.867794624762876,45204600
2020-11-27,25.84056282043457,25.94948060404902,25.740723394243215,25.922250725348047,26981200
2020-11-30,25.3050537109375,25.75887463046155,25.259672311460864,25.68626335258528,72524200
2020-12-01,25.695341110229492,25.93132820651657,25.677189588353176,25.777029017836153,53972100
2020-12-02,25.97671127319336,26.022092674553114,25.613653137557346,25.659036270106593,57471800
2020-12-03,25.985788345336914,26.14008754655098,25.831489144122852,25.99486497260711,49566000
2020-12-04,26.303462982177734,26.348846117850893,26.14008715613359,26.15824041040285,52713100
2020-12-07,26.121936798095703,26.19454808722162,25.967637592304424,26.149164949524366,34631600
2020-12-08,26.112855911254883,26.17639056247813,25.876868827290394,25.876868827290394,31628500
2020-12-09,26.0493221282959,26.276232593764718,25.949480969508993,26.25807934104174,47589600
2020-12-10,26.094707489013672,26.12193737223051,25.767955815170527,25.849643733631314,41298300
2020-12-11,25.831483840942383,25.895020218789796,25.62272665015444,25.804255695911344,48216300
2020-12-14,25.53196907043457,26.176395800046496,25.513817545874183,26.176395800046496,38302900
2020-12-15,25.967634201049805,26.040245480693017,25.586424550125574,25.731647109412,38604200
2020-12-16,26.013015747070312,26.031168999879977,25.88594643978161,26.013015747070312,55602800
2020-12-17,26.08562469482422,26.13100782279071,25.940402147710085,26.058394818044327,38510900
2020-12-18,25.858715057373047,26.121932014243686,25.70441587983942,26.121932014243686,56080100
2020-12-21,26.207292556762695,26.33504516945243,25.760162763536368,26.161667742536068,77688100
2020-12-22,25.951793670654297,26.26204731489686,25.93354304676349,26.225546067115246,42317900
2020-12-23,26.38066864013672,26.52667012679633,26.097790977293098,26.106916287768698,52681400
2020-12-24,26.41717529296875,26.444549489527496,26.198171277646562,26.435424177182792,16071000
2020-12-28,26.5449275970459,26.754804570713564,26.4536762092196,26.599677733551495,32824800
2020-12-29,26.45367431640625,26.6635512750568,26.426298379874527,26.654425962879557,23607000
2020-12-30,26.572301864624023,26.654426193980566,26.48105048253577,26.54492592785494,16616700
2020-12-31,26.900808334350586,26.937309588709766,26.462803724894073,26.535804493136823,26239300
2021-01-04,26.53580093383789,27.010306734007195,26.30767334611904,27.001181421641395,47086300
2021-01-05,26.65442657470703,26.773053895258812,26.389799477394103,26.52667568224392,35265400
2021-01-06,27.83156394958496,28.050566211150894,27.165431853095843,27.165431853095843,102254900
2021-01-07,28.23307228088379,28.525075330589235,28.17832040370742,28.242197593746518,64342700
2021-01-08,28.214818954467773,28.379071089323926,27.840689865284453,28.36994577733466,54266400
2021-01-11,28.30607032775879,28.351695147219935,27.822439235284275,27.94106655064373,56590400
2021-01-12,28.598073959350586,28.734950161128424,28.388197000592875,28.470323069754645,60546600
2021-01-13,28.579822540283203,28.65282329523318,28.36994558736143,28.552448344974014,55394700
2021-01-14,28.70757484436035,28.85357810194754,28.552449755345,28.661950022941173,49828800
2021-01-15,28.23307228088379,28.4611998810256,28.023193565991967,28.287822417584692,68732700
2021-01-19,28.30607032775879,28.452071838604812,28.1326928809509,28.379071083181802,97457200
2021-01-20,28.187440872192383,28.39731955101383,28.087065928904043,28.39731955101383,56113100
2021-01-21,27.886316299438477,28.223945900689586,27.886316299438477,28.16919576605914,43713800
2021-01-22,27.685564041137695,27.795064308008342,27.557813149630157,27.60343797074703,37928000
2021-01-25,27.484806060791016,27.52130556118226,27.13805123446192,27.41180531953357,68321500
2021-01-26,27.265810012817383,27.6308155655542,27.247561127560914,27.594314314090333,55504600
2021-01-27,26.462800979614258,26.91905616891795,26.40805084423093,26.891680230988577,84059200
2021-01-28,26.95555877685547,27.265810719967533,26.71830585761347,26.80043193506168,62985900
2021-01-29,26.41717529296875,26.955556537978776,26.29854797296295,26.882554039221137,78260700
2021-02-01,26.763927459716797,26.80042870773183,26.481049749501498,26.70917732816955,41947400
2021-02-02,27.41181182861328,27.548688033413605,27.0650569199454,27.074182232328802,54263000
2021-02-03,27.566932678222656,27.57605798920269,27.32055624366213,27.375306369067236,46195200
2021-02-04,28.178319931030273,28.187445243739926,27.64906397719829,27.658189289907945,63061800
2021-02-05,28.187440872192383,28.40644312183309,28.123565433606576,28.379068928424978,38461900
2021-02-08,28.552444458007812,28.552444458007812,28.278690358856245,28.278690358856245,48756300
2021-02-09,28.561574935913086,28.652826324366337,28.360823273696308,28.46119997504243,33572000
2021-02-10,28.561574935913086,28.74407771281959,28.424698723470943,28.7075764612481,38899600
2021-02-11,28.47032356262207,28.689325837352964,28.278695484435435,28.579823829749834,31909500
2021-02-12,28.7623291015625,28.789703300491784,28.415574164337126,28.442950103741925,38271800
2021-02-16,29.25507926940918,29.3919537155377,28.926575029180274,29.054325904613673,71330600
2021-02-17,29.401086807250977,29.437584578479733,29.063457186490226,29.163832149033556,60460900
2021-02-18,29.227706909179688,29.382835486802243,28.99045573751986,29.19120739833797,45188200
2021-02-19,29.574460983276367,29.674837681033083,29.3828346408049,29.41933589107113,54361800
2021-02-22,29.848207473754883,29.957711202818,29.46495486488435,29.47407843516455,65930200
2021-02-23,30.030712127685547,30.067213373040005,29.720458504073363,30.058086321226217,94331400
2021-02-24,30.614715576171875,30.696841630894603,30.05808381426783,30.07633443542289,66000600
2021-02-25,30.05808448791504,30.879345053548022,29.975958431351742,30.86109443198394,92189400
2021-02-26,29.483205795288086,30.103713009346247,29.373702065077705,30.0124599008376,103105700
2021-03-01,30.404836654663086,30.58733937326085,29.98508283855311,29.98508283855311,67590700
2021-03-02,30.29534339904785,30.54172160380324,30.267965722330164,30.36834241474354,49987000
2021-03-03,30.5325927734375,30.988847908058922,30.377467698522423,30.41396894472024,72541700
2021-03-04,30.18585205078125,30.742480587838504,29.74784390343364,30.450477476907867,101311800
2021-03-05,30.760725021362305,30.842851097328648,29.912090063360413,30.696849571271922,109299800
2021-03-08,31.153100967407227,31.5546077256994,30.861097950985936,30.988848835551433,90538200
2021-03-09,30.870229721069336,31.326484939074255,30.587350232763903,30.90672749298692,117224600
2021-03-10,31.499853134155273,31.618480437127754,30.9614719664497,31.016223832656284,73269300
2021-03-11,31.408599853515625,31.65497802868405,31.153098107837355,31.33560084658621,50904800
2021-03-12,31.72797966003418,31.892231772378974,31.62760298238457,31.77360447325215,68126000
2021-03-15,31.545482635498047,31.85573629486194,31.253479600914467,31.84661272294716,57836400
2021-03-16,31.216981887817383,31.417735302192785,30.970603646797887,31.38123404849705,67373600
2021-03-17,31.426864624023438,31.609367444936012,31.09836372352294,31.445115254209874,64051100
2021-03-18,31.591110229492188,32.20249402996184,31.481609952151,31.746238813264,96690500
2021-03-19,31.226097106933594,31.372098585430397,30.89759291007833,31.344720915059245,98510500
2021-03-22,30.823728561401367,31.062031191042305,30.71373950491055,30.997872656278286,68170600
2021-03-23,30.39295196533203,30.851229288992876,30.28296638663941,30.640422139674307,70441900
2021-03-24,30.50293731689453,30.979546149518317,30.50293731689453,30.61292639114666,63357100
2021-03-25,31.01620864868164,31.062035680654223,30.246302623855634,30.484605287940113,60532600
2021-03-26,31.50198745727539,31.55698200390249,31.117036120022956,31.33700731377318,53779900
2021-03-29,31.227022171020508,31.428665348539873,30.906229385311647,31.062042025119055,71777800
2021-03-30,31.446996688842773,31.593645318116828,31.355339110309544,31.392002141722838,55011400
2021-03-31,31.208690643310547,31.51115540947425,31.190359127508582,31.382838295239637,51138300
2021-04-01,31.593639373779297,31.593639373779297,31.162857576672423,31.162857576672423,51690100
2021-04-05,31.841108322143555,31.996920925782803,31.74028675678718,31.9327623835339,51790700
2021-04-06,31.77695655822754,31.92360869807568,31.66697094972089,31.76779254767676,41336800
2021-04-07,31.932758331298828,32.00608087183088,31.71278371694691,31.868599797191575,38660800
2021-04-08,31.94194221496582,31.978605256235937,31.5936538120399,31.813625066900475,39927400
2021-04-09,32.2169075012207,32.235235523184826,31.978601259131647,32.16191294618947,40133700
2021-04-12,32.3543701171875,32.363537619299606,32.20772155079235,32.28104758217873,44435500
2021-04-13,32.05193328857422,32.207745978880595,31.877785580137367,32.17108293538018,39950900
2021-04-14,32.24440002441406,32.47353873777893,31.92360722425497,31.969434267652083,44065300
2021-04-15,32.2169075012207,32.35438864422935,31.914442693118353,32.31772560754187,55483500
2021-04-16,32.446041107177734,32.565190713008576,32.299392479988256,32.50103215713687,39115700
2021-04-19,32.3543701171875,32.52851769354135,32.24438456648554,32.43686015430838,31172300
2021-04-20,31.749454498291016,32.18023632952033,31.63946891241201,32.16190481581071,50227700
2021-04-21,32.18940734863281,32.21690637337556,31.547818214580907,31.639475803090892,39680000
2021-04-22,31.831945419311523,32.19856871062294,31.776950876701164,32.15274167330372,43611200
2021-04-23,32.42770767211914,32.565188785257625,31.776951149633092,31.831945692715802,50437700
2021-04-26,32.556026458740234,32.85848772037898,32.51936342812371,32.546858952896585,43749700
2021-04-27,32.812660217285156,32.85848725671964,32.52853047496397,32.60185303878335,50852400
2021-04-28,32.940975189208984,33.03263275851066,32.84015710754529,32.940975189208984,35771700
2021-04-29,33.5275764465332,33.55507197184301,33.170117135610134,33.19761615729905,48573000
2021-04-30,33.234275817871094,33.46341451999656,33.17928476704362,33.34426491228429,43940900
2021-05-03,33.399253845214844,33.58256549456697,33.27093673958202,33.51840694175056,33317300
2021-05-04,33.66505432128906,33.66505432128906,33.03263282552886,33.252603999541634,66939700
2021-05-05,33.94002151489258,34.06833862138399,33.765877369851225,33.765877369851225,38954200
2021-05-06,34.44413375854492,34.45329776885548,33.875867220668134,34.07751041129405,43332900
2021-05-07,34.62744140625,34.63660891279972,33.96752428622134,34.05001436327233,64616700
2021-05-10,34.599945068359375,35.06738649643896,34.57244954211329,34.810752261130894,56341100
2021-05-11,33.98584747314453,34.56327437459714,33.857526887554386,34.25164565949227,82723700
2021-05-12,33.637569427490234,34.379976744843994,33.50008477800553,34.2516596033942,97911900
2021-05-13,34.17832565307617,34.38913281482495,33.49090962705153,33.5092411406443,66882600
2021-05-14,34.71908950805664,34.8107435702473,34.33413475482348,34.37079777825109,44850200
2021-05-17,34.78325653076172,34.8199195631275,34.471627748411024,34.60910887521388,40376700
2021-05-18,34.29747009277344,34.87490044684624,34.27914207831365,34.755747374588445,40299200
2021-05-19,34.086669921875,34.10500143645557,33.53673846997367,33.90336176882716,63573900
2021-05-20,34.10499572753906,34.34330188081686,33.86669307063958,34.14165875056308,59216100
2021-05-21,34.44413375854492,34.62744193579099,34.22415905091852,34.242490567919006,44950300
2021-05-24,34.609100341796875,34.69159039609105,34.41662471390324,34.59077232651225,29159600
2021-05-25,34.26081848144531,34.92073554215721,34.21499144195378,34.65493731455471,38755900
2021-05-26,34.361637115478516,34.51744973564571,34.114166927819994,34.38913263753656,38601900
2021-05-27,34.75575256347656,34.847410131350564,34.47162284401392,34.67326599695802,39789500
2021-05-28,34.81991958618164,34.911573670777564,34.56328185583049,34.911573670777564,39265000
2021-06-01,35.03071594238281,35.26901858644951,34.9390583897586,35.16819702675194,35710700
2021-06-02,35.08570861816406,35.17736617507413,34.89323299322037,35.1407031523101,37537500
2021-06-03,35.1682014465332,35.379008599494995,34.86574022580666,34.97572580640008,54877500
2021-06-04,35.25986099243164,35.28735651503072,34.94823224958661,35.214030459594824,27250900
2021-06-07,35.03071594238281,35.314845614572555,34.966557403734924,35.314845614572555,37401800
2021-06-08,34.939064025878906,35.049053106770614,34.581608253927584,34.83824244991752,47747700
2021-06-09,34.609100341796875,34.8474064970371,34.51744627986039,34.80157946606885,40776200
2021-06-10,34.2058219909668,34.99405961235906,34.17832646811132,34.9024055385883,53775500
2021-06-11,34.42580032348633,34.444131839465456,34.26082017605336,34.26998418585334,40416700
2021-06-14,34.06834030151367,34.41663210515181,33.86670062267398,34.361641054731486,50613400
2021-06-15,34.13249588012695,34.30664000072521,33.91252123103266,34.077501343758776,51315100
2021-06-16,34.09584045410156,34.32497916213131,33.67422607045785,34.02251438927002,84961100
2021-06-17,33.08763122558594,34.288319429923035,32.986813121307776,34.269987911950764,97659900
2021-06-18,32.29021453857422,32.75765929043321,32.24438751295889,32.6476702333029,180960000
2021-06-21,33.04385757446289,33.06226170369082,32.556160435723214,32.61136931317829,89831400
2021-06-22,33.09907150268555,33.227896903048304,32.78620831170647,33.117475632770066,42576400
2021-06-23,33.16348648071289,33.319916331832424,33.080669644758686,33.126678218015655,48094900
2021-06-24,33.57756423950195,33.66038105961923,33.200288394573995,33.356718215779715,42942800
2021-06-25,33.98243713378906,34.07445424270359,33.559152816417914,33.752390851275045,56845000
2021-06-28,33.73399353027344,33.945635731638966,33.54075545644775,33.918031295443406,70250700
2021-06-29,33.6143684387207,34.09286522381991,33.52235131129826,33.908827458746615,61051200
2021-06-30,33.76160430908203,33.835220833071325,33.503953495577626,33.51315380596175,42414100
2021-07-01,34.0284538269043,34.0468579551345,33.75239892390837,33.92723287675247,36615600
2021-07-02,33.99165344238281,34.065269972352056,33.8536277140345,34.028461707367434,27018400
2021-07-06,33.457942962646484,33.92723598977711,33.23709691384869,33.908831859858225,49225300
2021-07-07,33.50394821166992,33.57756472404916,33.181884745582046,33.25549774773277,43747100
2021-07-08,32.83222198486328,33.163489357415244,32.67578860994511,32.97025122683641,75084200
2021-07-09,33.780006408691406,33.82601497830342,33.20949242299894,33.310713382282685,70546500
2021-07-12,34.111270904541016,34.17568359871532,33.430335706061676,33.577565222778446,62953400
2021-07-13,33.74319839477539,34.05606158473712,33.61437299483154,34.000852704891976,44476200
2021-07-14,33.58676528930664,33.98244527079347,33.21868974505844,33.76159924219884,69632700
2021-07-15,33.69718551635742,33.90882771923763,33.255496982925465,33.255496982925465,53977600
2021-07-16,33.237098693847656,33.8720289242517,33.16348568045865,33.8720289242517,56160700
2021-07-19,32.307708740234375,32.767801422925885,32.114470655958804,32.59296395695681,89972200
2021-07-20,33.10826873779297,33.329114768067996,32.20648750877471,32.27090020297397,70635800
2021-07-21,33.67878723144531,33.844420898995786,33.34752340657341,33.37512784775547,59975000
2021-07-22,33.310707092285156,33.641974347305265,33.17267789928405,33.55915753355024,35292300
2021-07-23,33.36592102050781,33.724796274680564,33.27390388470684,33.63277562865086,36766900
2021-07-26,33.55915832519531,33.62357101405444,33.283099932681004,33.30150405953051,25396000
2021-07-27,33.549957275390625,33.69718679210862,33.14507698197329,33.30150680776116,38988400
2021-07-28,33.50394821166992,33.71559041941746,33.273901875827576,33.66958185429469,42908200
2021-07-29,33.87202072143555,34.01925022278791,33.57756171873082,33.72479122008318,41434200
2021-07-30,33.60517501831055,34.028459507582234,33.52235818256356,33.78000900034125,52385300
2021-08-02,33.6143684387207,34.221690606302694,33.568359875009484,33.83521445885434,47589900
2021-08-03,33.99165344238281,34.03766552872826,33.23710156134481,33.73400260794916,42169600
2021-08-04,33.70639419555664,34.065265961327874,33.52235640253246,33.66958593490602,52346400
2021-08-05,34.14807891845703,34.14807891845703,33.908828761600695,33.91803258083361,37168200
2021-08-06,34.838218688964844,34.90263138408192,34.46094282746684,34.470143136671304,58081000
2021-08-09,34.930240631103516,35.09587430141711,34.598973290476316,34.79221491266158,48015600
2021-08-10,35.298309326171875,35.39953027269108,34.865821103854685,34.902629358994105,40907400
2021-08-11,35.70318603515625,35.71238985313582,35.233893114811934,35.39952673616359,48372100
2021-08-12,35.767608642578125,35.81361721455527,35.519158141626704,35.74000420143765,44566400
2021-08-13,35.50075912475586,35.841226785042096,35.417942287364156,35.79521821098653,43077200
2021-08-16,35.40873336791992,35.44554162595605,34.95784449277787,35.27070766562751,48011800
2021-08-17,35.160282135009766,35.427136734686954,34.81061422187616,35.16948595443511,52414800
2021-08-18,34.72779083251953,35.27070023842763,34.700182889691696,35.02224981434481,39550400
2021-08-19,34.47014236450195,34.727796649427134,34.24929984625584,34.35052079638053,48961300
2021-08-20,34.68178939819336,34.73700179054953,34.341321754236205,34.47014715950491,33898600
2021-08-23,34.96704864501953,35.114278183115715,34.85662736900466,34.85662736900466,28807400
2021-08-24,35.178680419921875,35.26149722984979,35.00384649239763,35.03145092563092,37677300
2021-08-25,35.5927734375,35.8136159794658,35.19709341372995,35.27070993453783,47904800
2021-08-26,35.417938232421875,35.795214112850545,35.381129973299856,35.749202033833626,38484300
2021-08-27,35.88723373413086,35.896434044433704,35.454745435087275,35.463949255619156,38511100
2021-08-30,35.381126403808594,35.92403588528509,35.36272227610432,35.90563175758082,30096500
2021-08-31,35.335121154785156,35.60197225596184,35.206292248768584,35.353521773987325,49876200
2021-09-01,35.1326789855957,35.38112946576212,35.01305390027956,35.362725336465125,43976200
2021-09-02,35.25230026245117,35.381125643383875,35.11427106274992,35.215492007833724,29611500
2021-09-03,35.031455993652344,35.26150233115215,34.948639171743274,35.18788932847105,34847500
2021-09-07,34.81982421875,35.15109160565636,34.81982421875,35.15109160565636,39214900
2021-09-08,34.737003326416016,34.90263700057885,34.55296552065407,34.737003326416016,32523900
2021-09-09,34.838218688964844,35.16948598398331,34.66338122202253,34.69098917009315,33421000
2021-09-10,34.58057403564453,35.06827124515162,34.571370214580675,35.031462981354686,39350500
2021-09-13,34.976234436035156,35.03144680623728,34.72778754569464,34.82900495905711,40357300
2021-09-14,34.50695037841797,35.22469382301594,34.396529120071015,35.09586843657308,45670600
2021-09-15,34.838218688964844,34.921035512719456,34.45173900803376,34.48854726530884,36371300
2021-09-16,34.737003326416016,35.141883690908955,34.58057347316733,34.967049706061154,42630200
2021-09-17,34.58057403564453,34.91183787912926,34.48855337615218,34.69099531680611,82987200
2021-09-20,33.778385162353516,33.907768292442455,33.29781673243324,33.815352778214894,95008800
2021-09-21,33.732177734375,34.12032712842912,33.64900236058827,33.99094399707775,45837600
2021-09-22,34.29592514038086,34.53620762017796,34.08336661294557,34.15729832771918,58347800
2021-09-23,35.13692092895508,35.303271702600526,34.57317703220401,34.62862846522798,71805000
2021-09-24,35.32174301147461,35.44188245236348,35.06297327438078,35.10918454825751,48066100
2021-09-27,35.80231857299805,35.90397422992624,35.571276258711706,35.635967824677806,58794500
2021-09-28,35.21084976196289,35.968668324053446,35.15540185890946,35.79307742200726,96152700
2021-09-29,35.23857879638672,35.3956858958835,35.07222802902169,35.321754180069235,49882500
2021-09-30,34.6840705871582,35.451132751616676,34.674830445908796,35.44188908494139,73319300
2021-10-01,35.257057189941406,35.49733963620466,34.647105645122295,34.77648877198911,70444000
2021-10-04,34.95207595825195,35.663686606184555,34.896624541705435,35.20160204457316,69772700
2021-10-05,35.63596725463867,35.811558141534164,35.081463593965836,35.2108467238284,56058400
2021-10-06,35.67293167114258,35.700659145956536,35.0537399653035,35.31250622739435,63405900
2021-10-07,35.885498046875,36.264407344575815,35.8392867583976,36.04260514633386,53295600
2021-10-08,36.06108474731445,36.19046787892536,35.75610720100937,35.92245794891652,38607500
2021-10-11,35.700653076171875,36.41226370136039,35.68216927124713,36.14425381808965,50748300
2021-10-12,35.58975601196289,35.830041989484144,35.49734049779372,35.65445110239237,58527700
2021-10-13,35.386436462402344,35.61747874247743,34.87814415132224,35.58051113156332,72105100
2021-10-14,35.97791290283203,35.987153045099596,35.44189299023022,35.783838186376734,51893500
2021-10-15,36.51393127441406,36.69876585864692,36.20895720704234,36.32910021560767,58411100
2021-10-18,36.523162841796875,36.73572130934077,36.33832831880318,36.43998748272098,56312700
2021-10-19,36.88359451293945,36.88359451293945,36.550893019895504,36.68951981713912,33082600
2021-10-20,37.17932891845703,37.17932891845703,36.71724428831151,36.81890347101168,44670200
2021-10-21,37.022220611572266,37.253262919001244,36.828142394008296,37.17008754730978,35067600
2021-10-22,37.53975296020508,37.604444523968965,37.16084371869127,37.197811333820866,41458200
2021-10-25,37.493553161621094,37.678387751072464,37.40113762960869,37.632179985066266,33121000
2021-10-26,37.521270751953125,37.76155673511167,37.465822852321125,37.58596231847443,41586900
2021-10-27,36.902076721191406,37.595203626509914,36.892833054882075,37.42885288719941,62449500
2021-10-28,37.35491180419922,37.37339560849537,37.022213903144085,37.049937846875714,44566600
2021-10-29,37.207054138183594,37.47506407891868,37.133122428058165,37.40113236879325,42092000
2021-11-01,37.22553253173828,37.5489938520819,37.07766560757209,37.46581848689932,37503800
2021-11-02,37.31795120239258,37.42885051309,37.11463286159271,37.216292031992644,31436800
2021-11-03,37.456581115722656,37.595207922798586,37.123879599081334,37.197814836302136,42946800
2021-11-04,36.96678161621094,37.41038257255423,36.680287789531576,37.31796702868451,48279700
2021-11-05,36.98525619506836,37.419616898738155,36.86511319769511,37.262506282876814,57866300
2021-11-08,37.18857192993164,37.45657833136929,37.09615289027565,37.21629587911549,32864600
2021-11-09,36.98525619506836,37.114639334350564,36.74497020032186,36.99449633697731,48420400
2021-11-10,36.920570373535156,37.151612736917194,36.82815131292633,36.94829432900446,60695100
2021-11-11,37.022220611572266,37.142360073128735,36.8189022528985,36.97600932974581,31438900
2021-11-12,37.105403900146484,37.11464404322777,36.77270234239476,37.07767642004945,39218800
2021-11-15,37.105403900146484,37.29947863369279,37.031468653789844,37.20705957574699,30081100
2021-11-16,37.06843185424805,37.29023051600149,36.96677266535015,37.15160723376213,32599500
2021-11-17,36.643310546875,37.01297611521808,36.54165136981728,37.01297611521808,53557200
2021-11-18,36.4584846496582,36.754218584664976,36.29213387053857,36.680283338199985,42990100
2021-11-19,36.06108474731445,36.27364325287894,35.78383467594451,36.144260121268026,71858100
2021-11-22,36.56937789916992,36.929803352050705,36.24592006336051,36.541653949079404,81965800
2021-11-23,37.14236068725586,37.17008816189536,36.652552115544,36.80966272041487,61571200
2021-11-24,37.05918502807617,37.20705196511698,36.920561757652465,37.068428694693274,40410300
2021-11-26,35.830039978027344,36.05183860975219,35.42340680291468,35.89473153939923,76492200
2021-11-29,35.94093704223633,36.375297663171736,35.67292714738574,36.24591454853365,79316500
2021-11-30,35.08146667480469,35.65445419369538,35.02601877166611,35.506583717522666,121263700
2021-12-01,34.69331359863281,35.93170050279292,34.69331359863281,35.700658196236375,101946500
2021-12-02,35.72837448120117,35.92244913097774,34.88738080674434,35.01676390659538,98076400
2021-12-03,35.14615249633789,35.867006848060385,34.868902449717986,35.77458781557,97178200
2021-12-06,35.68218994140625,36.02413171703238,35.42342357341106,35.70067375703839,69716600
2021-12-07,36.3198356628418,36.42149480198533,35.922442769148596,36.098037109641766,115475500
2021-12-08,36.12578201293945,36.48620751512984,36.033366483043736,36.3383405520408,53033200
2021-12-09,36.05185317993164,36.23668779801947,35.82081078867863,35.95019748913909,45521100
2021-12-10,36.08880615234375,36.31060830905686,35.85776385492103,36.30136464292157,38900900
2021-12-13,35.700653076171875,36.014870709041794,35.58051010687373,36.00562704386677,44343000
2021-12-14,35.9132194519043,36.18122939418444,35.61748555884555,35.64520950962415,51734400
2021-12-15,36.01487731933594,36.1257766438139,35.5620328291265,36.0056336524643,70424900
2021-12-16,36.46771240234375,36.72648215162402,36.245913789161115,36.430744791671515,71156600
2021-12-17,35.66370391845703,36.27365569485664,35.44190167002665,36.2274479213499,97654400
2021-12-20,34.9709587097168,35.15667879604197,34.553089401064156,35.110249660039685,85242300
2021-12-21,35.695255279541016,35.85311855792141,35.32381873110316,35.32381873110316,57667900
2021-12-22,35.86241912841797,35.89027945028528,35.53741155927289,35.59312866069069,49702700
2021-12-23,36.048133850097656,36.37314137049002,36.02956148574434,36.066706214450974,39057300
2021-12-27,36.41957473754883,36.41957473754883,35.973848611634345,36.15956517402811,36120300
2021-12-28,36.438148498535156,36.670297752739515,36.34528667146351,36.35457462532893,34055200
2021-12-29,36.391700744628906,36.614565494999674,36.34527162147688,36.5124192986762,27150500
2021-12-30,36.32670211791992,36.70742662538388,36.21527150513702,36.503137759001106,30089100
2021-12-31,36.2617073059082,36.43814297946239,36.187421397819044,36.25242289576554,28497800
2022-01-03,36.70743179321289,36.84672273553797,36.51242730781041,36.53099966960815,49884400
2022-01-04,37.673179626464844,37.793898227095305,37.11602284901353,37.1345952139041,74210200
2022-01-05,37.23672866821289,37.979608910247634,37.208871898947024,37.784600898439976,76288400
2022-01-06,37.78460693359375,37.812467249625136,37.28316729513793,37.62674715945227,57725200
2022-01-07,38.23032760620117,38.32318940928427,37.73817244796534,37.86817542996608,62185500
2022-01-10,38.10032653808594,38.49962345561206,37.70102962055981,38.471766684445605,73620000
2022-01-11,38.434627532958984,38.453199897200854,37.88675518593073,38.23962302189375,60706300
2022-01-12,38.46248245239258,38.68534727022579,38.276765903567025,38.53677190577569,51560600
2022-01-13,38.31390380859375,38.72248868259718,38.183900818616586,38.51819624559546,51659600
2022-01-14,37.914608001708984,37.95174918052774,37.459594023602385,37.70102762634438,81135500
2022-01-18,37.069576263427734,37.701022263630136,36.837427102833175,37.66388109009446,82526700
2022-01-19,36.447425842285156,37.36673826928277,36.41956907072383,37.34816590746995,85975100
2022-01-20,36.21527862548828,37.02315692605454,36.14098917414995,36.54957407187874,80314000
2022-01-21,35.4724006652832,36.16884830841449,35.3238253097745,36.06670208731802,117914300
2022-01-24,35.574546813964844,35.648832720410034,34.190935940474816,34.85952681006097,169153300
2022-01-25,35.72312545776367,35.98313146773125,34.59952046686903,35.1752531208204,97364900
2022-01-26,35.81598663330078,36.41028815692888,35.388832855982656,36.113137395114826,106682000
2022-01-27,35.490966796875,36.53099410285336,35.25881762325298,36.15955400813203,91498900
2022-01-28,35.95527267456055,35.96455708483123,34.90595719817301,35.35168327980195,79753600
2022-01-31,36.27098846435547,36.29884523188149,35.49096709278927,35.70454390922444,58740900
2022-02-01,36.77244186401367,36.86530369465856,36.13171117298885,36.31743129196198,64601500
2022-02-02,37.02314758300781,37.08814906536727,36.52170808227986,36.75385724565367,46649400
2022-02-03,36.61457061767578,37.143870488755304,36.55885353670906,37.013867508815146,50677000
2022-02-04,37.23672866821289,37.552451708383,36.66099966871993,36.67957202900236,77792400
2022-02-07,37.34817123413086,37.589604887499576,37.069589309522534,37.28316972967327,52710400
2022-02-08,37.86817932128906,37.961041133914605,37.515315060259844,37.608173330569436,56921200
2022-02-09,38.109615325927734,38.36033689887256,37.97961233454505,38.07247060201387,67505300
2022-02-10,37.77532196044922,38.43462490554203,37.61745864634309,37.93318173223931,67260800
2022-02-11,37.24602127075195,38.10961664899394,37.02315646184732,37.65460262104181,77962800
2022-02-14,36.82815170288086,37.357451635113506,36.52171657794845,37.22744864015334,71521600
2022-02-15,37.329593658447266,37.524598144597356,37.14387358207374,37.27387657284046,55439600
2022-02-16,37.357452392578125,37.524600115863436,37.09744639738587,37.14387553333935,41168800
2022-02-17,36.42885971069336,37.08816272738416,36.326713474411264,36.96744766842934,59107800
2022-02-18,36.41957473754883,36.726009899351624,36.23385463283871,36.39171441933667,47816500
2022-02-22,36.233848571777344,36.58671635746855,35.92740991891808,36.25242093337327,60719700
2022-02-23,35.6024055480957,36.61457631819156,35.50954727434294,36.503145681225035,64169800
2022-02-24,35.175254821777344,35.286685468249544,34.17236837657838,34.42308998787813,143075700
2022-02-25,36.308135986328125,36.40099779817101,35.39811148416334,35.407399436505585,99127100
2022-02-28,35.76955795288086,36.00170720994085,35.39811772465826,35.44454686760695,107370200
2022-03-01,34.4509391784668,35.52811130336867,34.21878998308005,35.42596863294361,129873100
2022-03-02,35.342403411865234,35.546692344920274,34.72024157428676,34.73881393953112,88182500
2022-03-03,35.230960845947266,35.68597483048545,34.933810157303576,35.50025476450424,71952600
2022-03-04,34.571659088134766,34.61808822054351,34.172362173251216,34.60880381098806,105904100
2022-03-07,33.30876922607422,34.293083198018266,33.29019686332252,34.25593847251487,116046200
2022-03-08,33.1137580871582,34.05163919290121,32.95589834891361,33.44805346498828,114915000
2022-03-09,34.330223083496094,34.618085809773284,34.07950153516998,34.21878892269638,88716400
2022-03-10,34.0423583984375,34.265223188088335,33.661633853783876,33.76378006811069,71547300
2022-03-11,33.800926208496094,34.55308737770989,33.78235384671953,34.33951053075315,76788200
2022-03-14,34.22807693481445,34.78523357054225,34.07021364455843,34.311650784405174,70969700
2022-03-15,34.71095275878906,34.766666305136894,34.2745110867123,34.57166180828745,51828700
2022-03-16,35.68598175048828,35.74169884378164,35.045251118038024,35.15668176230844,87007600
2022-03-17,36.13170623779297,36.14099064843099,35.249538449902566,35.48168768133077,58266400
2022-03-18,36.21527862548828,36.30813689734518,35.778836954665636,36.122420353631384,82342500
2022-03-21,36.17985916137695,36.48749331063936,35.99341239046039,36.375626670559974,46828600
2022-03-22,36.767154693603516,37.00021222386357,36.562066485174135,36.60867727999101,61053100
2022-03-23,36.08662796020508,36.61799885689938,36.067982930615266,36.53409800183314,42142600
2022-03-24,36.37562942504883,36.41291949329115,36.07731599146356,36.33833935680651,30421500
2022-03-25,36.84173583984375,36.916312402399754,36.44087659209983,36.49681168114868,48613100
2022-03-28,36.739192962646484,36.76715873137267,36.31968865087328,36.72987222512978,44761000
2022-03-29,36.823089599609375,37.29852539427944,36.60867709956792,37.18665877603513,67968600
2022-03-30,36.56207275390625,36.841741126933584,36.34766021604609,36.82309609457492,47405300
2022-03-31,35.72305679321289,36.66461117633311,35.7137360570226,36.51545094788386,66619600
2022-04-01,35.62983322143555,36.040013158290435,35.3781306842148,35.96543660439654,68422500
2022-04-04,35.47135543823242,35.7603480563357,35.21965287849906,35.545935554972246,134312400
2022-04-05,35.247623443603516,35.71373852114095,35.16372258739975,35.331524299807285,56165700
2022-04-06,35.005245208740234,35.15440190663156,34.874733542607345,34.96795514522336,55835100
2022-04-07,34.96795654296875,35.13575827932592,34.473875628237266,34.977280837308776,53346900
2022-04-08,35.32220458984375,35.480685585980765,35.01457044796504,35.10779205309767,44672300
2022-04-11,35.16372299194336,35.573902984671946,35.10778790177206,35.22897881905527,54435500
2022-04-12,34.78150939941406,35.462037006095876,34.63235271241772,35.135754308420424,67215400
2022-04-13,34.78150939941406,34.8001544298106,34.389970873438706,34.45522670173861,57445600
2022-04-14,34.38996887207031,34.94930908288703,34.38064813550244,34.706927258013735,68544200
2022-04-18,34.59506607055664,34.753543510325166,34.16624099758459,34.17556173561603,52748400
2022-04-19,35.070491790771484,35.126426871292026,34.678956895653464,34.68827763098593,41519100
2022-04-20,35.3128776550293,35.56458021212969,35.228976802662494,35.34084342042634,54635800
2022-04-21,34.753536224365234,35.72305636048779,34.68828040329694,35.5552546616906,54998100
2022-04-22,33.7187614440918,34.70692664303551,33.68147494230528,34.697605906632795,73170900
2022-04-25,33.77469253540039,33.84927264250172,32.93568766756186,33.43908916579488,91392800
2022-04-26,32.926368713378906,33.746732243596476,32.90772368358125,33.392483789792735,81457500
2022-04-27,32.89841079711914,33.23401430120826,32.77721985260325,32.87976576287234,81603000
2022-04-28,33.31791687011719,33.43910426461395,32.7399314476288,33.234015989831896,62680000
2022-04-29,32.1712646484375,33.271296637698995,32.096688076986936,33.15010926456981,74631700
2022-05-02,32.18058395385742,32.43228651131465,31.54666719200418,32.32041633721655,104408800
2022-05-03,32.60009765625,32.92637686807717,32.2924599226615,32.404326572977006,73896300
2022-05-04,33.59757995605469,33.65351149658784,32.54415874983957,32.65602538708215,87794900
2022-05-05,32.61874008178711,33.2712984532492,32.21788076435959,33.20604261610299,101093900
2022-05-06,32.38568115234375,32.534837853332746,31.91956601723111,32.48822349488047,99281900
2022-05-09,31.611928939819336,32.14329991975395,31.46277223591096,31.947532412657267,85922800
2022-05-10,31.332258224487305,32.10600745692003,30.940719683359365,31.90091922697308,107581200
2022-05-11,31.043270111083984,32.0034697949594,30.99665930456807,31.369552869048547,110212200
2022-05-12,30.81020736694336,31.09920000886824,30.21358060854773,30.782241598948563,114304100
2022-05-13,31.257675170898438,31.51870202591526,30.97800684268645,31.183098609590584,64036200
2022-05-16,30.996652603149414,31.276320937957703,30.754274327962445,31.136488548641466,55662200
2022-05-17,31.82634162902832,31.919566792019474,31.42548231860723,31.60260835020225,62859300
2022-05-18,30.950044631958008,31.57463718483937,30.82885370521381,31.5280263841458,74279300
2022-05-19,30.74495506286621,30.968691901007286,30.483931715181953,30.530542519243227,71525400
2022-05-20,30.689016342163086,31.11784493497222,30.04577878721335,30.959363952457196,77984600
2022-05-23,31.686508178710938,31.91956574427429,31.117847149748158,31.27632458736665,78189300
2022-05-24,31.621252059936523,31.723797968381124,30.968693653791988,31.500064673753453,77871200
2022-05-25,31.872949600219727,32.068720647016846,31.453448850653405,31.546670449184578,72192600
2022-05-26,32.609405517578125,32.721272123716346,32.189901299340676,32.2178706180067,50803200
2022-05-27,33.159427642822266,33.22468347176401,32.69331254685212,32.74924763859188,43862500
2022-05-31,33.06621170043945,33.31791432204574,32.711963171196174,32.88908565772953,64778900
2022-06-01,32.53483200073242,33.0662028746799,32.22719435993355,32.982302023205264,48642400
2022-06-02,32.982303619384766,33.01026938583784,32.31109677510461,32.56279934170967,45334700
2022-06-03,32.50687026977539,32.81450798240733,32.46958375966134,32.67467201190618,36699400
2022-06-06,32.60009765625,33.11282365605414,32.59077336095397,32.77722014893094,32829600
2022-06-07,32.85179138183594,32.87975714779028,32.348386257603366,32.37635202355771,32031400
2022-06-08,32.2738151550293,32.69331954240102,32.152627764592694,32.600097925730296,38251800
2022-06-09,31.462764739990234,32.25515887393461,31.444119711921772,32.236517402041635,49715100
2022-06-10,30.32544708251953,30.894108070029127,30.29748131466692,30.782241442442707,74190900
2022-06-13,29.421184539794922,29.924587921917183,29.244062082465828,29.561018713823994,104065100
2022-06-14,29.16948127746582,29.747462955526014,28.945744484184885,29.54237296945431,75592200
2022-06-15,29.495763778686523,29.91526809157957,28.99236038130292,29.477120525515314,87858800
2022-06-16,28.749977111816406,28.908456303719,28.507597066666097,28.89913378912616,100838500
2022-06-17,28.833881378173828,29.160162315194217,28.554211241547183,28.815236346781106,116937700
2022-06-21,29.409320831298828,29.596761454660758,29.231254205427888,29.49366893305507,58065800
2022-06-22,29.34371566772461,29.615504379119212,29.03443990609023,29.07192874389618,48035800
2022-06-23,29.231252670288086,29.41869149624001,28.75328071462649,29.36246002721105,69348900
2022-06-24,30.309036254882812,30.33715109981235,29.30623293422341,29.353092200816928,65489300
2022-06-27,30.20594024658203,30.54333264743398,30.06536246298203,30.54333264743398,47244800
2022-06-28,29.906034469604492,30.80574508847986,29.887290051486396,30.515215545479883,42459900
2022-06-29,29.73733901977539,30.046616563702145,29.634248292699283,29.934151839768223,64507500
2022-06-30,29.474924087524414,29.737338795447098,28.912604047229035,29.2687390597953,75294300
2022-07-01,29.87792205810547,29.97164237435348,29.184394577976366,29.38120742085382,77308400
2022-07-05,29.774829864501953,29.793574284349134,29.071930208329007,29.40932082774696,51536800
2022-07-06,29.699853897094727,29.943525991789166,29.41869296280133,29.709226106994464,48001700
2022-07-07,30.13096809387207,30.215316199544365,29.924783041088077,29.952897884601278,33120100
2022-07-08,30.065366744995117,30.30903708301897,29.943529788416704,30.215318547271252,29062200
2022-07-11,29.82168960571289,30.046619072360595,29.737341502611574,29.896665498740028,30564300
2022-07-12,29.634248733520508,30.177824367560397,29.578015476933984,29.596759895796158,38211000
2022-07-13,29.37183380126953,29.568644847138028,29.006326551761603,29.315602329245145,51441600
2022-07-14,28.809513092041016,28.903233401755134,28.462750269934865,28.772026040695103,57782300
2022-07-15,29.784202575683594,29.95289699444851,29.146906590684043,29.221882483768326,59650200
2022-07-18,29.671737670898438,30.41212617494996,29.540530305650332,30.20594112948433,38671600
2022-07-19,30.56207275390625,30.655791263080346,29.981008344170572,30.065358220046022,40568000
2022-07-20,30.674535751342773,30.7307690020573,30.40274706892051,30.49646915344472,38507700
2022-07-21,30.871347427368164,30.871347427368164,30.355888464406455,30.590188318037416,40561800
2022-07-22,30.693286895751953,31.07753858869346,30.458986995784382,30.918216372779234,25741200
2022-07-25,30.890092849731445,31.03067419653687,30.665166985001356,30.880722428339425,24699300
2022-07-26,30.458982467651367,30.91821177637567,30.384004794744452,30.740141590787857,26357800
2022-07-27,30.92757797241211,31.077529722606414,30.477722721829196,30.58081522042498,44817200
2022-07-28,31.152515411376953,31.16188583405815,30.458986153590672,30.955700783745243,40974600
2022-07-29,31.59299659729004,31.696089121850132,31.199374494568914,31.22748933758253,38724000
2022-08-01,31.330581665039062,31.50864829489277,31.11502619464796,31.293092824501667,35131300
2022-08-02,30.983821868896484,31.38681800639517,30.94633302467964,31.18063293833548,36806900
2022-08-03,31.452411651611328,31.52738574096844,31.04004164718584,31.218111812781142,27314900
2022-08-04,31.34931755065918,31.508639716869766,31.293084305162225,31.42429163619015,24505800
2022-08-05,31.574249267578125,31.724201041721546,31.152512360703213,31.2649752975277,34366100
2022-08-08,31.555500030517578,31.911636780402127,31.527385194387556,31.80854428108304,24369100
2022-08-09,31.71483039855957,31.79917849437219,31.555504628632505,31.611737884218343,26425400
2022-08-10,32.42709732055664,32.548934241754836,32.20217147002514,32.267775141024494,45366000
2022-08-11,32.81135177612305,33.01753680296513,32.68951841947295,32.72700368106331,46985200
2022-08-12,33.32682418823242,33.336194612615046,32.801991044472864,32.97068728442653,36370300
2022-08-15,33.317440032958984,33.41116212388356,32.92381797647241,32.9894216525535,25366000
2022-08-16,33.561119079589844,33.71107087310524,33.16749338715393,33.16749338715393,41300800
2022-08-17,33.392425537109375,33.542377342624164,33.1581256175467,33.17687004012768,33158000
2022-08-18,33.42990493774414,33.47676777353526,33.20497905652943,33.36430125779548,15966200
2022-08-19,32.76449203491211,33.23309176164185,32.652029101533984,33.23309176164185,33587400
2022-08-22,32.0428581237793,32.2959024849662,31.958510003383658,32.28653206053705,36810100
2022-08-23,31.911638259887695,32.23966018884996,31.911638259887695,32.00536034321917,23244000
2022-08-24,32.08033752441406,32.18343003844157,31.789804400803103,31.855411653019736,20682200
2022-08-25,32.57705307006836,32.605171486178335,32.061594059728904,32.14594215779408,26402600
2022-08-26,31.602380752563477,32.727017736176045,31.574262325379514,32.717647310537245,38230600
2022-08-29,31.37744140625,31.602370877769058,31.19000077583956,31.368070983539173,34872100
2022-08-30,31.20874786376953,31.583629156631083,31.02130721733876,31.480536622337507,41870700
2022-08-31,30.974445343017578,31.48053397325347,30.92758607913633,31.368071024911938,39768200
2022-09-01,31.06816291809082,31.11502217514288,30.468352272375164,30.843233479055932,40604600
2022-09-02,30.824491500854492,31.686716914409388,30.67453972134048,31.424298618910544,43208800
2022-09-06,30.749521255493164,31.058795275411786,30.440243660441666,30.983821163817193,45877100
2022-09-07,31.35869598388672,31.41492924375318,30.60893706133,30.655796323652442,35023000
2022-09-08,31.911638259887695,31.93038267655399,31.06816096069599,31.199368302228127,50760900
2022-09-09,32.202171325683594,32.28651941303781,32.042845571733665,32.052219567624086,41327100
2022-09-12,32.46458435058594,32.63328051667931,32.25839935310921,32.333377015875925,41969600
2022-09-13,31.255605697631836,31.93976456198589,31.152516743200806,31.827298034207445,60771600
2022-09-14,31.161884307861328,31.47116186818339,30.88072516447103,31.321206511567258,39233200
2022-09-15,31.264976501464844,31.66797258033098,31.11502472154715,31.19937282119663,47653000
2022-09-16,30.983821868896484,31.04005156008879,30.655799844698528,30.95570344816737,53893300
2022-09-19,31.33523178100586,31.3540748060022,30.61921480084263,30.61921480084263,36491400
2022-09-20,30.873586654663086,31.14680509440662,30.59094850048731,31.080856311563576,42193600
2022-09-21,30.232940673828125,31.184490040932655,30.214097649517022,31.07143548900545,49644600
2022-09-22,29.72418785095215,30.345993236704196,29.667660578693667,30.298887475983726,52299500
2022-09-23,29.253122329711914,29.498076232710897,28.829165102842918,29.43212745055147,56801000
2022-09-26,28.791481018066406,29.309653393259655,28.584213146170907,29.03643493774454,49969700
2022-09-27,28.669002532958984,29.168330045076782,28.376942875213715,29.017589460629576,60630400
2022-09-28,29.234283447265625,29.403865273423857,28.67842681455509,28.753797114059754,46088700
2022-09-29,28.86684799194336,29.036431593494218,28.508839564090014,28.923377057106617,41860000
2022-09-30,28.603057861328125,29.243706335756414,28.527687558275957,28.8856960485313,37984300
2022-10-03,29.375600814819336,29.5263414050056,28.546525771825298,28.88569299822918,47086100
2022-10-04,30.46847152709961,30.49673426514976,29.790138859351703,29.827823109075112,53441800
2022-10-05,30.232940673828125,30.40252429868864,29.893773424107096,29.997408260848456,41766800
2022-10-06,29.80898094177246,30.270626042171294,29.74303215513539,30.063356373346597,34717900
2022-10-07,29.102380752563477,29.639394299840475,28.942218659781787,29.54518278394376,36380700
2022-10-10,28.97048568725586,29.385023221379473,28.800902068888487,29.262545365016532,31011700
2022-10-11,28.603057861328125,29.083544217149342,28.48057999576225,28.78206120797091,50431900
2022-10-12,28.537105560302734,28.91395702920539,28.43347073249092,28.612475854083264,48265700
2022-10-13,29.71476936340332,29.79013966185011,27.877615867929567,27.962407678303414,83086100
2022-10-14,29.215438842773438,30.32715025108815,29.149490058895488,29.978563308599092,60886900
2022-10-17,29.950300216674805,30.14814656596858,29.75245207041146,29.837243876385813,47222200
2022-10-18,30.4307861328125,30.769953372442668,30.08219917827674,30.732267324941695,48150700
2022-10-19,29.931459426879883,30.421367276399877,29.761875802279135,30.16699183949876,35205700
2022-10-20,29.450971603393555,30.195253055288237,29.36617979537181,29.893771869864082,43124400
2022-10-21,30.327150344848633,30.355416676554555,29.31907376349386,29.53576313889694,54487300
2022-10-24,30.732263565063477,30.87358442893286,30.411939388373227,30.506154495599098,40117200
2022-10-25,31.099699020385742,31.156228094758436,30.515579627625918,30.57210870199861,33950300
2022-10-26,31.175067901611328,31.523654839412508,31.109119118620267,31.193910924457217,38012100
2022-10-27,31.429445266723633,31.778032226125845,31.372916194682997,31.467131314750723,41232200
2022-10-28,32.2114143371582,32.24910038909359,31.457711268149094,31.514240346052173,36421300
2022-10-31,32.01355743408203,32.230246770585495,31.966451681614068,32.00413772116386,40083800
2022-11-01,32.09835433959961,32.36214947059551,31.957033465743738,32.27735766506981,38946100
2022-11-02,31.693241119384766,32.59768472849919,31.66497837970601,32.03240837128753,58039800
2022-11-03,31.372922897338867,31.617878667909086,31.165656776787277,31.29755437912196,40828100
2022-11-04,31.947616577148438,32.11720020319981,31.495394772324595,31.825138715235905,41825600
2022-11-07,32.26793670654297,32.28677972859319,31.975875255673017,32.183144904286465,30060300
2022-11-08,32.45637893676758,32.61653931028436,32.11721156468416,32.27737193820094,34839600
2022-11-09,31.909927368164062,32.36214912820357,31.843978586112826,32.23967487235932,42126200
2022-11-10,33.52097702026367,33.56808278727559,32.795536707673236,32.88032852587055,67677700
2022-11-11,33.794193267822266,33.944933884696404,33.56808413948096,33.69055841985759,46076100
2022-11-14,33.313697814941406,33.72823347772873,33.285435081596866,33.69997074438419,38002700
2022-11-15,33.38907241821289,33.80361175087618,33.04990877413286,33.671714179188506,57802100
2022-11-16,33.228912353515625,33.45502145123959,33.11585780465364,33.370229641108274,32852400
2022-11-17,33.0499153137207,33.068754747170175,32.74843046942928,32.8426456063766,35706900
2022-11-18,33.32312774658203,33.53981715452791,33.04991285461358,33.492711386529194,39455400
2022-11-21,33.426761627197266,33.49271041927885,33.23833496670432,33.276021017590836,24630900
2022-11-22,33.76592254638672,33.803608590185,33.6057586572135,33.6057586572135,29582300
2022-11-23,33.90724563598633,33.99203744312035,33.70939569004748,33.70939569004748,27916900
2022-11-25,34.02029800415039,34.0674037620022,33.878977136656005,33.94492591643633,11266500
2022-11-28,33.43618392944336,33.97319755960706,33.379654854816835,33.8318766700105,34196600
2022-11-29,33.634033203125,33.70940171519357,33.360814709754294,33.398500762758495,31489600
2022-11-30,34.20872497558594,34.218144689676016,33.10643154221911,33.586919621409955,58607000
2022-12-01,34.01087951660156,34.37831310537579,33.747084360092394,34.37831310537579,58157600
2022-12-02,33.85071563720703,33.878978374162685,33.549234463216415,33.652869290639266,40483300
2022-12-05,33.0122184753418,33.65286682155273,32.833211570585355,33.596337757849824,53402000
2022-12-06,32.72016525268555,33.162967378025854,32.45637007704777,32.97454071231042,45102200
2022-12-07,32.5882682800293,32.95569830844345,32.51289617474445,32.5882682800293,37775900
2022-12-08,32.61653137207031,32.84264409640816,32.503476806871305,32.68248016793139,46600900
2022-12-09,32.531734466552734,32.76726687037994,32.48462870457515,32.494052013334226,40885600
2022-12-12,32.965118408203125,33.00280086323598,32.399838455437006,32.55057905738675,72570900
2022-12-13,33.0499153137207,33.82246146698875,32.83322229571187,33.82246146698875,55659000
2022-12-14,32.63536834716797,33.28544006288709,32.49405106535798,32.965115859269616,54685100
2022-12-15,31.994722366333008,32.258521114808,31.787456285171977,32.12661994360079,70330100
2022-12-16,31.749765396118164,31.843976910107386,31.45770395244935,31.655550288190053,59619300
2022-12-19,31.664445877075195,31.98677868958944,31.46535530429056,31.664445877075195,37456800
2022-12-20,31.797170639038086,32.01521877534579,31.673924782351076,31.787688241190928,45446400
2022-12-21,32.2901496887207,32.38495196610833,32.08158033869784,32.100541517470376,31318100
2022-12-22,32.0057373046875,32.11002198517642,31.484317518718182,32.08158202376135,25605100
2022-12-23,32.18586349487305,32.23326463133002,31.82560834814521,31.986776551868807,17116200
2022-12-27,32.17637634277344,32.32806212690505,32.04365173371757,32.25222104307643,25601100
2022-12-28,32.062618255615234,32.31858873711239,32.024695899139736,32.23326524328001,24395100
2022-12-29,32.50819396972656,32.56507388283244,32.15741762869201,32.23326233479936,26624200
2022-12-30,32.42287826538086,32.489240590915045,32.157425346768626,32.2711924332348,24735700
2023-01-03,32.536643981933594,32.88741681490206,32.29963462681084,32.65988985921064,37396500
2023-01-04,33.05805969238281,33.29506901776993,32.773649225213326,32.86845150877805,44669300
2023-01-05,32.81156921386719,32.94429384785563,32.58403868669053,32.94429384785563,45585700
2023-01-06,33.54155349731445,33.645838156598124,32.802082102609596,33.02961259708983,41229700
2023-01-09,33.418312072753906,33.84492954591385,33.33298857812191,33.65532137823443,48726600
2023-01-10,33.60792541503906,33.636365378803625,33.24767020262724,33.361433674161034,34663700
2023-01-11,33.9207649230957,33.9207649230957,33.626875748401915,33.69323805342789,32014700
2023-01-12,33.98713302612305,34.18622359163902,33.769084898629366,34.03453778049233,56642400
2023-01-13,34.243106842041016,34.29050798454696,33.42779417162748,33.551040035323226,65920900
2023-01-17,34.01557922363281,34.17674382818937,33.911294542343136,34.157782648275315,65345200
2023-01-18,33.380393981933594,34.03454206320389,33.351954018913304,33.82597269045389,53693000
2023-01-19,32.99169158935547,33.16233856304922,32.764164702080244,32.97273041267009,61169500
2023-01-20,33.51311492919922,33.53207610794329,32.93481525164275,33.08650106512028,42330100
2023-01-23,33.90180969238281,34.044016723216245,33.43727347574698,33.541558149494826,44997300
2023-01-24,33.9207649230957,34.0724507083657,33.4657075672857,33.844923838697895,34333500
2023-01-25,34.18622589111328,34.19570467273971,33.617401348695985,33.62688374679766,38458700
2023-01-26,34.36634826660156,34.42323180014621,34.04401547613168,34.271545993835375,29944200
2023-01-27,34.36634826660156,34.56543520929549,34.271545993835375,34.31894713021847,30787400
2023-01-30,34.195701599121094,34.44219329695571,34.13881806504966,34.18622281834665,31595000
2023-01-31,34.660240173339844,34.66971895377349,34.1008980994103,34.262062682105785,30282100
2023-02-01,34.660240173339844,34.96361177786351,34.22414032742162,34.29998503678994,51418700
2023-02-02,34.755043029785156,34.89725005401194,34.48011137839996,34.84984530161977,42107300
2023-02-03,34.68867492675781,34.98256770675497,34.47062684474995,34.48010562376149,43155000
2023-02-06,34.679203033447266,34.68868181434085,34.413750154252185,34.489594867300774,32273600
2023-02-07,35.07737731933594,35.1816619927051,34.461151676595435,34.461151676595435,33000500
2023-02-08,34.868812561035156,35.17218422358929,34.7740102726653,34.82141141685023,34555500
2023-02-09,34.480106353759766,35.11529305520818,34.404265270639044,35.011008401502146,44329600
2023-02-10,34.5938835144043,34.62232347682783,34.19570595809785,34.309469424267384,28108900
2023-02-13,34.9920539855957,34.9920539855957,34.54647533059355,34.574918906672956,32209000
2023-02-14,34.802452087402344,35.1532285292785,34.58440391937093,34.92569796202034,33525300
2023-02-15,34.84036636352539,34.85932754110157,34.48011122252768,34.52751235823071,28510000
2023-02-16,34.48959732055664,34.75504660215824,34.42323500015624,34.5085585001675,34379100
2023-02-17,34.49906921386719,34.546470345192375,34.21465880944153,34.318943468241656,35889800
2023-02-21,33.78804397583008,34.25258377784465,33.63635817411661,34.20518264289821,36425200
2023-02-22,33.750125885009766,33.920772885554975,33.57000010286771,33.78804824434764,31065200
2023-02-23,33.7785758972168,34.053504013599245,33.465721797796725,33.892339380425945,42357600
2023-02-24,33.8070068359375,33.911291507895584,33.42779050453993,33.48467403919205,48732600
2023-02-27,33.79752731323242,34.17674001983156,33.7311649991657,34.11986010290288,31664600
2023-02-28,33.863887786865234,34.03453476132674,33.759603122863794,33.84492661009455,32531400
2023-03-01,33.750125885009766,33.90181170588604,33.61740124380243,33.71220714214713,32790300
2023-03-02,33.588951110839844,33.626873458693744,33.19077369132214,33.551028762985936,38401900
2023-03-03,34.1198616027832,34.12934038386304,33.655321767420496,33.721684084404444,33091600
2023-03-06,34.14830017089844,34.356869510905625,34.044015500894844,34.13881777372999,30111100
2023-03-07,33.26662063598633,34.05348951654252,33.18129715578391,34.02504956196651,53804400
2023-03-08,33.14337921142578,33.40883208316377,32.97273222833524,33.22870270297105,50860300
2023-03-09,31.797170639038086,33.01065717726358,31.636002423912743,32.95377363960608,107108500
2023-03-10,31.218860626220703,31.967810770401492,30.839644356224905,31.427429936365826,166569400
2023-03-13,29.986417770385742,30.640563986794923,29.73992967377004,30.10966362693117,165965900
2023-03-14,30.59316062927246,31.14302032023547,30.213946114002745,31.133541539561488,128115500
2023-03-15,29.777849197387695,29.901095049684432,29.351231721341303,29.73044805926588,132235000
2023-03-16,30.34667205810547,30.65952609967704,29.29435189593,29.57876416783935,133892600
2023-03-17,29.370195388793945,30.062262190150115,29.294352476429403,30.062262190150115,136760600
2023-03-20,29.69698143005371,29.954222320675715,29.55407042988992,29.601706824207195,75384500
2023-03-21,30.44965171813965,30.52587286839657,30.306740695832403,30.37343238509497,115899200
2023-03-22,29.74462127685547,30.535397507907312,29.725567807244182,30.449650534413916,67874100
2023-03-23,29.54454231262207,30.10666047914667,29.334939636898905,29.801783199108637,82366300
2023-03-24,29.52549171447754,29.55407464547214,28.95384581507105,29.1825038113912,76619100
2023-03-27,29.935169219970703,30.09713551656237,29.763675280378106,30.030443832767936,61393300
2023-03-28,29.925636291503906,30.0304385287919,29.744614740882405,29.897053367549425,42980100
2023-03-29,30.363903045654297,30.373428871122105,30.116189787614548,30.249573150708247,52147200
2023-03-30,30.297208786010742,30.602086075260804,30.12571667371657,30.58303079037968,45061700
2023-03-31,30.630674362182617,30.64020018851284,30.354378151089044,30.468706239173684,49034400
2023-04-03,30.687835693359375,30.811693238583732,30.506815922973228,30.602088721192406,51213500
2023-04-04,30.402015686035156,30.811695287585334,30.20194061581517,30.76405888530789,45939300
2023-04-05,30.363903045654297,30.449648195348793,30.163826183801717,30.17335382648156,57965300
2023-04-06,30.478233337402344,30.53539738042189,30.278158278227853,30.306739391131543,36762300
2023-04-10,30.544925689697266,30.554451515498005,30.297210605787804,30.363904106877634,27900700
2023-04-11,30.81169319152832,30.945076562601177,30.6020886744571,30.62114396095669,53912600
2023-04-12,30.7450008392334,31.126095657687678,30.668779694888023,30.964131177590055,63645800
2023-04-13,31.021299362182617,31.040354649697946,30.55445390411825,30.764058432362393,58550300
2023-04-14,31.326175689697266,31.583416611273925,31.173737028884176,31.345230976601947,65276200
2023-04-17,31.688209533691406,31.69773899264061,31.173731417569222,31.307114767468445,69670600
2023-04-18,31.783489227294922,31.850180909119086,31.516722499998266,31.754908116348588,49507500
2023-04-19,31.859704971313477,31.94545193383079,31.67868522129865,31.735851074451485,39478900
2023-04-20,31.764432907104492,31.850179871574294,31.640575372998338,31.650104832619405,39291800
2023-04-21,31.650108337402344,31.688215276834516,31.469084928795994,31.66916362433061,41545000
2023-04-24,31.573883056640625,31.745376982121957,31.497665553328858,31.631048909942365,32774200
2023-04-25,31.030824661254883,31.430978423425877,31.021298834871377,31.37381256185162,58534300
2023-04-26,30.7354736328125,31.11657211363696,30.60209025485128,30.945078160708402,54294200
2023-04-27,31.230905532836914,31.288071405041755,30.849810621413223,30.849810621413223,46398800
2023-04-28,31.60247039794922,31.63105514744882,31.01177100171011,31.078462693168174,54598700
2023-05-01,31.5167293548584,31.850187836506137,31.47861877569155,31.688219692259473,31950600
2023-05-02,30.802167892456055,31.402393072552602,30.516342224496547,31.39286724635198,76096700
2023-05-03,30.44965171813965,30.992714693234525,30.421070604005543,30.840276027145165,65642400
2023-05-04,30.05902671813965,30.344850573395885,29.782732323658703,30.182884267247676,76076600
2023-05-05,30.802167892456055,30.84980429230786,30.506816398295925,30.55445279814773,55019400
2023-05-08,30.84979820251465,31.078454330436006,30.811687636386548,30.97365209079554,34323600
2023-05-09,30.7354736328125,30.85933118424412,30.554453853354342,30.62114554233495,29736200
2023-05-10,30.563983917236328,31.002244634732783,30.297213521626908,30.935552944436566,39706100
2023-05-11,30.516340255737305,30.56398028693996,30.240045883440043,30.373429248189616,36693200
2023-05-12,30.392488479614258,30.71642292517028,30.19241340651434,30.71642292517028,36253000
2023-05-15,30.64019775390625,30.697363610618485,30.39248449312272,30.449648532622902,33208500
2023-05-16,30.354373931884766,30.668777039022146,30.335318647448577,30.583030076271246,31241400
2023-05-17,30.964130401611328,31.04987736963891,30.525869735881077,30.59256141829985,46818800
2023-05-18,31.192785263061523,31.230892193830506,30.792631597387174,30.90695965854119,42232500
2023-05-19,31.059406280517578,31.364283611695274,30.916497075891797,31.26901080861142,40132900
2023-05-22,31.116573333740234,31.230901428700673,30.926024085856433,31.164209737105033,35286200
2023-05-23,30.754526138305664,31.145150410324664,30.735470852545696,30.983185933001145,42217200
2023-05-24,30.354373931884766,30.554448966828907,30.28768225357005,30.52586785738657,46610700
2023-05-25,30.344846725463867,30.449647156944103,30.16382515514423,30.278155046191362,41658900
2023-05-26,30.59256362915039,30.66878114266957,30.363905636956304,30.411542037208836,44183000
2023-05-30,30.583032608032227,30.706890149908826,30.382957556525234,30.640198466073162,57900500
2023-05-31,30.25910186767578,30.430595807577383,30.001860957823382,30.402012878523085,67667900
2023-06-01,30.583032608032227,30.64972429186789,30.220991259833436,30.430595771559346,48643400
2023-06-02,31.24995231628418,31.36428039514483,30.87838333416899,30.87838333416899,65752900
2023-06-05,31.08799171447754,31.288066786020003,30.945078872276035,31.288066786020003,53591100
2023-06-06,31.478612899780273,31.52624929763442,31.04035222444346,31.059403876045764,46236100
2023-06-07,31.60247039794922,31.669165723831885,31.31664834392543,31.50719759141616,48467100
2023-06-08,31.573883056640625,31.621519450513464,31.326171627847526,31.497665553328858,36261200
2023-06-09,31.583415985107422,31.7167993563714,31.49766901294854,31.516724299475435,34021700
2023-06-12,31.573883056640625,31.697740588249115,31.33569745285254,31.61199362550845,33655200
2023-06-13,31.764432907104492,31.89781626640775,31.50719201369508,31.545302583331427,46054400
2023-06-14,31.640573501586914,32.002616622870924,31.53577125849756,31.840648528708176,57195400
2023-06-15,32.05978775024414,32.13600526312856,31.507195335528625,31.53577644855724,52241800
2023-06-16,31.993087768554688,32.23127334050251,31.954977204781418,32.20268860046086,49861100
2023-06-20,31.75383949279785,31.83997120989604,31.562435271387223,31.78254884825329,50683100
2023-06-21,31.715559005737305,31.868681657969244,31.581577141375863,31.677277429996323,35967600
2023-06-22,31.466732025146484,31.667704795887513,31.361459530739793,31.65813622854669,38690000
2023-06-23,31.33275032043457,31.43801916458832,31.12220533066398,31.227477825549276,35529600
2023-06-26,31.265758514404297,31.524153665440515,31.179630448124097,31.284899301599413,25728300
2023-06-27,31.514583587646484,31.58157451425455,31.30403858931731,31.323179375595576,34348100
2023-06-28,31.43802261352539,31.485876407891496,31.294472182622926,31.476304188725496,36663200
2023-06-29,31.983518600463867,31.983518600463867,31.562432273936118,31.600713844729057,47471000
2023-06-30,32.26106262207031,32.39504450279306,32.136652961817724,32.194071681708934,44762300
2023-07-03,32.442893981933594,32.53859426949226,32.213208180768056,32.26105832454739,19128000
2023-07-05,32.37590789794922,32.46203597920829,32.15579063228991,32.25149458490972,39831600
2023-07-06,32.098365783691406,32.136647357431166,31.820829850175894,32.10793435176044,45808400
2023-07-07,32.146217346191406,32.41418107274865,31.964385338989278,31.964385338989278,33488700
2023-07-10,32.28976821899414,32.47160020812162,32.127073364948195,32.15578271830211,27254400
2023-07-11,32.672576904296875,32.71085848051757,32.33762223919587,32.404613172216074,33744600
2023-07-12,32.883113861083984,33.11279596063473,32.796982161069664,32.940532560606094,46546000
2023-07-13,32.99795913696289,33.04580927626995,32.87354585417925,32.93096821178669,40453700
2023-07-14,32.77784729003906,33.24678744153242,32.72999714822916,33.23721522273135,47552700
2023-07-17,33.09366226196289,33.189362538251,32.73956320808754,32.73956320808754,38568900
2023-07-18,33.46690368652344,33.49561304375524,33.12237679681339,33.17022694244376,47160800
2023-07-19,33.61044692993164,33.744428769314034,33.45732430624729,33.46689652376393,45599800
2023-07-20,33.85927963256836,33.86884820109376,33.54346211025036,33.553034329507746,45591500
2023-07-21,33.744441986083984,33.93584625334004,33.65831024835539,33.91670546154116,30615700
2023-07-24,34.06981658935547,34.17508908317648,33.75400275862395,33.763571325911535,32299800
2023-07-25,33.849708557128906,34.05068501027338,33.8209991998506,33.97412185655508,36218600
2023-07-26,34.050682067871094,34.15595091903906,33.76357391696931,33.81142770927413,35638700
2023-07-27,33.62002182006836,34.13680843437787,33.57217168087528,34.05068037426929,44072800
2023-07-28,33.68701171875,33.89755305493136,33.50517608433199,33.88798448767691,32422700
2023-07-31,33.81142807006836,33.91669692235962,33.66787399308563,33.754005709128904,28627000
2023-08-01,33.81142807006836,33.84013742517217,33.62959241912599,33.744433490273074,26480300
2023-08-02,33.52431869506836,33.64873198053984,33.332918133705085,33.52431869506836,48923800
2023-08-03,33.54346466064453,33.62002781759696,33.22765076504639,33.32335106050467,31861600
2023-08-04,33.40946960449219,33.84012806559609,33.380760257328866,33.51474207839879,36195700
2023-08-07,33.87841796875,33.93583667721129,33.61045060991435,33.620022828479044,33119300
2023-08-08,33.572174072265625,33.60088342768015,33.179793411030396,33.438188561956785,37254800
2023-08-09,33.32334518432617,33.64873124253151,33.28506361260046,33.55303096394884,38304200
2023-08-10,33.35205841064453,33.744435439567454,33.265926689625736,33.49561249591986,38097500
2023-08-11,33.41904830932617,33.47647067180561,33.17022537337915,33.246788523351725,27518700
2023-08-14,33.35205841064453,33.419049343577804,33.198935756692464,33.32334905388228,23773800
2023-08-15,32.73957061767578,33.112806890694,32.701289038204074,33.074528961954655,57472100
2023-08-16,32.69171142578125,32.94053432205521,32.65342985689869,32.682142858926284,33566500
2023-08-17,32.529022216796875,32.84483605249874,32.43331828875724,32.79698591384471,38205400
2023-08-18,32.51945495605469,32.6151588986839,32.27063200668297,32.29934136410567,40860000
2023-08-21,32.48116683959961,32.634289466246194,32.22277172262136,32.56729854525903,32308300
2023-08-22,32.17493438720703,32.52903356842601,32.127084231854774,32.49075198385106,43133000
2023-08-23,32.490745544433594,32.500314113314495,32.1845002299952,32.23235037586393,30240500
2023-08-24,32.37590789794922,32.835275918326786,32.37590789794922,32.442898839416834,35784900
2023-08-25,32.529022216796875,32.65343184715105,32.26105486901747,32.50988143118895,40347200
2023-08-28,32.71086120605469,32.82570229355353,32.60558868804226,32.63429804723389,34905300
2023-08-29,33.00753402709961,33.017102595442914,32.63429414853632,32.68214794244857,43394300
2023-08-30,33.02667236328125,33.218076593686156,32.95968143024934,33.05538537081782,33799900
2023-08-31,32.902259826660156,33.13194196238621,32.86397825379524,33.122373394535835,27999700
2023-09-01,33.19893264770508,33.304205146950906,33.07452301289791,33.10323236697162,41075700
2023-09-05,32.86397933959961,33.29463792172928,32.8544107714331,33.160656063007124,38612300
2023-09-06,32.8448371887207,32.911828115300125,32.6055828364423,32.77784626214129,35672800
2023-09-07,32.758705139160156,32.90225920934435,32.66300485952513,32.710854999342644,47632600
2023-09-08,32.82569885253906,32.89268978411864,32.66300763319779,32.7874172771416,39720800
2023-09-11,32.978816986083984,33.15108040104462,32.89268527860367,32.978816986083984,28965100
2023-09-12,33.19893264770508,33.43818700027043,32.93096894106603,32.96925051365209,48615200
2023-09-13,33.19893264770508,33.3903368599037,33.07452301289791,33.35205528731763,31994900
2023-09-14,33.50517272949219,33.553026513167374,33.26591841404079,33.428613246927924,65685500
2023-09-15,33.332916259765625,33.53388902833761,33.2659216861768,33.2850624713834,51800200
2023-09-18,33.42423629760742,33.47230032671901,33.18391248499913,33.28965554927483,32458700
2023-09-19,33.38578796386719,33.52036872976065,33.17430180771985,33.45307834681392,36112900
2023-09-20,33.15508270263672,33.606889084422946,33.145467694292684,33.501145994945986,31618000
2023-09-21,32.607139587402344,33.039723269114866,32.607139587402344,33.039723269114866,48103300
2023-09-22,32.35720443725586,32.68404503428071,32.35720443725586,32.65520734447152,41688300
2023-09-25,32.434112548828125,32.45333523227655,32.18417365938175,32.289916753605105,40141700
2023-09-26,32.00152587890625,32.337977813995856,31.943846832726148,32.193785699122195,46165400
2023-09-27,31.953460693359375,32.08804146256324,31.67468414740799,32.08804146256324,49360900
2023-09-28,32.18416976928711,32.299524191291816,31.972683606402686,31.982298614016138,63638100
2023-09-29,31.88616943359375,32.386043525155266,31.80926770176573,32.33797948438135,52860500
2023-10-02,31.61700439453125,31.857328239022426,31.44397093313353,31.78042651565169,49350600
2023-10-03,31.11713218688965,31.549715865809556,30.992166420685837,31.463199130025576,52921800
2023-10-04,31.347841262817383,31.367067609441868,30.96332166442902,31.126743777211807,40136000
2023-10-05,31.492034912109375,31.549713954822057,31.194035692387615,31.261326075360323,41407800
2023-10-06,31.761201858520508,31.943846669916677,31.251712787487328,31.357455871419706,54057800
2023-10-09,31.78042984008789,31.84772023022036,31.443974222374322,31.472815580324834,61396600
2023-10-10,32.011138916015625,32.21301008776655,31.86694679350122,31.876558134848345,44743400
2023-10-11,32.0592041015625,32.232237588399144,31.81888022173954,32.107271811168204,35746400
2023-10-12,31.857324600219727,32.15532745348865,31.63622712858811,32.15532745348865,41991200
2023-10-13,31.924617767333984,32.357201409245846,31.751584310569243,32.05919852991751,53213800
2023-10-16,32.261077880859375,32.414885012178374,32.0976557411166,32.164946131877954,45589300
2023-10-17,32.414878845214844,32.626361318636675,32.10726464110075,32.11687598064469,41925200
2023-10-18,31.857324600219727,32.28029686512407,31.7900342248123,32.25145551348486,46942100
2023-10-19,31.43436050415039,31.972683584504278,31.415134155987616,31.79965378514121,66656200
2023-10-20,30.953710556030273,31.482422257478554,30.924869202352617,31.424743217173933,59921300
2023-10-23,30.761451721191406,31.10751863978294,30.732612200133644,30.886421145582972,55913700
2023-10-24,30.97294044494629,31.117132561622,30.809518312252486,30.905650057087403,35825000
2023-10-25,30.85757827758789,31.06906442125499,30.771061552183227,30.85757827758789,59240100
2023-10-26,30.79029083251953,31.09790507059199,30.732613621262317,30.78067949191457,56046100
2023-10-27,30.23274040222168,30.790289815161618,30.14622367143176,30.75183895343578,73057300
2023-10-30,30.77106285095215,30.847968239913666,30.36732056005652,30.44422411549265,48978100
2023-10-31,31.107521057128906,31.117132398036315,30.771065452552136,30.828744499149863,41050100
2023-11-01,31.309389114379883,31.43435853608828,31.09790296488117,31.165193345712446,51764100
2023-11-02,32.049591064453125,32.06881741386806,31.540105639636604,31.597781020830205,47417000
2023-11-03,32.47256088256836,32.62636801619904,32.34759510759122,32.35720644910818,58801300
2023-11-06,32.37643051147461,32.60713936209307,32.203397039985234,32.559075323801814,40599700
2023-11-07,32.32836151123047,32.40526322728293,32.22261844298915,32.28029748031637,27442000
2023-11-08,32.36681365966797,32.395655014640504,32.16494251011453,32.31874962411489,30165800
2023-11-09,32.23223876953125,32.520630369527865,32.17456338317315,32.47256265816075,34336600
2023-11-10,32.59752655029297,32.62636423855621,32.193784246403986,32.38604039089346,35146100
2023-11-13,32.549461364746094,32.63597809353154,32.43410694871576,32.48217098314083,28327300
2023-11-14,33.164695739746094,33.34734057005836,32.87630781454989,32.905145506954085,54296300
2023-11-15,33.34733581542969,33.44346755482301,33.21275504732994,33.22237005479472,35000200
2023-11-16,33.48191833496094,33.52036736146756,33.33772256764636,33.44346564140363,33222500
2023-11-17,33.654945373535156,33.66456037966465,33.52036462412539,33.60688134403887,31336100
2023-11-20,33.78953552246094,33.86643724929146,33.53959665939696,33.606887045517794,37285400
2023-11-21,33.770301818847656,33.85681853459561,33.71262278599895,33.7414604688982,27285700
2023-11-22,33.90489196777344,33.97218235790639,33.78953753712427,33.84721291892324,32719200
2023-11-24,34.01063537597656,34.068310758316215,33.89527727719472,33.90489228561884,13168500
2023-11-27,33.89527893066406,33.95295798286866,33.81837719477604,33.88566758882235,35017000
2023-11-28,33.88566207885742,34.00101649745802,33.79914534814426,33.85682439096998,39329300
2023-11-29,34.12599182128906,34.32786300549166,33.98179602282922,33.98179602282922,36651300
2023-11-30,34.5105094909668,34.5105094909668,34.09715213770345,34.202895228126806,37334500
2023-12-01,34.77005386352539,34.808506560729846,34.395149233409576,34.452828279216256,51267600
2023-12-04,34.731605529785156,34.86618630564822,34.52973069893945,34.56818339691493,41366600
2023-12-05,34.55857467651367,34.63547641124495,34.40476753999972,34.625865069547814,39510900
2023-12-06,34.385536193847656,34.87579522430499,34.33747215824217,34.750829465140896,35616100
2023-12-07,34.54895782470703,34.56818417412704,34.3855393552137,34.47205609407817,26050900
2023-12-08,34.731605529785156,34.78928090969726,34.47205531902735,34.51050801700283,33213100
2023-12-11,34.94308853149414,35.01037892038265,34.74121736482862,34.74121736482862,31165700
2023-12-12,35.193031311035156,35.20264265320695,34.88541702281561,35.02960915770201,37245700
2023-12-13,35.760189056396484,35.798641751889754,35.1353455893089,35.20263597289669,56989000
2023-12-14,36.11587142944336,36.25045221192445,35.92361159716269,36.04858103820282,66865700
2023-12-15,35.90437698364258,35.990893704904025,35.75056988662784,35.81786026238113,69246200
2023-12-18,36.024173736572266,36.14975817013167,35.985530671536054,36.08213464892106,43434000
2023-12-19,36.29467010498047,36.304332714450226,35.908246800716675,36.00485446938549,32509000
2023-12-20,35.64741516113281,36.28501103089134,35.64741516113281,36.19806597205128,52985700
2023-12-21,35.99519348144531,36.004856091350355,35.666734763586234,35.80198550581543,27522200
2023-12-22,36.07247543334961,36.21738508345995,35.937228392022874,36.10145588928948,30331400
2023-12-26,36.217384338378906,36.28500785765109,36.04349423590603,36.10145514659339,17837600
2023-12-27,36.33330535888672,36.33330535888672,36.08212915956955,36.140093748305425,32640800
2023-12-28,36.43958282470703,36.51686528092468,36.26569269170976,36.27535161678469,25308000
2023-12-29,36.32365036010742,36.4878815533243,36.217387452973824,36.429916952446746,30218300
2024-01-02,36.47821807861328,36.49753961178081,36.159421994363164,36.22704551784669,31351900
2024-01-03,36.16908264160156,36.37195690692363,36.111121724543096,36.31399230465935,46909000
2024-01-04,36.31398391723633,36.60379949120753,36.246360406149876,36.29466238761092,36904200
2024-01-05,36.46855926513672,36.66177091219182,36.294669151307694,36.31399068453377,44852300
2024-01-08,36.700416564941406,36.71973441432317,36.285012784321204,36.47822075978612,39098300
2024-01-09,36.46855926513672,36.51686125559908,36.352633750985916,36.50720233158887,36338100
2024-01-10,36.526519775390625,36.555500229382325,36.29466508784129,36.41059058901334,37095500
2024-01-11,36.391273498535156,36.52652423247907,36.101457867638146,36.47821855632483,49043500
2024-01-12,36.32365036010742,36.70041473800295,36.17874438572212,36.565164002621984,41333900
2024-01-16,36.07247543334961,36.14009895401297,35.86960487135951,36.01451083626437,44042100
2024-01-17,36.00485610961914,36.14976209141508,35.744020920139356,35.763342454753335,38715900
2024-01-18,36.06281661987305,36.10145599950902,35.695714874290076,35.95655003416175,42064900
2024-01-19,36.642452239990234,36.690754234223995,36.08213878830202,36.19806799671016,59417700
2024-01-22,36.816341400146484,36.999890447494884,36.72939633872759,36.79701986591942,51828800
2024-01-23,36.874298095703125,36.90328223632812,36.71972952478972,36.79701565284913,46255500
2024-01-24,37.01921463012695,37.22208522621606,36.99023416931597,37.02887724053468,43975500
2024-01-25,37.202762603759766,37.24140567384956,36.970911553633,37.16412321887597,50693800
2024-01-26,37.33800506591797,37.40562858097034,37.10615038202043,37.14479344353755,38620200
2024-01-29,37.43461227416992,37.4635927302132,37.125475125689995,37.222079102637906,44175600
2024-01-30,37.907981872558594,37.946621253505754,37.45393505827745,37.473256591353845,43229300
2024-01-31,37.444271087646484,38.110851056325174,37.424953240478125,37.83069436471255,65780900
2024-02-01,37.50224304199219,37.53122350363564,36.951592159529426,37.3766548995269,63445600
2024-02-02,37.65680694580078,37.830697064369026,37.35732870044308,37.37665023419574,61778400
2024-02-05,37.43461227416992,37.56020039236661,37.270384776317364,37.44427119778251,37351300
2024-02-06,37.51190185546875,37.56986277288845,37.33801173279798,37.38631372571634,41055700
2024-02-07,37.792057037353516,37.84035903301835,37.45393938249361,37.714774581330985,39018700
2024-02-08,37.64714813232422,37.76307364997564,37.40563448751373,37.618163989007044,47331500
2024-02-09,37.753414154052734,37.77273200236401,37.50223790353764,37.598841885916855,50680400
2024-02-12,37.92729568481445,38.091526855886116,37.66646422905073,37.75340927604038,39952700
2024-02-13,37.41529846191406,37.734098284992406,37.115820175253155,37.63749060290522,62948300
2024-02-14,37.77273178100586,37.80171592371433,37.49257875966562,37.63748473238525,58722500
2024-02-15,38.41999435424805,38.497276810909504,37.87900241679355,37.888665027130024,58107900
2024-02-16,38.28474807739258,38.458638214959414,38.207461933937914,38.38135207150475,37900000
2024-02-20,38.1784782409668,38.31372529535775,37.98526658389151,38.01424704263076,39952200
2024-02-21,38.29440689086914,38.29440689086914,37.99493229887242,38.130179364316895,40242400
2024-02-22,38.7387809753418,38.874031690438315,38.43930646206958,38.506929977015254,55188200
2024-02-23,38.93199920654297,39.096230403009024,38.85471675571632,38.88369721412559,42190500
2024-02-26,38.7387809753418,39.15418467298246,38.671157460396124,38.89334953596122,38370000
2024-02-27,38.84505081176758,38.854713420545124,38.58421565285606,38.77742729114669,42599500
2024-02-28,38.98996353149414,39.125210583384025,38.758108810250214,38.7677714197885,40040800
2024-02-29,38.970638275146484,39.17350883360311,38.806407095534865,39.086563782092355,37629700
2024-03-01,38.922340393066406,39.04792483666834,38.796752264258664,38.96098346119276,40794900
2024-03-04,39.01894760131836,39.12521420484103,38.845057465591466,38.85472007602414,53413200
2024-03-05,39.02861022949219,39.250802361865084,38.8837005545852,38.8837005545852,50770200
2024-03-06,39.23147964477539,39.34740517008632,38.91267984366284,39.08656997423223,58459500
2024-03-07,39.17350769042969,39.45366436881155,39.0286017322774,39.376378242966084,35505100
2024-03-08,39.24113082885742,39.444005064639285,39.192828843273276,39.2314719058227,47266600
2024-03-11,39.30875778198242,39.347400847909924,39.02860476702203,39.096228289792364,36233100
2024-03-12,39.472984313964844,39.58890981286902,39.26045116163622,39.395698191225286,53199300
2024-03-13,39.76280975341797,39.772468678550425,39.52129608783957,39.55027654844304,43471400
2024-03-14,39.44401550292969,39.84975671145642,39.231482287869255,39.772470565904904,65563400
2024-03-15,39.405364990234375,39.58891402345493,39.14452982605428,39.221812271808254,67568000
2024-03-18,39.63130187988281,39.679785728904015,39.350094075927586,39.54402947201241,39140600
2024-03-19,39.82524108886719,39.84463536834721,39.641000982427826,39.660395261907844,36748300
2024-03-20,40.30039978027344,40.32948935579403,39.708887084145914,39.776765226414845,52255300
2024-03-21,40.63008499145508,40.72705268488217,40.34887350180398,40.397357348517524,49209200
2024-03-22,40.164634704589844,40.76584631572362,40.13554513275722,40.6785739011449,32033000
2024-03-25,40.00947952270508,40.203418610317094,40.00947952270508,40.13554048451495,31784000
2024-03-26,40.14524841308594,40.2713057038863,40.01918742320432,40.15494370503933,30135500
2024-03-27,40.62038803100586,40.63008702028111,40.23251353884896,40.339176527312716,36670300
2024-03-28,40.843421936035156,40.940393345825136,40.60099896018177,40.66887709749423,41490200
2024-04-01,40.62038803100586,40.920993814168924,40.54281461220671,40.88220525522906,37537700
2024-04-02,40.40706253051758,40.55251780534836,40.3391843886849,40.49433495559979,36359800
2024-04-03,40.38766098022461,40.68826304126901,40.28099430085519,40.416750547659795,39715900
2024-04-04,39.93191146850586,40.8046356303947,39.88342761486335,40.72705850530195,52657500
2024-04-05,40.310089111328125,40.41675580457143,39.95130416966674,40.087060434128844,47540300
2024-04-08,40.48463439941406,40.55251253242074,40.30039428112175,40.31978856184949,35165700
2024-04-09,40.25190734863281,40.61069599899115,39.93191095940721,40.50402930288899,51953600
2024-04-10,39.650699615478516,40.01918355850378,39.524638637770764,39.86403300866381,59492800
2024-04-11,39.36949157714844,39.689491695287174,39.1270685903456,39.63130884678525,56870800
2024-04-12,38.84585952758789,39.272522639408564,38.70040426040208,39.10767678907368,81234800
2024-04-15,38.651920318603516,39.505250239432534,38.53555832456173,39.350099681016445,71800600
2024-04-16,38.39010238647461,38.76828163480905,38.33191954093046,38.68100921603333,66751300
2024-04-17,38.48706817626953,38.73919012863321,38.33191762830759,38.564645299790925,41561900
2024-04-18,38.622825622558594,38.962216268119676,38.53555321383137,38.661610482708,48893400
2024-04-19,39.156150817871094,39.233724228241684,38.758577379636364,38.836150790006954,55513600
2024-04-22,39.63130187988281,39.85433054464482,39.2046388297834,39.36948465627162,50701200
2024-04-23,39.8834228515625,39.98039054726661,39.70887804003072,39.81554472475353,36488600
2024-04-24,39.87372970581055,39.93191255120766,39.670095295542176,39.77676199589637,33957500
2024-04-25,39.6410026550293,39.78645420864575,39.30160829842943,39.67978751654525,50365700
2024-04-26,39.58282470703125,39.80585340941001,39.48585699263395,39.573129415223995,35796900
2024-04-29,39.52463150024414,39.747663843251296,39.379179966768426,39.57311904381627,36596100
2024-04-30,39.13676071166992,39.52463520302254,39.13676071166992,39.437362795129104,34481600
2024-05-01,39.13676071166992,39.611907610915985,39.059183593951055,39.107671142065634,54717600
2024-05-02,39.23373031616211,39.46645798154671,38.9525187993876,39.408275140430376,37085100
2024-05-03,39.32099914550781,39.55372678968711,39.12706005853847,39.466454385504925,45012600
2024-05-06,39.82524108886719,39.82524108886719,39.53433429482798,39.6216067029478,42335600
2024-05-07,39.96099853515625,40.0385756553846,39.85433184438262,39.92220997504208,42601200
2024-05-08,40.1064567565918,40.17433489227876,39.81554993235041,39.92221293194351,28390900
2024-05-09,40.40706253051758,40.40706253051758,39.999793679521474,40.009488971605585,31594800
2024-05-10,40.56221008300781,40.63978350408533,40.504027242889165,40.5525110934477,34306800
2024-05-13,40.397361755371094,40.746451408318606,40.397361755371094,40.678573275698895,29570100
2024-05-14,40.60099411010742,40.63008737910955,40.397359722495594,40.55251026054469,30638300
2024-05-15,40.9015998840332,40.94038844330435,40.68826650712249,40.697965496480585,36138300
2024-05-16,40.9015998840332,41.095538981308344,40.882205604397626,40.94038844330435,36032700
2024-05-17,41.20220184326172,41.20220184326172,40.92099036328327,40.969474208329146,29813200
2024-05-20,40.63978576660156,41.173115550598574,40.62039148548229,41.11493640632163,35719600
2024-05-21,40.9015998840332,40.94038844330435,40.697965496480585,40.717359776116155,33413400
2024-05-22,40.66887283325195,40.98887290338444,40.581600423132244,40.81432808314502,38661100
2024-05-23,40.1064567565918,40.66887612358102,39.95130620372433,40.63009125967488,51768500
2024-05-24,40.348873138427734,40.35856842805097,40.18402362218983,40.18402362218983,23477300
2024-05-28,39.90281295776367,40.26159783324624,39.757357730337716,40.26159783324624,31004900
2024-05-29,39.58282470703125,39.708885695012704,39.46646270993825,39.58282470703125,40620200
2024-05-30,39.79615020751953,39.88342261276288,39.524634002828854,39.62160539703283,32769300
2024-05-31,40.37796401977539,40.41675257769076,39.75736188945147,39.87372386411708,38664000
2024-06-03,40.12584686279297,40.41675365676407,39.77675723039542,40.368269807615654,37855000
2024-06-04,39.94160079956055,40.24220656581752,39.75736070357875,39.91251123153194,27586400
2024-06-05,40.05796813964844,40.10645198807729,39.76705765091431,40.067663429702,23817300
2024-06-06,40.03858184814453,40.24221627161901,39.88343128277142,40.12585427235949,39040200
2024-06-07,40.222816467285156,40.445845143201886,39.97069822031691,40.04827164281455,42273300
2024-06-10,40.067657470703125,40.11614131192129,39.80584028922907,40.048263194399865,31615200
2024-06-11,39.61190414428711,39.89311562278697,39.417968765123305,39.87372134505454,54584900
2024-06-12,39.573123931884766,40.06766512531622,39.514941091859605,40.019181274835596,46399800
2024-06-13,39.544029235839844,39.58281779445738,39.27251672367821,39.57312250434327,39497900
2024-06-14,39.41797637939453,39.49554980622867,39.14646013777265,39.27252111784421,29083000
2024-06-17,39.767059326171875,39.776758315714545,39.25312385283071,39.32100198330669,36076900
2024-06-18,40.01918411254883,40.01918411254883,39.67978973695704,39.718578299724264,38900300
2024-06-20,40.232513427734375,40.339176415903545,39.89311908656879,39.93190764540152,42869100
2024-06-21,40.07736587524414,40.17433358046466,39.84463820400172,40.13554501874412,42530600
2024-06-24,40.48916244506836,40.74227892108135,40.14842801318033,40.24577964694069,45252000
2024-06-25,40.18737030029297,40.537842157472035,40.070547585808995,40.411282050440235,32845400
2024-06-26,39.93425369262695,40.02187165668623,39.7395466931922,40.00240058537004,37978500
2024-06-27,39.88557815551758,39.93425397729146,39.64219533292101,39.817431262288714,25466100
2024-06-28,40.021873474121094,40.27498998527156,39.856371217281435,39.97319765048377,44045100
2024-07-01,40.10948944091797,40.45022390310578,39.94398719233596,40.18737001210642,36131100
2024-07-02,40.576786041259766,40.576786041259766,40.01213608852638,40.03160716073035,27033100
2024-07-03,40.45022201538086,40.654662683152736,40.43075094506064,40.61572425623923,21113200
2024-07-05,40.440486907958984,40.53783854239283,40.20683778610023,40.53783854239283,21421100
2024-07-08,40.33340072631836,40.742282076248614,40.284724905668625,40.498899259272875,27779300
2024-07-09,40.64493179321289,40.907785689977935,40.32366468147988,40.372344217483445,33140000
2024-07-10,40.80069351196289,40.810427190178004,40.430750606431104,40.45022167658824,28445400
2024-07-11,41.1219596862793,41.19010657345333,40.713074649508286,40.83963474585727,45836600
2024-07-12,41.25825119018555,41.43348709434034,40.966192587836424,41.07327789484069,39041200
2024-07-15,41.86184310913086,41.90078524982917,41.37507749158283,41.40428224024309,46561200
2024-07-16,42.3388786315918,42.35834598986157,41.81317082885375,41.891051403114616,52243100
2024-07-17,42.6601448059082,42.73802909895473,42.222054941840184,42.290201841392154,54773300
2024-07-18,42.14417266845703,42.942468071457554,42.046817306062245,42.514111904375184,58731300
2024-07-19,41.71581268310547,42.21231570155535,41.66713686322707,42.12469774028343,47220000
2024-07-22,41.949459075927734,42.027339639897505,41.61845832317099,41.813165303685565,29071100
2024-07-23,42.02733612060547,42.2415141526093,41.959189240190874,42.05654457915919,23800400
2024-07-24,41.45296096801758,41.988402394177456,41.45296096801758,41.90078443617116,47786900
2024-07-25,41.60873031616211,42.22205237484134,41.521112348675466,41.53084602785075,44862000
2024-07-26,42.26099395751953,42.38755406748039,41.813170446860795,41.83264151867994,32636300
2024-07-29,42.202579498291016,42.38755281825788,41.98840514204686,42.35834435452636,35195700
2024-07-30,42.68934631347656,42.83537749497304,42.44596348680058,42.465434558581926,31418700
2024-07-31,42.58226013183594,42.9424656682197,42.553051667888454,42.78670081083263,38694800
2024-08-01,41.97867202758789,42.79643853459345,41.79370240249797,42.738029028632155,47060900
2024-08-02,40.94673156738281,41.64767164228389,40.69361132649914,41.50164416213795,78599800
2024-08-05,39.75901412963867,40.138690701275515,39.583778217540626,40.05107274522649,107913600
2024-08-06,40.40155029296875,40.878582279865505,39.82716665832685,39.9342556990829,57668900
2024-08-07,40.45022201538086,41.238783651578444,40.39181251814714,40.84936967262797,43912600
2024-08-08,41.10249328613281,41.151169109111834,40.65466605903501,40.71307927484618,41260500
2024-08-09,41.2777214050293,41.384806709818555,40.92724960396904,41.092748113510524,23838800
2024-08-12,41.06354522705078,41.462692859945065,40.97592727281903,41.35560383658107,20509300
2024-08-13,41.40428161621094,41.43349007815792,41.00513396438645,41.30692997965936,24922000
2024-08-14,41.9105224609375,41.98840674889928,41.472432625470624,41.50164109031992,30673000
2024-08-15,42.29993438720703,42.53357981211529,42.163640603722705,42.309668065858595,33329000
2024-08-16,42.61146545410156,42.61146545410156,42.25125991288216,42.25125991288216,25338900
2024-08-19,42.84510803222656,42.85484542426681,42.62119629375107,42.62119629375107,24458600
2024-08-20,42.70881652832031,42.83537663549606,42.621198563925894,42.79643449271473,19620400
2024-08-21,42.64067077636719,42.825644102664754,42.416759019973455,42.776964566021874,19914100
2024-08-22,42.88404846191406,42.88404846191406,42.650403054447416,42.689341479873995,24738700
2024-08-23,43.253997802734375,43.361086844502665,42.922996998053925,43.01061496734367,32762500
2024-08-26,43.39028549194336,43.623934615087265,43.292933856974045,43.400022883676385,23716300
2024-08-27,43.614200592041016,43.633671663284154,43.4000262358207,43.47790680706615,21583500
2024-08-28,43.721290588378906,43.96467341367911,43.45843669140743,43.49737883474998,24726200
2024-08-29,44.11070251464844,44.25672997470744,43.565523674737925,43.86731970082309,33726600
2024-08-30,44.529327392578125,44.56826582572766,44.0328243042144,44.23726500472768,28967700
2024-09-03,44.19831848144531,44.665613017253115,43.993874104626336,44.295670117091035,39893900
2024-09-04,44.24699783325195,44.558527548672195,44.0230860824016,44.276202583532864,32006100
2024-09-05,43.76023483276367,44.45144119850832,43.565527820429686,44.43197012590219,39523500
2024-09-06,43.117706298828125,44.003619718146616,43.02035093126549,43.760236869831346,51331300
2024-09-09,43.76023483276367,44.00361766974931,43.46817617112638,43.52658567521741,41010900
2024-09-10,43.31241226196289,43.94520542388488,42.815909183843495,43.906263277811306,59115000
2024-09-11,43.10796356201172,43.176110453995044,42.23178764491455,43.14690570420993,59397500
2024-09-12,43.205318450927734,43.341612233422524,42.83537553149399,43.1858473800389,37732700
2024-09-13,43.331878662109375,43.5071146018341,43.2345270128078,43.331878662109375,32912300
2024-09-16,43.89652633666992,43.906260015601376,43.51684972498099,43.51684972498099,37063700
2024-09-17,44.13017272949219,44.27620018671897,43.94519941778721,43.9938752368628,27893300
2024-09-18,43.99387741088867,44.48064305315278,43.896525767926704,44.1496422678641,41783900
2024-09-19,44.48064041137695,44.597466832465365,44.13990596751969,44.44170198474106,46457700
2024-09-20,44.451438903808594,44.451438903808594,44.13990918564714,44.38329201006872,48699200
2024-09-23,44.39769744873047,44.62242126911265,44.319534424212954,44.44655353214927,31615300
2024-09-24,44.026424407958984,44.26091725050878,43.870094603860274,44.26091725050878,40341400
2024-09-25,43.762611389160156,44.10458162574594,43.625823294525844,44.04596028644326,32546900
2024-09-26,43.98733139038086,44.07526711887518,43.74306589202947,43.889622954722874,31445200
2024-09-27,44.11435317993164,44.3976983426077,44.016644738322704,44.08503878385099,23226100
2024-09-30,44.28044891357422,44.29999060056045,43.81145960749172,44.006872750158344,23593400
2024-10-01,44.04595947265625,44.27068329928866,43.75283787277435,44.16320587629143,32703000
2024-10-02,44.094810485839844,44.19251519802427,43.80169262209073,44.02641644187158,37709400
2024-10-03,43.86031723022461,44.0166470176984,43.64536237474959,43.92871127929464,23545700
2024-10-04,44.60288619995117,44.6419658511455,44.114355151659026,44.29022662721989,40432000
2024-10-07,44.05572509765625,44.62241911139228,43.870084662107416,44.602881151604564,26599300
2024-10-08,44.30976104736328,44.41723846574783,44.14366229327502,44.221825316611906,28763000
2024-10-09,44.72012710571289,44.808062832674004,44.22182341053469,44.3097591374958,28334300
2024-10-10,44.583343505859375,44.808067335745015,44.397699326287224,44.76898395823551,34127400
2024-10-11,45.44316101074219,45.53109675730508,44.83738349397364,44.86669416709578,52850300
2024-10-14,45.726505279541016,45.775357638829334,45.394304018305874,45.521323134212395,35850800
2024-10-15,45.82421112060547,46.302969432492326,45.76558605647415,46.039162234695205,42356800
2024-10-16,46.39090347290039,46.41044516023135,45.9121451784771,46.00008090786853,44973700
2024-10-17,46.51792526245117,46.71333841984626,46.488614593360495,46.586319308460055,45823400
2024-10-18,46.52769088745117,46.62539932269985,46.26388370307328,46.517921907524155,34279600
2024-10-21,46.15641403198242,46.55700933337567,46.06847829620361,46.44953190884645,26207400
2024-10-22,46.068477630615234,46.14664065729155,45.70696198474988,45.92191683070269,30018700
2024-10-23,46.029396057128906,46.13687348431632,45.80467222173528,46.01962334891399,20697200
2024-10-24,46.068477630615234,46.127098968823475,45.78512873862216,46.03916323431515,19617500
2024-10-25,45.56040573120117,46.332281939990324,45.45292830629234,46.254118911908655,25526500
2024-10-28,46.127098083496094,46.1661814596821,45.785127859858285,45.79489684030684,31415900
2024-10-29,45.84375,46.13687159933384,45.80467035032532,46.00985248810224,27930900
2024-10-30,46.04893493652344,46.34205280275141,45.86329076372888,45.90237413981151,28704300
2024-10-31,45.413841247558594,46.127096059271445,45.413841247558594,45.99030797581908,53417100
2024-11-01,45.57017135620117,45.921914274656245,45.45292495911474,45.56040237610887,40139900
2024-11-04,45.21842956542969,45.57994520018851,44.97416405787711,45.540861824453096,41705600
2024-11-05,45.63856887817383,45.65811056704416,45.16957952687395,45.25751526319243,35221800
2024-11-06,48.413421630859375,48.54044073519909,47.58292041699795,47.91512164798167,153473400
2024-11-07,47.63176727294922,48.30593863717603,47.543831553511346,48.30593863717603,70611400
2024-11-08,48.06167984008789,48.33525974256086,47.729478601310305,47.97374410843512,60376500
2024-11-11,48.74562454223633,48.98989005205086,48.53066970089686,48.540442408519134,63654700
2024-11-12,48.59906768798828,48.794477114948975,48.452506890571854,48.72608307007356,58512400
2024-11-13,48.62837219238281,48.980115079838015,48.55020544975035,48.696766228588494,31880700
2024-11-14,48.50136184692383,48.84333581682623,48.41342610919991,48.73585838991965,38252800
2024-11-15,48.7260856628418,48.86287375987129,48.4720511579579,48.50136182812248,40741500
2024-11-18,48.87263870239258,48.96057442610978,48.559979179663756,48.765161292605384,27141600
2024-11-19,48.550209045410156,48.73585320931346,48.28640186028102,48.481815004139165,27014700
2024-11-20,48.40365219116211,48.774933066174675,48.169155672084315,48.745622398988345,33932500
2024-11-21,49.019203186035156,49.24393074629999,48.52090316091681,48.64792227602387,50881800
2024-11-22,49.56635665893555,49.615209015316,48.980120927978305,48.98988990837605,42050800
2024-11-25,49.88878631591797,50.07442675135205,49.69337317340039,49.83993023489181,47492500
2024-11-26,49.98649215698242,50.08419686685875,49.595665863085586,49.908329134520514,28418400
2024-11-27,50.08420181274414,50.43594476654726,50.03534945298174,50.05489114232593,31803700
2024-11-29,50.1623649597168,50.387088780206405,50.07442922759514,50.26006967220937,15178400
2024-12-02,49.664066314697266,50.308927125415146,49.537047203241876,50.240529352173034,55483600
2024-12-03,49.29277801513672,49.95718046481672,49.29277801513672,49.95718046481672,46924300
2024-12-04,49.10713195800781,49.28300340715113,48.941033215592206,49.243923761826935,41017400
2024-12-05,49.253700256347656,49.507734762094785,49.14622282911753,49.185306207600505,33599300
2024-12-06,49.243927001953125,49.41002575529761,49.10713518913345,49.243927001953125,23439400
2024-12-09,48.56974792480469,49.331858769075914,48.55020623882897,49.28300269053886,41998300
2024-12-10,48.55998611450195,48.83356230416013,48.25709552795465,48.60883847305576,38861800
2024-12-11,48.65768814086914,48.77493454035385,48.442737029679826,48.75539657976959,35035900
2024-12-12,48.4427375793457,48.82379117739158,48.4427375793457,48.784707801387924,23107300
2024-12-13,48.40365219116211,48.65768667023364,48.29617477521794,48.63814498304418,39160400
2024-12-16,48.31571960449219,48.49159107343893,48.22778387001881,48.43296600805803,35242800
2024-12-17,47.9737434387207,48.13984591938863,47.807644685248576,48.13007321201038,46103300
2024-12-18,46.53746795654297,48.16915984257999,46.498384578780204,48.0616824173304,72399500
2024-12-19,46.70356369018555,47.41681851568368,46.693794709976885,47.06507559303894,63641000
2024-12-20,47.397281646728516,47.76856629473314,46.50815526951473,46.605863717513934,56066100
2024-12-23,47.51110076904297,47.550350822746864,46.971425631433405,47.157861514981334,43033300
2024-12-24,48.07040023803711,48.090021519986195,47.52091076619286,47.60922150732692,18350500
2024-12-26,48.18815231323242,48.20777734058066,47.82509866501809,47.85453433449483,20805600
2024-12-27,47.834903717041016,48.247018013919636,47.57978587751008,47.93302509922427,33852400
2024-12-30,47.37372589111328,47.58959742774989,46.96161158636071,47.34429022451406,34819800
2024-12-31,47.422794342041016,47.65828718095828,47.2559834833077,47.49148006531615,25170500
2025-01-02,47.30504608154297,47.85453563292923,47.0401138197902,47.66810348269936,35879100
2025-01-03,47.67790985107422,47.707345518710916,47.17748478579534,47.57978846355789,25198100
2025-01-06,47.53072738647461,48.09984195495265,47.442416634231165,47.883970395448394,54289900
2025-01-07,47.422794342041016,47.84471932369205,47.21673342912443,47.73678728932483,57682700
2025-01-08,47.57978820800781,47.589598849470356,47.11860945435785,47.432602384432855,36422000
2025-01-10,46.43174362182617,47.23635088821671,46.26493653290914,47.19710084032191,53128700
2025-01-13,46.7653694152832,46.784994442534305,46.15700854286397,46.19625859736617,36002800
2025-01-14,47.344295501708984,47.3835455569435,46.84387039828839,46.951802435546384,39353300
2025-01-15,48.55120086669922,48.67876165953149,48.09002213013774,48.3549543569013,61176900
2025-01-16,48.8750114440918,48.914257754208315,48.531579093161795,48.531579093161795,33830400
2025-01-17,49.28712463378906,49.375435379918564,48.79651020931205,48.973131701571056,43693100
2025-01-21,49.699241638183594,49.75811297228866,49.44412004675858,49.45393443117003,33267500
2025-01-22,49.463748931884766,49.70905615803835,49.26750240234365,49.69924551595234,37226400
2025-01-23,49.7483024597168,49.83661320419387,49.53243091919709,49.542245303633955,32048800
2025-01-24,49.895484924316406,49.944549360698275,49.53243130225455,49.581491995545456,39088700
2025-01-27,50.44497299194336,50.4744086584657,49.66980133340087,49.80717276795962,61707400
2025-01-28,50.356666564941406,50.582348761499404,50.150609395443816,50.386102233986435,39885300
2025-01-29,50.317413330078125,50.76878143775273,50.209477559614434,50.21929194406983,43612200
2025-01-30,50.7982177734375,51.063150010855516,50.464599816291596,50.77859274735939,64250500
2025-01-31,50.503849029541016,50.99446344407134,50.474409619367364,50.8570920068974,40424200
2025-02-03,50.29779052734375,50.43516571415446,49.463747480136995,49.79736544763792,77416200
2025-02-04,50.18004608154297,50.425353310133296,50.04267463242699,50.3566675855753,41742700
2025-02-05,50.70990753173828,50.71971817332937,50.18004305163488,50.39591459754909,34758600
2025-02-06,51.1318359375,51.15146096365753,50.788403594379766,51.004275139021566,34355900
2025-02-07,50.8472785949707,51.279017940502015,50.80802854271576,51.1907071944739,40601400
2025-02-10,50.44497299194336,51.00427311441303,50.22910145587055,50.93558739713366,37921500
2025-02-11,50.57253646850586,50.67065785751345,50.06229701086607,50.36647930573529,45162900
2025-02-12,50.39591979980469,50.41554482810374,49.964176663408416,50.31741968660849,45473100
2025-02-13,50.72953414916992,50.798219871734986,50.31741607068841,50.533287623373546,36372200
2025-02-14,50.82765579223633,51.04352734599052,50.778595096317055,50.798220123303,29574300
2025-02-18,51.190711975097656,51.22015138858366,50.77859761720707,50.90615842740283,33496800
2025-02-19,51.21033477783203,51.269209859154415,50.92578124250182,51.063152689162855,31748500
2025-02-20,50.42534637451172,51.171082342987134,50.08191779895774,51.13183229346932,47078900
2025-02-21,49.797359466552734,50.533281035023954,49.69923808799283,50.444970297083785,51789900
2025-02-24,50.01323699951172,50.44497635736988,49.728679727175354,50.03286202619952,56673900
2025-02-25,50.00342559814453,50.444979367238055,49.36562903664619,50.307607915318144,50132800
2025-02-26,49.895484924316406,50.356663676051035,49.7973635377346,50.01323507992374,31250500
2025-02-27,50.17023468017578,50.82765624616585,50.03286323313853,50.072109544369745,44378600
2025-02-28,51.20051956176758,51.27901592009367,50.2094763683783,50.42534790418405,63537100
2025-03-03,50.76878356933594,51.65188730976149,50.40572619106182,51.337894369642484,76100100
2025-03-04,48.98294448852539,50.31741638044651,48.70820159657381,50.25854504250898,99342400
2025-03-05,49.26749801635742,49.50299457946017,48.62970153099199,49.00256578652591,75561700
2025-03-06,48.45307922363281,49.02218998159636,48.13908630687551,48.68857203965538,55477700
2025-03-07,48.19795608520508,48.404016971443966,47.34428810424064,48.2764561834086,87351400
2025-03-10,47.11861038208008,47.69753556013392,46.56912087208439,47.38354262387669,78221400
2025-03-11,46.71630859375,47.1774873751893,46.39250125960976,47.04992656994395,72972200
2025-03-12,46.78498840332031,47.28541343280702,46.33362406408278,47.21672771784004,60700100
2025-03-13,46.529869079589844,47.17748369738438,46.39249764299982,46.90273708111342,49986300
2025-03-14,47.609222412109375,47.687718770669875,46.72611498398587,46.971422187010084,49535700
2025-03-17,48.16852569580078,48.40402227311448,47.412979011745364,47.42279339664112,43570500
2025-03-18,48.10964584350586,48.3647674222134,47.933024363813175,48.20777096727443,32714200
2025-03-19,48.63951110839844,48.894632691437494,47.94283956172166,48.13908606949998,44290700
2025-03-20,48.70820236206055,49.041820340283884,48.27646299033849,48.36477374172382,46326000
2025-03-21,48.531578063964844,48.708199556562455,48.10964935865845,48.46289234385367,53382800
2025-03-24,49.387367248535156,49.505541348995884,48.90481705689956,49.03284119046605,43158200
2025-03-25,49.663108825683594,49.74189030829623,49.31843279546523,49.56463103324605,24873700
2025-03-26,49.51538848876953,50.135809101208174,49.32827918005368,49.810829380103065,39729200
2025-03-27,49.416908264160156,49.68280279926267,49.03283963235213,49.42675454026612,32299800
2025-03-28,48.4616584777832,49.535082906114745,48.27454917621599,49.269188368085445,45365400
2025-03-31,49.05253601074219,49.29873423729477,47.84124118690594,47.97911159270549,38042300
2025-04-01,48.993446350097656,49.21010198835845,48.45181101113242,48.86542222233567,37959100
2025-04-02,49.39720916748047,49.56462590532785,48.520744132729035,48.599525607191005,41792100
2025-04-03,46.96477127075195,47.91017529417592,46.87613976095241,47.46701774517823,101160600
2025-04-04,43.52784729003906,45.704238715369314,43.41951946907648,45.3694089763426,128135300
2025-04-07,43.41951370239258,44.9557917874219,41.56810222915513,42.18852273074013,179993200
2025-04-08,43.252098083496094,45.51712453464265,42.58244243393357,45.10350960410705,98804200
2025-04-09,46.51176834106445,46.8859906959414,42.4150300163337,42.58244676326028,177242900
2025-04-10,45.21184158325195,45.89134732725353,43.86267637124009,45.822412125254246,93318200
2025-04-11,45.96028518676758,46.25572607720379,44.68005510272956,44.906557030493545,63647400
2025-04-14,46.4329833984375,46.89583347360453,46.15723885172071,46.62993895892398,52008900
2025-04-15,46.55116271972656,47.17158332373392,46.51177010052582,46.69887940669893,41840100
2025-04-16,45.822410583496094,46.620094152674504,45.47773458509676,46.45267741296152,47934300
2025-04-17,45.94058609008789,46.49206765941953,45.72393046974392,45.79286566591038,61866600
2025-04-21,44.9557991027832,45.842110492584794,44.4535526008774,45.70424008239479,43082300
2025-04-22,46.442832946777344,46.56100704273468,45.49743266574512,45.635303070476475,38154800
2025-04-23,46.99431610107422,47.98895522868375,46.836749395016675,47.309449513189314,50290900
2025-04-24,47.516258239746094,47.6048897525333,46.63979314478751,46.826902446588576,26817900
2025-04-25,47.28975296020508,47.49655855645483,46.97461954972358,47.27990292799133,28113000
2025-04-28,47.437469482421875,47.83138812261472,47.1026435219505,47.48671212996091,33922800
2025-04-29,47.92987060546875,48.01850212037114,47.230668519398215,47.44732416842337,42475300
2025-04-30,48.018497467041016,48.185914204160305,46.77766013534039,47.41777698723547,33759900
2025-05-01,48.0086555480957,48.32378898654312,47.70336838604924,47.84124255247104,34420200
2025-05-02,49.003292083740234,49.18055510277603,48.57983460125106,48.73740131187324,35032100
2025-05-05,48.68815994262695,49.072232331760524,48.35333020416548,48.58968215465638,24139900
2025-05-06,48.41241455078125,48.806333178769485,48.225305268664385,48.25484785092324,28949100
2025-05-07,48.6980094909668,48.96390402386628,48.51089643632266,48.56998536252925,30070100
2025-05-08,49.10177230834961,49.60401501101746,48.973748185439526,49.08207600046447,31294200
2025-05-09,49.10177230834961,49.27903532262923,48.96390190984026,49.200250091088684,22075000
2025-05-12,50.096412658691406,50.42139611168451,49.78127923822417,50.33276460238518,44274100
2025-05-13,50.30322265625,50.539570846255025,50.13580591136692,50.22443742179049,33986100
2025-05-14,50.165348052978516,50.39184996501943,50.01763137470142,50.33276479638328,38764200
2025-05-15,50.500179290771484,50.57896452688742,50.05702548602324,50.096414347394386,34742500
2025-05-16,50.80546951293945,50.884250997124795,50.38200823496799,50.490336062824,53401000
2025-05-19,50.83500671386719,50.98272714650816,50.460788129433595,50.5395696052719,26348400
2025-05-20,50.559268951416016,50.73653197856193,50.332767029326654,50.59866157004552,26903000
2025-05-21,49.52523422241211,50.39184924124676,49.48584160609599,50.244132565091306,40022000
2025-05-22,49.46614456176758,49.751735390779196,49.21010007289666,49.41690567044855,33662800
2025-05-23,49.288883209228516,49.52523515488868,48.81618307459493,48.83587938312384,33645600
2025-05-27,50.15550231933594,50.1850449039734,49.495689127834154,49.67295214903244,38636400
2025-05-28,49.820674896240234,50.24413616022188,49.74188965797065,50.11611202637729,31730200
2025-05-29,50.076717376708984,50.086567409436746,49.594170960278596,49.98808586559305,34098400
2025-05-30,50.1850471496582,50.27367866422343,49.692650681337334,49.90930632953833,37953200
2025-06-02,50.20473861694336,50.224434924578915,49.52523290860622,49.84036631740199,30142300
2025-06-03,50.30322265625,50.35246154944382,49.643409466055246,50.04717440094335,33705400
2025-06-04,50.01763153076172,50.43124273925215,50.00778149816715,50.372157570431646,24600500
2025-06-05,49.879764556884766,50.10626648520313,49.68280521500755,50.027481245777444,42014400
2025-06-06,50.500179290771484,50.65774600631653,50.27367737196841,50.39185146945549,34982800
2025-06-09,50.22443771362305,50.57896375737732,49.91915056334869,50.559267448648,28322100
2025-06-10,50.28352355957031,50.30321986709309,50.10626054855185,50.21458836158386,27728600
2025-06-11,50.22443771362305,50.559267448648,50.03732841572463,50.33276553329094,39368400
2025-06-12,50.22443771362305,50.234283989644325,49.73204126545027,49.92900059605673,25500900
2025-06-13,49.200252532958984,49.692648984465826,49.05253585151901,49.584321164064434,54921900
2025-06-16,49.76158142089844,50.106261171804576,49.54492954882611,49.5547758243667,35632400
2025-06-17,49.47599411010742,49.71234228880163,49.328273680908616,49.50553669327255,31130700
2025-06-18,49.456298828125,49.99793415194283,49.38736362818564,49.456298828125,45728200
2025-06-20,49.59416961669922,49.81082525059905,49.45629921573994,49.60401589247345,44456100
2025-06-23,50.218692779541016,50.23845659004703,49.25028868211499,49.60602973210035,43022700
2025-06-24,50.96969985961914,51.15745039535616,50.6732464869506,50.71277410591457,41225000
2025-06-25,50.80171203613281,50.9894625817461,50.6930129630446,50.979582561266,33123900
2025-06-26,51.177215576171875,51.21674319619502,50.80171072507468,50.83135455531137,37866000
2025-06-27,51.325439453125,51.61200904928967,51.08828126769047,51.13768890885921,38954100
2025-06-30,51.75035095214844,51.81952240236,51.52307279151596,51.56260041151152,42472900
2025-07-01,52.036922454833984,52.145621529035175,51.592246137447944,51.621893738314654,33844800
2025-07-02,51.99739456176758,52.13573746655136,51.72070875220002,52.125857446021705,40791100
2025-07-03,52.56064987182617,52.63970511416,52.07644970599649,52.12585734767442,25904800
2025-07-07,52.05668258666992,52.6199379590327,51.79975683497671,52.50135887263033,34049000
2025-07-08,51.59224319458008,51.97762805781146,51.56259936496574,51.93810420817942,53715000
2025-07-09,51.779998779296875,51.87881406015836,51.52307301775889,51.85905025007379,36634900
2025-07-10,52.08633041381836,52.13573805614825,51.66141790457064,51.66141790457064,27992600
2025-07-11,51.5428352355957,51.78987719967919,51.46378376726082,51.740469560774734,30289900
2025-07-14,51.92822265625,51.95787025670313,51.40449487283532,51.53295775596848,27636500
2025-07-15,51.03887176513672,51.829405303690095,51.03887176513672,51.72070623534627,47704600
2025-07-16,51.39461135864258,51.444022769809166,50.72266064760179,51.3155598859866,46726500
2025-07-17,51.888694763183594,51.97763002495369,51.19698024892881,51.256267910401284,48213900
2025-07-18,51.918338775634766,52.027037840237774,51.80963971103176,51.957866393592425,29791300
2025-07-21,51.77011489868164,52.31360648158931,51.75035108863174,51.947985419569434,36871400
2025-07-22,52.05668258666992,52.12585403453474,51.84916824307547,51.87881207228576,32289100
2025-07-23,52.47171401977539,52.47171401977539,51.938106218259676,52.17526440347524,32111300
2025-07-24,52.44206619262695,52.807687232549334,52.38277476606071,52.49147382998493,32371900
2025-07-25,52.80768966674805,52.857101075944776,52.3630171404677,52.471712439841184,28964700
2025-07-28,52.44206619262695,52.807687232549334,52.33336712870273,52.7483995755442,29119300
2025-07-29,52.17526626586914,52.6693502338595,52.056687169028685,52.61994259097276,37883200
2025-07-30,52.076446533203125,52.402539964059116,51.819520780832995,52.15549800115926,37260100
2025-07-31,51.75035095214844,52.36301775339562,51.651535671720865,51.85905002235556,46179400
2025-08-01,50.791831970214844,51.147569250601556,50.445970940737986,51.10804539915509,63060800
2025-08-04,51.29579162597656,51.29579162597656,50.88076294901955,50.98945824329798,40053100
2025-08-05,51.088279724121094,51.473664590979325,50.75230249693882,51.43413697141405,33551000
2025-08-06,51.335323333740234,51.41437480583753,51.04875373706956,51.196980430398916,34198700
2025-08-07,50.76218032836914,51.63176907350529,50.61395741573211,51.56259762702912,43119400
2025-08-08,51.23650360107422,51.355086461987085,50.89064634731506,51.058633079266265,39484400
2025-08-11,51.21674346923828,51.41437403128494,51.10804439837582,51.34520258065634,29351200
2025-08-12,51.83928680419922,51.928222065423924,51.4242580981915,51.43413811852253,37510000
2025-08-13,52.13573455810547,52.283961244711364,51.86893255351282,52.03691928007569,41154900
2025-08-14,52.38277816772461,52.422305788002305,51.90845803307633,52.0863285547646,35841500
2025-08-15,51.83928680419922,52.53100508377344,51.79975918375238,52.50136125321899,46108500
2025-08-18,51.878814697265625,51.938106128247455,51.671300343171296,51.77011562524629,25405100
2025-08-19,51.97762680053711,52.244432569296194,51.8294038864895,51.8294038864895,24870800
2025-08-20,52.24443817138672,52.38278108048991,51.888697108229046,52.01715999649411,39138800
2025-08-21,52.076446533203125,52.175261810538586,51.730585523406596,52.09621034258246,29037000
2025-08-22,52.9361572265625,53.044856305109455,52.32349414787065,52.343257959384786,47249800
2025-08-25,52.629817962646484,52.94603514222373,52.610057922886526,52.83733607573799,24756500
2025-08-26,53.034969329833984,53.05473314016131,52.471713928970026,52.471713928970026,27907000
2025-08-27,53.14366912841797,53.30177584363678,52.87686333969345,52.90651094037047,39530100
2025-08-28,53.21284103393555,53.27213246623312,53.06461810753382,53.25236865546726,28837300
2025-08-29,53.3511848449707,53.49940776341462,53.163430537555975,53.26224958607985,36062400
2025-09-02,52.95591354370117,53.06461260686493,52.49147346275098,53.06461260686493,38733100
2025-09-03,52.86698532104492,52.965800608212895,52.501364235049515,52.86698532104492,36420100
2025-09-04,53.42035675048828,53.44012056036188,52.936152832488254,53.05473192216857,32730000
2025-09-05,52.44206619262695,53.608104528168596,52.24443187363392,53.469761635741804,58377100
2025-09-08,52.481597900390625,52.54088556201623,52.21479211439121,52.46183408999496,49490900
2025-09-09,52.70887756347656,52.95591954610074,52.3333726944106,52.353136505367914,38884500
2025-09-10,52.531005859375,52.76816781599628,52.303727692792044,52.540885879851906,32915900
2025-09-11,53.390708923339844,53.43023654291858,52.55076773987878,52.560647759992825,36635400
2025-09-12,53.163429260253906,53.43023503051621,53.07449400349981,53.32153596453218,25705900
2025-09-15,53.04484939575195,53.449998055115124,52.98555796893254,53.25236373527821,31922000
2025-09-16,52.926273345947266,53.034968647006025,52.639703754232706,52.97568098634876,28482500
2025-09-17,53.440120697021484,53.687162666731325,53.01520820755566,53.0349682479185,47976100
2025-09-18,53.48952865600586,53.85514971787943,53.35118575527323,53.469764845963866,36609100
2025-09-19,53.60810852050781,53.766215233564644,53.282011304449824,53.61798854089076,46731400
2025-09-22,53.53672409057617,53.596210701075,53.17981199152375,53.23929860202258,32393000
2025-09-23,53.29878234863281,54.022522885272494,53.16990036328741,53.487154727472046,28698900
2025-09-24,53.15007019042969,53.49706596088837,53.041013296294025,53.368183978701,23893400
2025-09-25,53.01127243041992,53.2492113092034,52.7832460957648,53.01127243041992,24757500
2025-09-26,53.397926330566406,53.63586521106831,53.179812538464404,53.24921169377498,30686100
2025-09-29,53.665611267089844,53.68544013777762,53.27895774360407,53.57638323998002,20713800
2025-09-30,53.407840728759766,53.774669170387234,52.96170058486855,53.596213112830746,32442200
2025-10-01,52.93195724487305,53.298781891193805,52.9121283745354,53.15007103661689,33210100
2025-10-02,52.892303466796875,53.021189242662345,52.60479428028703,52.85264950512108,32443400
2025-10-03,53.25912857055664,53.50698377979121,52.922045334718796,52.96169929389886,32111600
2025-10-06,53.23929977416992,53.606124425396565,52.842729926053835,53.46732611314704,32001300
2025-10-07,53.30870056152344,53.586297194516845,53.06084534435919,53.417757462190984,31250500
2025-10-08,53.05093002319336,53.48715763413095,52.882390287673324,53.467328762545556,26848700
2025-10-09,52.8625602722168,53.34835816062063,52.73367450068591,53.16990210218415,33922400
2025-10-10,51.7125129699707,53.21947316200309,51.7125129699707,53.00135935808627,73596200
2025-10-13,52.20822525024414,52.366852445418864,51.89097085989471,52.09916834444203,39651900
2025-10-14,52.78324890136719,53.18973130770094,51.80174057379666,52.00002550463591,62588700
2025-10-15,52.78324890136719,53.29878442679056,52.40650791096966,52.97161750558071,39526600
2025-10-16,51.315940856933594,52.66427380031316,51.09783084454244,52.6345323854349,85420100
2025-10-17,51.73234176635742,51.910797827126714,51.28620161443419,51.45474513048097,52288900
2025-10-20,52.33710861206055,52.44616551282808,51.84139817727756,51.91079733558954,39479600
2025-10-21,52.27762222290039,52.67419208521817,52.20822306429036,52.20822306429036,31213600
2025-10-22,51.98019790649414,52.36685145101713,51.67285606706712,52.32719370748386,53727500
2025-10-23,52.08925247192383,52.22805078608902,51.84139725892302,52.13882275812991,29483700
2025-10-24,52.654361724853516,52.822901453291486,52.35693622751155,52.39659018704552,31947800
2025-10-27,52.872474670410156,52.97161524060546,52.743588903580005,52.91212862930608,27154100
2025-10-28,52.53539276123047,52.9418751604298,52.48581869291289,52.8724760031497,33648000
2025-10-29,51.64311218261719,52.12891006275934,51.424998385577396,52.00002429342033,61846300
2025-10-30,51.78190994262695,52.36684838863894,51.57371247420838,51.57371247420838,48568700
2025-10-31,51.92070770263672,52.049593469226494,51.49439644404543,51.56379559944677,40425800
2025-11-03,51.702598571777344,51.89096717078973,51.20688814935175,51.881054626408186,38693200
2025-11-04,51.970279693603516,52.08925291988576,51.39525756112111,51.50431446089462,44675200
2025-11-05,52.14873504638672,52.36684884298642,51.73234010593682,52.03968193005726,38036300
2025-11-06,51.96036911010742,52.2478820781849,51.722426430533154,52.05950968711385,42625700
2025-11-07,52.32719039916992,52.34701926968291,51.643111385338464,51.83147998225631,46218700
2025-11-10,52.51556396484375,52.69402002152316,52.19830959340712,52.475906222921566,42010600
2025-11-11,52.753501892089844,52.88238766000544,52.42633498211376,52.61470357985936,29995800
2025-11-12,53.20955276489258,53.427666552124215,52.763416428420925,52.763416428420925,46052700
2025-11-13,52.525474548339844,53.29878157709949,52.42633397920615,53.11041298295735,50455300
2025-11-14,52.000022888183594,52.35693498934163,51.82156683760458,52.35693498934163,46154600
2025-11-17,51.008602142333984,52.03968070678776,50.810317221174365,52.01985183647477,70048500
2025-11-18,50.92928695678711,51.30602793098078,50.71117694601841,50.84005893084572,66043600
2025-11-19,51.11766052246094,51.20688855047531,50.75083208397381,50.93920446643217,46003900
2025-11-20,50.6715202331543,51.94053771053656,50.6417788178939,51.5836255995302,70096400
2025-11-21,51.22671127319336,51.524140540816425,50.7012594558077,51.01851381143341,68942900
2025-11-24,51.444828033447266,51.52414351792172,50.889634770007895,51.29611717301334,43789100
2025-11-25,52.08925247192383,52.208221915212505,51.464656276210064,51.6629412030048,50989800
2025-11-26,52.49573516845703,52.69402009637921,52.148735599100604,52.218134756577804,35268500
2025-11-28,52.872474670410156,53.090584681233885,52.5750453958836,52.644444551414374,16136100
2025-12-01,52.436248779296875,52.94187553675506,52.38667849259736,52.61470483699148,29296300
2025-12-02,52.38667678833008,52.68410228082162,52.188391866012275,52.53539142556101,29771500
2025-12-03,53.0905876159668,53.140157903804585,52.426337438605245,52.48582027122238,32018000
2025-12-04,53.19964599609375,53.44750122413779,53.01127738428971,53.13024683479907,33678700
2025-12-05,53.2194709777832,53.46732618770881,52.99144463848809,53.080672665340124,28532300
2025-12-08,53.02118682861328,53.24921317124212,52.82290190137982,53.23930062676713,31164200
2025-12-09,52.82290267944336,53.48715662816413,52.7931612636099,53.04101648080995,46335400
2025-12-10,53.427669525146484,53.616041908954195,52.75350303797987,52.822902195602566,45437500
2025-12-11,54.399261474609375,54.50831837421511,53.467327228654774,53.49706864419436,51786500
2025-12-12,54.47857666015625,54.73634441801789,54.24063399123207,54.686774131733394,64428900
2025-12-15,54.51823425292969,54.83548862264767,54.349690741658655,54.706602853083986,35356800
2025-12-16,54.171234130859375,54.68677342186103,54.01260694762582,54.56780397992845,37342300
2025-12-17,54.16132354736328,54.59754737155591,54.1117532599276,54.32986328103867,41112400
2025-12-18,54.07209396362305,54.547975516879674,53.893637908405516,54.30012030485203,35021600
2025-12-19,54.3695182800293,54.54797433136838,54.091921658821974,54.091921658821974,46595300
2025-12-22,55.03709030151367,55.156475552537906,54.460058425572626,54.47000561516269,37987800
2025-12-23,55.14652633666992,55.275862567720644,55.02714109003232,55.02714109003232,24732900
2025-12-24,55.44499206542969,55.60417366139419,55.12662887350067,55.22611594778276,15685800
2025-12-26,55.33555221557617,55.514631979638594,55.15647245151375,55.42509209760738,20410100
2025-12-29,55.03709030151367,55.39524984977507,54.9773957784072,55.30570996270972,34223800
2025-12-30,54.897804260253906,55.116680372692855,54.85800791341255,55.116680372692855,16160900
2025-12-31,54.48990249633789,54.977394473644075,54.470004322441305,54.937601921039516,22996200
2026-01-02,54.64908218383789,54.71872389244957,54.06209935754771,54.54959511301792,36087100
2026-01-05,55.84294891357422,56.22100283850052,54.53964696500259,54.53964696500259,58044100
2026-01-06,56.111568450927734,56.23095370089799,55.70366536793972,55.75340890582827,38950800
2026-01-07,55.32560729980469,56.051873574926546,55.255965588162084,55.94243551514856,44720900
2026-01-08,55.6141242980957,55.96233285109374,55.126628528709865,55.16642487624924,35358300
2026-01-09,55.44499206542969,55.87279331618216,55.43504487607692,55.693713546323515,29544900
2026-01-12,55.00724411010742,55.07688582175636,54.5595446815152,54.74857164239251,42021600
2026-01-13,53.95266342163086,54.94754934966061,53.87307452088657,54.86796044891632,77045100
2026-01-14,53.87307357788086,53.90291894073897,53.41542317465463,53.77358270970622,59754600
2026-01-15,54.09194564819336,54.42025981887373,53.93276405503612,53.942715039402,48490800
2026-01-16,54.16158676147461,54.4799499442827,54.01235615432685,54.09194505243462,44363200
2026-01-20,52.92793273925781,53.83327879237508,52.828441868196826,53.33583582263617,57030800
2026-01-21,53.18659973144531,53.554710249945295,52.967727412411016,53.09705984791674,49360300
2026-01-22,53.534812927246094,53.773583423658266,53.36568034669791,53.37563133124177,46919300
2026-01-23,52.7985954284668,53.23634386664805,52.609568470086195,53.21644948802996,47057500
2026-01-26,53.13685607910156,53.276139498688984,52.81849289284788,52.82844008202332,31072700
2026-01-27,52.72895431518555,53.15675556890498,52.569772718117065,53.04731750932252,38633700
2026-01-28,52.7190055847168,52.937877902295135,52.49017848763042,52.659311064365326,45450800
2026-01-29,53.27614212036133,53.35573481843571,52.719008414595585,53.04731880618058,51975400
2026-01-30,53.16670227050781,53.385578387664474,52.74885200523266,53.10701154414771,42767000
2026-02-02,53.753684997558594,53.81337951897587,52.92793165815687,53.17665313794596,48031500
2026-02-03,53.25624084472656,53.892967211490046,52.888134125539274,53.445271594051576,66887100
2026-02-04,53.684043884277344,53.90292000338795,53.12691019227019,53.23634445663685,59506400
2026-02-05,53.01747131347656,53.783533923337664,52.908033255612324,53.66414488101927,64475000
2026-02-06,53.98250961303711,54.072049499740764,53.55471214899596,53.55471214899596,53073800
2026-02-09,53.664146423339844,54.11184585692937,53.62435386994531,53.80343364338112,31699900
2026-02-10,53.27614212036133,53.98251023742216,52.84834085618336,53.425376531656426,57920800
2026-02-11,52.47028350830078,53.65419635112882,52.42053617765017,53.395523894424166,60339900
2026-02-12,51.42565155029297,52.83839152227268,51.166982882425785,52.62946639108896,94645100
2026-02-13,51.385860443115234,51.664427292527286,50.98790454807914,51.28636957176187,56449300
2026-02-17,51.93304443359375,52.14196956051971,51.554986731164504,51.554986731164504,54064700
2026-02-18,52.32105255126953,52.51007951654557,52.012636538798255,52.08227825206778,45224000
2026-02-19,51.88330078125,52.112124080966986,51.47539771737391,51.873349797025334,47344400
2026-02-20,52.22156524658203,52.23151243621066,51.455502608761634,51.77386580951963,52934100
2026-02-23,50.47056198120117,52.20166514210968,50.381022097099205,51.92309450535435,94600400
2026-02-24,50.71928405761719,50.91826200187673,49.983070597602115,50.19199573123974,64114100
2026-02-25,51.604732513427734,51.624630687599584,50.90831159816759,50.9779571053634,47652800
2026-02-26,52.231510162353516,52.39069175580267,51.71416903484663,51.80370891836106,60884300
2026-02-27,51.16698455810547,51.793763767371736,50.749130486865056,51.614683993295664,81998700
2026-03-02,51.03764724731445,51.36596142460141,50.20194291762512,50.35117732460803,70107200
2026-03-03,50.9481086730957,51.28637004846388,49.82389028026831,50.03281541926928,94738700
2026-03-04,51.23662567138672,51.38586007976719,50.818775400223245,51.06749688406493,51472400
2026-03-05,50.9680061340332,51.554988989096245,50.64964293757752,50.97795711871607,58430700
2026-03-06,50.31138229370117,50.36112583226805,49.495576116600446,50.18204605727631,75632700
2026-03-09,50.072608947753906,50.26163590165199,48.928488649726724,49.66470208717274,78178700
2026-03-10,49.80398941040039,50.43076479348199,49.495573415812885,50.072609058230434,70834200
2026-03-11,49.38613510131836,49.86367987434262,48.96828484811781,49.72439645660911,56301200
2026-03-12,48.58028030395508,48.96828519760722,48.54048395712191,48.7295109117967,67871700
2026-03-13,48.63997268676758,49.20705736530791,48.60017633857806,48.85884880662127,47595200
2026-03-16,49.047874450683594,49.49557386782221,48.8588474946422,48.99813091437676,45720100
2026-03-17,49.306549072265625,49.9333244885348,49.25680173859044,49.44583249810322,46974000
2026-03-18,48.719566345214844,49.4557798253157,48.66981901140126,49.117518449402446,49239100
2026-03-19,48.739463806152344,48.92849076823492,48.271866200509145,48.52058768518086,58374000
2026-03-20,48.829002380371094,49.08767104759605,48.5404845550593,48.70961333840089,82914000
2026-03-23,49.27000045776367,49.86000061035156,49.220001220703125,49.70000076293945,81044800
2026-03-24,49.279998779296875,49.59000015258789,48.779998779296875,48.79999923706055,43296400
2026-03-25,49.34000015258789,49.95000076293945,48.9900016784668,49.59000015258789,40438800
2026-03-26,49.04999923706055,49.4900016784668,48.880001068115234,49.11000061035156,45035700
2026-03-27,47.810001373291016,48.84000015258789,47.66999816894531,48.790000915527344,64823900
2026-03-30,48.36000061035156,48.720001220703125,48.09000015258789,48.22999954223633,58128900
2026-03-31,49.369998931884766,49.459999084472656,48.5099983215332,48.91999816894531,85361900
2026-04-01,49.439998626708984,49.849998474121094,49.13999938964844,49.79999923706055,61558300
2026-04-02,49.529998779296875,49.810001373291016,48.599998474121094,48.83000183105469,39519800
2026-04-06,49.880001068115234,50.0099983215332,49.45000076293945,49.5099983215332,27345800
2026-04-07,49.880001068115234,50.02000045776367,49.5,49.619998931884766,31750000
2026-04-08,51.20000076293945,51.47999954223633,50.959999084472656,51.189998626708984,48175400
2026-04-09,51.33000183105469,51.540000915527344,50.79999923706055,50.939998626708984,30330500
2026-04-10,50.77000045776367,51.290000915527344,50.63999938964844,51.22999954223633,35427500
2026-04-13,51.65999984741211,51.66999816894531,50.41999816894531,50.5,33635900
2026-04-14,51.779998779296875,51.90999984741211,51.439998626708984,51.5099983215332,36498400
2026-04-15,52.16999816894531,52.33000183105469,51.81999969482422,52.06999969482422,33804700
2026-04-16,52.029998779296875,52.40999984741211,51.91999816894531,52.09000015258789,25432000
2026-04-17,52.43000030517578,52.97999954223633,52.29999923706055,52.369998931884766,45183400
2026-04-20,52.630001068115234,52.7599983215332,52.2599983215332,52.34000015258789,26160600
2026-04-21,52.29999923706055,53.189998626708984,52.20000076293945,52.709999084472656,34150100
2026-04-22,52.209999084472656,52.650001525878906,52.06999969482422,52.47999954223633,31838400
2026-04-23,51.79999923706055,52.16999816894531,51.29999923706055,52.08000183105469,44647900
2026-04-24,51.41999816894531,51.66999816894531,51.31999969482422,51.58000183105469,27225300
2026-04-27,51.810001373291016,51.900001525878906,51.27000045776367,51.310001373291016,25764300
2026-04-28,51.849998474121094,52.400001525878906,51.79999923706055,52.20000076293945,24337500
2026-04-29,51.91999816894531,52.29999923706055,51.70000076293945,52.130001068115234,22153100
2026-04-30,52.130001068115234,52.25,51.20000076293945,51.5099983215332,31406400
2026-05-01,51.91999816894531,52.61000061035156,51.91999816894531,52.400001525878906,39618200
2026-05-04,51.58000183105469,52.189998626708984,51.4900016784668,51.779998779296875,44456300
2026-05-05,51.59000015258789,51.77000045776367,51.380001068115234,51.56999969482422,27419600
2026-05-06,51.84000015258789,52.2400016784668,51.779998779296875,51.91999816894531,39084600
2026-05-07,51.54999923706055,52.08000183105469,51.41999816894531,51.779998779296875,36983100
2026-05-08,51.2400016784668,51.7400016784668,51.13999938964844,51.68000030517578,29609200
