Price,Close,High,Low,Open,Volume
Ticker,XLI,XLI,XLI,XLI,XLI
Date,,,,,
2018-01-02,66.2548599243164,66.26355914431818,65.77613719918098,66.08077591489172,14903900
2018-01-03,66.61170959472656,66.65523225009922,66.20262054047306,66.35929280293983,18155000
2018-01-04,67.09913635253906,67.15136487091955,66.77709258554857,66.89894806072746,16483000
2018-01-05,67.5604476928711,67.59526448835582,67.04690826025222,67.42118051093217,16996200
2018-01-08,67.83898162841797,67.88249764629028,67.54304216000972,67.63008083637968,5727500
2018-01-09,68.27416229248047,68.4482395958626,67.89989011364777,67.92600104509275,8967700
2018-01-10,68.26544952392578,68.49175530791011,67.94339924058742,68.14359409577025,11669500
2018-01-11,69.13585662841797,69.16196756001217,68.39601812388027,68.57009542825732,9448300
2018-01-12,69.77996063232422,69.84959422031241,69.32735559164992,69.44921105031702,7436200
2018-01-16,69.15327453613281,70.15423582361886,68.83993001760457,70.04108621883773,13343700
2018-01-17,69.53626251220703,69.60589611301035,69.05753980746633,69.27513982950744,7814300
2018-01-18,69.16197204589844,69.7277332827547,69.10104432135232,69.53624425114576,7790400
2018-01-19,69.3621826171875,69.44922129469948,69.04883806564398,69.44051543476066,8657700
2018-01-22,69.3621826171875,69.37958769643973,68.84864313080351,69.17069354228586,12175300
2018-01-23,69.39698028564453,69.4666072240848,69.06622410540295,69.35345763857372,8953800
2018-01-24,69.33607482910156,69.70164127564102,68.90957400084646,69.37959084952251,9660000
2018-01-25,69.40568542480469,69.61458617982136,68.82251909178748,69.51013580231303,12499200
2018-01-26,70.20645904541016,70.20645904541016,69.37957515693179,69.61458684842665,8008300
2018-01-29,69.7364501953125,70.46758300576481,69.71033261726065,70.08460488183742,12870300
2018-01-30,69.18809509277344,69.51014548783041,68.86605133834155,69.27513376584623,16742400
2018-01-31,69.39698028564453,70.08459029687354,69.17067447399876,69.82347433631944,15988100
2018-02-01,69.27513885498047,69.86701117223116,68.85735053728915,68.9530950768904,14169300
2018-02-02,67.8824691772461,68.97046877714064,67.86506410552171,68.85731920937573,17929500
2018-02-05,64.80130004882812,68.04789610824538,64.3660998963427,67.16878994084918,30309100
2018-02-06,65.98500061035156,66.17648961114138,63.225835093283706,63.58270216577798,31980600
2018-02-07,66.10688018798828,67.15136421730205,65.70649696763685,65.93280283674862,22666800
2018-02-08,63.556617736816406,66.28968039054065,63.530506794115844,66.18522997911207,27282100
2018-02-09,64.24423217773438,64.78388265490217,62.22490411952329,64.29646070173517,40362500
2018-02-12,65.28001403808594,65.75003093603533,64.33128102156644,64.76648111515368,20776900
2018-02-13,65.42798614501953,65.61076940328785,64.83611370083433,64.91445317759333,12974600
2018-02-14,66.2548599243164,66.33319274808805,65.03629842084744,65.10593202461732,13482800
2018-02-15,67.25578308105469,67.25578308105469,66.21130607891746,66.7770672220013,10800400
2018-02-16,67.27320098876953,67.95211176673656,67.0468951825727,67.09911704530141,11161700
2018-02-20,66.59430694580078,67.26451203485956,66.35929522321678,66.95987335801466,11838900
2018-02-21,66.61170959472656,67.83027089828754,66.59430451695242,66.66393146867387,8650500
2018-02-22,67.05561065673828,67.66488794469808,66.84671653524126,66.90764426403724,10545200
2018-02-23,67.6126708984375,67.64748769460847,66.99468770780867,67.36895996586554,6603300
2018-02-26,68.54400634765625,68.6571559675097,67.69101134678792,67.93472894748288,8623300
2018-02-27,67.68229675292969,69.00530165304843,67.67359089472603,68.57010171160326,11019300
2018-02-28,66.71617889404297,68.12622301529804,66.71617889404297,68.03048509946589,16203900
2018-03-01,65.41057586669922,67.22970908353143,65.06241446118963,66.7422871001939,35549400
2018-03-02,65.3931655883789,65.5846546976698,64.39221065629276,64.8448158450131,27076400
2018-03-05,66.17649841308594,66.34187650678686,64.74033735676552,64.9840548887651,23038400
2018-03-06,66.47245025634766,66.64652759974602,65.96761666361745,66.52467213124217,18536300
2018-03-07,66.46372985839844,66.61169623198268,65.48887968298604,65.65425777147638,13625400
2018-03-08,66.81190490722656,66.87283264073328,66.16780413515576,66.74227131446892,10849100
2018-03-09,68.28288269042969,68.28288269042969,67.04691618740115,67.25581034438297,13092600
2018-03-12,67.43860626220703,68.39604509508291,67.24711716750664,68.39604509508291,11093600
2018-03-13,67.10784149169922,67.97824152827282,66.97728015808812,67.63008018551832,11518800
2018-03-14,66.376708984375,67.49081997432708,66.18521991285974,67.49081997432708,11626200
2018-03-15,66.56818389892578,66.95115531988498,66.14168318829954,66.58558897416869,8362700
2018-03-16,66.92388916015625,67.15984143205687,66.4956693569663,66.4956693569663,10840000
2018-03-19,66.40824127197266,66.75780566974176,65.86642278944757,66.73158950670168,10845700
2018-03-20,66.63550567626953,67.02876173133703,66.49567715253559,66.5393752330502,7111800
2018-03-21,66.71412658691406,67.4045146352576,66.43447632267006,66.64421902139424,13818700
2018-03-22,64.51188659667969,66.27717777660244,64.42449713245576,66.04996650309798,18793900
2018-03-23,63.56806182861328,65.1061416732666,63.51562948566221,64.60801441306602,15457100
2018-03-26,65.10613250732422,65.19352195573573,63.90887639518505,64.62548053997956,12197000
2018-03-27,64.20601654052734,65.76157158567207,63.83023586477083,65.41200708097487,14726000
2018-03-28,63.987571716308594,64.50317445263389,63.48070326313369,64.42452589993005,21892300
2018-03-29,64.922607421875,65.41199362736354,64.23221950062538,64.3283498863302,14051800
2018-04-02,63.58552551269531,64.84394805487563,62.72909304120973,64.73034245521784,27498800
2018-04-03,64.46818542480469,64.51188348850565,63.47193091239612,63.9088848798521,20149100
2018-04-04,64.74784088134766,64.81775512191155,62.930117298409066,63.08742100598335,19987600
2018-04-05,65.40327453613281,65.56057825008341,64.91388816712616,65.1061490027757,16496100
2018-04-06,63.59428787231445,65.14984985102551,63.017512008149936,64.75658721567791,18353400
2018-04-09,63.40201950073242,64.42449012241346,63.29714815464155,63.95257906608652,10279200
2018-04-10,64.37206268310547,64.74783670024559,63.91762681617437,64.35458079039891,18459100
2018-04-11,63.900142669677734,64.40700414179936,63.78653038511226,63.7952713302452,10633900
2018-04-12,64.81775665283203,65.07993172744443,64.28467222387216,64.32837029210393,8921500
2018-04-13,64.66045379638672,65.28966864986373,64.34584636964821,65.25471152829398,9904100
2018-04-16,65.30713653564453,65.50813160731964,65.02748629046211,65.13235096528817,8232700
2018-04-17,65.85769653320312,66.1286058348824,65.63047862387234,65.81399847346681,8676800
2018-04-18,66.53936004638672,66.77531895948573,66.189795484226,66.28592590550493,10138200
2018-04-19,66.3558349609375,66.62674430841103,65.91014001236093,66.45196537469694,12515200
2018-04-20,66.06743621826172,66.72286714635437,65.83148401779917,66.63547768941966,11612800
2018-04-23,65.9887924194336,66.33835693952271,65.67418501809226,66.3208750464545,14427800
2018-04-24,64.14484405517578,66.45196048071227,63.34085035148032,66.32087295638642,21104800
2018-04-25,64.32836151123047,64.52935659592676,63.340847977446494,64.21475588367989,14949200
2018-04-26,64.0924072265625,64.42449652180996,63.515631434240554,64.25845187418622,19955400
2018-04-27,63.96135711669922,64.08370375775299,63.55061910713645,63.795312389244,11555800
2018-04-30,63.1136360168457,64.25845334858982,63.10489507008898,64.13610676355101,15867500
2018-05-01,62.82524871826172,63.04372572915215,61.863951203821664,63.01750955462758,21829500
2018-05-02,62.27467727661133,63.78653417238367,62.20476304617188,62.58054370054897,14789300
2018-05-03,62.42321014404297,62.74655830455095,61.19973836637888,61.968781198422775,25826600
2018-05-04,63.14860916137695,63.35834526504015,61.89017920461671,61.960093461634614,11695500
2018-05-07,63.56806182861328,63.7515816963305,63.279677274993915,63.35832578942052,11812600
2018-05-08,64.02249908447266,64.10988854708776,63.40202523230023,63.53310609252858,10341600
2018-05-09,64.712890625,64.92262667993974,64.15359003356805,64.22349760695532,14973400
2018-05-10,65.14984130859375,65.28966311563163,64.8439681876329,64.9575804899516,7213700
2018-05-11,65.28964233398438,65.56929252643631,65.11486346397184,65.23721000645791,8060000
2018-05-14,65.17603302001953,65.6654191620676,65.02747032223868,65.4469422533124,5856600
2018-05-15,64.95757293701172,65.01000527513078,64.67792268806365,64.82648542432621,10180500
2018-05-16,65.19351959228516,65.41199653908731,64.87891225549907,64.94882647864871,6281300
2018-05-17,65.44695281982422,65.72660304148538,65.12360454240246,65.16730259816306,7519500
2018-05-18,65.83146667480469,65.9538132157593,65.42072900129145,65.44694516472651,7482900
2018-05-21,66.82772827148438,67.12485371308439,66.41699055260082,66.50437999616628,13744100
2018-05-22,66.00625610351562,67.01125142277152,65.98003993588601,66.94133719750089,8754900
2018-05-23,65.94509887695312,65.94509887695312,65.34210020512784,65.60427528002295,12909000
2018-05-24,66.2684326171875,66.36456301226744,65.70039119191175,65.7790396965839,9371800
2018-05-25,66.14610290527344,66.3645799193166,65.95384206613315,66.13736195784269,8111800
2018-05-29,65.08866882324219,65.76157502942715,64.78279569849667,65.5955303808383,18470400
2018-05-30,66.00625610351562,66.07617032878625,65.29839290796615,65.51686986139623,11431700
2018-05-31,65.05369567871094,65.91886249278957,64.85269396059819,65.87516443790813,14117000
2018-06-01,65.77030181884766,65.88390743072958,65.38578025957457,65.42947831581462,9717100
2018-06-04,65.67417907714844,66.28591193142502,65.57804867613525,65.98878645003012,8788700
2018-06-05,65.7528076171875,65.88389509397423,65.47315744482263,65.67415913154709,7906100
2018-06-06,66.30338287353516,66.37329042577359,65.6916434528935,65.90138611176965,6751900
2018-06-07,66.58303833007812,66.67042777780094,66.16355964666616,66.4606917697887,9952400
2018-06-08,66.801513671875,66.88890311749005,66.34707788685708,66.486906333751,6557900
2018-06-11,66.9325942993164,67.1335960242571,66.7228582970124,66.8102477423568,5225300
2018-06-12,66.86270141601562,67.09865363696227,66.69665676625284,67.03748034505841,5802800
2018-06-13,66.3296127319336,66.93260466536822,66.28591466880009,66.88891326962305,8553700
2018-06-14,66.0761947631836,66.7228849176085,65.9014158027628,66.53936500894967,10501500
2018-06-15,65.91124725341797,66.03408450114244,65.18299307467429,65.63924475277553,14757400
2018-06-18,65.63922882080078,65.75329673323544,65.22684386319368,65.41110638418408,8330300
2018-06-19,64.2529067993164,64.92851133672967,64.0072257279505,64.88463804331171,17955400
2018-06-20,64.29679107666016,64.50736821588896,64.06866193758846,64.4722776044563,11975900
2018-06-21,63.489566802978516,64.17394745785272,63.27021368569186,64.05988624674899,15497800
2018-06-22,63.708919525146484,64.12130445414795,63.63872492145988,63.93704864006501,13643900
2018-06-25,62.901710510253906,63.36673811034874,62.4893255232636,63.208803576908345,23091500
2018-06-26,63.13861083984375,63.45447991611224,62.99822830268386,63.18248414815265,11342100
2018-06-27,62.62971496582031,64.05990192479436,62.60339365636417,63.39306641068611,19853200
2018-06-28,62.717437744140625,62.99820942846841,62.13834237976926,62.506853960301044,15329800
2018-06-29,62.849063873291016,63.550996650432864,62.82274256562044,62.980677105771,14908000
2018-07-02,62.98944854736328,62.99822454732732,62.19977590376485,62.35771043248454,14098700
2018-07-03,62.787628173828125,63.52465805870557,62.62092437256289,63.23511036485638,7083300
2018-07-05,63.0947265625,63.1385931644016,62.48930988678198,63.00697997044658,8465700
2018-07-06,63.3140754699707,63.50710055500595,62.673561538587755,63.042073102006874,9757500
2018-07-09,64.48983764648438,64.50738295620992,63.53346095443228,63.59487957966381,13034000
2018-07-10,64.69160461425781,64.84076308204355,64.34940769680249,64.51611815734177,9880400
2018-07-11,63.629947662353516,64.13884848781443,63.489565151886275,64.13007248899594,14208000
2018-07-12,64.37576293945312,64.44595085780978,63.708927509114666,64.10376048961182,12705600
2018-07-13,64.70915985107422,64.82322104499454,64.3143269770905,64.34941757973915,18494200
2018-07-16,64.44597625732422,64.98119867373047,64.27927235463311,64.83204008401184,9576100
2018-07-17,64.70040130615234,64.77937191872618,64.21782840712416,64.39330824420229,7326000
2018-07-18,65.4111099243164,65.59536576115266,64.84956641373164,64.92853033203573,13821300
2018-07-19,65.38475036621094,65.5251395231618,64.90217770097011,65.1653973290678,8790000
2018-07-20,65.3145751953125,65.56024957367347,65.03380352088215,65.29702320021543,7922400
2018-07-23,64.91098022460938,65.1829759597065,64.78813631501184,65.15665465555209,7822000
2018-07-24,65.1829605102539,65.56024806667136,64.89341284493071,65.24437910343235,12140400
2018-07-25,66.17444610595703,66.17444610595703,64.88464871909945,64.98994062415187,17949600
2018-07-26,66.68334197998047,66.81495517797654,66.0252826841254,66.03405868242523,15115200
2018-07-27,66.69213104248047,66.98167210183912,66.37626198306499,66.81496826623908,11281500
2018-07-30,66.03404235839844,67.12203158423267,65.96384777760302,66.77984137050962,13423600
2018-07-31,67.49056243896484,67.55198104123608,66.41134889989523,66.5341861044377,17709500
2018-08-01,66.57804870605469,67.27998128476897,66.41134490655706,67.23610798830238,14214600
2018-08-02,66.49032592773438,66.57806584913438,65.90246109081477,66.10426224062208,10812400
2018-08-03,66.5517349243164,66.59560822573945,66.13934998979315,66.4376737123928,11021500
2018-08-06,66.64825439453125,66.6745756991416,66.24464543754468,66.51664117735325,5460300
2018-08-07,67.12203979492188,67.21855568179095,66.69210964967527,66.87636542620953,8381900
2018-08-08,66.82373809814453,67.13083112919509,66.7359914943078,67.07818182806784,4745200
2018-08-09,66.4552230834961,66.98166926216106,66.41135647351439,66.80618943398153,13085900
2018-08-10,65.86735534667969,66.18322437856251,65.68309952710239,66.06916316476496,10684800
2018-08-13,65.55146789550781,66.16566048230975,65.37598812449251,66.1393324919457,13471800
2018-08-14,66.00773620605469,66.27095590323358,65.7532858128941,65.80592841350484,8500500
2018-08-15,65.69188690185547,65.7971721346307,64.9197594928253,65.46375774063046,20329400
2018-08-16,66.52539825439453,66.68333273125985,66.02527352667506,66.20952930066387,10447200
2018-08-17,66.92901611328125,67.069405309019,66.34115141791132,66.36747271858083,13993100
2018-08-20,67.3764877319336,67.50810090874901,67.03429748868805,67.06939478211378,8239300
2018-08-21,67.87662506103516,67.96436496384075,67.45546415579261,67.45546415579261,10034000
2018-08-22,67.21858215332031,67.78012570126991,67.21858215332031,67.70116177771159,7149700
2018-08-23,67.0255355834961,67.2536646916639,66.8676010769377,67.2536646916639,8336500
2018-08-24,67.31507873535156,67.35894533779218,66.99920974362831,67.18346553977935,6411600
2018-08-27,68.16617584228516,68.18372114598814,67.56953510449681,67.64849901234892,9767500
2018-08-28,68.02579498291016,68.36798534717428,67.97315237121617,68.29779073549788,8440600
2018-08-29,68.07841491699219,68.20125879356863,67.87661384330283,68.07841491699219,6339000
2018-08-30,67.60464477539062,68.09599369848392,67.43793423614382,67.92928315923712,10145600
2018-08-31,67.64849853515625,67.77133574258802,67.376502817861,67.43792142157689,7192400
2018-09-04,67.59584045410156,67.64848304691235,67.25365021258303,67.39403269145319,8597700
2018-09-05,68.07841491699219,68.09596691112785,67.30629452813291,67.48178099886755,10761300
2018-09-06,68.28899383544922,68.49079489481689,67.99944619987934,68.12228337361374,8083000
2018-09-07,68.07841491699219,68.39428387019016,67.71867936670384,68.10474290819567,11039700
2018-09-10,68.42938232421875,68.70138468493681,68.34164243442643,68.34164243442643,9550200
2018-09-11,68.41183471679688,68.61363578710126,67.97312858850563,68.13106306245544,6945600
2018-09-12,68.62242126464844,68.90319295778028,68.23635767629521,68.37674686992374,10906200
2018-09-13,69.03482818603516,69.28050265916791,68.78037771196841,68.955857565884,8849000
2018-09-14,69.37701416015625,69.42965677414637,68.82424663087929,69.05236908758775,8478500
2018-09-17,69.4033203125,69.7016440129326,69.28048311059406,69.34190171154704,8368500
2018-09-18,70.03506469726562,70.1929992132605,69.25416811654819,69.561261149281,8691000
2018-09-19,69.97364044189453,70.41234665156159,69.88590053878623,69.96486444334604,7938300
2018-09-20,70.07894134521484,70.55274491582036,69.78939360304597,70.2982944782289,11466900
2018-09-21,70.5321273803711,70.5321273803711,70.20591386970845,70.31171448230744,15133900
2018-09-24,69.32423400878906,70.1794367807809,69.25370702228336,70.09127300279997,11999600
2018-09-25,69.1126480102539,69.50057675235539,69.0421142886962,69.41241296364122,12369600
2018-09-26,69.06855773925781,69.50938337729688,68.93631542901844,69.26252209622947,11426200
2018-09-27,69.1655502319336,69.49176367425606,68.93632570902568,69.24490235637589,8504200
2018-09-28,69.12146759033203,69.28016510332061,68.88341795761615,69.00684860922215,7545400
2018-10-01,69.72978973388672,70.13535520258516,69.48292847569796,69.96783932318645,16832100
2018-10-02,69.88851165771484,70.01194905643968,69.47414110168815,69.69455397735788,8523700
2018-10-03,70.179443359375,70.54973529748504,70.02956425011128,70.179443359375,10534900
2018-10-04,69.95023345947266,70.31171383768756,69.42124385426324,70.02958559981134,12520900
2018-10-05,69.58872985839844,70.31168357721845,69.22724963575598,69.99428860539845,14165500
2018-10-08,69.76507568359375,69.82679101503247,69.04212177539726,69.56229962020936,9359700
2018-10-09,68.68943786621094,69.66806436234162,68.6806194721301,69.56227053922686,11606800
2018-10-10,66.47651672363281,68.56602623098433,66.29137073731472,68.56602623098433,34050400
2018-10-11,64.7220458984375,66.62640981882741,64.53689314682542,66.04452327215496,54550500
2018-10-12,65.15403747558594,65.95633672313568,64.40463515767553,65.85935453448616,29409800
2018-10-15,65.2774429321289,65.79761381004072,65.05703017508895,65.10992708431021,15201200
2018-10-16,66.37954711914062,66.44126245961623,65.24221579340383,65.52434402507335,12547300
2018-10-17,65.8946304321289,66.60877271251648,65.54196849108736,66.39717151201133,15610600
2018-10-18,64.75731658935547,65.7535873447562,64.3605760032109,65.48908913634725,19139300
2018-10-19,64.51925659179688,65.14522834528144,64.29002531997516,64.72203939503667,17152400
2018-10-22,64.2988510131836,64.77494368107313,63.99908597348966,64.61624612510995,13675500
2018-10-23,63.24086380004883,63.69931961130827,62.30630865459125,62.80884973056296,25139900
2018-10-24,61.09845733642578,63.61116300037668,60.983838325801585,63.43482864805782,22170900
2018-10-25,61.53043746948242,61.988893129473965,61.054345018838454,61.36292159060822,23871500
2018-10-26,60.9221076965332,61.592164614267695,60.05809312962063,60.90447762895922,34330800
2018-10-29,59.908199310302734,61.9095514000374,59.06181492364701,61.76848397236219,23645600
2018-10-30,61.142513275146484,61.21304698999757,59.60844197269425,59.84648485223509,23445800
2018-10-31,61.60978317260742,62.36800373950188,61.57451631758153,61.724402133057744,14205500
2018-11-01,62.69422912597656,62.9058235702427,61.733225640016094,61.86547469010722,22653800
2018-11-02,62.58842849731445,63.4171829326105,62.20050647083924,63.258485417904154,23216400
2018-11-05,62.91461944580078,63.16148066348687,62.47379392094313,62.650121440300715,17524400
2018-11-06,63.57587814331055,63.6199634005348,62.764760531524814,62.852924319507466,15588600
2018-11-07,64.607421875,64.66031881337483,63.47890901322192,64.17541451651529,14217700
2018-11-08,64.5016098022461,64.83663486155436,64.23711173205275,64.46634294445596,11967400
2018-11-09,63.84917449951172,64.27237001003503,63.39953725725723,64.05195722311892,23409100
2018-11-12,62.58842849731445,63.84919021790763,62.49144630907912,63.80511168555182,10822300
2018-11-13,62.870567321777344,63.6728734283608,62.473826830995414,62.65015444323911,16032200
2018-11-14,62.658958435058594,63.71693731820161,62.24458124244678,63.29374845553068,18374100
2018-11-15,63.487701416015625,63.822726432655195,61.95362356661855,62.18285474982694,24411600
2018-11-16,63.47007751464844,63.77865413559114,62.91463959695157,63.302568335545736,15156000
2018-11-19,62.46499252319336,63.43480759646532,62.21813123833855,63.364280605410755,14365300
2018-11-20,61.1689567565918,61.768479831085976,60.90446543713141,61.43345480251692,18024900
2018-11-21,61.60098648071289,62.08589072066746,61.48636749239532,61.63625334431319,10846000
2018-11-23,61.477535247802734,61.90072401645268,61.133685124386375,61.142503518951976,6205500
2018-11-26,61.92718505859375,62.29748371449519,61.477547741335435,61.95363352120123,12896300
2018-11-27,61.821380615234375,61.89190759461452,61.213039173637725,61.6362346822407,14430900
2018-11-28,63.30257034301758,63.30257034301758,61.6979651367639,62.15642088435092,14139400
2018-11-29,63.337825775146484,63.63759071307156,62.71185416315846,63.161498206813306,12997900
2018-11-30,63.95498275756836,64.05196493360319,63.126228426530844,63.26729585584159,16428000
2018-12-03,64.6955795288086,65.64776468780985,64.42226973790636,65.16286043706288,19554600
2018-12-04,61.94482421875,64.48397762309446,61.85666043120038,64.48397762309446,20580300
2018-12-06,61.60098648071289,61.60979815176313,59.77596832981287,60.79868046835566,28325800
2018-12-07,59.97873306274414,62.15641271200925,59.775957043411985,61.4510890261096,19238300
2018-12-10,60.12860870361328,60.34020983309913,58.806131913418284,59.91701430059222,25360000
2018-12-11,59.77595901489258,61.221866564855915,59.41447876416905,61.09843592472237,18475700
2018-12-12,60.11099624633789,61.01027776743209,60.066910983165904,60.56945204157936,14776400
2018-12-13,59.94347381591797,60.66642765883829,59.70543090942361,60.569445471553095,15917800
2018-12-14,59.11473083496094,59.89940006639608,58.92076644490433,59.299876827342274,14806200
2018-12-17,58.14488220214844,59.33511646285206,57.78340878094022,58.96481792155182,19796800
2018-12-18,58.435848236083984,59.19406890710097,58.100823157028046,58.744424851854674,15665200
2018-12-19,57.33378219604492,59.59962573768533,56.945853476763666,58.36531258889859,23552900
2018-12-20,56.284610748291016,57.466023448961295,55.65863922564579,56.954664156727866,25709900
2018-12-21,55.221866607666016,56.96945126030228,55.097673392881745,56.42832078101828,28744200
2018-12-24,53.52751159667969,54.95574040217065,53.483157358449404,54.7073505768604,15800200
2018-12-26,56.0202522277832,56.08234883055705,53.15492208716785,53.74041014305453,17549000
2018-12-27,56.72107696533203,56.74769222150425,54.58316971216547,55.195269843943116,13980700
2018-12-28,56.57025909423828,57.39525740136464,56.37509638501943,56.92509638444083,15917200
2018-12-31,57.13801574707031,57.25333611177387,56.53478513225456,56.907368249638985,10068900
2019-01-02,57.43074035644531,57.47509797734879,55.967030234937376,56.29525564875265,14687500
2019-01-03,55.68316650390625,57.03155646660219,55.434780036887354,57.03155646660219,25976200
2019-01-04,57.79446029663086,57.900907769749146,56.499294101500006,56.499294101500006,19883600
2019-01-07,58.26462173461914,58.646074307859514,57.4839775985097,58.033974261305,15193100
2019-01-08,59.063011169433594,59.42671798219558,58.50413486413141,59.063011169433594,23069500
2019-01-09,59.462188720703125,59.737186985177985,59.08073624029193,59.293637904142734,10036600
2019-01-10,60.26945877075195,60.340421488820944,58.98316221542512,59.24929440425762,8900400
2019-01-11,60.207374572753906,60.2428593231141,59.64849821461104,59.86140671677218,10691300
2019-01-14,60.19850540161133,60.473503773813604,59.577539152114404,59.763829026963485,10105500
2019-01-15,60.01219177246094,60.40251035992223,59.67509014071757,60.14525784983218,12517400
2019-01-16,60.07429885864258,60.37590903650892,59.98559038091854,60.09203784697818,12029900
2019-01-17,61.10333251953125,61.44043422742055,59.746073113409324,59.825915485075924,22922500
2019-01-18,62.26544952392578,62.487224161901835,61.44931371247501,61.635610364236754,20020200
2019-01-22,60.97914505004883,61.750923131609234,60.57108057861055,61.73317737266357,15935300
2019-01-23,61.06784439086914,61.69769014661403,60.384781670332806,61.37833421368138,13243800
2019-01-24,61.37834167480469,61.65334001847198,61.032373833409125,61.28962641863244,10361800
2019-01-25,62.15898513793945,62.41624448825717,61.79527831026527,61.963822405420935,13065900
2019-01-28,61.56461715698242,61.60010189756202,61.01461383003196,61.27187312321739,13144000
2019-01-29,62.41621780395508,62.531538111130544,61.81299087407408,61.830729856708444,12384000
2019-01-30,63.392059326171875,63.69367634186475,62.35415568374922,63.06383043780528,16892500
2019-01-31,63.667030334472656,63.968647220518264,63.25009989509047,63.50735239904185,13867100
2019-02-01,63.764625549316406,64.23479334954317,63.596081468805,63.85334079677027,11845000
2019-02-04,64.58963012695312,64.62511487390111,63.684792767861396,63.85334362385849,7688400
2019-02-05,65.14851379394531,65.18399854490352,64.49205605325476,64.69609167925842,9079100
2019-02-06,65.166259765625,65.47674290973613,64.94448512439921,65.04206650798055,15557600
2019-02-07,64.72269439697266,65.09527407730494,64.22592148986297,64.74930626442163,15611400
2019-02-08,64.82025909423828,64.82025909423828,64.00413045148034,64.31461343861417,15977000
2019-02-11,65.166259765625,65.32593777802857,64.9710969984623,65.00658175322143,7909800
2019-02-12,66.17753601074219,66.31947499636786,65.52995800088924,65.66301733988412,8909700
2019-02-13,66.56786346435547,66.77189230232737,66.23963462619706,66.41705836358953,8134200
2019-02-14,66.25739288330078,66.53239126810769,66.00900637211716,66.18642337495551,11703600
2019-02-15,67.14449310302734,67.15335921577233,66.52352004160353,66.66545906182326,9593200
2019-02-19,67.11785125732422,67.33075292455776,66.7275258940444,66.94042756127796,7994800
2019-02-20,67.43720245361328,67.47268719391673,67.01139910601641,67.0912346956825,8911400
2019-02-21,67.16223907470703,67.44611037661575,66.94046440859003,67.27755946459861,6782700
2019-02-22,67.60575866699219,67.64124341012416,67.13559766453332,67.40172985401175,9816900
2019-02-25,67.87189483642578,68.42189146716592,67.84528296952199,68.30657112124176,10108500
2019-02-26,67.68560028076172,73.32754578377359,67.66785452538107,67.6944663904294,11730800
2019-02-27,67.95174407958984,68.01384070417335,67.32190495366441,67.57029145199844,8033300
2019-02-28,67.72108459472656,67.99608968468802,67.67673373816865,67.96060493862772,8531300
2019-03-01,67.78318786621094,68.3952811226924,67.42834717420786,68.22673703920897,12786600
2019-03-04,67.48158264160156,68.3952930139522,66.95819777511895,68.10254888455118,19150400
2019-03-05,67.04690551757812,67.66787175354483,67.02915975767944,67.51706663452782,13820500
2019-03-06,66.41706085205078,67.07351178493941,66.39931509363487,66.94931854812329,18468400
2019-03-07,66.01787567138672,66.35497746828658,65.44126023229106,66.24852320063002,19104700
2019-03-08,65.8847885131836,65.91140714762591,65.29930714788966,65.38801562529505,14341300
2019-03-11,66.44367218017578,66.47028404955897,64.79366859818086,64.94447370336806,15298200
2019-03-12,65.89364624023438,66.4347766264136,65.7694530468183,66.35494104551245,17995800
2019-03-13,66.47030639648438,66.69208107326858,66.05336892124589,66.13321132426174,13387900
2019-03-14,66.24849700927734,66.62994952420793,66.07994617746401,66.4613986923946,9636500
2019-03-15,66.0147476196289,66.4876187733545,65.8898385151367,66.32702038085942,24900000
2019-03-18,66.6571273803711,66.71065789776775,65.8452183693735,65.91659012355761,10313900
2019-03-19,66.41622161865234,67.1121454511218,66.16640350515387,66.88016857128763,10778100
2019-03-20,65.96121978759766,66.49654551545315,65.5954096758909,66.24672729625631,11259400
2019-03-21,66.59466552734375,66.73742263410227,65.71137805213431,65.764908563652,10638600
2019-03-22,65.08684539794922,66.26456465300717,65.04223889401375,66.2199581490717,18004400
2019-03-25,65.23851776123047,65.5864797573019,64.94408628546708,65.10468465342578,12372800
2019-03-26,65.67569732666016,65.94336353316675,65.27420482393467,65.70246258590393,10524000
2019-03-27,65.74710083007812,66.05044962596027,65.25638153434294,65.69356348424712,10556100
2019-03-28,66.2288818359375,66.31810165039035,65.7470866694495,65.93445032191113,10030100
2019-03-29,66.94266510009766,66.99619564170914,66.6125510174437,66.6660815590552,10138800
2019-04-01,68.32559204101562,68.43265311737802,67.51367590773732,67.55828922757958,15531000
2019-04-02,68.29882049560547,68.5397147023208,68.1292980642274,68.36127505342324,10397600
2019-04-03,68.0936050415039,68.66462005512791,67.91516540238487,68.5754002355684,12726000
2019-04-04,68.51293182373047,68.75382596852145,68.04897796460295,68.05790198686469,9236600
2019-04-05,68.7092514038086,68.923380388365,68.60218350801155,68.77170597459745,7531000
2019-04-08,68.41480255126953,68.43264379255321,67.89731806257551,68.19174959652584,8819100
2019-04-09,67.48690795898438,67.9687032045955,67.3709228618515,67.94193793656765,9814500
2019-04-10,67.46906280517578,67.61181316206206,67.05864616945287,67.54043458010081,13974700
2019-04-11,68.0489730834961,68.12035164240109,67.44226894687172,67.48688224794584,9532200
2019-04-12,68.9500961303711,68.9500961303711,68.46830115593751,68.7092020466707,11175100
2019-04-15,68.56648254394531,68.99474724723358,68.46833869125501,68.85199007712531,7368100
2019-04-16,68.9858169555664,69.07503677526094,68.63785489383258,68.79845329209711,7101600
2019-04-17,69.07502746582031,69.58358785727852,69.05718622710029,69.39622421906076,10363900
2019-04-18,69.86910247802734,69.96724631862124,69.36054203451157,69.36054203451157,13192700
2019-04-22,69.65496063232422,69.81555899558586,69.31592266856495,69.60143011358181,6477700
2019-04-23,70.26168060302734,70.40443776115362,69.64605227092073,69.86018800811014,13760500
2019-04-24,70.05648040771484,70.44013182445899,70.02971513792477,70.2616921545005,7718000
2019-04-25,68.64678955078125,69.28918324334128,68.33450992292676,69.2713351924163,12555900
2019-04-26,69.16423797607422,69.16423797607422,68.55753383562471,68.68244971801303,12262600
2019-04-29,69.3248519897461,69.5479049328367,69.08395780630391,69.16425359843943,8759000
2019-04-30,69.60144805908203,69.78881173002328,69.01258497294997,69.61036527648196,9546700
2019-05-01,69.14640045166016,70.03861207039125,69.14640045166016,69.81555916570848,16918700
2019-05-02,69.1107177734375,69.26239212942566,68.53077880444356,68.9768846564335,16360900
2019-05-03,69.94939422607422,70.01184876885057,69.35161405849561,69.35161405849561,12904100
2019-05-06,69.28024291992188,69.40515201886441,68.43263768334278,68.48617501648627,11928800
2019-05-07,67.87947845458984,68.56647857663503,67.3530699290697,68.43264543916136,18355800
2019-05-08,67.87947845458984,68.35234964089884,67.65642549447911,67.75456934149072,16464800
2019-05-09,67.78132629394531,67.8973113684439,66.76420546515689,67.16569802129722,14923700
2019-05-10,68.0489730834961,68.21849545913695,66.55005738166139,67.33520791554827,17419800
2019-05-13,66.11286926269531,66.72849736173723,65.66676352299152,66.46975521586502,20011000
2019-05-14,66.79987335205078,67.30843360352885,66.26454103930914,66.35376762945482,11317900
2019-05-15,66.88910675048828,67.16569017654592,66.05042564304314,66.20209998591125,12290000
2019-05-16,67.50474548339844,67.72779842489996,67.0586396003954,67.19246591966785,7450000
2019-05-17,66.7552719116211,67.48688515431967,66.6749761346705,66.77311314859867,16305500
2019-05-20,66.58573150634766,66.83555640565554,66.27345889100341,66.33591341407227,11638300
2019-05-21,67.37091827392578,67.45121407254122,66.97834288415388,67.15678253021228,10612300
2019-05-22,66.81774139404297,67.21923398265035,66.81774139404297,67.13893818774321,9114700
2019-05-23,65.80059814453125,66.18424936192648,65.39018167125346,66.08610555233466,16205600
2019-05-24,65.82736206054688,66.35377037464592,65.64892248693933,66.23777852547094,11127400
2019-05-28,65.2206802368164,66.15750533552857,65.2117562129807,65.90768712441485,11263100
2019-05-29,64.92626953125,65.22070114891181,64.310647829911,64.93519355794706,14257100
2019-05-30,65.17606353759766,65.4972602750875,64.95301062584275,65.21174601328794,10103500
2019-05-31,64.28387451171875,64.7299804922108,64.2303371652745,64.48015542522413,13718400
2019-06-03,64.72102355957031,65.07790952391458,64.15893276047575,64.17677399552784,17515000
2019-06-04,66.26455688476562,66.29132895243106,65.2295949005158,65.34557996559367,16424700
2019-06-05,66.90695190429688,66.98725449506749,66.38055028104745,66.61252722356436,12865600
2019-06-06,67.02294921875,67.20138884622394,66.41624495548898,66.97833590836379,11387300
2019-06-07,67.5582504272461,67.8348337917163,67.22812974830555,67.27274304252532,9234300
2019-06-10,67.64749145507812,68.38802880669994,67.62965021600651,68.20066516478991,9513900
2019-06-11,67.06757354736328,68.20960380361109,66.79991403501366,68.04900537338642,11936300
2019-06-12,67.21031188964844,67.24600117602989,66.85342583286922,67.0140242180681,5612300
2019-06-13,67.54936218261719,67.59397550046515,67.1478695501319,67.32630920745056,6987000
2019-06-14,67.28170013427734,67.54935961006177,66.99618580218248,67.46906380943734,5966600
2019-06-17,67.04972839355469,67.42445577321915,66.99619104857628,67.31738789029922,7708800
2019-06-18,68.35232543945312,68.44154523050022,67.39765938047833,67.39765938047833,12506300
2019-06-19,68.29882049560547,68.48618416905877,67.97762368196086,68.46833611994727,11171700
2019-06-20,69.4408187866211,69.53003857021373,68.66459237459549,69.10177407912263,14503200
2019-06-21,69.07076263427734,69.7249058675819,69.0438809721742,69.43815674408434,11526800
2019-06-24,68.93635559082031,69.3485570770138,68.90947392555714,69.09765241903857,8388300
2019-06-25,68.41661071777344,68.96322728791223,68.3628473950182,68.93634562653462,9267600
2019-06-26,68.58686828613281,68.78400957913863,68.4166086536936,68.60478711429789,7262700
2019-06-27,68.64959716796875,68.88258296320214,68.36284804946546,68.640634335211,7573800
2019-06-28,69.37542724609375,69.42023457186683,68.748165705099,68.748165705099,11152300
2019-07-01,69.43816375732422,70.28945521752168,69.14245860768504,69.93997990160705,10300100
2019-07-02,69.34854888916016,69.60841635042078,69.18725207998592,69.50984569833439,9237200
2019-07-03,69.73387145996094,69.76075312312784,69.32167000591173,69.57257464432094,8091400
2019-07-05,69.45608520507812,69.45608520507812,68.50622314049788,69.41127787534408,6389000
2019-07-08,68.88258361816406,69.2410148922226,68.70336114449647,69.03491759330278,6039900
2019-07-09,68.73025512695312,68.81090696372074,68.35389811974302,68.46143162322,10137500
2019-07-10,68.56895446777344,69.23206744729114,68.50622830340167,68.92739262274317,10124800
2019-07-11,69.034912109375,69.04387494150598,68.44348824821039,68.5510217238688,7393900
2019-07-12,70.24463653564453,70.26256220038645,69.2678997429865,69.2678997429865,12152800
2019-07-15,69.95787811279297,70.24462718073396,69.85930747975354,70.24462718073396,4452300
2019-07-16,70.40592193603516,70.59410036553048,69.94891327203972,69.94891327203972,8115300
2019-07-17,68.90049743652344,70.06541950241137,68.87361577658781,70.00269335034896,11235100
2019-07-18,69.02594757080078,69.12451821189138,68.6047833473478,68.945302593529,6647900
2019-07-19,69.4023208618164,69.8234851847341,69.35752036496426,69.47400986074692,7601700
2019-07-22,69.45608520507812,69.81452333303451,69.23206222968521,69.52776736135849,8448200
2019-07-23,70.33423614501953,70.36111780235873,69.68009302764168,69.9668421003218,10284200
2019-07-24,70.638916015625,70.80916880336264,69.74282424377631,69.76074307109272,8692500
2019-07-25,70.49552917480469,70.85396720574256,70.18189846147285,70.63890712183456,8759000
2019-07-26,70.34320068359375,70.53137912617248,70.1102149199374,70.36111951004239,6147900
2019-07-29,70.21775817871094,70.38801781857963,70.10126869895979,70.26256550603584,5387500
2019-07-30,70.52242279052734,70.52242279052734,69.53672316576217,69.77867178324765,7071100
2019-07-31,69.73387145996094,70.701652353801,69.19621768670713,70.55827436805937,12485300
2019-08-01,68.38078308105469,70.14608553751037,68.25533073927366,69.60843166750028,18665700
2019-08-02,67.94168090820312,68.29115616793064,67.47571617411243,68.14778503307117,12992400
2019-08-05,66.05988311767578,66.87532303307569,65.48638496011354,66.86636703819686,14505200
2019-08-06,67.0545654296875,67.10832876150499,66.20327393495434,66.5169116015946,11758600
2019-08-07,67.01871490478516,67.14416722550767,65.70145870055993,66.18534915333483,15604300
2019-08-08,68.15672302246094,68.20153033587572,67.23374979386033,67.3144015906797,9353100
2019-08-09,67.58323669433594,67.97751924360135,67.18896098170788,67.9058302643463,8213600
2019-08-12,66.65132141113281,67.34131608909553,66.4362612424481,67.10833025164737,15560600
2019-08-13,67.4488296508789,68.12986136214623,66.44521116757778,66.57066347799042,14379300
2019-08-14,65.38782501220703,66.55274034415365,65.31613602163353,66.41833203262635,13653800
2019-08-15,65.3161392211914,65.5043177031861,64.6888776145424,65.49535486976576,11974400
2019-08-16,66.57963562011719,66.71404394532566,65.78211431956431,65.8537964807958,9575500
2019-08-19,67.20689392089844,67.49364306149539,67.0904044326255,67.36819073977415,4260500
2019-08-20,66.8125991821289,67.23376340157877,66.75883586445873,67.0814294437549,4695400
2019-08-21,67.22478485107422,67.52049670239116,67.11725824087603,67.32335546817987,5399200
2019-08-22,67.32337188720703,67.6907727926829,66.8215626862035,67.41298653307562,7692400
2019-08-23,65.52222442626953,67.40401553879268,65.20858687698501,66.90220639855632,26474900
2019-08-26,66.00611114501953,66.39142397339455,65.4326062260363,66.28389735585228,14041900
2019-08-27,65.66560363769531,66.38247978645033,65.5132696779921,66.3555981272836,9943300
2019-08-28,66.47209930419922,66.47209930419922,65.20860640771187,65.48639955351933,11921300
2019-08-29,67.61011505126953,67.76245583390767,66.93804628600189,67.20687652676375,10651000
2019-08-30,67.88792419433594,68.33597014391405,67.75350904213478,68.05817700626135,7500200
2019-09-03,66.96493530273438,67.92375314187744,66.5437711126799,67.24272154015878,12787100
2019-09-04,67.81623840332031,67.88792739943064,66.96495379358686,67.50260759113635,9265600
2019-09-05,69.034912109375,69.53672132250537,68.58686621575494,68.63166670313427,14266800
2019-09-06,69.17827606201172,69.41126181677701,68.97217880084929,69.2947723577129,6940300
2019-09-09,69.38438415527344,69.69801489899635,69.22308736755345,69.33957683332554,8081000
2019-09-10,70.0206069946289,70.03853265768421,68.96321848339734,69.20516707818275,9487400
2019-09-11,70.67475128173828,70.71955176250032,69.78761562102656,70.16397931192097,14262600
2019-09-12,70.71954345703125,71.06006262134261,70.4059127819834,70.87187737967793,18667600
2019-09-13,71.10488891601562,71.49917152875153,71.01528109584068,71.04216275822931,9357700
2019-09-16,71.0421371459961,71.1586334231987,70.73746929991296,70.89876605273226,8011700
2019-09-17,71.00629425048828,71.06902038706237,70.49552232791757,70.87187914736207,6249300
2019-09-18,70.89877319335938,70.93461767944443,70.11020817276138,70.5940984799547,8089600
2019-09-19,70.54035186767578,71.10488727472155,70.5045073731055,70.87190147833387,5076800
2019-09-20,70.09442901611328,70.86014928800087,69.8962429162304,70.61691839346436,10478700
2019-09-23,69.95927429199219,70.21150852426805,69.56290228534877,69.81513651762464,14475100
2019-09-24,69.56294250488281,70.4367593668197,69.21161506781746,70.26559737901354,11798600
2019-09-25,70.01337432861328,70.1485018738561,69.42782621447601,69.67105029761514,10000200
2019-09-26,70.1124496459961,70.33765987340361,69.74310157406983,70.13046344012558,9083000
2019-09-27,69.83318328857422,70.42774157937797,69.50888688880107,70.34666232478172,10226900
2019-09-30,69.9322738647461,70.16649441401306,69.91426007151189,69.91426007151189,6225100
2019-10-01,68.25672149658203,70.4817999298299,68.1846594379049,70.1845276147167,15968900
2019-10-02,66.968505859375,67.6801709595445,66.47304751286454,67.67116749946142,12341200
2019-10-03,67.4099349975586,67.4279487938474,65.92354594392089,66.81537662695489,16621700
2019-10-04,68.11258697509766,68.19365936423313,67.38290798139349,67.4549700363346,9175800
2019-10-07,67.770263671875,68.34680129584036,67.62612582944834,67.90538430806171,6505400
2019-10-08,66.72530364990234,67.44597931844994,66.68025884329091,67.08564148417615,11579500
2019-10-09,67.2928237915039,67.56307885607693,66.91447219939911,67.27480999453921,6271500
2019-10-10,67.90538787841797,68.14861878208397,67.15769511834672,67.15769511834672,9321000
2019-10-11,69.18457794189453,69.79714997632844,68.62605415751153,68.80621957292796,16243500
2019-10-14,69.04945373535156,69.24763982547881,68.83325385197202,69.04945373535156,4829300
2019-10-15,69.60795593261719,69.87821088426254,69.03141845045143,69.17555625742733,8973800
2019-10-16,69.57195281982422,69.9232802567917,69.44582875793232,69.48186322234838,8786300
2019-10-17,69.91426086425781,70.43675022128915,69.85120227791751,69.96830911744365,7976200
2019-10-18,69.31070709228516,69.90525856426368,69.2386381645086,69.76112758158179,9694500
2019-10-21,69.72508239746094,69.87822369078722,69.46383772909071,69.57194110413465,8419400
2019-10-22,70.27458953857422,70.48177906435077,69.54490385018536,69.80614849505673,11351500
2019-10-23,70.26559448242188,70.31063927931544,69.96831531781488,70.24758068738709,7370300
2019-10-24,70.36469268798828,70.46378575011089,69.8602239156343,70.38270648434168,8355700
2019-10-25,70.80609130859375,70.96824294079826,70.31063295170861,70.34666053853589,7718500
2019-10-28,71.0042724609375,71.37362049249184,70.95022421158612,70.95922767123137,8138200
2019-10-29,71.2385025024414,71.42767827328517,70.62593039419315,70.71601311275624,10429100
2019-10-30,71.49071502685547,71.55377359787559,70.98624645869447,71.37360821578059,9208200
2019-10-31,70.72502899169922,71.27454255275107,70.36469121632354,71.27454255275107,10693200
2019-11-01,72.26547241210938,72.26547241210938,71.17545553194172,71.22049346214052,19657900
2019-11-04,73.1032485961914,73.13027272655846,72.66183843016296,72.66183843016296,15286500
2019-11-05,73.25637817382812,73.58068143198962,73.04017829267723,73.23836438076151,14923700
2019-11-06,73.30142211914062,73.31042557913479,72.87802582182738,73.19331874337865,12253200
2019-11-07,73.55366516113281,74.03110976639537,73.43655143864657,73.68879267860945,10297000
2019-11-08,73.65274047851562,73.65274047851562,73.17529598823246,73.4005061721675,6323400
2019-11-11,73.68878936767578,73.80589621202923,73.08522073311538,73.20233445033955,5801500
2019-11-12,73.67979431152344,74.02211145490746,73.52665297418365,73.80591151555294,8293500
2019-11-13,73.37347412109375,73.64372908707477,73.14826394039933,73.38248445272492,9885400
2019-11-14,73.60771942138672,73.76086074634182,73.22035750523044,73.22936783989591,7355000
2019-11-15,74.14820861816406,74.30135678698312,73.95903286325024,74.02209144822152,6150700
2019-11-18,73.86894989013672,74.01308772548545,73.7158085947314,74.01308772548545,5119400
2019-11-19,73.80589294433594,74.16623066783922,73.64374131240298,74.10317208169141,9192800
2019-11-20,73.22035217285156,73.74284157945253,72.93208334039431,73.5716795976316,14726700
2019-11-21,73.1933364868164,73.42755708797834,72.96812622070313,73.22937095413916,6094800
2019-11-22,73.57167053222656,73.58969119802465,73.13927077325597,73.3734844456691,5205100
2019-11-25,74.10319519042969,74.24732620105533,73.65277461380663,73.8419504312436,9190000
2019-11-26,74.31938171386719,74.45450923701212,74.03111287183128,74.17524385641357,6069400
2019-11-27,74.247314453125,74.27433858378683,73.95904560461307,74.2653351221472,9186200
2019-11-29,73.90499877929688,74.15723316753692,73.77888158517686,74.15723316753692,5645400
2019-12-02,72.68885040283203,74.00407721939544,72.65281594407917,73.89597384313686,18275700
2019-12-03,71.8961181640625,71.95917675928217,71.40065973672834,71.92314229446073,20384400
2019-12-04,72.17538452148438,72.87803941279917,72.10331559086966,72.27447758286175,16090300
2019-12-05,72.19338989257812,72.36455186459524,71.87809694902346,72.3104967365068,18539400
2019-12-06,73.06719207763672,73.20231956155803,72.84198189539099,72.86900601760138,8966700
2019-12-09,72.78794860839844,73.05819675890588,72.75191414708996,72.86001065814465,6951300
2019-12-10,72.6978530883789,72.99513221527027,72.5717359205226,72.77893233792663,9046900
2019-12-11,73.15728759765625,73.22034618482206,72.58976031316396,72.76992574138897,9070300
2019-12-12,73.80589294433594,74.04011349554362,73.00414511779812,73.1933208762415,15561500
2019-12-13,73.60771942138672,74.35541912257446,73.36449536839166,73.7698710810073,11754800
2019-12-16,73.57167053222656,73.97705303824051,73.56266707219777,73.85993932916371,8046500
2019-12-17,73.49959564208984,73.74282650050698,73.45455772699498,73.58067488585212,5949600
2019-12-18,73.1933364868164,73.52665015489794,73.05820895257405,73.50862948480062,6679300
2019-12-19,73.39151000976562,73.4725823926572,73.12125498771896,73.20233424348123,5744000
2019-12-20,73.72920989990234,73.90121587920942,73.47572158762793,73.63867243948565,8913300
2019-12-23,74.33573913574219,74.41721452542531,74.04603734958764,74.17278144934053,5675700
2019-12-24,74.03699493408203,74.41722729860489,73.95551953041425,74.31764164498652,4451600
2019-12-26,74.20899963378906,74.21805475777114,73.85592577588251,74.199944509807,3914200
2019-12-27,74.14562225341797,74.4443791600413,74.04603661787687,74.4443791600413,5300700
2019-12-30,73.8016128540039,74.22711395262534,73.65676538404756,74.22711395262534,7716400
2019-12-31,73.75635528564453,73.95552661195269,73.49381189251443,73.62055602615831,6458200
2020-01-02,75.15055084228516,75.15055084228516,74.08227387991991,74.28144521465475,16121300
2020-01-03,75.00567626953125,75.09620678631475,74.22710139252897,74.29047344498098,17571300
2020-01-06,75.03282928466797,75.0418844077994,74.48058419324859,74.65259699756993,16153100
2020-01-07,74.87895965576172,75.15960643293819,74.49872720145072,74.75221550432472,16675400
2020-01-08,75.13243865966797,75.46740925102907,74.8065231942997,74.93326733004987,10677700
2020-01-09,75.44929504394531,75.53077735953471,75.21391703676929,75.44929504394531,7407200
2020-01-10,74.91515350341797,75.60319793482137,74.78840938540108,75.60319793482137,8856800
2020-01-13,75.53079223632812,75.61226766092818,75.0057053654443,75.15055977411778,7893800
2020-01-14,75.53984832763672,76.02872160259096,75.44026264716243,75.57606193026723,9649400
2020-01-15,75.65753173828125,75.97439210397306,75.485518865318,75.54889093845637,12014500
2020-01-16,76.40895080566406,76.44516440674764,75.9834496267299,76.04682170186659,9493300
2020-01-17,76.41799926757812,76.78012143275343,76.31841360004364,76.46326108470626,7013400
2020-01-21,75.57604217529297,76.29123819242409,75.2410716187982,76.07396354047333,13005000
2020-01-22,75.17767333984375,75.95624805376801,75.12335642255786,75.7842352729837,7490500
2020-01-23,75.99248504638672,76.09207069678112,74.80651236633612,75.07811085050926,10758500
2020-01-24,75.6394271850586,76.20072070760395,75.07812675547541,76.13734863547664,13402200
2020-01-27,74.20899963378906,74.70692094022957,74.20899963378906,74.29047502852019,15013800
2020-01-28,74.6888198852539,75.0600040024852,74.109416259313,74.45343500376664,14918000
2020-01-29,75.08716583251953,75.65751435975578,75.00568352460786,75.44023971705192,10355100
2020-01-30,75.16865539550781,75.25013771877111,74.20901921131602,74.36292182443401,13158200
2020-01-31,73.43043518066406,74.86988928186487,73.14978846063953,74.76125540677761,19083600
2020-02-03,73.40327453613281,74.4443928860923,73.32179222519578,73.82877561971043,15676600
2020-02-04,74.78841400146484,74.96947506493966,74.4534434362959,74.52587062450056,13597200
2020-02-05,76.03775024414062,76.04680536922628,75.24107191252003,75.630359406763,12835800
2020-02-06,76.28218078613281,76.408924893424,75.79330769785145,76.3455528397784,8627600
2020-02-07,75.72994995117188,76.18260953616748,75.66657788555398,75.99249333931378,12394500
2020-02-10,76.15547180175781,76.17357515099047,75.5217440659907,75.61227462623201,8074200
2020-02-11,76.44515228271484,76.80727442204238,76.25503608745677,76.54473794314103,6291400
2020-02-12,77.16033935546875,77.2508698716521,76.68051449632922,76.86158243573158,7808900
2020-02-13,76.7258071899414,77.05172267570065,76.46326377602215,76.76202078914108,8231500
2020-02-14,76.6261978149414,76.85252755964694,76.31839267751901,76.70768011469394,5319300
2020-02-18,76.19166564941406,76.52662932614876,75.8385848140668,76.30935465650501,10399700
2020-02-19,76.16451263427734,76.56285534914339,76.12829903228604,76.34558064423388,4638700
2020-02-20,76.05584716796875,76.5809269113098,75.5036020541306,76.02868870450712,9518700
2020-02-21,75.6756362915039,75.90196611446981,75.33161744712942,75.64847781787408,13184800
2020-02-24,73.5209732055664,73.98268794285607,73.06831359446919,73.5209732055664,18010100
2020-02-25,70.52436828613281,73.89215687374377,70.33425207967574,73.67487528890356,33000700
2020-02-26,69.99022674560547,71.87329238244573,69.83632413576768,70.96797316169993,32619800
2020-02-27,67.3919677734375,70.07171194818014,67.34669904772394,68.6141473902876,42597300
2020-02-28,66.16071319580078,66.6948480824965,64.5492465048422,65.3368696026502,79118200
2020-03-02,68.48738861083984,68.65034631873132,65.71710757668484,66.94834205696789,44798900
2020-03-03,66.81256103515625,70.18939784954362,66.40516324293168,68.66846128738769,53823900
2020-03-04,69.57376098632812,69.66429150130062,67.22898818547313,67.86270869731622,32387800
2020-03-05,66.1697769165039,68.09811123020671,65.88007504920623,67.60018290811506,28762200
2020-03-06,65.59037017822266,65.85291356266269,63.77973186377028,63.969854964980364,40681300
2020-03-09,59.542842864990234,61.8785681418452,58.91817729153375,60.38479002725016,24792500
2020-03-10,62.62997817993164,62.675246899600715,59.16260422720116,61.59791491621588,18385600
2020-03-11,58.95438766479492,61.2448440919325,58.302556748115705,60.69259883791468,28414900
2020-03-12,52.85253143310547,57.0351048195543,48.97776323347975,53.94796674444615,23659800
2020-03-13,56.98078155517578,57.02605027191348,53.04264494527032,55.97588027903748,18660300
2020-03-16,50.51680374145508,54.21955889980242,50.30858076843288,50.89703954913951,18656400
2020-03-17,52.84347915649414,53.11507421766714,49.43948058585416,51.31349099752201,24962200
2020-03-18,48.950599670410156,49.7834949737475,45.59186689832558,49.15882263286498,26018900
2020-03-19,48.98681640625,49.75633624967423,46.43381685426686,48.344040682588044,16868000
2020-03-20,46.533409118652344,49.93740785381306,46.334237785857205,49.348948981564924,22341700
2020-03-23,44.495216369628906,46.37465467116628,43.5281261499449,46.37465467116628,34346400
2020-03-24,50.1244010925293,50.28862402152337,47.08628386680222,47.20489008892719,29349700
2020-03-25,52.7610969543457,54.786507548639904,49.85070403083635,51.08237616283834,27753000
2020-03-26,56.091156005859375,56.41047990193441,53.290247855200946,53.76466924454241,22110200
2020-03-27,53.728179931640625,56.17327315809168,52.88882133646016,53.94714501057093,22486700
2020-03-30,54.512813568115234,54.7773954232236,52.89795658117716,53.75556277183944,15759000
2020-03-31,53.83766555786133,54.968978853156266,53.60957850867811,54.05663065642338,12883900
2020-04-01,51.41081237792969,52.058582153003854,50.67181266827452,51.438185186668846,16057100
2020-04-02,52.09507369995117,52.797582135470215,50.75392439608,50.95463860599137,23895100
2020-04-03,51.40169143676758,52.487384408982855,50.836036596484405,51.94909889764397,15912400
2020-04-06,54.9598503112793,55.2791707497073,53.65519226799046,53.71905635567606,19306700
2020-04-07,54.832122802734375,57.65127874497826,54.795631521533885,57.02175977003659,18391000
2020-04-08,56.82103729248047,57.13123577880523,55.13319473709477,55.589368776964605,11986700
2020-04-09,57.67863845825195,58.69134523864886,57.15860040566942,57.906725445536615,21132300
2020-04-13,55.99080276489258,57.35020298569084,55.47076461849511,57.31370822586214,11086600
2020-04-14,57.058258056640625,57.642160355906285,56.49259965893631,57.22248101335062,15293600
2020-04-15,55.479896545410156,55.917823273640956,54.54930094279511,55.80833898133406,12758400
2020-04-16,54.98721694946289,55.41602164322469,54.16610231892573,55.39777426473147,16117600
2020-04-17,57.56917190551758,57.76076767881904,56.66594910704449,56.86666683129731,18372500
2020-04-20,56.036434173583984,57.14950027800775,55.853967287240806,56.474364445739354,10475100
2020-04-21,54.71350860595703,55.443386282306996,54.49454356288639,54.8229893873267,9553300
2020-04-22,55.288291931152344,55.92693627946785,54.95072411802781,55.780960726738456,9185000
2020-04-23,55.726219177246094,56.88489810920878,55.707971799060566,55.71709374798757,14256500
2020-04-24,56.17326736450195,56.36485961359814,55.27004477285906,56.20976212061499,7139000
2020-04-27,57.56917190551758,57.92499063860184,56.45610943184032,56.56559024491808,9323200
2020-04-28,58.64574432373047,59.311761608098884,58.034472667546346,58.70048299125002,9938600
2020-04-29,59.767913818359375,60.41568000227172,59.22962492934578,59.82265246580875,12757000
2020-04-30,58.58187484741211,59.04717436061193,58.15307357642904,58.93769007495783,14309800
2020-05-01,56.811912536621094,57.70601319295917,56.437849981619124,57.5509156976242,9019200
2020-05-04,56.091156005859375,56.10028143507005,55.2882887715637,56.00904454462082,8551700
2020-05-05,56.310123443603516,57.07649595412452,56.2462593577544,56.61119649398766,8691200
2020-05-06,55.534629821777344,56.66594303683252,55.46164378098806,56.620326326297736,7048100
2020-05-07,56.182403564453125,56.90315599403816,55.9634384661285,56.28275894250591,8144500
2020-05-08,57.57828140258789,57.696887614126226,56.8484037168353,56.86665109402053,8661500
2020-05-11,56.857540130615234,57.295466853481464,56.465230122151944,57.003515704903975,8407700
2020-05-12,55.26091766357422,57.21334181195285,55.25179571498904,56.9943802425947,12329000
2020-05-13,53.87416076660156,54.996348640224724,53.372369950314614,54.93248454435177,15434500
2020-05-14,54.43981170654297,54.43981170654297,51.976474518993946,53.08041493034229,14221100
2020-05-15,54.248226165771484,54.58579752445958,53.5548430264013,53.801177471795704,17398000
2020-05-18,57.82462692260742,58.189564095677476,56.24626503525771,56.40136255073778,22117500
2020-05-19,57.08562469482422,58.27167661926646,57.07650274447411,57.71514367894388,12447700
2020-05-20,58.15306854248047,58.70959795155266,57.90673414158044,57.988845608547116,8644000
2020-05-21,58.289913177490234,58.75521260659033,57.85198655502225,58.16218501431183,7682300
2020-05-22,58.244300842285156,58.445015050764184,57.72426272157712,58.39940182372935,7113000
2020-05-26,60.68938446044922,61.15468387841856,60.05074365983457,60.07811298548054,14908000
2020-05-27,62.71481704711914,62.7604372440968,61.391914862744486,62.003186522522306,21918500
2020-05-28,62.121768951416016,63.545036495304686,62.01229165157554,63.344318831380484,17490200
2020-05-29,61.73860168457031,62.15828102578473,60.89924300214146,61.54700939579836,18881500
2020-06-01,61.875457763671875,62.3407573181058,61.43752754291087,61.674740035850775,12919200
2020-06-02,62.67828369140625,62.842506554485084,62.07613783389087,62.34071949999901,10852400
2020-06-03,65.12342071533203,65.29676912391645,63.56330592006825,63.59067525602047,16253300
2020-06-04,65.81678771972656,65.84415704749948,64.81320625762802,64.97742918492874,17880500
2020-06-05,68.2344970703125,69.5300293568836,67.96078992890767,68.57206828329022,19564100
2020-06-08,69.60304260253906,69.82200421396918,69.08300442497746,69.1103737563232,18906200
2020-06-09,67.86959838867188,68.4261314815753,67.5685217395931,68.33489803173308,15074600
2020-06-10,66.24559783935547,67.6414893553453,66.03575470814701,67.55025593507962,16694200
2020-06-11,61.59261703491211,63.94646964618119,61.50138362466591,63.426431551048566,26054800
2020-06-12,62.78780746459961,63.99210689876811,61.25506209741562,63.818758500603025,29161900
2020-06-15,63.408199310302734,63.800509311080816,60.54342654579831,60.78975749481511,18116200
2020-06-16,64.64899444580078,66.13611951601274,63.49030832599744,66.0631369496244,20563200
2020-06-17,64.18368530273438,64.92269197234428,64.02858780146519,64.79495683879294,9448200
2020-06-18,63.94647979736328,64.52126359841809,63.45381791169364,63.58154609844712,8632800
2020-06-19,63.16185760498047,64.96830281857538,62.733052914286425,64.89531330512466,15601300
2020-06-22,63.26817321777344,63.46978206996041,62.26013594840649,62.78248297836005,7932000
2020-06-23,63.27732849121094,63.99211830727099,63.12153540979866,63.909638794574285,8849600
2020-06-24,61.07796096801758,62.626669667208304,60.92217490215463,62.41590192905623,16922800
2020-06-25,61.756107330322266,61.811089014572616,60.143243673829325,60.67475659347329,11623700
2020-06-26,60.610591888427734,61.73776503896402,60.34483550347909,61.50866543037711,21429900
2020-06-29,62.59919357299805,62.59919357299805,61.11463213905646,61.508683863579776,10864700
2020-06-30,62.95655822753906,63.31395299280528,61.93935559053094,62.12263943910588,8868500
2020-07-01,62.67250442504883,64.09292515888545,62.61752274220021,63.57973714988602,9789000
2020-07-02,63.21318054199219,64.14790406783413,63.05738746137961,63.680538809129814,8279800
2020-07-06,64.12041473388672,64.45947776017914,63.653049464203264,64.19372830394822,10815400
2020-07-07,62.89243698120117,63.77217884829269,62.8191304026187,63.49726344758295,6111800
2020-07-08,62.89243698120117,63.28648868129531,62.36093107653561,62.86494614028689,8576500
2020-07-09,61.52700424194336,62.85577947572832,61.32539542212677,62.78247289798602,16782900
2020-07-10,62.32426834106445,62.37925001764366,61.47201739625571,61.47201739625571,9255300
2020-07-13,62.58085632324219,63.653040923148595,62.25095229379931,62.86493762965348,14570100
2020-07-14,63.9371337890625,64.0104473625414,62.104336401493285,62.36093390866941,12689500
2020-07-15,65.56832122802734,65.8615684941096,64.75272705074963,65.1192808896777,15472400
2020-07-16,65.5866470336914,65.90738514298849,64.96349571067147,65.26590892439432,13017100
2020-07-17,65.980712890625,66.11817410746072,65.54083839506428,65.87990846438333,8605200
2020-07-20,65.17427825927734,65.76077286973656,64.98183537067985,65.60497977667141,9404600
2020-07-21,66.03569793701172,66.5122292473863,65.64164615755777,65.76078248093556,9344300
2020-07-22,66.56719207763672,66.65883053702852,65.76076384679598,65.77908874204782,7620200
2020-07-23,66.36557006835938,66.97955531485279,66.1089796364854,66.4847063342758,7538000
2020-07-24,65.83409881591797,66.63136843880619,65.64165587071791,66.26480745156209,10061400
2020-07-27,66.10900115966797,66.2006396306628,65.4308680844255,65.81575385754415,6198400
2020-07-28,65.65080261230469,66.2006404365342,65.59582092735191,65.79742976093509,5964500
2020-07-29,66.64967346191406,66.79629360275625,65.94404262243869,65.98986534920802,6935400
2020-07-30,65.980712890625,66.3564397505381,65.49502265049766,66.18232174310833,9118700
2020-07-31,65.7332763671875,65.87073056751615,64.63359382359175,65.71494447943257,9836300
2020-08-03,66.00819396972656,66.23729363336803,65.40337449332789,65.81575109125576,12737000
2020-08-04,66.17314147949219,66.2097982621547,65.75159896622284,65.76992386177089,6560900
2020-08-05,67.43777465820312,67.52025417398202,66.53970787836076,66.62218040257267,8520900
2020-08-06,67.6943588256836,67.70351777663637,67.26365041767208,67.35528886815918,5880600
2020-08-07,68.84904479980469,68.87654263890758,67.54776007834266,67.64856451368098,12952100
2020-08-10,70.54437255859375,70.60852018570895,69.05980419905582,69.09646098477407,15626800
2020-08-11,70.92007446289062,72.09306334331548,70.77345434862013,71.53405973755595,17263700
2020-08-12,71.14917755126953,71.67152440611282,70.87425521016651,71.58905189872125,12587200
2020-08-13,70.77349853515625,71.25002294350385,70.49857603585252,70.76433258742757,13298800
2020-08-14,71.04838562011719,71.40578053129512,70.30610495714251,70.4160683196177,5909700
2020-08-17,70.71847534179688,71.3324607002762,70.5901801024599,71.18584056599086,5898700
2020-08-18,70.33361053466797,70.89261438293346,70.23280610356645,70.67268062033388,5145500
2020-08-19,70.15032196044922,70.78263229727487,69.99452887079225,70.41607142586506,6297900
2020-08-20,69.77459716796875,69.93954921530826,69.38054544330032,69.60047917589723,10529300
2020-08-21,70.05865478515625,70.2511046014636,69.66460319404608,69.71042591060782,7113600
2020-08-24,71.32329559326172,71.32329559326172,70.2052883256115,70.52602639627372,10171400
2020-08-25,71.231689453125,71.80901824218631,70.85596254880583,71.80901824218631,12076100
2020-08-26,71.268310546875,71.51574206506119,70.74596366484027,71.09419958057404,6538500
2020-08-27,71.52490234375,72.12972168957229,71.28663678736407,71.67152246121147,10260100
2020-08-28,72.20304107666016,72.23969785687801,71.43326267521715,71.77233264855782,10323900
2020-08-31,71.30498504638672,72.26720653788428,71.30498504638672,72.0014500593605,9908100
2020-09-01,72.0289306640625,72.09307828827218,70.8192847564181,71.07587525325681,14431600
2020-09-02,73.22025299072266,73.42186181087935,72.08392063078205,72.28552245937195,15333500
2020-09-03,71.16751098632812,73.5501456920451,70.7093117355531,73.2752233449538,19995100
2020-09-04,71.33247375488281,72.28552927263848,70.38858418206186,71.79983906460964,21632400
2020-09-08,69.99452209472656,70.92925257591007,69.8020792289691,70.84677306683321,14913700
2020-09-09,71.07587432861328,71.66236888277668,70.45272299086885,70.63600690877402,16222000
2020-09-10,70.16865539550781,71.53408764129055,69.94872164252857,71.31415388831131,16547200
2020-09-11,71.1217041015625,71.46077413960168,70.37942338732155,70.4344050723565,16124400
2020-09-14,72.08393096923828,72.31303066289861,71.45161357743407,71.79067664944797,9641800
2020-09-15,72.12974548339844,72.5604540187882,72.01061616169034,72.37717706361147,13583700
2020-09-16,72.86285400390625,73.59596868252966,72.29468435993083,72.69790197769187,10296200
2020-09-17,73.00948333740234,73.45852373793724,71.48826511879957,71.81816921277459,19265500
2020-09-18,72.19387817382812,73.51349435097661,72.13889649696902,73.2385719835486,13358700
2020-09-21,69.79737091064453,71.04851712921624,69.09819931350432,70.8921185878412,23188100
2020-09-22,70.48735809326172,70.62534651814167,69.70538625232966,69.76978319018691,7512500
2020-09-23,69.22702026367188,71.37972423576585,69.15342174700007,70.63455855600115,16388700
2020-09-24,69.32820129394531,70.11016606087924,68.39903952588818,69.11660735951553,12111100
2020-09-25,70.36776733398438,70.60695899746422,68.90503370225068,68.90503370225068,7346900
2020-09-28,71.63729858398438,72.2076693784367,71.25090999118319,71.25090999118319,7409600
2020-09-29,71.00252532958984,71.80289319440911,70.80013297167653,71.50850622437311,9633000
2020-09-30,70.81855010986328,72.11569054040511,70.29417299645439,71.27853028017776,12184900
2020-10-01,70.60697174072266,71.63733007658519,70.11019220479297,71.31533827124306,14045400
2020-10-02,71.39812469482422,71.81210405277052,69.42941006955223,69.45700775758324,17895400
2020-10-05,72.54808807373047,72.70447967958341,72.00530771041362,72.00530771041362,8880800
2020-10-06,71.66490173339844,73.33922903416317,71.59130323213112,72.85165124606115,12587300
2020-10-07,73.24725341796875,73.4680419603059,72.48368456140713,72.51128225185661,10049900
2020-10-08,73.97400665283203,73.98320120178741,73.08164409238408,73.73481502393864,16341600
2020-10-09,74.25,74.75598100676814,74.02000990942184,74.43399628370685,12603500
2020-10-12,74.67317962646484,74.9399689691471,74.36039647771075,74.58118499558073,8662000
2020-10-13,73.84521484375,74.59958205651273,73.6244263230913,74.14880344636855,11004600
2020-10-14,74.25920104980469,74.82037742839204,73.95561244786586,73.96481401667202,10052300
2020-10-15,74.5260009765625,74.56280023827146,73.33925110672932,73.4588434432273,12063800
2020-10-16,75.06877899169922,75.52875926373015,74.87558811969527,74.98598591172978,9422400
2020-10-19,74.13959503173828,75.55633469440063,73.86361116108347,75.1239592618341,8531000
2020-10-20,74.5260009765625,75.47355915465822,74.35120623813035,74.5260009765625,9806800
2020-10-21,73.77162170410156,74.86636973289377,73.77162170410156,74.24999799131676,8009000
2020-10-22,74.37879943847656,74.50759333731013,73.70723225437881,73.93722236211606,6878200
2020-10-23,74.67317962646484,74.99516434392949,74.10280870373904,74.76517425734896,8038300
2020-10-26,72.80567169189453,73.77163300161583,72.01450511904926,73.68883290882243,10692400
2020-10-27,71.2141342163086,72.67686780697248,71.19573107877419,72.59407474428909,8736000
2020-10-28,68.87743377685547,70.54255976062608,68.79463369579602,69.76059486862698,17321800
2020-10-29,69.88018798828125,70.47816362504469,68.6658405958305,68.83143374110745,14272900
2020-10-30,69.79737091064453,70.08255627765755,68.73941545863694,69.51217852489341,15374700
2020-11-02,71.68330383300781,71.82129927971815,70.32176653960707,70.83694205400303,14166800
2020-11-03,73.79920959472656,74.21318888411783,72.49286777349161,72.658460892996,16357500
2020-11-04,73.03565216064453,74.69158361028532,72.55727586338192,73.19204373679379,23229800
2020-11-05,74.75596618652344,75.24354395888915,73.98319598563617,74.02919680212844,12159300
2020-11-06,74.8295669555664,75.16075322295254,74.29599531921325,74.61798001841085,10091600
2020-11-09,77.37786865234375,80.84611622041079,77.3226732751634,79.91696128375132,25393800
2020-11-10,78.7394027709961,79.05219293888106,77.39626150593817,77.63545316152779,18983800
2020-11-11,78.0770492553711,79.24539598856175,77.68146596421366,79.23619441842092,11081400
2020-11-12,77.18466186523438,78.02182199403526,76.66028483414786,77.28585804831592,10776400
2020-11-13,78.89579010009766,78.98778471796223,77.78263908083555,77.83783444780642,9280200
2020-11-16,80.8185043334961,80.94729820345071,79.51216249896243,80.6437166635517,14364100
2020-11-17,80.60694122314453,80.87373060935558,79.41098977030076,80.2113579289339,11029700
2020-11-18,80.24813842773438,81.58207802815149,80.19293603811205,81.24169019731694,11882700
2020-11-19,80.4505386352539,80.52413715583437,79.52138363320525,80.04576080954385,8451900
2020-11-20,79.72376251220703,80.57931884833599,79.5397662420126,80.25733414892079,7288200
2020-11-23,81.05768585205078,81.21407738625052,80.40451501621189,80.40451501621189,11396000
2020-11-24,82.47444152832031,82.94362324218471,81.89486205274075,82.2996468269563,13977000
2020-11-25,81.84888458251953,82.42845715501392,81.44409972752835,82.41006103376041,9382800
2020-11-27,81.71086883544922,82.33644208398776,81.47167720604752,82.06965277018195,5023100
2020-11-30,80.98410034179688,81.61887516544563,80.52412021306353,81.52688054344692,10379800
2020-12-01,80.7817153930664,82.27205367400134,80.74491613713388,81.88567201482056,14520400
2020-12-02,80.8921127319336,81.09450512911903,80.38613173897002,80.47813338768367,13219800
2020-12-03,81.10370635986328,81.83967041532387,80.94730776894585,81.00251016169214,11677400
2020-12-04,82.06966400146484,82.22605558031684,81.34289446482595,81.37049215300681,11754100
2020-12-07,81.67407989501953,82.11566395745606,81.4348882354189,82.02366932491445,7599000
2020-12-08,82.06966400146484,82.21686103008365,81.38889529095448,81.41649297913534,5038200
2020-12-09,82.253662109375,82.54804915439342,81.66488100059738,82.35485129536625,12047100
2020-12-10,81.4716796875,82.07885683784234,81.11289574183948,81.6832736389423,11628000
2020-12-11,81.66487884521484,81.83967356127332,80.95651244952735,80.96571401846217,6577500
2020-12-14,80.60694122314453,82.52045372145636,80.58853808272083,82.45605676745656,6841800
2020-12-15,81.72926330566406,82.05125500053109,80.70811390958531,81.19569170754116,7351300
2020-12-16,81.22330474853516,81.84887810275036,81.04851002612858,81.80287727514626,6805000
2020-12-17,81.7200698852539,81.82126607325407,81.25088819713856,81.70166674994135,9088500
2020-12-18,81.72926330566406,81.93165567886979,81.08529395340908,81.83966105979614,8640000
2020-12-21,81.2359848022461,81.6147251997665,79.8041446742005,80.09974951413423,9071100
2020-12-22,80.85723114013672,81.28216262438409,80.25678187300085,81.19902707318938,11451100
2020-12-23,81.28218841552734,81.71635967026322,81.1713409787621,81.27295582764825,8939400
2020-12-24,81.29141235351562,81.42073903661962,80.82952932877974,81.40226681665146,2367400
2020-12-28,81.39300537109375,82.09506935393047,81.30063020045638,81.82717642564049,4849900
2020-12-29,80.90343475341797,81.91957602904374,80.35840910288655,81.80872156255197,6729500
2020-12-30,81.42073822021484,81.64244009648789,80.99580668745169,81.04199780857238,5019300
2020-12-31,81.79948425292969,81.95652278556013,80.9773330553051,81.39302494703871,6761600
2021-01-04,79.82261657714844,81.97498581570747,79.36996620168406,81.90108989837269,16200700
2021-01-05,80.60784149169922,80.91267898481632,79.66559601034999,79.67483564583138,16004600
2021-01-06,82.52925872802734,83.2036110717284,80.8757236363762,81.12513737853767,19500600
2021-01-07,82.98189544677734,83.30521211374871,82.30754321471585,82.99112803170884,10114900
2021-01-08,82.7786636352539,83.39758510256335,81.94727290794106,83.16664362540838,11043300
2021-01-11,82.75093841552734,82.99111243856579,81.84564487032775,81.91030819157247,11911100
2021-01-12,83.57310485839844,83.77633449074855,82.26135892857918,82.73247447872745,10408000
2021-01-13,82.85258483886719,83.55464200957397,82.72325814701193,83.43455495221583,9230300
2021-01-14,83.13894653320312,83.73939588994253,82.99114057865614,83.27751285364697,10669800
2021-01-15,82.0581283569336,82.77866464681824,81.36530391700225,82.58467464937043,12924800
2021-01-19,82.3260269165039,83.03732362217119,82.29830801689143,82.76019100824749,8933700
2021-01-20,82.8340835571289,83.02807354335992,82.29829766309606,82.7601805963435,8374300
2021-01-21,82.1874771118164,82.84335024550057,82.06738299937426,82.64936019591313,9601500
2021-01-22,81.76254272460938,82.10433168457774,81.07895070912002,81.65168825101686,9728800
2021-01-25,81.20829010009766,81.61474243598565,80.40461096815415,81.38380088577189,18249000
2021-01-26,80.46002197265625,82.03966108081045,80.41383789857642,81.91033439694581,10480800
2021-01-27,78.86190795898438,79.58244432963001,78.26145863418786,79.3792146768273,23140100
2021-01-28,80.03508758544922,80.98656546050309,79.54549272141377,79.62862828046487,17928300
2021-01-29,78.30763244628906,79.91499019088042,78.06745838606008,79.51777057093307,20895000
2021-02-01,79.12055969238281,79.34226156007846,78.46468667494239,79.08360820647098,11318700
2021-02-02,80.80181884765625,81.16208704924867,79.97042797945228,80.05357059016056,10443800
2021-02-03,80.85723114013672,81.00503707262699,80.17364632180616,80.70943225542122,9662900
2021-02-04,81.7255859375,81.8641522585673,81.02352174579462,81.13437621220363,7113900
2021-02-05,82.2059326171875,82.60315227064523,81.99347038846308,82.36297819015459,7481900
2021-02-08,82.90799713134766,82.9449486164707,82.35373895005246,82.53848932789248,8848000
2021-02-09,83.1204833984375,83.39760902184118,82.27061316244712,82.83411109214414,8298500
2021-02-10,82.99112701416016,83.51768035533932,82.61238665114449,83.48996145756041,10982400
2021-02-11,82.81562042236328,83.32368747598544,81.97499000873796,83.20360043737112,8868500
2021-02-12,83.41606903076172,83.48073236606905,82.53848713984792,82.6308623263191,7983500
2021-02-16,83.33295440673828,83.9518761164374,83.14820397176992,83.61008710696818,8227600
2021-02-17,83.10200500488281,83.16666835580348,82.4553714956761,82.97267830304148,7266000
2021-02-18,82.6863021850586,82.88029221235034,82.0673735671936,82.67706255106116,6409500
2021-02-19,84.04423522949219,84.29364895276963,83.21284440560842,83.27750774481187,8737200
2021-02-22,84.31212615966797,84.93105478325776,83.54540567740662,83.6193016067424,10552200
2021-02-23,84.57079315185547,84.78325541784272,83.3144706344284,84.46917831237414,16573400
2021-02-24,86.16886901855469,86.51990451814721,84.3952404497212,84.77398074671372,16795900
2021-02-25,84.58000946044922,86.26126323404982,84.22898093111283,86.15964841412547,19945300
2021-02-26,83.70244598388672,85.0326714088571,83.47150446137248,84.78325061778717,18163400
2021-03-01,85.84556579589844,86.48296652535666,84.80171286090524,84.92179989130372,11494000
2021-03-02,85.59616088867188,86.03032498826543,85.22665307935105,85.89176572657348,11530700
2021-03-03,85.68854522705078,86.69544689097582,85.47607592348142,85.67006595833553,17497800
2021-03-04,84.32136535644531,86.12271341337518,83.00037960047372,85.80862928616773,27730400
2021-03-05,86.31669616699219,86.60306136796086,83.38835262896107,85.12503719683603,22816300
2021-03-08,87.22198486328125,88.57992202392126,86.65848703406634,86.89866816974204,16782400
2021-03-09,86.8617172241211,88.11803956778361,86.8524775905981,87.6653961940123,12484800
2021-03-10,88.145751953125,88.59840237740644,86.98181184210951,87.10189888753241,17276200
2021-03-11,88.21040344238281,88.96789119524954,87.68385716353369,88.40439343482466,12211100
2021-03-12,89.39282989501953,89.46673286415097,88.45059170580637,88.53372726024796,10112800
2021-03-15,90.1410903930664,90.16880224616683,88.85705618239342,89.75311035410955,11390900
2021-03-16,88.8570556640625,90.00252355477605,88.7554408381034,89.9470998488985,12538800
2021-03-17,89.88243103027344,90.06718140378659,88.801619497119,89.03256098789795,14844000
2021-03-18,89.79927825927734,91.00940927862763,89.62376049087416,89.79003862731554,16893400
2021-03-19,89.11571502685547,89.89167515253025,88.61688049701772,89.85472366353014,18430600
2021-03-22,89.06568145751953,89.44558756452311,88.44484790254182,89.28806569258181,12319900
2021-03-23,87.50898742675781,89.26953949897451,87.18466850553754,88.46339390597184,16949000
2021-03-24,88.1483154296875,89.52896798929507,87.92593123953924,87.96299644947494,14581900
2021-03-25,89.55677795410156,89.69577074389801,87.05492894616621,87.91667575954389,18519500
2021-03-26,91.10419464111328,91.1597889176906,89.70501310170489,90.05712903860257,14396000
2021-03-29,91.12274932861328,91.66018438484146,90.6594447083064,91.00229267234178,12712800
2021-03-30,91.52120208740234,91.74359342068682,90.94670881675482,91.12275978543634,10180500
2021-03-31,91.22466278076172,91.97522095664206,90.91888715151634,91.73430061194799,12291300
2021-04-01,91.53045654296875,91.60458697636822,90.93742721470741,91.38220274563703,11189300
2021-04-05,92.66091918945312,92.97596292135306,92.25320888279006,92.41999882010977,10789200
2021-04-06,92.43852996826172,93.18908111091345,92.3458704679722,92.57752275342934,8203000
2021-04-07,92.01228332519531,92.68870398626514,91.72502970673781,92.45705171915182,8865800
2021-04-08,92.23468017578125,92.27174539194027,91.37293334111867,91.88257122647127,9151600
2021-04-09,93.13349151611328,93.1798177338583,92.27174468802471,92.40146940885808,9655900
2021-04-12,93.47632598876953,93.53192734350905,92.94815907027684,93.00376042501638,7704800
2021-04-13,93.02228546142578,93.30953201549664,92.36439385952607,93.04082160202368,10612000
2021-04-14,93.14275360107422,93.7728481393634,93.03156502161958,93.08715931134691,9331900
2021-04-15,93.51339721679688,93.64312193708857,92.83697647091411,93.45780292794817,12631200
2021-04-16,93.71724700927734,94.32881242950873,93.3095367291231,94.06935593429543,10221900
2021-04-19,93.32806396484375,93.58751336583249,92.86475944323072,93.568984295533,8140900
2021-04-20,92.2995376586914,93.29100916277804,91.73430551370618,93.12421923361082,13622200
2021-04-21,93.55972290039062,93.59678811309989,91.99375124338987,92.17907730693621,11352800
2021-04-22,93.08714294433594,94.23613616997122,92.99448345459317,93.64310695225844,11778700
2021-04-23,94.1064224243164,94.34734278126318,93.0315594931489,93.1983494218864,8126800
2021-04-26,93.82845306396484,94.90331609985084,93.77285170265756,94.4307504802772,7824800
2021-04-27,94.60679626464844,94.7550571274203,93.87477416101319,94.19909303095989,13774800
2021-04-28,94.4122085571289,94.89404928846929,94.2917519090273,94.56973042067723,7877900
2021-04-29,95.07936096191406,95.19981760072376,94.384404132197,94.97743339466491,11035300
2021-04-30,94.44927215576172,94.81991723441712,94.11569229191855,94.52340258538617,9861200
2021-05-03,95.42223358154297,95.68168306736214,94.81066801971068,95.16277702625551,9445300
2021-05-04,95.83917236328125,95.85770143333707,94.68091107448082,95.11641845018433,11677400
2021-05-05,95.93183135986328,96.38586780329105,95.829903801415,96.08009219741201,9989000
2021-05-06,96.5989990234375,96.62679616542314,95.7557813460521,96.18202775472002,18276400
2021-05-07,97.61827087402344,97.84992315757331,96.01524103075964,96.36734995674746,19343000
2021-05-10,97.71092224121094,98.97111112439589,97.66459603003663,98.14642962915272,16335500
2021-05-11,96.26542663574219,96.98818066120668,95.29248417409877,96.73799929449473,25425800
2021-05-12,93.95816040039062,96.33027733939848,93.89329804876044,95.97816844047267,18125700
2021-05-13,95.7187271118164,96.17276361154457,93.95816832967857,94.0137626159201,16457900
2021-05-14,97.04379272460938,97.29397411892079,96.12644445004277,96.46002435543649,11217700
2021-05-17,96.74726867675781,97.0901095517325,96.04304371468665,96.74726867675781,11547700
2021-05-18,95.33882141113281,96.8862571010004,95.30175619425687,96.72873523137808,11195500
2021-05-19,94.80139923095703,94.8106673038001,93.28176048023234,94.28250026323686,16656400
2021-05-20,95.01449584960938,95.34807568374926,94.43999567537595,94.9589015670748,11635300
2021-05-21,95.47781372070312,96.2561620627314,95.14423383998607,95.5519441540774,13420200
2021-05-24,96.07083892822266,96.27469407652485,95.55194005579304,96.06157085708158,7097900
2021-05-25,95.7835922241211,96.78432475258813,95.65386750618154,96.33028823979969,8574700
2021-05-26,96.08937072753906,96.21909544932736,95.55194276704489,95.92258078960167,7615800
2021-05-27,97.40515899658203,97.57194893081889,96.86772397854473,96.96038348212811,11467400
2021-05-28,97.40515899658203,97.71093465146046,97.07157912810833,97.701673649729,7606300
2021-06-01,97.78504943847656,98.50780334805455,97.5904623912414,98.35028151021645,9456900
2021-06-02,97.50707244873047,97.97037696901064,97.35881160889716,97.86844940899174,7547800
2021-06-03,97.29396057128906,97.84065657544083,96.59900371006557,96.99744592661239,10342300
2021-06-04,97.60899353027344,97.82211672145772,97.10863086647136,97.65532681036836,7118200
2021-06-07,96.9325942993164,97.81287025985813,96.67314484018695,97.79434118540641,8298700
2021-06-08,97.18276977539062,97.39589300069387,96.5156170936945,96.98818269287919,8847800
2021-06-09,96.1913070678711,97.1179163476139,96.15424184834525,97.1179163476139,10967100
2021-06-10,95.7187271118164,96.99744518163861,95.67239382697066,96.81212618118903,10645200
2021-06-11,95.9133071899414,96.38587272747236,95.41293744185022,96.08935810669234,10113500
2021-06-14,95.47781372070312,95.95038639663014,94.949646754479,95.82066167295876,11312100
2021-06-15,95.88551330566406,96.08936137043287,95.22761461991705,95.61679581685091,8948600
2021-06-16,94.97744750976562,95.90405675376334,94.68093283446505,95.7928610994753,13977900
2021-06-17,93.51339721679688,95.1627604343343,92.63312131917947,94.9218471363452,20842900
2021-06-18,92.2995376586914,93.08715401941068,92.188342016091,92.4107333012918,21546100
2021-06-21,94.32965850830078,94.45049607349875,92.96323449796657,93.0468896372984,15499900
2021-06-22,94.43189239501953,94.78512186147191,93.7905151119227,94.36682492885545,10646400
2021-06-23,94.21810150146484,94.87807353583715,94.19021645790039,94.61780367347306,9136300
2021-06-24,94.95243835449219,95.1011609507368,94.27387156337717,94.77582362286871,11687400
2021-06-25,95.13835906982422,95.48229121135759,94.8780891645873,95.02681887719298,13039300
2021-06-28,94.63639068603516,95.17552516397006,94.20880347341078,95.1011603204297,11997600
2021-06-29,94.45050811767578,95.34286517678704,94.3575555870686,94.943162912535,11134200
2021-06-30,95.18480682373047,95.36141443319693,94.35751757847089,94.37610524037554,13677200
2021-07-01,95.86341094970703,95.91918814497933,95.36145874320002,95.74257336162762,13858600
2021-07-02,96.01213073730469,96.17944812214454,95.46369877350949,95.88199578152071,9911600
2021-07-06,95.09188842773438,95.91917796963578,94.05080169225451,95.78904301417869,11564100
2021-07-07,96.04000854492188,96.1794408704127,94.78513179914971,94.87808431886938,14971800
2021-07-08,94.70145416259766,95.30565608022752,93.91134723576855,94.52484653140482,17419300
2021-07-09,96.19800567626953,96.34673534593368,95.62169593587343,95.71464843350303,13341900
2021-07-12,96.32817077636719,96.43971806356936,95.37074627630733,95.71467842631327,10846500
2021-07-13,95.39861297607422,96.20731469614113,95.35214026754599,96.12365956569722,14881700
2021-07-14,95.3893051147461,96.01209461049062,95.05467047098057,95.64027755165996,10140000
2021-07-15,95.57522583007812,95.96563061479227,94.80370654707988,94.85018634651706,11071600
2021-07-16,94.72935485839844,95.91916404518207,94.60851020885744,95.90056928748861,17307200
2021-07-19,92.74942779541016,93.40939983014391,91.81059114123539,93.21419743326395,23792700
2021-07-20,95.34284973144531,95.46368729247686,92.89816382257524,93.02829876270842,20937100
2021-07-21,96.25379943847656,96.57913678216535,95.64959746201328,95.68677988583802,14449600
2021-07-22,95.90055847167969,96.43969291483104,95.75183588601597,96.4303955370329,6318700
2021-07-23,96.3095703125,96.49547534131526,95.83550326965215,96.24450284323244,8055800
2021-07-26,96.26309204101562,96.58843648435223,95.64030238357088,96.0493019636587,7488800
2021-07-27,95.73324584960938,96.24449527638977,95.1848210934465,95.64959072076624,12402200
2021-07-28,95.51019287109375,96.2538273798125,95.00824064148223,96.04003015371299,11996500
2021-07-29,96.26309204101562,96.54195668049776,95.72396461214447,96.25380175370263,9767700
2021-07-30,96.07718658447266,96.28168637361244,95.61241691527216,95.77973427985722,12824400
2021-08-02,95.41722869873047,97.25771289111964,95.33356645808183,96.4490180851821,15925500
2021-08-03,96.66278076171875,96.70926055909132,94.78511467210184,95.60310662638085,14814100
2021-08-04,95.35214233398438,96.49547169242655,95.33354757671263,96.00281700205537,16180900
2021-08-05,95.7983169555664,96.12366138051567,95.43579719982144,95.74254686755087,12561500
2021-08-06,96.2445068359375,96.65350642648514,96.06789208696055,96.18873674334375,8677100
2021-08-09,95.86341094970703,96.0957958365071,95.39864117610689,95.81693822744138,7469700
2021-08-10,96.83942413330078,97.10899143581118,95.92847231475452,96.04001960635921,12730900
2021-08-11,98.09427642822266,98.1035738064811,96.68137988127246,97.03460224505459,12817200
2021-08-12,97.90838623046875,98.28020340703489,97.40643410587788,98.09429127284042,9265300
2021-08-13,97.60162353515625,98.06639317103794,97.47148860445513,97.91766348348132,8909300
2021-08-16,97.93626403808594,97.94556141706408,96.67208998630387,97.31347439117305,10231100
2021-08-17,96.87659454345703,97.39713432271043,95.95635255032762,97.35066160917572,15569900
2021-08-18,95.8169174194336,97.0439090716063,95.78903237376505,96.49547717010948,11955100
2021-08-19,95.14764404296875,95.79831872121584,94.60850954280853,95.10116424088449,17529700
2021-08-20,95.39861297607422,95.68677497296528,94.94314071829535,95.19412029327074,11753000
2021-08-23,96.17943572998047,96.59772559227427,95.79832120012952,95.84480100341652,8471000
2021-08-24,96.66278076171875,97.09036794862516,96.34674083341369,96.3653284972699,7593200
2021-08-25,97.28557586669922,97.60161578994483,96.43969179244549,96.73714405213246,9404200
2021-08-26,96.85800170898438,97.23911626338311,96.66279928788602,97.17404878968367,9951100
2021-08-27,97.52725982666016,97.7968270696281,96.96953767547423,97.18333483087015,10484200
2021-08-30,97.41571044921875,97.86188529129117,97.18332565052484,97.6945679525587,6528200
2021-08-31,97.14615631103516,97.5551487893629,96.93235914705072,97.35065609611013,9621200
2021-09-01,96.77434539794922,97.35066236647914,96.41182560717444,97.35066236647914,13116800
2021-09-02,97.81542205810547,97.8247123448415,97.1554429251063,97.17403768222225,9633500
2021-09-03,97.22052764892578,97.73177718303674,97.15546017111377,97.54587212980904,9855000
2021-09-07,95.5380630493164,96.95096697753532,95.472995571821,96.88589950003991,17842300
2021-09-08,95.66818237304688,95.85409448681689,94.94314285889885,95.34284503872686,13561600
2021-09-09,95.20343780517578,96.18875453815737,94.97105292061413,95.51018755483487,9406200
2021-09-10,94.77582550048828,95.85409448486637,94.73864307773503,95.65889208427834,9547800
2021-09-13,95.02680206298828,95.74254417574518,94.3110528584096,95.50086198143612,12451000
2021-09-14,93.88347625732422,95.37073782917474,93.66967908207887,95.28708269004998,11493500
2021-09-15,94.9152603149414,95.15694252329754,93.72545112276075,93.92995090738346,9175000
2021-09-16,94.26459503173828,95.13835725525082,94.10656794215303,94.90597240260398,10516200
2021-09-17,93.26067352294922,94.16232771920036,93.1212412187767,93.93923319579571,16250700
2021-09-20,92.19107055664062,92.37757604574314,91.183923840139,91.8926575052396,21453500
2021-09-21,91.70613861083984,92.69463755651661,91.28649773178022,92.63868022184155,14345200
2021-09-22,92.43350982666016,93.05831088211802,91.97655939977915,91.97655939977915,13079900
2021-09-23,93.8509750366211,94.36387570229714,92.83450822702467,92.8718036256857,11439900
2021-09-24,94.04682159423828,94.3079321112592,93.54324826224307,93.60852589149829,8254500
2021-09-27,94.14006805419922,94.97935688487212,94.08411783706353,94.17737057053218,9338000
2021-09-28,93.04898834228516,94.12141247421769,92.8345077847348,93.87894969571445,17057300
2021-09-29,93.15157318115234,93.63649876265832,93.01169052822841,93.45931359463953,12148200
2021-09-30,91.23985290527344,93.52458374795286,91.13727989036373,93.44997872372153,24624300
2021-10-01,92.48947143554688,92.98371731987659,90.90415364263336,91.81804037957917,17051800
2021-10-04,91.98589324951172,92.91843475213429,91.407714956584,92.3309361667838,20182900
2021-10-05,93.01168823242188,93.48728639473313,91.75275861663523,92.15375175059823,12987900
2021-10-06,93.42201232910156,93.45931484469536,91.5849043457892,92.01387260302687,14702500
2021-10-07,94.14939880371094,94.83015730017728,94.06547347502854,94.14007139561475,9669700
2021-10-08,94.14006805419922,94.37320344523461,93.73907489702925,94.05614272849569,8565100
2021-10-11,93.38469696044922,94.61565134671206,93.37536955415271,94.01882540881046,9984000
2021-10-12,93.07697296142578,93.82300907242566,92.89046749103963,93.49662094188608,10048700
2021-10-13,93.2728042602539,93.6644771249964,92.25633736882541,93.24482915164248,12416600
2021-10-14,95.03530883789062,95.06328394487512,93.8323294344674,94.028162298086,9752800
2021-10-15,95.9491958618164,96.35951640492658,95.55753013324423,95.68808537610163,11775100
2021-10-18,96.01447296142578,96.11705309664582,95.02598123809858,95.39899926483263,6780200
2021-10-19,96.58332824707031,96.62063076291413,95.92122459897917,96.49007551482447,6911200
2021-10-20,97.18948364257812,97.29206378453952,96.37816991471823,96.60197789957603,9258500
2021-10-21,97.38530731201172,97.43193723203224,96.74185141230839,96.98431418990668,7824900
2021-10-22,97.73033905029297,98.0940296177534,97.43192609456322,97.58112901506506,9826300
2021-10-25,97.95417785644531,98.3271959473372,97.26409901286874,97.58115976555344,8093600
2021-10-26,97.3480224609375,98.26191641016982,97.33869505229573,97.85159580667023,12314000
2021-10-27,96.21029663085938,97.59978846979666,96.19164893293183,97.5345037402342,9015100
2021-10-28,97.41328430175781,97.4692345150828,96.35018756022089,96.35018756022089,9260400
2021-10-29,97.44125366210938,97.79562396487509,97.04958796247773,97.23609340571377,6831600
2021-11-01,97.71168518066406,97.90751801774437,97.23608708219697,97.63708016233076,10775200
2021-11-02,98.0381088256836,98.13136868981222,97.57183796395532,97.85160332688378,8833600
2021-11-03,97.82360076904297,97.88887838678208,96.9749846237077,97.48788527360558,11567300
2021-11-04,98.21527862548828,98.56964186352009,97.99147063908543,98.10337107492306,10201200
2021-11-05,99.21308135986328,99.82856211371538,98.88669328496887,99.35296399616843,12906400
2021-11-08,99.6234130859375,100.32281923153145,99.24106764461041,100.08968384966681,8928900
2021-11-09,99.87519836425781,100.11766115885275,99.32500226602677,99.80992074048926,10637300
2021-11-10,99.31566619873047,100.05237481115492,99.04522831963338,99.7353070128344,10326000
2021-11-11,98.90534973144531,99.5115031325663,98.80276959672975,99.5115031325663,5921200
2021-11-12,99.68868255615234,99.8565403019573,98.8680415256719,99.18510931873752,7929000
2021-11-15,99.87519836425781,100.20158648310058,99.65139038486954,100.08968605077014,7672400
2021-11-16,99.89384460449219,100.38809044413152,99.80058476591914,99.88451719768953,6625000
2021-11-17,99.2970199584961,100.0430488739426,98.95197704946371,99.91249363587129,8164300
2021-11-18,99.09185791015625,99.62340625979716,98.57895725930679,99.62340625979716,9806200
2021-11-19,98.59760284423828,99.11982373824102,98.45772021485153,99.04521872060461,8935600
2021-11-22,98.8680648803711,99.79128625774574,98.67223198312661,98.91469480983667,11911200
2021-11-23,99.0359115600586,99.3902819089104,98.52301796709405,98.97996134275674,14090400
2021-11-24,98.92401123046875,99.12917151376337,98.57896828904349,98.70952353937142,10760400
2021-11-26,96.24759674072266,96.77914505247949,95.56684550508777,96.37815196713828,14694100
2021-11-29,96.41545104980469,97.24541229454377,95.90255045374077,97.22676459774415,11693000
2021-11-30,93.97219848632812,95.98649142697302,93.87894576457084,95.68807844851376,21058800
2021-12-01,92.66666412353516,95.78134974557811,92.62936160465267,95.3990113778067,19783600
2021-12-02,95.41767120361328,95.74405939189572,93.0583417236631,93.37540250235777,21919300
2021-12-03,95.30574035644531,95.84661614477587,94.34522373062939,95.60415335781266,19584900
2021-12-06,96.91903686523438,97.52519025370867,96.09840291935846,96.25693326434696,14457500
2021-12-07,97.90753936767578,98.71885311083341,97.61845375200329,97.6557562693042,10563300
2021-12-08,98.1500015258789,98.32718670320854,97.66508303361839,97.95416864738556,10419600
2021-12-09,97.84224700927734,98.34582024492673,97.50653151884443,97.75832169403243,7325800
2021-12-10,98.24324035644531,98.44840061384728,97.76764222471589,98.28054286822082,8304100
2021-12-13,97.2267837524414,98.20594810866093,97.05892598927129,98.01944264501742,12690200
2021-12-14,96.30355834960938,97.6464203971299,95.92122003119022,96.7045514824258,13174200
2021-12-15,97.14285278320312,97.27340803267428,95.92122561398267,96.56468156832443,16908600
2021-12-16,97.18948364257812,98.19663024652955,96.84444070009637,97.76765486302139,11866200
2021-12-17,95.52955627441406,97.28273178335512,95.50158116696866,97.17082423884632,19332600
2021-12-20,93.99908447265625,94.38287225966535,93.19407280672324,94.36414707214139,17968300
2021-12-21,95.87122344970703,96.06779511062918,94.66370569698414,94.70114893833617,10497400
2021-12-22,96.14266967773438,96.3111606721523,95.66527733662241,95.82441287803785,8297000
2021-12-23,97.27531433105469,97.59357831656496,96.47030248375995,96.48902767550254,7047000
2021-12-27,98.30496978759766,98.34241302620066,97.2846683165444,97.42507867591372,5196000
2021-12-28,98.80108642578125,99.05381935704601,98.1552030636183,98.21136435021769,5368600
2021-12-29,98.97893524169922,99.19423208141197,98.52963065505084,98.65131582610817,5922300
2021-12-30,98.62322998046875,99.56865207979659,98.5483435061212,99.08189713810478,6190400
2021-12-31,99.0444564819336,99.43760691171973,98.34241183515705,98.45474154960559,7726100
2022-01-03,98.23008728027344,99.46568554800662,97.72461428780524,99.25038871838288,10188300
2022-01-04,100.20516967773438,100.39237871614934,98.75427463453384,98.86660434252303,14572600
2022-01-05,99.25039672851562,100.9821055337365,99.21295348809971,100.46727704654538,16196100
2022-01-06,99.70905303955078,100.0741228083554,99.20358720304277,99.59673047213438,10437800
2022-01-07,99.68099212646484,100.34559363429523,99.64354888272628,99.73716056285696,11614900
2022-01-10,98.55770111083984,99.52184120915663,97.79013264155752,99.43759928595625,15670900
2022-01-11,99.14742279052734,99.25975250405713,97.59356769865262,98.66067498169971,11966500
2022-01-12,99.46568298339844,99.9711559628336,99.14741904453906,99.56865009818526,9938000
2022-01-13,99.68099212646484,100.57025309672663,99.33465461962801,99.73716056285696,10995400
2022-01-14,99.08190155029297,99.16615062307746,98.08031812138685,98.77300018602917,14758600
2022-01-18,97.93990325927734,98.3517717260307,97.37826898561102,98.15520008732585,13878100
2022-01-19,96.84471893310547,98.33305731196559,96.76983245609807,98.2020095479864,13367000
2022-01-20,95.609130859375,98.03352903554695,95.48744567739273,97.03194550849331,16726100
2022-01-21,94.7292251586914,96.33924875377652,94.35480704579808,95.61848603073237,33329600
2022-01-24,95.27213287353516,95.41254322405753,91.7806350072166,93.14728099306242,37356500
2022-01-25,94.33609008789062,95.12238390503519,92.08019005209552,93.61532730194577,28146300
2022-01-26,93.5123519897461,95.9367428356085,92.55756723398507,94.87899809792005,27633700
2022-01-27,92.67925262451172,95.06620005246329,92.07081252428466,94.28927609899543,23186100
2022-01-28,93.32514190673828,93.3345045026425,90.74162247949097,92.28611514998317,22967200
2022-01-31,94.29862976074219,94.40159687458932,92.48267923071496,92.69796891125563,12183200
2022-02-01,95.59976196289062,95.90866333706637,94.31736491387804,94.8883618267843,17200700
2022-02-02,96.26436614990234,96.4609449511231,95.08493619198595,95.47807951129141,14199200
2022-02-03,94.7292251586914,96.05843516910652,94.5981773908652,95.60912343543971,14007400
2022-02-04,93.70890808105469,94.63560489706516,92.93197705698907,94.20501842556972,16025200
2022-02-07,93.78379821777344,94.51392344329649,93.45617169828817,93.95228920378389,10452100
2022-02-08,94.71986389160156,94.90707293655841,93.65275662389956,94.02717471381322,10376500
2022-02-09,96.02098846435547,96.1520362274525,95.48743481701254,95.51551546030942,13166200
2022-02-10,94.44841766357422,96.18948913874095,93.96166265892106,94.88836683031406,15560000
2022-02-11,93.00686645507812,94.91642856813353,92.54819932948494,94.47647948903594,18726900
2022-02-14,92.66053771972656,93.40002566003929,91.92104977941383,93.13793011492956,15297400
2022-02-15,94.05525970458984,94.45776556670344,93.52170608658501,93.57786737009066,10542100
2022-02-16,94.55137634277344,94.87899575417973,93.56851096698702,93.80252585250116,8222600
2022-02-17,92.81966400146484,94.0084564312644,92.66052845792477,93.8025221973856,10912200
2022-02-18,92.05208587646484,93.35321512448914,91.7525471283934,92.6511705141748,11969700
2022-02-22,91.16285705566406,92.52014081531262,90.6667465385728,91.98658705181853,16809500
2022-02-23,89.48728942871094,91.70575308054497,89.34687907122847,91.55598012814569,16296200
2022-02-24,90.62928009033203,90.825851727446,87.42795832893218,88.16744618754218,27356100
2022-02-25,92.79158782958984,93.10048921906487,90.79778340415389,90.84458924191732,13511700
2022-02-28,93.50297546386719,93.69018449238457,91.88359665664855,91.93039534299456,18310700
2022-03-01,92.10826873779297,93.75573568117885,91.50919114775596,93.16601354548402,21884800
2022-03-02,94.07398223876953,94.52329395294585,92.42651547554622,92.55756323768777,16881400
2022-03-03,94.17694854736328,95.01940354071436,93.76508007471,94.76666347192536,14831600
2022-03-04,93.97101593017578,94.0833456450805,92.66989375085782,93.22216544727922,17167400
2022-03-07,91.4530029296875,94.35479285929266,91.42492228959928,93.6714663370237,16533900
2022-03-08,90.89137268066406,93.33448845718439,90.80713075671294,91.67766634537612,22316800
2022-03-09,92.53885650634766,93.24090123577581,92.11763252531809,92.49205066775846,18757400
2022-03-10,92.41717529296875,92.59502177579486,91.29389939270484,91.37814847746972,13317200
2022-03-11,91.67767333984375,93.52171177039989,91.62150491135738,92.95071488149974,10695200
2022-03-14,91.986572265625,92.98815573580302,91.34069600831161,92.22994975733745,12988000
2022-03-15,93.44683074951172,93.63403981121678,92.26739366437961,92.82902799106273,11204900
2022-03-16,94.68241882324219,94.85090981707182,92.81029984360939,94.03653548996738,15840900
2022-03-17,95.89929962158203,95.94610545648057,94.07398632562241,94.07398632562241,10897900
2022-03-18,96.26436614990234,96.34861522779238,95.01941230543504,95.7308124618255,14921800
2022-03-21,96.48131561279297,96.8381990328356,95.88023786353853,96.03990283530575,10821400
2022-03-22,97.00725555419922,97.25144273059952,96.50010087951873,96.78185586500575,8292000
2022-03-23,96.07747650146484,96.80063712877187,96.05868901407521,96.60341150314268,10475400
2022-03-24,96.81002044677734,96.8569748295408,96.06807241198274,96.56583329429813,7698900
2022-03-25,97.41110229492188,97.4486701046834,96.58462481082242,97.01665104041643,7350200
2022-03-28,97.43927001953125,97.46744408368706,96.5470578830734,97.32656659758145,7940900
2022-03-29,98.34085083007812,98.39719894402545,97.39228364179104,98.07788341122422,12157500
2022-03-30,98.22815704345703,98.8292347007539,97.79613807518543,98.23755078514186,8731200
2022-03-31,96.71611022949219,98.57567013234879,96.69732274301595,97.97459954098841,9441900
2022-04-01,95.96477508544922,97.21387790595423,95.26039476543427,97.12934854158233,11182200
2022-04-04,95.84268188476562,95.91781033741694,94.65932098025283,95.77694001036642,10436500
2022-04-05,94.48086547851562,96.23712274118071,94.2836398766109,95.46700065336536,15332800
2022-04-06,93.74830627441406,94.02066747188788,93.10966795472652,93.69195815263527,15573200
2022-04-07,94.06764221191406,94.40573815533781,92.5649585439888,93.41021631586507,12381300
2022-04-08,93.54169464111328,94.37755862116046,93.32568871296249,93.91736553632384,12923200
2022-04-11,93.24115753173828,94.29303458465996,93.07210599047097,93.24115753173828,11246300
2022-04-12,93.09089660644531,94.44330181673898,92.68705164235466,93.5229156341403,11473900
2022-04-13,93.96432495117188,94.06763462414165,93.2693313029523,93.27872504558397,7661100
2022-04-14,93.86101531982422,94.77201489169279,93.84222783455256,94.26486026925072,8252400
2022-04-18,93.53230285644531,94.48087027451263,93.13785163261291,93.59805189241055,8701000
2022-04-19,95.23220825195312,95.36369198794442,93.7952737333866,93.84222811605423,10920100
2022-04-20,95.74874877929688,96.4061746199521,95.61726504423106,96.03989747722217,8623000
2022-04-21,94.77203369140625,96.84760697542808,94.54662681538997,96.69733572475056,11117200
2022-04-22,92.44287109375,94.34939263081377,92.35834173156498,94.29304449957506,12030400
2022-04-25,92.44287109375,92.58374858717372,90.3391239320238,91.90754235100142,16391100
2022-04-26,90.42363739013672,92.1047590744513,90.39546332724017,91.75726224629925,14594100
2022-04-27,90.76175689697266,91.57884069543795,89.95406684294791,90.37669935884136,13363100
2022-04-28,91.78544616699219,92.14232958302786,89.90709882197534,91.01532404214834,13461600
2022-04-29,89.35298919677734,92.11416228980613,89.17454389298032,91.64457541903671,15135400
2022-05-02,89.54080200195312,90.33910524444124,87.81272612505165,89.2590542387151,19101300
2022-05-03,90.13250732421875,90.72418421632744,89.35299138001646,89.72866231887649,13315900
2022-05-04,92.7433853149414,92.95939837778518,89.84134257077181,90.08552252750349,18468900
2022-05-05,90.32032775878906,92.30198472381683,89.59716720457182,91.85118538660579,24943700
2022-05-06,89.7098617553711,89.9916167097808,88.24475318922333,89.95404890483776,24153900
2022-05-09,87.54036712646484,89.01486933677808,87.18348375131202,88.66737970356566,21188700
2022-05-10,86.96748352050781,88.75191499041753,86.1034454328721,88.48894749986115,22935000
2022-05-11,86.1785659790039,88.41379642319049,86.03768851503312,86.90172645157662,21838600
2022-05-12,86.33824157714844,86.88296406206688,84.70408128772007,85.73717096114427,18517400
2022-05-13,87.43705749511719,87.93481833826698,86.54484547422518,87.108348180332,12837800
2022-05-16,87.3149642944336,88.00995070085095,86.59179666322228,87.18348057336343,10865900
2022-05-17,89.29664611816406,89.42812987619352,87.981801372542,88.72374953018107,9490500
2022-05-18,85.97195434570312,88.65799148184784,85.71837345480301,88.49833368554842,11173000
2022-05-19,85.20183563232422,86.29127335260242,84.22509416550416,85.07035189307213,14482000
2022-05-20,84.28144073486328,85.64324681670529,82.68484840754647,85.46480153159206,15695100
2022-05-23,85.66202545166016,85.87803853809123,84.67589744489075,85.0985227098882,11989100
2022-05-24,85.61505889892578,85.81228447224287,83.81184035013726,85.22060058696651,9917000
2022-05-25,86.11283874511719,86.44154810666713,85.03278755831595,85.33332285535113,9460100
2022-05-26,87.85969543457031,88.2917144419838,86.71390246627423,86.8923405825003,8028100
2022-05-27,89.66289520263672,89.68167551989599,88.44196678635434,88.55467018588547,8669600
2022-05-31,88.93975067138672,89.5596087816493,88.0945000342316,88.72374472289668,14498300
2022-06-01,88.39502716064453,89.68169048469694,87.67185943230032,89.4656845562081,8713700
2022-06-02,90.0855484008789,90.13250995660566,88.21659456125826,89.00549710711033,8432500
2022-06-03,89.7380599975586,89.9728534489752,89.17454998189673,89.27785967374624,6828800
2022-06-06,90.11371612548828,90.66783234968707,89.92588424645672,90.38607736581285,8334500
2022-06-07,91.32524871826172,91.4191646553368,89.01488227264636,89.31541757048267,7427700
2022-06-08,89.67230224609375,90.86504961543395,89.46568289896562,90.63964994826064,7028700
2022-06-09,87.90664672851562,89.65351018187567,87.90664672851562,89.29662679663443,6737800
2022-06-10,85.31452941894531,86.54485175112467,85.28635535639542,86.34762614794924,10416600
2022-06-13,82.7505874633789,83.75550294083877,82.2340391110428,83.63341295088932,18353300
2022-06-14,82.54397583007812,83.72733669708371,81.85838304240607,83.10747861640047,10512800
2022-06-15,83.34227752685547,84.337806585723,82.05561406037263,83.19201345109803,13335200
2022-06-16,80.56231689453125,81.76445805505567,80.13969160586537,81.71750367038531,13500700
2022-06-17,80.35569763183594,81.15400099074547,79.42591769650168,80.46840105276266,14253500
2022-06-21,81.82157897949219,82.13286871373249,81.05751071979769,81.62348747500786,9161600
2022-06-22,81.3687973022461,82.02910229161712,80.51039361927911,80.6707523743,11136800
2022-06-23,80.95376586914062,81.65180378594658,79.94443814736395,81.33108619060938,9744400
2022-06-24,83.78362274169922,83.79305772493976,81.68950266288165,81.72723539906022,9634000
2022-06-27,83.5855484008789,84.22699065377788,83.20822815856451,84.22699065377788,6361300
2022-06-28,82.61395263671875,85.08538616029071,82.54792213487029,84.14208916429287,6476300
2022-06-29,82.13286590576172,82.78374311023283,81.4819887012906,82.77430812554617,6818200
2022-06-30,82.38755798339844,82.74601545568376,80.7556581747214,81.13297842075512,8708500
2022-07-01,83.10448455810547,83.37804161853332,81.60464541624113,82.23665283337441,11717900
2022-07-05,81.85932159423828,81.8970543420405,80.43494095104373,81.70839779981515,10994500
2022-07-06,82.33097076416016,82.84035206813249,81.27448260491606,82.04798594869942,9781700
2022-07-07,83.30255889892578,83.51008539821368,82.35926186346097,82.90637587125902,5865600
2022-07-08,82.92525482177734,83.45349891586758,82.28381248033091,83.08561360794245,4912800
2022-07-11,82.36869812011719,82.92524712195902,82.18004158882678,82.44416361134749,7985000
2022-07-12,82.114013671875,83.22710451386394,81.82158668333501,81.99138044556335,8018000
2022-07-13,81.11409759521484,81.80270749183278,80.59528862353451,80.8028150909203,9498600
2022-07-14,80.65188598632812,80.74621423818334,79.50106260205527,79.95384828645834,6825200
2022-07-15,81.9159164428711,82.03854967141474,80.9254588091669,81.78385542504387,7855600
2022-07-18,81.42540740966797,82.96297913007376,81.1707203529181,82.64226156255273,6282000
2022-07-19,84.33075714111328,84.48168092576793,82.07627778254741,82.09514055683475,7326900
2022-07-20,84.98163604736328,85.2080325430734,84.05720887863147,84.35906367612557,8260600
2022-07-21,85.59476470947266,85.61363467899865,84.40621571358479,84.73636821244253,5899300
2022-07-22,85.32121276855469,86.15131875392888,84.92502974650891,85.87776175391103,5969800
2022-07-25,85.72683715820312,85.97209641730346,84.896738307814,85.41555458729826,6154900
2022-07-26,85.26461029052734,86.04754848217652,85.06651879567355,85.4532668008306,5522200
2022-07-27,86.58522033691406,87.00970104860232,85.25516829919866,85.82115217716162,8662100
2022-07-28,88.3963623046875,88.49069056671594,86.77389028937222,87.0191495280742,8668500
2022-07-29,90.2169418334961,90.40559839102004,88.4246757498733,88.4246757498733,9000600
2022-08-01,90.31127166748047,90.60369869250061,89.48117272457938,89.65096650798944,8599400
2022-08-02,89.35850524902344,90.47159571378992,89.18871154433761,89.97164238564935,10039900
2022-08-03,90.19805145263672,90.48103620231919,89.12269357091819,89.74526577764695,5509400
2022-08-04,90.52822875976562,90.79235081063807,90.00941244784752,90.21693897261477,5339300
2022-08-05,90.66971588134766,90.73574638759125,89.60378559897687,89.60378559897687,7857300
2022-08-08,90.64140319824219,91.63186790425691,90.40557895364677,91.37718088667917,5606000
2022-08-09,90.31127166748047,90.77349247591067,90.12261510670774,90.63199645693788,4398000
2022-08-10,92.29218292236328,92.58460991119807,91.54698456177245,91.74507608510761,5967000
2022-08-11,92.7826919555664,93.603362922786,92.60346322557038,92.89589018452992,5711600
2022-08-12,94.17877197265625,94.20707692884136,92.87702466276357,93.20717718373797,7808200
2022-08-15,94.40516662597656,94.53722763182672,93.3864041264595,93.52790011752326,6558400
2022-08-16,94.82965087890625,95.2447038821001,93.95238433829174,93.95238433829174,5564200
2022-08-17,94.07501220703125,94.50892795986752,93.5750587558216,93.71655474402112,6578800
2022-08-18,94.45233154296875,94.59382754060078,93.92408749504689,94.24481223613188,7003400
2022-08-19,93.2354736328125,93.89578586226648,92.99022159026983,93.86748810326425,6893400
2022-08-22,91.46208190917969,92.23558520911449,91.3394558824434,92.09408921101237,5804800
2022-08-23,91.63187408447266,92.23558361561204,91.3488820931575,91.499813074335,9874700
2022-08-24,91.93373107910156,92.20728809152956,91.54698302483126,91.7262045733434,6443800
2022-08-25,93.33921813964844,93.36752308975268,92.26386033276422,92.34876078950964,6045900
2022-08-26,90.10372161865234,93.56562689936675,90.03769111993488,93.51845917308944,8006200
2022-08-29,89.69812774658203,90.41503563730315,89.17931860203358,89.52834115863952,6386900
2022-08-30,88.40581512451172,90.01885247999545,88.03792979063577,89.89622643429897,9546600
2022-08-31,87.66057586669922,88.92459018126947,87.56624762180027,88.76423144526288,9683700
2022-09-01,87.78321838378906,87.83982109880654,86.70786035666376,87.08518060404468,8790000
2022-09-02,86.93424987792969,88.87743928103887,86.52863190383768,88.76424105683253,9839300
2022-09-06,87.07575988769531,87.50967572441361,86.32112646605815,86.97199662274244,11438600
2022-09-07,88.47183990478516,88.69822920400301,86.74560440588209,86.76447437894213,7934100
2022-09-08,88.73595428466797,88.77368703074104,87.37760421317896,87.93415322177505,6979900
2022-09-09,89.88677215576172,90.07542867738805,89.27362766529866,89.31136040898093,7440000
2022-09-12,90.42445373535156,90.88666726425555,89.95280522106192,90.40558376458027,5874000
2022-09-13,87.01915740966797,89.17930863066047,86.68900486427299,88.48127079228455,11236300
2022-09-14,86.849365234375,87.23612050662433,85.76457211096674,86.97199126868568,8889400
2022-09-15,85.94379425048828,87.3964725617933,85.67023724412708,86.78332804386545,10688800
2022-09-16,84.15151977539062,84.52883999353469,83.42518429281057,84.01945877855789,19141400
2022-09-19,85.29364013671875,85.41686038290001,83.51175533843484,83.5686217712969,8455400
2022-09-20,84.23209381103516,84.71547294702341,83.53070740173548,84.6586065148448,6652500
2022-09-21,83.11367797851562,85.64433554310206,83.10419782905034,84.98086970523735,10846700
2022-09-22,81.862548828125,83.03783402485519,81.73932860433551,82.9146210322995,8925600
2022-09-23,80.32709503173828,81.1327340666357,79.34136934000188,81.04743442785991,13831600
2022-09-26,79.4835433959961,80.76308860850932,79.12337731010795,80.08066256683979,9241600
2022-09-27,79.21815490722656,80.45978672406399,78.5452090323098,80.20388058113161,12179600
2022-09-28,80.96212768554688,81.40760063870322,79.30345610410428,79.55936948330374,11920100
2022-09-29,79.55937194824219,80.32709764715806,78.82007946317736,80.25127092273232,9357400
2022-09-30,78.51678466796875,80.04276338388586,78.43148501326763,79.33190400310095,8935700
2022-10-03,80.88630676269531,81.52134656657259,79.14233541730663,79.38876866610624,8612500
2022-10-04,83.70132446289062,83.7202847634929,82.11847923068936,82.11847923068936,9676100
2022-10-05,83.2463607788086,83.95722004423594,82.39332821404889,82.79140766719196,7055800
2022-10-06,82.28907775878906,83.43592997141549,82.08055785990513,82.81985042414074,8813300
2022-10-07,80.71571350097656,81.63508552360464,80.2228469665671,81.50239235616408,7415200
2022-10-10,81.00003814697266,81.82463744975827,80.31761213518234,81.38864466027756,7564300
2022-10-11,80.9810791015625,82.08053752617106,80.45977948349373,80.67777947774978,8661700
2022-10-12,80.34606170654297,81.31283449717026,80.30815557037778,80.93370805439947,6727400
2022-10-13,82.11847686767578,82.5449896128867,78.44096686137357,78.52626651792147,18956100
2022-10-14,80.31761169433594,82.83879586503033,80.14700519232478,82.69662257481538,9432900
2022-10-17,82.0710678100586,82.51654077098372,81.64455514560034,81.73933493423169,9541100
2022-10-18,84.05201721191406,84.27001728012846,82.87673167481861,83.84349729394444,10160500
2022-10-19,83.45487213134766,84.21311759829837,82.79139921262794,83.64443169027692,7705500
2022-10-20,81.81517028808594,83.70131503638108,81.67299697452427,83.2084557447671,8773200
2022-10-21,84.06149291992188,84.23209945913258,81.59717463549262,81.8910014276661,13148200
2022-10-24,85.17990112304688,85.50215386098643,84.42164832718326,84.65860142198632,9388700
2022-10-25,86.32675170898438,86.39309828510768,85.0377263175306,85.08511259691326,9807900
2022-10-26,86.63005065917969,87.87168252974641,86.31727084665644,87.11343698478522,10250400
2022-10-27,87.64421844482422,88.69629084325909,87.46413176525434,87.4736119145041,9223900
2022-10-28,89.6820068359375,89.7578263279252,87.59681533473731,87.82429550440345,9161700
2022-10-31,89.42610168457031,89.99478769861467,88.99010883276179,89.24602223938452,9144900
2022-11-01,89.3407974243164,90.20330293432275,88.78158435699031,90.08957007612631,9673000
2022-11-02,87.7674331665039,90.72461067246765,87.72004688180405,88.89533231839523,13884600
2022-11-03,88.68681335449219,89.48297959694834,86.81962161420746,86.87649528017705,13331000
2022-11-04,90.1085433959961,90.36444961569336,88.62047790649477,89.91898376890451,11497500
2022-11-07,91.0752944946289,91.21746780782195,89.94740260076367,90.51608862230073,8286900
2022-11-08,91.8714599609375,92.29797266580509,90.77199406119034,91.369120525487,8951500
2022-11-09,90.59191131591797,91.93780319419227,90.47817122418579,91.32172368530382,9217600
2022-11-10,94.39264678955078,94.51586704696099,92.73397485505986,93.16997498418493,18633600
2022-11-11,94.33576965332031,95.00871560839263,93.9471703186943,94.62011627376663,9975400
2022-11-14,93.75759887695312,95.02767122616278,93.72916566255586,94.06089854924826,8854100
2022-11-15,94.40211486816406,94.95184780308169,93.58699561466133,94.77176113065543,10514100
2022-11-16,93.71968078613281,94.47793354423635,93.51116814732686,94.28837397032757,9612000
2022-11-17,93.55856323242188,93.59647659701949,92.0325846557337,92.51597101530965,8753800
2022-11-18,94.25045776367188,94.67697040770638,93.64385846799729,94.40210397197352,7661500
2022-11-21,94.55377197265625,94.83811136872245,93.97560580004934,94.00403901653245,7072600
2022-11-22,95.2835922241211,95.50159228717045,94.87603254808283,94.97081235457728,7470200
2022-11-23,95.64375305175781,96.00391916163083,95.33097322329098,95.39731980224745,5649000
2022-11-25,96.01339721679688,96.20295680075773,95.73853075818941,95.8522636160721,2665900
2022-11-28,94.26941680908203,95.67218228885163,93.96611714200138,95.58687541589188,7870200
2022-11-29,94.84758758544922,94.99924104205152,94.1935947085127,94.47794132402463,5563400
2022-11-30,96.41148376464844,96.43043683194306,93.7765663053536,94.82863870546558,18295400
2022-12-01,96.43991088867188,97.01807702630667,95.70061837988894,96.77164377963413,13848600
2022-12-02,96.9896469116211,97.3308599621555,95.40680190184113,95.40680190184113,10767900
2022-12-05,95.3688735961914,96.22189885765293,95.19826709765235,96.10816601278275,11070700
2022-12-06,94.2409896850586,95.6342751064818,93.5301303664741,95.58688159274887,8854500
2022-12-07,94.11776733398438,94.7812330730017,93.93768067715072,94.07037382495419,7173700
2022-12-08,94.67696380615234,95.25512984940862,94.33575082222293,94.45897104106236,6462400
2022-12-09,93.89976501464844,95.0276639745668,93.87133180242093,94.62957730967948,7208000
2022-12-12,95.51105499267578,95.53949543969503,94.04195007101832,94.11777680059978,7043300
2022-12-13,95.8712158203125,97.9184866329624,95.16983674138221,97.84266714451906,17589500
2022-12-14,95.69115447998047,96.94226676064983,95.14142146376196,95.9849740574053,10428900
2022-12-15,93.37847900390625,94.82863812061271,92.89509986290585,94.40211818114548,11588400
2022-12-16,92.98040771484375,93.17944747832716,92.07050855410431,92.49702129996363,17357100
2022-12-19,92.49090576171875,93.58608671413106,92.04330653002005,92.72898984106916,8814700
2022-12-20,92.60518646240234,93.20516302479193,92.18616340086425,92.29092098268625,9294200
2022-12-21,94.34795379638672,94.50984921819483,93.37657399978896,93.69083944631377,8220700
2022-12-22,93.14801025390625,93.77655569323059,91.70998768651137,93.70036704620657,11024700
2022-12-23,93.70035552978516,93.83368201281583,92.7289758297405,93.1384806749771,6142400
2022-12-27,93.9860610961914,94.45270379577578,93.48132407704423,93.84320921426804,5213800
2022-12-28,92.75755310058594,94.37652183494998,92.73850230658219,94.15748856415026,6803900
2022-12-29,93.90036010742188,94.1860639109648,93.10991921460268,93.18610786431408,8309000
2022-12-30,93.52893829345703,93.70988449836032,92.6527907242124,93.33847395779469,6874400
2023-01-03,93.72893524169922,94.22415417774546,92.86231300224215,94.07177688488531,11407700
2023-01-04,94.5574722290039,94.86221955479327,93.82416920817522,94.03368435698341,12236000
2023-01-05,93.53845977783203,94.24318650920677,93.28132494311869,94.02415325893074,9649600
2023-01-06,96.10025787353516,96.3669108704452,94.30986101014047,94.48128183183253,16270200
2023-01-09,95.67169952392578,97.2049614792377,95.54789842616266,96.3383392633978,12846700
2023-01-10,96.19548797607422,96.25262582682403,95.30028956366529,95.35742741441511,9166200
2023-01-11,97.1192398071289,97.13828333242186,96.22404153765353,96.75734743483142,7395400
2023-01-12,97.69065856933594,98.07159453925536,96.65260823294922,97.47161802526374,9883200
2023-01-13,97.57637023925781,97.6525588822069,96.61450860283506,96.86211805954514,14206900
2023-01-17,96.74784088134766,97.65256472254214,96.64309057321395,97.51923822228179,9274900
2023-01-18,94.92888641357422,97.3002018595629,94.87174855836354,97.08116857075552,15026000
2023-01-19,92.97657775878906,94.58602821281384,92.96705962841793,94.34794417006454,17155600
2023-01-20,94.27176666259766,94.30033558858077,92.67184141580067,93.05277738232361,12816500
2023-01-23,95.30029296875,95.81455544112023,94.16701045005915,94.56699721684667,11113600
2023-01-24,95.9288330078125,96.21452952142246,94.27176271272924,94.7669816281848,11341200
2023-01-25,95.39551544189453,95.65265028479912,94.09081949754044,94.88125302183394,11728300
2023-01-26,95.91931915283203,96.07168919194207,94.72889870517625,96.07168919194207,14985500
2023-01-27,96.31927490234375,96.77639943832892,95.63359173123997,95.70978036486218,14187300
2023-01-30,95.37648010253906,96.6526072329543,95.30029145619359,95.71932174534449,10057900
2023-01-31,96.99545288085938,97.02402180798127,95.31933892079554,95.66218057775745,10367500
2023-02-01,97.7001724243164,98.4049064808315,96.16691774592292,96.60499154914234,16673700
2023-02-02,98.4620361328125,99.03343638223022,97.45256211664957,98.06205668479492,13459800
2023-02-03,97.9477767944336,98.75726111192505,97.6906492171593,97.82397570400502,13567600
2023-02-06,97.7096939086914,98.08110445015197,97.31923983991821,97.47160985566548,10260900
2023-02-07,98.01445007324219,98.27158494259228,96.42405019892615,97.42400621839994,10946100
2023-02-08,97.46208190917969,97.92873187224035,97.13829109309532,97.50970162483846,7429700
2023-02-09,96.58594512939453,98.16682686394167,96.31929212977195,97.93826092219433,8882400
2023-02-10,97.2716293334961,97.34781798145825,96.26215517812038,96.366912752631,7710500
2023-02-13,98.15730285644531,98.21444070981653,97.2906805954011,97.46209415551475,5781400
2023-02-14,97.89065551757812,98.33825477021847,96.88118129894232,97.8144668648415,7722200
2023-02-15,98.5001220703125,98.52869099049023,97.1573246959765,97.34779627340772,6005600
2023-02-16,97.48114776611328,98.22396894439234,97.06211745395602,97.23353828477039,8838600
2023-02-17,98.11920928955078,98.17634714336297,97.03354647262225,97.41448245145232,8779000
2023-02-21,95.87168884277344,97.69065457350686,95.77645667062617,97.38590726318621,9805000
2023-02-22,95.63359832763672,96.42403910805523,95.23361887215331,95.95739640999126,8867100
2023-02-23,96.08121490478516,96.66214066640482,95.06221528888261,96.11930923112496,8995600
2023-02-24,95.52886199951172,95.68123931113647,94.6622396533339,95.09078812721577,9288400
2023-02-27,96.37642669677734,97.1097296864898,96.15739342558983,96.68117400963537,8677600
2023-02-28,96.15739440917969,96.75736364401406,96.06216223526538,96.252626583094,10854200
2023-03-01,96.53833770751953,97.04307480679972,95.90026683572695,96.07168766810038,10365100
2023-03-02,97.67157745361328,97.86204901231784,95.95737701975442,95.95737701975442,10570200
2023-03-03,98.72867584228516,98.89057122582932,97.50968686966283,98.06204351842838,12097400
2023-03-06,98.5477523803711,99.21438480871035,98.40490049837024,98.79535455904079,9715000
2023-03-07,97.2811508178711,98.70012981677937,97.20496217297357,98.55727792403377,11034200
2023-03-08,97.50971984863281,97.74780393992565,96.80499297281598,97.35734980839533,11508800
2023-03-09,96.0716781616211,98.37633740564665,95.92883353690273,98.0620646997683,11018100
2023-03-10,94.28128814697266,96.40500116781884,93.98606623640057,95.91930764901564,27405100
2023-03-13,93.74797821044922,94.62412577400983,92.9384866247642,93.31942255936622,28616500
2023-03-14,94.7384262084961,95.70028072023696,93.63371252096208,94.94793410870948,15383900
2023-03-15,92.40518951416016,93.15753605887886,90.94811614575848,93.014684161521,34251600
2023-03-16,93.5956039428711,93.8717823227032,91.54807958601161,91.80521443808755,24105200
2023-03-17,92.06234741210938,93.34799995048171,91.62427359059173,93.18610452495875,23170200
2023-03-20,93.28156280517578,93.51105921831733,92.47831441584121,92.47831441584121,14476200
2023-03-21,94.36212158203125,94.75417767614903,93.87443528858532,94.37168606107605,11495200
2023-03-22,92.5548095703125,94.80198034420916,92.51655895470911,94.33342307029581,14178400
2023-03-23,92.28707885742188,93.85531789636592,91.71333411314777,92.69826392833771,15857500
2023-03-24,92.6695556640625,92.73649241332316,91.02481577301941,91.59856038033342,15993200
2023-03-27,93.44412231445312,93.75968444175419,92.83212701665923,93.41543617480019,7668400
2023-03-28,93.92223358154297,94.29516794639714,93.26242326115852,93.26242326115852,9909000
2023-03-29,95.28965759277344,95.33746538610264,94.59159669103113,94.77328527413357,9387900
2023-03-30,95.490478515625,95.94947131983103,95.18448088096795,95.75822553400504,8160100
2023-03-31,96.75273132324219,96.81010360678798,95.85385997137169,96.05467025934192,12006400
2023-04-03,96.92483520507812,97.31689121993932,96.22677428712352,96.54233637176978,11174100
2023-04-04,94.75416564941406,96.98221477266114,94.40036022082255,96.98221477266114,18801900
2023-04-05,93.52062225341797,94.68723325795936,93.23374626974886,94.26649105628647,16606700
2023-04-06,93.49192810058594,93.87442697735406,93.08074308478308,93.54930767421467,10886000
2023-04-10,94.3429946899414,94.36211635141115,93.12856126316666,93.12856126316666,10568900
2023-04-11,94.90717315673828,95.34704431806813,94.54380323100303,94.62029717103825,9753200
2023-04-12,95.22273254394531,95.78691272522491,94.96454270512717,95.42354280993767,11277200
2023-04-13,95.57652282714844,95.75821140376422,94.24734511378391,95.26096805665524,12289300
2023-04-14,95.46178436279297,95.98771387743948,94.89759693952232,95.25140963871098,9255000
2023-04-17,96.21721649169922,96.2459026272916,95.56697066789117,95.7008441643612,8007100
2023-04-18,96.67620849609375,97.24995309012871,96.32240309914401,96.68577297306919,9924700
2023-04-19,96.59972381591797,96.76229077010981,96.16941712058326,96.33197677921552,7734400
2023-04-20,96.42758178710938,96.8005234282445,96.0355257834129,96.0355257834129,9265100
2023-04-21,96.20767211914062,96.74316621692283,95.83473768739088,96.59972821342834,10668600
2023-04-24,96.43717193603516,96.77185575890925,96.05467301179611,96.20767549971579,6942000
2023-04-25,94.65853118896484,95.90165051491853,94.59159444344783,95.86339990382908,12306900
2023-04-26,92.87036895751953,94.29516969311322,92.67911588510373,94.04654434675206,16058800
2023-04-27,94.70636749267578,94.82111935165064,93.00425504346057,93.14769304328921,14421500
2023-04-28,95.6243667602539,95.77736924893921,94.59162184830872,94.59162184830872,10714800
2023-05-01,96.1407241821289,96.6857826956059,95.62435180690453,95.63391628484176,8551100
2023-05-02,95.13666534423828,95.96859982938601,94.05611279778495,95.79647570471955,12240400
2023-05-03,94.77330017089844,96.11204261903418,94.70636341326963,95.45223222557912,13371600
2023-05-04,93.74055480957031,94.87848697800082,93.22418241285965,94.67767670631767,15150000
2023-05-05,95.15579223632812,95.44266090751125,94.48641741244974,94.60116925825831,9231300
2023-05-08,94.81156158447266,95.69130401221022,94.46731327873879,95.52874433882485,7610200
2023-05-09,95.02192687988281,95.16535757999576,94.39080261714781,94.58205570989759,8068100
2023-05-10,94.67767333984375,95.7391042349698,93.59711348872744,95.62435238570568,12580500
2023-05-11,94.10392761230469,94.3047378745593,93.57799076195283,94.18042154871665,11573800
2023-05-12,94.17086029052734,94.81154166554698,93.47279934623343,94.5151012283795,8552400
2023-05-15,94.6298599243164,94.95498652188682,93.7979254173996,94.13261649313482,8433600
2023-05-16,93.34849548339844,94.27604557384714,93.34849548339844,94.18042268051377,9416200
2023-05-17,94.9549789428711,95.2609765596881,93.88398363623226,93.93179872768062,12387400
2023-05-18,95.64348602294922,95.79648850779422,94.534247190063,94.80199424298173,10813000
2023-05-19,95.41398620605469,96.47541719643841,94.92629992236384,96.3797942945829,10028200
2023-05-22,95.39485931396484,95.98772565030153,94.6202970716124,95.45223159282081,9038600
2023-05-23,94.24736022949219,95.24185437876848,94.08480057989989,94.97410735695547,11744600
2023-05-24,93.03292846679688,93.99873641835426,92.89905496407313,93.9700429858631,11654900
2023-05-25,93.33893585205078,93.56843226707937,92.50700131617786,93.0998749585245,14259300
2023-05-26,94.03697967529297,94.40035686435417,93.50148566475065,93.61623750796345,10790500
2023-05-30,93.8935546875,94.4003625918782,93.42499010428767,94.17086618708714,9828300
2023-05-31,92.61219024658203,93.66405673663131,92.30619258955751,93.53018321765556,13021500
2023-06-01,93.79792785644531,94.00830260818613,92.51656498029222,92.83212710790345,12573600
2023-06-02,96.52323913574219,96.81010786163911,94.72549635298952,94.78287593461714,21451300
2023-06-05,95.8538589477539,96.72404414855886,95.72954990287887,96.72404414855886,9655500
2023-06-06,96.45628356933594,96.60927873421447,95.53829069338813,95.62434910571503,10509400
2023-06-07,98.00538635253906,98.07232310030763,96.17896520882073,96.51364894766354,13384300
2023-06-08,98.17752075195312,98.40702445026744,97.37427969453032,97.83327250004075,10074600
2023-06-09,97.9193344116211,98.26358265017697,97.2786530270261,98.19664589798882,9870800
2023-06-12,98.61738586425781,98.78950997968452,97.65158521794665,98.01495510804364,9905000
2023-06-13,99.76490020751953,99.85095863281545,98.6747830470782,98.79909209324784,14474000
2023-06-14,99.49715423583984,100.28127373335377,99.06684021801438,100.04221282197075,14953600
2023-06-15,100.99844360351562,101.19925386803332,99.40151137424971,99.45889094665414,12776600
2023-06-16,100.83586883544922,101.93555026152843,100.68287367721375,101.3139905602177,14448400
2023-06-20,100.08702087402344,100.48065200196557,99.69338974608131,100.19262886811852,9527500
2023-06-21,100.64385986328125,100.93187566715974,99.35736583348017,99.56858181783052,12206200
2023-06-22,99.91422271728516,100.37505833225916,99.74141027726162,100.25984759733225,11641800
2023-06-23,99.15574645996094,99.53977483285433,98.80052625793842,99.05013847429694,11246200
2023-06-26,99.98141479492188,100.17342533800921,98.99254658102998,99.11735270156349,7639200
2023-06-27,101.1814956665039,101.29670638339904,100.01981507222479,100.19262748520124,8210200
2023-06-28,101.1814956665039,101.38310892752104,100.835870840551,101.21029651454458,7866600
2023-06-29,102.16078186035156,102.18958271217332,100.98949838804401,101.06629821799089,10236000
2023-06-30,103.03443145751953,103.32245460289118,102.34318176841388,102.78481188651297,11431400
2023-07-03,103.05364227294922,103.2552628943778,102.21838823303264,102.64082027833632,6786800
2023-07-05,102.4968032836914,102.84242815258311,102.1607811402504,102.4199961295525,9504700
2023-07-06,101.72874450683594,102.04556851823847,101.13350006038877,101.69034093047807,11209500
2023-07-07,101.95915222167969,102.93842504532482,101.40231871137762,101.43111956064963,9359300
2023-07-10,103.40884399414062,103.40884399414062,101.97834582353617,101.98794854708882,11765400
2023-07-11,104.62814331054688,104.78175027810384,103.62006966041115,103.64887050903229,10283200
2023-07-12,104.44573211669922,105.49220205472143,104.33052139312815,105.47300392982602,13492900
2023-07-13,104.58013153076172,104.82014835633267,104.14810417462691,104.5417279597025,8964900
2023-07-14,104.2729263305664,104.5417440446093,103.74488630317262,104.50334046764127,9288100
2023-07-17,104.66655731201172,105.01218220355419,103.85050138882181,104.09051826768554,6517700
2023-07-18,105.25218963623047,105.60741722197196,104.66654791838451,104.71455421974233,8098000
2023-07-19,105.20419311523438,105.51141440678907,104.58014780668263,105.00257982934535,8563500
2023-07-20,105.67461395263672,105.94343164130251,105.00256973097224,105.37699541514712,10643900
2023-07-21,105.1753921508789,105.78983473332954,105.1561867000148,105.55941327136053,8993400
2023-07-24,105.4154052734375,105.76103012939498,105.06978041748002,105.13698484365324,6754800
2023-07-25,105.28099060058594,105.36739314743197,104.25371148986532,104.46492748179918,8768400
2023-07-26,106.02024841308594,106.12585641818269,105.48261298694487,105.64582269491865,10555200
2023-07-27,105.1081771850586,106.05864181501174,104.83935217304489,106.05864181501174,11837800
2023-07-28,105.76103210449219,105.96264538677703,105.3577982151893,105.94343993623566,7466600
2023-07-31,106.0106430053711,106.17385270921527,105.6074164459679,105.89543960253198,6587200
2023-08-01,106.32747650146484,106.68270411629716,105.66502757708945,105.8378400215033,9003600
2023-08-02,105.21379089355469,106.18346109260966,105.03138305442832,105.72263280723054,9905900
2023-08-03,104.55133056640625,105.07936318723085,104.38812088313676,104.82975096272419,7991700
2023-08-04,103.91767883300781,105.03136037756875,103.75446915570448,104.95455323834413,10631100
2023-08-07,105.19459533691406,105.33860692638837,104.26332869301173,104.31133499774774,8462600
2023-08-08,104.71455383300781,104.91616711344626,103.8408962844412,104.55134412856714,7669100
2023-08-09,104.65694427490234,105.12737522727735,104.26331314402445,104.7241486966702,7881500
2023-08-10,104.3689193725586,105.55940082004112,104.13850526250157,104.80095406923957,7259200
2023-08-11,104.54174041748047,104.8105581221966,104.09050755967851,104.14811658549846,5720300
2023-08-14,104.58013153076172,104.63773322498444,104.16730229779041,104.46492081758407,6113000
2023-08-15,103.24564361572266,104.01369310027127,103.1304328969107,103.8984897061919,6911700
2023-08-16,102.66962432861328,103.87930414645172,102.58321444177683,103.05364548204733,10281000
2023-08-17,101.80554962158203,103.20724716928528,101.77674877107347,103.03443474150087,10867800
2023-08-18,101.99756622314453,102.3239929726421,101.14310675863449,101.21031118871728,10763900
2023-08-21,101.87275695800781,102.19917637274077,101.15270637579104,101.97836496271161,6464700
2023-08-22,101.63273620605469,102.4391893113888,101.39271935450529,102.1895770595852,8152300
2023-08-23,102.67920684814453,102.79441757456097,101.63273688427765,101.63273688427765,7643300
2023-08-24,101.43111419677734,103.01522674556216,101.39271062486792,102.28557352874792,9483700
2023-08-25,102.28557586669922,102.64080342143154,101.10468980887312,101.95914916037415,13142500
2023-08-28,103.120849609375,103.46646715694051,102.74641656043993,102.78482013788798,7673700
2023-08-29,103.90809631347656,103.96569801266872,102.73681293168355,103.04403420192985,9326500
2023-08-30,104.37853240966797,104.72415727126818,103.95610039554921,104.03290754806775,7849600
2023-08-31,103.90809631347656,104.79135654984306,103.88889086392393,104.55133970356523,5593400
2023-09-01,104.45533752441406,104.78175692915006,104.02330279347555,104.62814995184284,7034200
2023-09-05,102.69840240478516,104.30171307144342,102.65999883301262,104.2729122237971,8452200
2023-09-06,102.25677490234375,103.02482438301952,101.68073596065378,102.40078646894938,8586600
2023-09-07,101.92076110839844,102.36239124386681,101.28711309355265,101.8727548073708,7561200
2023-09-08,101.41191864013672,102.08397022700468,101.20070996113226,101.9591567749417,6828700
2023-09-11,101.44071960449219,101.86314425720606,100.88387878417326,101.66153099289731,6308000
2023-09-12,101.0759048461914,101.642348477913,100.81668984505353,100.92229785563326,8099500
2023-09-13,100.40385437011719,101.26791652880034,99.94301877724176,100.94148979119414,10646100
2023-09-14,101.39273071289062,101.4119288402827,100.79748621746278,101.01830496850766,10123900
2023-09-15,100.80707550048828,101.43112076615216,100.51905235487946,101.00868877252131,11446100
2023-09-18,100.91890716552734,101.49729276966538,100.59115066528688,100.80322710287095,6446700
2023-09-19,100.49474334716797,100.83213429996125,99.77175958208043,100.66825974497182,7360600
2023-09-20,100.09951782226562,101.53585099520726,100.04168146924607,101.07313810733527,8286700
2023-09-21,98.46076202392578,99.7717733539473,98.42220200191666,99.73321333193816,8931200
2023-09-22,98.12336730957031,98.74995477299441,98.0751654452408,98.2776000371953,10971200
2023-09-25,98.614990234375,98.65354289716849,97.67028819536561,97.69920636974639,7355500
2023-09-26,97.11119079589844,98.28724572767582,96.99551808429554,97.97877290578111,11490500
2023-09-27,97.83415985107422,98.14263262627075,97.06298159036842,97.69920347158643,12676700
2023-09-28,98.24868774414062,98.93311160208997,97.64138393190814,97.76669849026878,9804800
2023-09-29,97.72811889648438,98.93309178985746,97.40036979968092,98.84633727172861,11041900
2023-10-02,96.77378845214844,97.71849049540859,96.33035928231492,97.44857037264045,11079200
2023-10-03,96.09900665283203,97.14973955243327,95.70377198849452,96.43639761350346,12055500
2023-10-04,96.40747833251953,96.58099473238364,95.34710360204828,96.07008737572022,11394500
2023-10-05,95.83873748779297,96.52316131726958,95.44351014043752,96.27253221097475,10336400
2023-10-06,97.14974212646484,97.70885136443218,95.13503079752364,95.47242176713442,13842700
2023-10-09,98.67284393310547,98.78852400554028,97.34255619568184,97.52570711715454,11059700
2023-10-10,99.27050018310547,99.8585202486895,98.67283091954204,99.06805824440065,9658200
2023-10-11,99.86817169189453,99.91637355899509,99.08735145595733,99.53078068590762,7806500
2023-10-12,98.9620361328125,100.17664374497515,98.21012672654746,100.17664374497515,8102200
2023-10-13,98.08480834960938,99.43437966513757,97.65102098424089,99.06806314324488,9598000
2023-10-16,99.12590789794922,99.67537533201418,98.59571679728475,98.97166781245699,8344100
2023-10-17,99.43437957763672,100.08024338046482,98.64391753495569,98.68247755588793,10707200
2023-10-18,97.03407287597656,98.8270660003244,96.87019095241911,98.7788714912784,13582700
2023-10-19,96.13756561279297,97.79560222336245,95.93512368404585,97.22685851799764,12535100
2023-10-20,95.14466857910156,96.43640350619467,95.10611591373025,96.2436034064791,13641000
2023-10-23,94.70123291015625,96.03152776628609,94.6530384044496,95.00007120565118,12076800
2023-10-24,95.41458129882812,96.07008687774238,94.98078662413077,95.9062049670854,9324300
2023-10-25,94.19033813476562,95.35675123452123,94.15177811230606,95.26999669991642,10996000
2023-10-26,93.79509735107422,94.91330842407359,93.73725364837735,94.24816100234379,15387400
2023-10-27,92.96607971191406,93.99753631086209,92.65760691656246,93.8432962359005,13062000
2023-10-30,94.12285614013672,94.44097079667608,93.22635587916248,93.58303055660711,11242700
2023-10-31,94.8169174194336,94.92295563337291,93.76617712346358,93.9107753565237,10540200
2023-11-01,95.12539672851562,95.31818948274338,94.26745646942948,94.91332028612182,14715300
2023-11-02,97.08226776123047,97.17866413426782,95.96405659576784,96.17612567462129,10739800
2023-11-03,97.94020080566406,98.47039185036776,97.89200629996364,97.96911897999857,10001200
2023-11-06,97.679931640625,98.06552446602672,97.21721877922866,98.01732260488721,6899400
2023-11-07,97.43893432617188,97.59316703928764,96.78342874764463,97.0147814946039,7244500
2023-11-08,97.66064453125,97.96911730984485,97.26541723113058,97.65101004301694,7494200
2023-11-09,97.44855499267578,98.44145873979512,97.26540413148905,98.2775768524794,12232900
2023-11-10,98.8559799194336,98.96201812327988,97.64136517373946,97.9883979582235,9576200
2023-11-13,98.94274139404297,99.16445965982793,98.45111035569994,98.62462676014033,6598000
2023-11-14,100.92853546142578,101.33341197859228,100.1477153114824,100.1477153114824,12873000
2023-11-15,101.14060974121094,101.9117953860994,101.06348970580781,101.20808793354583,8516300
2023-11-16,101.15990447998047,101.7190064113116,100.75502792716335,101.24665901335916,8611100
2023-11-17,101.80577087402344,101.84433089691325,101.35269979828362,101.67081447119529,8034400
2023-11-20,102.1142349243164,102.38414770676965,101.27557104634664,101.69972390709987,7338700
2023-11-21,102.03711700439453,102.22991710627382,101.61297148940388,101.95036247447777,7676500
2023-11-22,102.25883483886719,102.57694948965772,101.80576379463312,102.00819838479842,9059700
2023-11-24,102.50945281982422,102.7022528999545,102.24918190486214,102.29738376353747,4439200
2023-11-27,101.93107604980469,102.26846702581847,101.77684332701482,102.18171249823136,9157900
2023-11-28,101.69007110595703,102.54801122398116,101.5454728867749,102.07566390558574,7976000
2023-11-29,102.07567596435547,102.58658335852721,101.87324137541414,102.25883422059508,9101400
2023-11-30,103.19388580322266,103.2517221510367,101.95035284322248,102.26846011077087,14101600
2023-12-01,104.82301330566406,104.89049150215202,103.21317107904292,103.29029111919253,13279800
2023-12-04,104.99651336669922,105.04471522292879,104.00361690676371,104.00361690676371,11010900
2023-12-05,104.14823150634766,104.7169752555686,104.0132751131572,104.55310068591902,10056300
2023-12-06,104.61093139648438,105.23751881939943,104.44705683567364,104.62057323964132,8336300
2023-12-07,104.70734405517578,105.0158168713815,104.40850572837783,104.84230045260503,8457600
2023-12-08,105.03509521484375,105.54600263697066,104.70734605897827,104.74590608106342,7150000
2023-12-11,106.0376205444336,106.16293508470407,105.24715857637612,105.30499492502845,9380200
2023-12-12,106.51962280273438,106.74134109073373,105.84484080373144,106.19187364738215,6524600
2023-12-13,107.705322265625,107.90775687037802,105.96051615967734,106.51962546113178,12976800
2023-12-14,109.09343719482422,109.35371548957225,108.3029751761403,108.44757341160346,15473800
2023-12-15,108.94884490966797,109.29587775190426,108.41866115677577,108.83317219863731,13800900
2023-12-18,108.94400024414062,109.29293179262464,108.82768726304231,109.21538980522577,6977200
2023-12-19,109.78722381591797,109.9035367742298,109.18629201833055,109.25413939531008,5249400
2023-12-20,108.01350402832031,109.90354349897552,107.94565664718937,109.00213835262998,8329600
2023-12-21,109.1281509399414,109.17661652975552,108.28490587773778,108.77922679356077,6962100
2023-12-22,109.65154266357422,110.03924517789635,109.21538195671832,109.35107672750951,5500100
2023-12-26,110.42694854736328,110.6886434945413,109.57400892509776,109.73878009164727,5181600
2023-12-27,110.59171295166016,110.85341527764656,110.22339964986857,110.40755999816936,5893900
2023-12-28,110.62080383300781,110.8534297965325,110.32033787363547,110.46572725213566,8240700
2023-12-29,110.48509979248047,110.88249690075635,110.01986269404226,110.47541259092034,7936300
2024-01-02,109.37045288085938,110.43663658892119,109.03121597138971,109.7484681740513,8558700
2024-01-03,107.74211883544922,108.96337174490557,107.6742640567803,108.76952418954083,18631200
2024-01-04,107.87781524658203,108.78890764444827,107.80996786168976,107.93596803511531,10715900
2024-01-05,108.00381469726562,108.49813558092166,107.61611218841405,107.80027254395087,7888100
2024-01-08,108.71136474609375,108.71136474609375,107.23809679420489,107.71302845213825,10855900
2024-01-09,108.37213134765625,108.49813891892562,107.5773445077231,107.97474162509494,8452000
2024-01-10,108.92459106445312,109.06028582009849,108.2945828681609,108.3915066372205,9109100
2024-01-11,108.67259979248047,109.1087604869704,107.78088181637834,108.95368392252449,9081700
2024-01-12,108.66291046142578,109.28323153888651,108.23643694761758,109.04091838691558,6631000
2024-01-16,107.56765747070312,108.20736034538012,107.20903134434097,108.12013116034666,10834200
2024-01-17,106.8407211303711,107.52888961333241,106.56932418113175,106.80195013762261,7604700
2024-01-18,108.28491973876953,108.45938553169778,107.1024301861239,107.23812498120012,9060600
2024-01-19,108.9924545288086,109.27353867693422,107.68396496635597,108.53691200751256,10355700
2024-01-22,109.835693359375,110.11677747266108,109.3704489041543,109.3704489041543,9912900
2024-01-23,109.74848175048828,110.22341348249725,109.2735426236684,109.8647873368026,10275200
2024-01-24,109.06999969482422,110.21371811943594,109.0118469020712,110.19433632012188,9638600
2024-01-25,110.11679077148438,110.13617257017151,109.33169851546907,109.6127752678911,9898900
2024-01-26,109.94232177734375,110.60141383552225,109.632161243778,110.2331005127912,7031100
2024-01-29,110.65956115722656,110.66925575321193,109.69030861337107,109.83569797391141,5849900
2024-01-30,110.6983413696289,110.85342533907604,109.87447811767032,109.87447811767032,8300000
2024-01-31,109.4189224243164,110.82433569788363,109.39954062656409,110.62079354483798,14462300
2024-02-01,111.2798843383789,111.30896073208535,109.50615776899443,110.107089625088,13946100
2024-02-02,112.02622985839844,112.51085621280076,110.62080899374487,111.04728255195855,12830200
2024-02-05,111.41557312011719,111.81297019891686,110.78556490416227,111.58035166695181,9536700
2024-02-06,112.41392517089844,112.47207796333662,111.28958855168817,111.55128351247079,8722800
2024-02-07,113.16024780273438,113.49948475401594,112.74346886407106,112.7919344548874,7557100
2024-02-08,113.17962646484375,113.49948160781898,112.71438934307136,113.43163421944338,8532300
2024-02-09,113.35408782958984,113.36378242606986,112.7240795597872,113.33470603144025,10106000
2024-02-12,113.51885986328125,113.82902037951385,113.1796155592809,113.2862339299993,8383200
2024-02-13,112.35575866699219,112.5689954203584,111.5512772410416,112.539919025774,14054200
2024-02-14,114.23609924316406,114.28456482566436,113.09238100736775,113.218381169135,11889500
2024-02-15,115.08906555175781,115.15691294615873,114.20704942454586,114.37182061168932,11644100
2024-02-16,114.40088653564453,115.20536799189207,114.27488635609676,114.82736005843806,8740900
2024-02-20,114.04225158691406,114.41056487118931,113.77085467792163,114.00348059991515,7392100
2024-02-21,114.49781799316406,114.54628358575175,113.7418020755878,114.06165723911967,8873000
2024-02-22,115.91291046142578,116.12614720845866,115.08904726182527,115.1665892416209,10604300
2024-02-23,116.52354431152344,116.77555204846001,116.07768901990346,116.17461279724516,8757400
2024-02-26,116.34908294677734,116.77555645695323,116.22308277095742,116.51385411395967,7951300
2024-02-27,116.52354431152344,116.6398498864094,116.03891803000475,116.60108629132087,6275500
2024-02-28,116.92093658447266,117.22140991408311,116.31031011848235,116.40723389795235,8324000
2024-02-29,117.2795639038086,117.54125885053851,116.70770842271226,117.2795639038086,9662100
2024-03-01,117.7835693359375,117.85141672020825,116.90155334041769,117.24079026177147,10782400
2024-03-04,118.21003723144531,118.54927413672068,117.78356375349347,117.78356375349347,11886600
2024-03-05,117.24079132080078,118.26819669041278,116.74647043389997,117.94834895871021,11999000
2024-03-06,117.8514175415039,118.5105095910745,117.5800280025296,117.70603557048933,8644800
2024-03-07,118.80128479003906,118.95636874759012,118.31665851490718,118.60743723791036,7936800
2024-03-08,118.53960418701172,119.70270443002686,118.21005443477713,119.08238331444399,10157100
2024-03-11,117.92896270751953,118.42328360675029,117.10509947200862,118.17127585883513,9179300
2024-03-12,118.45235443115234,118.56866740044565,117.3764834983224,117.9192699602143,9125300
2024-03-13,118.77220916748047,119.04359870014592,118.26819369697881,118.26819369697881,8009300
2024-03-14,118.26819610595703,119.08237211534727,117.49279848180618,118.95637194256047,9684800
2024-03-15,118.28759002685547,118.76252173767809,117.73511633207511,117.79326912263811,10739900
2024-03-18,118.49759674072266,118.98372079475564,118.36148259900656,118.71149251132347,7178800
2024-03-19,119.51844787597656,119.52817243299879,118.47814280450757,118.54619986833588,8842400
2024-03-20,120.95738220214844,121.1323797283698,119.23649901766623,119.36288859249184,10400900
2024-03-21,122.15324401855469,122.44492139968895,121.32683466222618,121.52128130453973,9965100
2024-03-22,121.73516845703125,122.60046856419292,121.70600220451217,122.50324524990822,6771100
2024-03-25,120.9476547241211,121.79350575108732,120.86987310256953,121.70600699008959,7658200
2024-03-26,120.51014709472656,121.2685068313991,120.46153914110492,120.94766318330659,7292700
2024-03-27,122.4449234008789,122.45464054078865,121.21988876482304,121.28794583251147,7162900
2024-03-28,122.46436309814453,122.78520673386282,122.23102564383302,122.60047723129824,7287000
2024-04-01,121.52127075195312,122.65880650546501,121.44349655237977,122.59074202713548,6905300
2024-04-02,120.95738220214844,121.43378166474453,120.70459563483334,121.03515640791441,11049400
2024-04-03,121.57962799072266,121.9199133425219,120.86988361325767,120.86988361325767,7589900
2024-04-04,120.51014709472656,122.88243479432322,120.15042005080242,122.37686905420574,10659800
2024-04-05,122.18241119384766,122.5032548319803,120.84071154938025,120.89904405898109,10718600
2024-04-08,121.96851348876953,122.56158538579412,121.88101472576453,122.35741418778524,6096100
2024-04-09,121.68657684326172,122.4643708796096,120.29626175113825,122.13381008313624,9042200
2024-04-10,120.64625549316406,121.01571449496474,119.76151363563564,120.17958058874534,14119500
2024-04-11,120.78238677978516,121.27822797849495,119.78096498892533,120.70460515022361,8228700
2024-04-12,119.48928833007812,120.45181183472764,118.9837151838331,120.02402031369938,11604300
2024-04-15,118.63370513916016,121.2976701670118,118.27397810389601,121.12266521932567,10374500
2024-04-16,118.36146545410156,118.92537105533638,117.75867646172111,118.59481030695527,11046200
2024-04-17,117.74895477294922,119.05176352029486,117.01976877976408,119.0225972673936,11084200
2024-04-18,117.34062194824219,118.79899405332037,117.16561699892625,118.3128700182943,9195800
2024-04-19,117.12671661376953,118.24480328648615,116.83503924952572,117.59339149536343,10832100
2024-04-22,118.01146697998047,118.79899295344312,117.28228093419241,117.83646203228477,10484900
2024-04-23,119.65457153320312,119.81985192742609,118.6725988903336,118.84760384235328,9870000
2024-04-24,118.7017593383789,119.76151355644342,117.71006960389697,119.54761780136634,11063800
2024-04-25,119.06149291992188,119.34344573887472,117.25311098985455,118.04063693853794,10321200
2024-04-26,119.25594329833984,119.61567031120968,118.74064562725242,118.76009474115347,6958100
2024-04-29,120.05318450927734,120.16012496342836,119.4601126447292,119.49900345426751,6339800
2024-04-30,118.14757537841797,120.0531880130941,118.09896742832403,119.87818307389583,15475900
2024-05-01,117.85590362548828,119.44066519349781,117.56422625872315,117.96285149879125,15569500
2024-05-02,118.5364761352539,118.76982099942745,117.21421824225854,118.41981112083081,11999600
2024-05-03,119.3628921508789,119.79068367483237,118.80871104833199,119.65456953860428,9068500
2024-05-06,120.56848907470703,120.66571240126831,120.04347421007887,120.15042209459558,7157300
2024-05-07,120.8990478515625,121.24905775547532,120.58792876115825,120.79209996883003,5244200
2024-05-08,120.8990478515625,121.06432824572572,120.16013723022833,120.17958634581471,5062500
2024-05-09,122.10462951660156,122.10462951660156,120.99626732867962,121.13238146279888,6682000
2024-05-10,122.192138671875,122.71715352382307,121.95880121023058,122.63937189738688,6038500
2024-05-13,121.67684936523438,122.60048207925232,121.60879229596635,122.46436794071629,5946900
2024-05-14,121.64767456054688,122.12407401194336,121.38516344205841,121.91017826137164,5105700
2024-05-15,122.4449234008789,122.53242216605088,122.07546438971536,122.28936015035445,8404100
2024-05-16,121.71573638916016,122.46436412779985,121.66712101934054,122.2310266715265,7135900
2024-05-17,121.85185241699219,121.99769111105331,121.2490559431161,121.81296160406494,5714100
2024-05-20,122.0851821899414,122.53241538394902,121.76433856674127,121.88101099817686,4337600
2024-05-21,121.68657684326172,121.88102349793259,121.37545032752529,121.86157438186686,6010000
2024-05-22,121.8323974609375,122.14351653177599,121.17126850819774,121.5018366933995,7910500
2024-05-23,120.39347076416016,122.19212806783777,120.16985046197829,122.12407100502824,9078200
2024-05-24,121.00599670410156,121.26850784297218,120.354592262357,120.85044086648485,7556800
2024-05-28,119.5281753540039,120.95738114698854,119.12955010065114,120.95738114698854,8525400
2024-05-29,117.83646392822266,118.60454079893046,117.7392406040861,118.51704203250681,16725400
2024-05-30,118.64341735839844,118.73092353197332,117.96284675354161,117.99201300551215,7816300
2024-05-31,120.08235168457031,120.13095963361903,117.96285076326154,118.92537419932319,9703500
2024-06-03,118.6142578125,120.51986303149921,117.51562022607102,120.4712550813546,15241000
2024-06-04,118.32258605957031,118.83788376275089,117.65173994147521,118.37120142968713,10061500
2024-06-05,119.51844787597656,119.53788957235737,118.06980042153775,118.76982017386523,8666000
2024-06-06,118.80870819091797,119.67400835798443,118.34203328297808,119.38233839493799,6523900
2024-06-07,118.93511199951172,119.72263058782767,118.20592592361494,118.50732046133302,7036200
2024-06-10,119.30455017089844,119.46983054924752,118.70175374568805,118.760093669201,6642600
2024-06-11,118.62398529052734,118.7795411195496,117.83645933509061,118.66287610219888,11217000
2024-06-12,119.75178527832031,120.4518050303991,119.22677046426124,119.72261902492764,11106700
2024-06-13,118.98371887207031,119.65457242944797,117.97257996590119,119.58651535968967,8056100
2024-06-14,117.78785705566406,117.96286200778114,116.33920948504525,117.96286200778114,15315800
2024-06-17,119.09066009521484,119.28511415340914,117.19477938821954,117.37950888908816,12522100
2024-06-18,119.73235321044922,119.74207776825,118.83788675204663,119.06149965781516,8176500
2024-06-20,119.81012725830078,120.13096346878831,119.33372038583477,119.59623150619991,6350700
2024-06-21,119.5573501586914,119.85874469632839,118.53648668564487,119.79068762596957,8231000
2024-06-24,120.06562042236328,121.17779019841483,119.61685081475882,119.88025631197267,8650600
2024-06-25,119.04125213623047,119.96806526168757,118.4851672382147,119.96806526168757,11365300
2024-06-26,118.71931457519531,118.90467124708572,118.25102902678809,118.88516276067746,7350500
2024-06-27,118.84614562988281,119.07053417463712,118.41688447112504,118.83638766450738,4804100
2024-06-28,118.89492797851562,119.95831546657396,118.31932711188337,119.17784942914547,9796400
2024-07-01,117.61688995361328,119.69489721120848,117.35348446175473,119.45100020487259,10008500
2024-07-02,118.26078033447266,118.2998047482387,117.35348318306328,117.44128253167749,6789000
2024-07-03,118.6900405883789,119.11929425042372,118.19248862037574,118.39736120881332,5467700
2024-07-05,118.26078033447266,118.66076755006934,117.31445876929723,118.66076755006934,6367100
2024-07-08,118.40711212158203,119.22660242653001,118.04614190070045,118.59246877066576,7405600
2024-07-09,117.89006042480469,118.65102538209617,117.86079397320624,118.46566126444417,4617900
2024-07-10,118.94367980957031,118.98270422033171,117.81200167007087,118.05589865497066,6930900
2024-07-11,120.45585632324219,120.88511744205572,119.08027361603303,119.2558797607162,11113900
2024-07-12,121.14851379394531,121.86069628339413,120.84608390659557,121.14851379394531,10565200
2024-07-15,122.01679992675781,122.5924007599543,121.24608445632478,121.50949740405504,9680800
2024-07-16,125.0606460571289,125.17771187032311,122.36802070646002,122.3777786719418,15501400
2024-07-17,123.46066284179688,124.77770513678787,123.43138894991851,124.51429221190227,14511200
2024-07-18,122.49482727050781,124.68990027717958,122.31922113224823,123.45090678839787,9267900
2024-07-19,121.8216781616211,123.02164725239246,121.54850726506861,122.7679922843095,9955300
2024-07-22,123.06067657470703,123.14848337003058,121.44120427499507,122.3972764000531,8334900
2024-07-23,122.82652282714844,123.49967344272449,122.37775326904931,122.44604412695254,9432900
2024-07-24,120.18269348144531,122.46556593092168,120.06562023667239,122.22166892000433,11370800
2024-07-25,121.14851379394531,123.02164090042935,120.02658614554288,120.33877399662354,14738900
2024-07-26,123.21676635742188,124.08503907478372,122.32897771205992,122.53385029718676,10620800
2024-07-29,123.00215148925781,123.60701135774897,122.61191475410914,123.60701135774897,8946500
2024-07-30,123.36312103271484,124.23139390795409,122.8655764254297,123.52897667829028,7811200
2024-07-31,124.73867797851562,125.9191459678197,124.18259313539718,124.79721087469267,10947600
2024-08-01,122.4265365600586,125.42159143515536,121.68509503594925,124.42649494587924,17283200
2024-08-02,119.73391723632812,121.31436501583701,118.6022315957036,121.09973446722576,16916300
2024-08-05,117.65591430664062,118.8656413733569,116.26082313339873,117.44128375027326,20012000
2024-08-06,119.07052612304688,120.7582893046778,117.83152511428563,118.34858559701817,13732600
2024-08-07,118.49491882324219,121.19730177960146,118.42662796025544,120.19243987687393,8307700
2024-08-08,121.22657775878906,121.31437711389725,119.35344297520365,119.37295890510308,7976800
2024-08-09,121.24607849121094,121.48997549733042,119.99732701078257,121.07047234907908,5891400
2024-08-12,120.63146209716797,121.44120195311531,120.24122539427742,121.25583784453444,5733400
2024-08-13,121.89972686767578,121.99729162959174,120.32902947310167,121.19730970664656,7808300
2024-08-14,122.39728546142578,122.61191604016612,121.79241814344363,121.86071645772165,5506400
2024-08-15,124.0460205078125,124.39723279690874,123.21677216422538,123.55822648886172,5717400
2024-08-16,123.87042236328125,124.2216346750601,123.32409540857927,123.88993085031495,5448600
2024-08-19,124.62161254882812,124.66063696310566,123.84114659271533,123.97772832111372,3482900
2024-08-20,124.28016662597656,124.72893625577456,123.90944583000774,124.56308806624743,6443300
2024-08-21,125.0313720703125,125.24600263909882,124.42650478038254,124.5728444812047,4989200
2024-08-22,124.87525939941406,125.52890154897796,124.4850227251618,125.24598758936918,6355600
2024-08-23,126.12401580810547,126.41669518619688,125.06062845778852,125.30452545848277,5888000
2024-08-26,125.9874267578125,126.82643298686956,125.72401384421684,126.3971719087998,6226600
2024-08-27,126.06549072265625,126.1337741462109,125.37281664778783,125.80207777741981,4000900
2024-08-28,126.0069580078125,126.77766602894732,125.3728168339898,126.12402381196146,4336300
2024-08-29,126.89474487304688,127.99714924742523,125.94842327316526,126.59230007290853,8226000
2024-08-30,128.2508087158203,128.3776250367867,126.42644898071107,127.34350410887333,8347900
2024-09-03,125.41185760498047,127.8215614869028,124.93381406024709,127.61668142879033,9332600
2024-09-04,125.5386734008789,126.29964583753494,125.06064474449089,125.33380822993932,7809700
2024-09-05,124.07528686523438,125.42159567699888,123.38262025201993,125.27526342593994,8044500
2024-09-06,122.8167724609375,125.1386766595671,122.572875461461,124.23137208064293,9567300
2024-09-09,124.69966888427734,125.19722089233598,123.82163811804047,123.86066253466726,7283100
2024-09-10,124.9142837524414,125.18746209391452,123.87041231006123,125.18746209391452,6270200
2024-09-11,125.138671875,125.29475463511577,122.05581034677752,124.6118534830957,7969700
2024-09-12,126.10449981689453,126.11426522414402,124.47526963942582,125.16794367101974,7012600
2024-09-13,127.38253784179688,127.86056645534667,126.39718439174428,126.65084680999567,7913800
2024-09-16,128.0361785888672,128.8068865836377,127.26545570780469,127.93861383121887,6400800
2024-09-17,128.7386016845703,129.1971143586367,128.0166611906189,128.28982464534823,7820700
2024-09-18,128.63128662109375,130.40684907979096,128.43615710771203,128.94346704717918,9191600
2024-09-19,130.8458709716797,131.08976799623846,129.72395061322652,130.7385556854221,8957800
2024-09-20,129.92880249023438,130.20198082519292,129.20687689859633,129.83125262216268,10907500
2024-09-23,130.8009033203125,131.00644857624346,129.9395935767936,130.42897139749738,8284000
2024-09-24,131.74050903320312,131.77965268575983,130.8596200371129,131.1630318819592,7507900
2024-09-25,131.12388610839844,132.27881052295442,131.0260045766522,132.14178533928464,4422400
2024-09-26,131.77964782714844,132.59201673303158,131.61326117432293,132.19072336965112,6620700
2024-09-27,131.96560668945312,132.81711920074397,131.76006146192233,132.18093409558108,5859200
2024-09-30,132.56265258789062,132.68989558703674,131.1923858725554,131.9656111117328,5321200
2024-10-01,132.63116455078125,133.267364644703,131.43708153687436,132.49413936564235,9398600
2024-10-02,132.386474609375,132.89543169357358,131.8285916937895,132.386474609375,5189700
2024-10-03,131.7111358642578,132.38646461961216,131.22175811031698,132.00475056892324,6361400
2024-10-04,132.63116455078125,133.03245792676842,131.4175171780153,132.74862537706107,5797100
2024-10-07,132.3081512451172,132.85626682845796,131.65238690221344,131.97537798477006,5737800
2024-10-08,132.601806640625,133.0128822070865,132.0928644733634,132.81713407086087,4980600
2024-10-09,133.78610229492188,133.87418671259803,132.42563263940994,132.61159858869843,5064800
2024-10-10,133.1009521484375,133.47286904468757,132.65071809345415,133.25754166203754,5495600
2024-10-11,135.47935485839844,135.528295627671,133.59036362840908,133.59036362840908,8764800
2024-10-14,136.2917022705078,136.36022232357192,134.92145055546166,135.44997194994414,6817400
2024-10-15,135.2444305419922,136.80066316861178,135.1269846587092,136.43851347078257,7808900
2024-10-16,136.2917022705078,136.585331905053,135.40103118841603,135.45975412840033,8207800
2024-10-17,135.9001922607422,136.507015825184,135.65550341254828,136.31126773355328,5065100
2024-10-18,136.311279296875,136.3700022358835,135.48911334688617,136.25255635786652,4782100
2024-10-21,135.83169555664062,136.48745999033554,135.28359483203738,136.29171186506647,5216700
2024-10-22,134.18740844726562,135.34233297024696,133.49248534972716,135.2346692490685,8579700
2024-10-23,133.79588317871094,134.61803427164412,133.11075726793328,134.05036918458887,8480700
2024-10-24,132.8758544921875,133.59035683103482,132.49414040668526,133.59035683103482,6720400
2024-10-25,132.5234832763672,133.8448091208796,132.24943294240688,133.4826743798513,6399300
2024-10-28,132.91500854492188,133.50225292240037,132.87584995898183,133.18905890800346,7132200
2024-10-29,132.7388153076172,133.25755452462985,131.73069834363986,132.51370572570806,11192300
2024-10-30,132.5137176513672,133.22820504454177,131.92645832830937,132.15158286510234,10469000
2024-10-31,130.98684692382812,131.80899793796883,130.57577141675776,131.46644248272187,16640000
2024-11-01,131.1630096435547,132.36688957396692,131.13364817545903,131.65238735797905,7482300
2024-11-04,131.01620483398438,132.01453957238976,130.65407009739405,131.3000373425995,6744400
2024-11-05,133.20863342285156,133.23799489394108,131.14345866001918,131.47623195544972,7469400
2024-11-06,138.42539978027344,138.6700886845881,136.21341746173402,137.68155088762202,17738800
2024-11-07,137.5934600830078,138.87562749259303,137.4074941348161,138.8169045478219,10062400
2024-11-08,139.0713653564453,139.50202016581713,137.73047510104792,137.99474326763948,8270000
2024-11-11,140.14801025390625,140.6667495030787,139.82501912873056,139.85438060059883,8237000
2024-11-12,138.94412231445312,140.61778567493698,138.3764423937336,140.48076051715105,7161100
2024-11-13,139.2377471923828,140.02075455197073,139.05179619895878,139.09093984635774,6033400
2024-11-14,136.8887481689453,139.28669621555633,136.74194081421112,139.10073027647695,9977100
2024-11-15,136.15467834472656,137.2313153697016,135.80232576697324,136.40914939852806,6628500
2024-11-18,135.9687042236328,136.5266019942457,135.6359309576301,136.13509085663415,6414200
2024-11-19,135.8512725830078,136.20362517646333,134.8920963309551,135.12698810350915,5554700
2024-11-20,135.99807739257812,136.3210685084123,134.9997425740565,136.17426115331682,6527600
2024-11-21,137.7011260986328,138.180706778709,136.12532900418591,136.65385045059898,9677300
2024-11-22,139.61947631835938,139.65863490461425,137.93601554039557,138.06325854378667,7924300
2024-11-25,140.4905548095703,140.872268848792,139.88373119199312,140.33396528332753,7411700
2024-11-26,140.65696716308594,140.91143823052815,139.7956574969361,140.32417892458517,6524900
2024-11-27,140.13818359375,141.43992999907644,140.09903995105344,141.08757747632174,5561100
2024-11-29,140.9310302734375,141.19528354385696,140.35355309431972,140.35355309431972,3091500
2024-12-02,139.89352416992188,141.04846348969056,139.7075731597394,140.84291825210795,6217500
2024-12-03,139.01263427734375,140.17735564323922,138.5526180246855,139.9424489606192,4528000
2024-12-04,139.61947631835938,139.6292734322355,138.6505178606112,139.03223193615966,5727700
2024-12-05,137.9262237548828,139.73692741012616,137.89686228454903,139.61946659416725,5233900
2024-12-06,137.57386779785156,138.65050479906384,137.34875821927932,138.33729587702993,5432800
2024-12-09,136.37979125976562,137.75984013423005,136.30148902561615,137.60323566593107,7434200
2024-12-10,136.04701232910156,136.5559693626748,135.25422277629187,136.2133989692917,7382800
2024-12-11,135.73382568359375,136.95727023987632,135.67510273443233,136.75173991781136,6168900
2024-12-12,134.86270141601562,135.99806127628992,134.7941963032972,135.80231318115148,7081600
2024-12-13,134.51036071777344,135.16614004290895,134.37333554564594,135.01931775765715,6709900
2024-12-16,134.6278076171875,135.12696749235155,134.19715285369438,134.6571690842782,6573400
2024-12-17,133.3945770263672,134.35376814414778,133.08138304058298,134.05035633664255,6861700
2024-12-18,129.62640380859375,133.88398202822327,129.538319382275,133.58057015893002,13428100
2024-12-19,129.45999145507812,131.20217501381714,129.41105069417847,130.25278100393288,12507400
2024-12-20,130.97706604003906,131.94602441105883,129.0097579590019,129.33274906088297,11849600
2024-12-23,130.9475555419922,131.14430366811888,129.85566948499752,130.8196872717394,8022300
2024-12-24,131.97059631347656,132.02961474943987,130.5639252139919,130.8098453703558,2972900
2024-12-26,132.06895446777344,132.39357087312882,131.33119400372257,131.66565682152134,4749500
2024-12-27,131.08526611328125,132.06894667396563,130.32784288859168,131.31152344927605,6060000
2024-12-30,129.7671356201172,130.37701275453654,128.50802572402787,129.65893015983886,8725500
2024-12-31,129.60972595214844,130.36716407370562,129.21625979043588,130.17043099284936,6009800
2025-01-02,129.1572723388672,130.78033940735534,128.57690435774967,130.56392846358685,7227600
2025-01-03,130.55409240722656,130.82952177861006,129.18677695293886,129.60975241264387,7676100
2025-01-06,130.26881408691406,131.63614452435286,130.03274035019635,131.22298546554742,6899500
2025-01-07,130.14093017578125,130.9868959868259,129.69827696285887,130.56390557641714,6841200
2025-01-08,130.6524658203125,130.78033409296106,129.10808005797466,129.89502754790206,8277600
2025-01-10,129.186767578125,130.09175187696582,128.91133822672884,129.97371501487427,9997300
2025-01-13,130.70164489746094,130.78034115167873,128.32113949403234,128.45885418646952,8365400
2025-01-14,132.2460174560547,132.44275056694497,131.03609456479398,131.6262938974648,6746700
2025-01-15,133.08213806152344,134.4101128384309,132.83621791837572,134.2035333138861,9184200
2025-01-16,134.69537353515625,134.89212165739895,133.29854892392441,133.44611001560642,6556500
2025-01-17,135.50198364257812,136.00365527468765,134.97080279738995,135.5610020687354,6869200
2025-01-21,138.2858123779297,138.2858123779297,136.6922547032202,136.6922547032202,12177700
2025-01-22,137.96119689941406,138.8661812026794,137.90217846807977,138.71863512434365,7206000
2025-01-23,139.35801696777344,139.584259283826,138.26613099409576,138.8366674948238,7353400
2025-01-24,138.767822265625,139.3383437754994,138.49237790288612,139.2891717558638,6457700
2025-01-27,136.9086456298828,137.23326199805814,136.23975009044764,136.66272550336578,10909300
2025-01-28,136.00367736816406,137.35133002669315,135.60037972065035,137.23327814542867,8900000
2025-01-29,135.54132080078125,136.95782303152922,135.4626395744262,136.0921944536728,9100900
2025-01-30,137.05621337890625,137.3119649194069,135.34460381156603,135.34460381156603,8169600
2025-01-31,136.09222412109375,137.45953962610847,135.93483161452824,137.01687132517105,10144700
2025-02-03,134.74456787109375,135.71841709380607,133.12150084301504,133.71170021241858,13906700
2025-02-04,134.78390502929688,135.50198758472263,134.4887978801523,134.87243267110833,7577200
2025-02-05,134.8822784423828,135.4921706181969,133.9379534762428,135.25608187177454,8179200
2025-02-06,135.49217224121094,135.62988692582994,134.55766365653747,135.147878024776,7368300
2025-02-07,135.0888671875,136.27911238369643,134.81343780277146,136.11188847223806,10408900
2025-02-10,136.2987823486328,136.3479693808816,135.38396658985994,135.9643345449809,5446400
2025-02-11,136.34796142578125,136.41681125909267,135.4528085243149,135.84628974957297,5787700
2025-02-12,135.50198364257812,135.98399247248366,134.18385542582334,134.40026632824848,7694300
2025-02-13,135.6397247314453,135.99385036715043,135.0691881511551,135.492178637308,8539100
2025-02-14,135.3052520751953,135.9938254044023,135.14785959715576,135.82660152515007,5800000
2025-02-18,136.36764526367188,136.62339681405723,135.6298848197174,135.76759950219792,7226600
2025-02-19,136.50537109375,136.81030970058978,135.81679762511564,136.03319356402142,9454100
2025-02-20,135.61021423339844,136.36765253230135,134.63636499195184,136.34797471667682,9306700
2025-02-21,132.63946533203125,135.74789908739223,132.1181159058832,135.74789908739223,14561200
2025-02-24,132.0394287109375,133.3870811964459,131.862373426435,133.15099247400272,10876100
2025-02-25,132.71815490722656,133.19031728631705,131.31149917022537,132.04925945432927,9898500
2025-02-26,132.79689025878906,134.13469656845382,132.6198349431364,133.3969360670161,8330400
2025-02-27,132.33453369140625,134.20352059833598,132.15747840980725,133.10180326454775,9624600
2025-02-28,134.10516357421875,134.23304684159098,132.0492749437053,132.6984926624437,9888000
2025-03-03,132.19683837890625,135.39380040497008,131.48858712927318,134.88228227806283,12683000
2025-03-04,129.6195831298828,131.81318643270552,128.65556543699498,130.74097829466564,15191300
2025-03-05,131.6656494140625,132.20666171610927,129.94420842812477,130.0819231066088,12117600
2025-03-06,130.53440856933594,131.4197300877413,129.5900836280994,130.3081662410901,12029100
2025-03-07,132.0591278076172,132.4034220404486,129.38351522779067,129.796659301323,17504500
2025-03-10,129.99337768554688,131.89188893762628,128.96052512375624,130.37701249672526,15123900
2025-03-11,127.99650573730469,129.8655077498306,127.30793236838406,129.69828386093374,13176800
2025-03-12,127.98667907714844,129.3441630617221,126.88496164605924,129.16709275471175,12728100
2025-03-13,126.6783676147461,128.27192514646245,126.16684957613407,127.6817258801617,10596900
2025-03-14,128.99005126953125,129.2359714374303,127.35713775233543,127.88831871069597,8920000
2025-03-17,130.7705078125,131.37055360847302,128.66543182511154,128.80314651550984,6918300
2025-03-18,129.727783203125,130.41635651964182,128.99002286190571,130.2196234306045,8051800
2025-03-19,131.44924926757812,132.19684115353724,129.99339110734527,130.15078361273945,8274900
2025-03-20,130.79019165039062,131.7541945275658,130.16063660675718,130.40655678020426,8078300
2025-03-21,130.0917510986328,130.24914358699579,128.84247261313422,129.65892926052155,10036500
2025-03-24,132.5042266845703,132.7311790220198,131.33006375895846,131.65566222318049,8446800
2025-03-25,132.70159912109375,133.14561214951456,132.06023358592378,132.77066045375003,5337100
2025-03-26,131.8234100341797,133.57973861369925,131.4287201503171,132.90877333907267,6899300
2025-03-27,131.1228485107422,132.2279501042274,130.51109799376005,131.78393714655067,8414000
2025-03-28,128.41929626464844,131.03406635127448,128.35023493381397,130.68871452945606,10196800
2025-03-31,129.32705688476562,130.09668335049585,126.71228717683816,127.4227139230322,9650200
2025-04-01,130.05722045898438,130.33349588301715,127.92593999711886,129.03105674913138,8722200
2025-04-02,131.2807159423828,131.73459047199512,128.52780868299533,128.5771467986173,6398000
2025-04-03,124.17646789550781,127.9851464419584,124.08766831268471,126.88002976193168,15962200
2025-04-04,116.37166595458984,121.0486325190267,116.22365911127194,120.62435024975044,28516400
2025-04-07,115.82897186279297,120.18033222354892,111.25067420931877,113.12540991444305,42518300
2025-04-08,114.87187194824219,120.05205866198104,113.11554318119742,119.430438966391,21272000
2025-04-09,125.07437133789062,125.85386696901051,113.6976963257101,113.6976963257101,36610700
2025-04-10,121.84784698486328,123.31803861558907,118.31545899201706,122.80494927946168,26234000
2025-04-11,123.99885559082031,124.64021348463454,120.36779143020647,121.5715692402707,13750300
2025-04-14,125.29145050048828,126.12027674719721,124.24554103419402,125.49865706216552,8060500
2025-04-15,124.6698226928711,126.11040701571333,124.48235439202328,125.08423581424891,6230200
2025-04-16,122.96283721923828,124.74876588445561,121.99586570104645,124.06793892238237,8043500
2025-04-17,123.6337890625,124.80795956521702,123.0121618566506,123.05163084812837,7850400
2025-04-21,120.86114501953125,122.69641163251737,119.52909861409037,122.43986696405155,9083500
2025-04-22,122.97270202636719,123.5153912896902,121.48278700877302,121.847862033244,7493200
2025-04-23,124.51195526123047,127.41286219022636,124.14687273062076,126.32748372839762,9718300
2025-04-24,127.30433654785156,127.54113546703742,124.08768490194876,124.46262907056173,7145400
2025-04-25,127.29444122314453,127.77793070538992,126.39655369308916,126.99844261756597,5826900
2025-04-28,127.71874237060547,128.56730691263547,126.51496441433311,127.51152827234677,6202200
2025-04-29,128.5475616455078,128.8040987978577,127.2253843085126,127.33392215294539,5040600
2025-04-30,129.47506713867188,129.8401421439545,126.1498779311414,127.68913852078079,7532300
2025-05-01,130.451904296875,131.38926837433567,129.504663561665,130.02761452243405,9338700
2025-05-02,132.79037475585938,133.31332568144586,131.92207206165705,132.10954787571254,7227600
2025-05-05,132.85943603515625,133.6488007518354,131.89247216156113,131.9812717400191,4523400
2025-05-06,131.69512939453125,132.44501756416864,131.19191674783923,131.4681921290677,5404100
2025-05-07,132.36610412597656,132.94826991050803,131.64581568110705,132.0898286935367,5304600
2025-05-08,134.19149780273438,135.5235517812167,133.14559589056572,133.3922714379972,7914800
2025-05-09,134.30003356933594,134.74404653667133,133.40213097715704,134.45790953066242,4541200
2025-05-12,138.434326171875,138.4836642946552,137.1318719987076,138.44418777407856,8321800
2025-05-13,139.40127563476562,140.28930152885852,138.72044875655058,138.87832471066298,9795200
2025-05-14,138.73031616210938,139.53940402519046,138.335626303149,139.31246676621242,6517700
2025-05-15,140.2695770263672,140.4866526972898,138.92766154060908,139.12499895348066,5761900
2025-05-16,141.86802673339844,141.86802673339844,140.02289862428148,140.4866498157514,5384200
2025-05-19,142.35153198242188,142.46993142968182,140.4965270106512,140.4965270106512,5459200
2025-05-20,141.83843994140625,142.5390051215304,141.28588912344497,141.77924021889334,6825700
2025-05-21,139.44076538085938,141.48323115340645,139.23355128944218,141.07867962856594,9600200
2025-05-22,139.4111328125,140.2695738758235,138.66124463807913,139.1841955455888,8993200
2025-05-23,138.957275390625,139.46048810249533,137.77323573830122,137.83243546253524,8233100
2025-05-27,141.40428161621094,141.52268105541555,139.81569056473637,140.595193688513,11862100
2025-05-28,140.7037353515625,141.87789828598184,140.5063828730165,141.6213611421044,9058300
2025-05-29,140.83200073242188,141.38455155525367,139.83543693094887,141.2858903688227,12106600
2025-05-30,140.92080688476562,141.41415795484664,139.67755255239837,140.69385455229488,14254700
2025-06-02,140.7432098388672,140.80240956555755,138.96714275874817,140.73334823637936,12641300
2025-06-03,141.82858276367188,141.91738235021117,140.65440471093774,140.71360443529724,10896800
2025-06-04,141.90750122070312,142.64752778512678,141.89762456408158,142.17389994366278,7975800
2025-06-05,141.808837890625,142.4304650791738,141.26614868283477,142.3515270984152,13814300
2025-06-06,143.00274658203125,143.62437380313946,142.5488719887468,143.07182296476824,11289200
2025-06-09,142.87449645996094,143.58492332246416,142.58834436084814,143.3777092142831,9162800
2025-06-10,142.25286865234375,143.15077135792262,141.50298032515693,143.15077135792262,15625600
2025-06-11,142.32192993164062,142.76594290791726,140.940537826037,142.38112965436008,15837000
2025-06-12,141.94699096679688,142.06539042281807,141.05896493487396,141.2168258576082,13097400
2025-06-13,140.75306701660156,142.00618306372021,140.32879228473718,140.94054284914858,14060500
2025-06-16,141.7200469970703,142.60807298725882,141.42403331504704,141.59177088848793,13711000
2025-06-17,140.65438842773438,141.67069039393436,140.45705101742087,141.19707759800605,12654200
2025-06-18,140.3189239501953,141.74963910315768,140.23010931133135,140.79253678198774,14008800
2025-06-20,140.47677612304688,141.5128163610822,140.00316332070025,141.177341253415,13985200
2025-06-23,142.37901306152344,142.45819130217654,139.82557143185576,140.73609854680848,15902400
2025-06-24,143.566650390625,143.80418510252926,142.3394254667145,143.14108435454756,11518200
2025-06-25,142.29981994628906,143.7447962591807,141.9831221184863,143.6656180268041,9751600
2025-06-26,143.84376525878906,144.01201334826433,142.6165403469213,142.92334657488826,9728300
2025-06-27,145.2788543701172,145.91226524536984,143.93285437249202,144.25945897872163,13380900
2025-06-30,146.00132751464844,146.2091571670359,145.07100213275078,145.54605643991192,10914600
2025-07-01,146.4862823486328,146.83268525928872,145.39761553259504,145.64504186829066,13189100
2025-07-02,146.63473510742188,146.63473510742188,145.7835879788168,146.26853389166018,11061700
2025-07-03,147.8817596435547,148.00051944341936,147.02072089112798,147.13948069099266,4864900
2025-07-07,147.3671112060547,148.27765335967123,146.347715968495,147.86196384959646,10687700
2025-07-08,147.32754516601562,147.77290957179883,146.61495607608012,147.37703345592615,10845500
2025-07-09,148.3568115234375,148.49536965491956,147.36710626950742,148.32712157395588,10173600
2025-07-10,149.1881866455078,149.7028225430686,148.46569088251985,148.52508588765826,12385600
2025-07-11,148.6537322998047,149.05951509519414,148.07970141645714,148.44590264479353,7065200
2025-07-14,149.4553985595703,149.58406508683487,148.35682502367135,148.64384803038377,9069900
2025-07-15,148.3370361328125,149.92055556178462,148.3172377982103,149.92055556178462,10278700
2025-07-16,148.861572265625,148.97044044864757,146.86236340543957,148.75270408260243,9998300
2025-07-17,150.23727416992188,150.41541388294087,149.2574604432021,149.4257085393995,13374200
2025-07-18,149.90077209472656,150.9102606322941,149.2376562510771,150.70243097526145,10201800
2025-07-21,149.10899353027344,150.4747764780944,149.04961363276425,150.36590829875982,10089300
2025-07-22,149.46530151367188,149.7622161297323,148.16878996196948,148.58446438377223,15053900
2025-07-23,152.1473846435547,152.22656287617002,150.47478034610253,150.71231504394848,14747300
2025-07-24,151.8900604248047,152.99852543211549,151.47438604706315,151.98903698690162,11695600
2025-07-25,153.39442443847656,153.4636959541313,151.78120002419678,152.3552308900246,9376600
2025-07-28,152.91937255859375,153.552783396613,152.48391487759133,153.47362025585298,9214700
2025-07-29,151.177490234375,153.00845114859933,150.67274594909333,152.95896286140584,13546500
2025-07-30,150.43519592285156,151.26654469696376,149.73249856030452,150.9696301057227,13795300
2025-07-31,150.44509887695312,151.49419919196447,149.95024622149108,149.95024622149108,16520400
2025-08-01,148.198486328125,148.80220720295466,146.60506009139127,148.40631599716986,19191700
2025-08-04,149.5642547607422,149.70281289372446,148.5745494960963,148.71310762907856,11355600
2025-08-05,149.25746154785156,150.03933723199071,148.23806624459584,149.33663978812547,12724800
2025-08-06,149.376220703125,149.6929336628334,148.26775554755577,149.39601903853307,10736700
2025-08-07,149.1584930419922,150.27684976658858,148.24795087262055,150.2174698646088,11095100
2025-08-08,149.27725219726562,150.22736082822246,148.89126773436985,149.59395004034977,9124700
2025-08-11,148.79229736328125,149.38612660865007,148.43600283640097,149.29705675235627,9643500
2025-08-12,150.3362274169922,150.3956224197869,149.1287857558054,149.41580874668162,9518300
2025-08-13,150.91026306152344,150.9993480176759,149.1881854687144,150.7618133041105,12786800
2025-08-14,149.5741729736328,150.33623521274978,149.29705668637118,149.89087082977252,9516400
2025-08-15,148.89126586914062,149.7028163520119,148.78239768344648,149.42570007964568,8796000
2025-08-18,149.47518920898438,149.63354568028964,148.75270857349747,148.90115832678097,7342100
2025-08-19,149.80178833007812,150.73211368809524,149.19806751913322,149.6434318645212,9035200
2025-08-20,149.66323852539062,150.00964142535722,148.72302149910152,149.64344019066849,9549500
2025-08-21,149.12879943847656,149.83149690316318,148.87148147624075,149.44551240895663,7679600
2025-08-22,151.56346130371094,152.61254645190385,149.89085701579054,149.94034529860605,9298800
2025-08-25,150.04922485351562,151.81089912301275,150.02942651854804,151.30615484412473,6869000
2025-08-26,151.59317016601562,151.74163503298482,150.04923220045117,150.10861210655665,6927500
2025-08-27,151.5733642578125,151.8207905886948,151.27646474211755,151.52389107299985,5876400
2025-08-28,151.84059143066406,152.1671960050258,151.2665605213348,152.06821943035678,7166700
2025-08-29,150.44509887695312,151.7317188014953,149.85128475142142,151.6129589967299,8806100
2025-09-02,149.01002502441406,149.1683814941373,148.0698080257017,148.8714668888323,9798600
2025-09-03,148.2578582763672,149.0694087766847,147.56506758055843,148.9704473068289,12036200
2025-09-04,149.93045043945312,149.96014038815946,148.1390712911856,148.53496244344223,10148800
2025-09-05,149.376220703125,150.51439091265888,147.8619727310688,150.18778633609898,16781000
2025-09-08,149.71273803710938,149.97994761822338,148.5646761644154,149.5741798870743,11647200
2025-09-09,148.70321655273438,149.4553871199817,147.78279790209106,149.44549550391275,12179400
2025-09-10,149.80178833007812,150.27684262504508,148.92095125526052,148.95064120483946,16515000
2025-09-11,151.2269744873047,151.69213719144545,149.66323828427682,149.88097466075567,17820600
2025-09-12,150.01953125,151.2665544919167,149.93046139737118,150.91025997969703,8907500
2025-09-15,150.7123260498047,151.10820214008663,150.1382951477025,150.36592314452938,9412900
2025-09-16,150.26695251464844,151.10819293065353,149.7819914971604,150.93994484745252,10336100
2025-09-17,149.5840606689453,151.1279985437001,148.604246970718,150.32633965501623,12549500
2025-09-18,151.177490234375,151.52389314302445,149.63355232484992,149.9502501798193,13071800
2025-09-19,151.54367065429688,151.88018193348307,150.34613569863978,151.67233717580055,8778300
2025-09-22,152.05052185058594,152.28903793217157,150.7486537956371,151.05672759012458,5688500
2025-09-23,152.09027099609375,153.30270123924848,151.4840558745164,152.39835996287684,8589300
2025-09-24,151.30516052246094,152.7461590184272,151.2753479108551,152.41820512666735,5938400
2025-09-25,150.2815704345703,150.8281603148424,149.685287808074,150.7983476999273,7145800
2025-09-26,151.6331329345703,152.2592281829549,151.0766105644939,151.11635566345768,6958900
2025-09-29,152.10020446777344,152.9648005642886,151.5834272407996,152.8157375007846,7177600
2025-09-30,153.2728729248047,153.4219511510299,151.89149961405448,151.92131222648035,8211200
2025-10-01,152.84556579589844,153.15363960148,152.1598453052311,152.52754434233196,8753400
2025-10-02,153.24305725097656,153.8393398157735,152.32876843862462,153.0045563563342,8495400
2025-10-03,153.45176696777344,154.44556117364345,152.98468247788682,153.45176696777344,7430000
2025-10-06,154.16729736328125,154.47537113555836,153.21324826981729,153.94866142861443,6861000
2025-10-07,153.29275512695312,154.8033265547021,152.94492109182082,154.3958672939119,11204100
2025-10-08,154.6244354248047,154.85301900819428,153.0045611957728,153.68033397076113,9686000
2025-10-09,152.33871459960938,154.972278472484,152.12009381458924,154.78345513787409,9751200
2025-10-10,148.96974182128906,153.2430598368553,148.9598093385432,152.7461627458382,24285300
2025-10-13,150.52008056640625,151.09646787470592,149.75485476428244,150.0629285489553,11014200
2025-10-14,152.28903198242188,152.97473725750905,149.04925311487008,149.14863860267215,11015600
2025-10-15,151.6529998779297,153.69026584177217,150.3213041349437,152.83560222945098,10338300
2025-10-16,150.65921020507812,152.35858983375434,149.9039168909141,152.10020879496457,13796400
2025-10-17,150.78839111328125,151.4045538345597,150.05299310350793,150.50019746482073,10806300
2025-10-20,152.56729125976562,152.89524516853064,151.53373679018563,151.59336201648907,8192600
2025-10-21,153.91885375976562,154.68406439158127,152.76604882433125,152.8654343120432,11589400
2025-10-22,151.92132568359375,154.49526437576043,151.46418880984018,154.25674829112995,13612300
2025-10-23,153.8194580078125,154.04802641738212,152.24926142413938,152.24926142413938,8035200
2025-10-24,153.94866943359375,155.071646613761,153.87909655799308,155.03190151634396,7502400
2025-10-27,154.8231964111328,155.08159261594062,154.1275434829897,155.00208725785333,5828900
2025-10-28,153.7200927734375,155.32010217935522,153.70022780588135,154.93252301464707,9022200
2025-10-29,154.1175994873047,155.30021695885569,153.3921339995826,153.83933833683332,16439600
2025-10-30,153.73004150390625,156.01577140904197,153.35239482031673,153.5312856782635,11840000
2025-10-31,154.0977325439453,154.6642025399374,153.3325067326232,153.54121019538258,10414800
2025-11-03,153.4418182373047,154.08779356501694,152.29896097426186,154.08779356501694,9797400
2025-11-04,151.66293334960938,152.05051248074153,150.86789495741374,151.81199641385402,13391600
2025-11-05,152.249267578125,153.0840510621962,151.08653019014807,151.26542103050392,11121900
2025-11-06,151.64305114746094,152.81573617184625,151.26541966850283,152.2989589493665,11735400
2025-11-07,152.37847900390625,152.59711495896664,150.20206710113968,151.08654340512135,13518600
2025-11-10,153.24305725097656,153.67039662737,151.5834228146762,153.04430145074275,10900400
2025-11-11,153.28282165527344,153.73002600891877,152.39834543082964,153.25300904263682,8652400
2025-11-12,153.43190002441406,154.57475739374902,153.33251452964691,153.56109813479188,9583300
2025-11-13,151.0567169189453,153.86915629706192,150.73869549929728,153.3623267191058,15475400
2025-11-14,151.066650390625,151.9312616533927,149.85422025744842,150.21198677484637,13433100
2025-11-17,149.58590698242188,151.34491179536204,148.94987930203817,151.06665063295014,15294100
2025-11-18,148.92007446289062,149.82441570588807,148.1747287752167,148.9300069463181,19820200
2025-11-19,149.41696166992188,149.92379124482267,148.67161603172292,149.0691276397907,12575500
2025-11-20,146.91259765625,151.77225066289574,146.80327968824383,151.4045516632822,27790800
2025-11-21,148.70143127441406,149.357323922918,146.22687825274815,147.5585588438359,20982900
2025-11-24,149.0691375732422,149.6753526726039,148.00577044645325,148.8902618869208,12658900
2025-11-25,150.9772186279297,151.23559967041086,148.3834150634387,149.42690204484938,13636100
2025-11-26,151.8517608642578,152.6169866647219,150.95733696181895,151.08653506379375,10206200
2025-11-28,152.73623657226562,152.9051797704986,151.82194770671853,152.1101413592109,3507600
2025-12-01,150.50021362304688,152.0604628136468,150.43064074216835,151.59337827205562,10704600
2025-12-02,151.81199645996094,152.25921598102283,150.74864455180196,151.29523439435846,9712300
2025-12-03,153.25302124023438,153.29276633888125,151.60331911059146,151.99089826981145,9128800
2025-12-04,154.04803466796875,154.50518667568775,153.15362594672678,153.3325016253367,9249400
2025-12-05,153.62071228027344,154.36605794494827,153.1536277839495,154.06791664625908,8228800
2025-12-08,153.43190002441406,154.04804763249751,153.06420098915103,153.8095467076123,6721600
2025-12-09,152.30889892578125,154.05798648358493,152.239341214694,153.04431211841202,7375100
2025-12-10,155.09152221679688,155.7474300357546,152.88529785419092,153.12381392401997,13463300
2025-12-11,156.75115966796875,156.9002379009419,154.793383821541,154.93251440719135,9999300
2025-12-12,155.76731872558594,157.47664607638373,155.29028655971416,157.23812999344784,12062900
2025-12-15,156.01576232910156,156.76110800495684,155.63811566749064,156.60209728805785,10889500
2025-12-16,155.09152221679688,156.31388485096625,154.44556204497553,155.87662813575736,10277500
2025-12-17,152.5772247314453,155.4791020217528,152.41821401754171,154.80332923380692,11612500
2025-12-18,153.57101440429688,154.8132571372405,153.1039299235824,153.92878091794847,10021200
2025-12-19,154.8927764892578,155.15115754198507,153.63065351258416,153.7300390058393,6957800
2025-12-22,156.6099395751953,156.73956496053836,155.27369798697404,155.63268985414143,5369000
2025-12-23,156.55010986328125,156.92903473305816,156.24096572083826,156.5800245841575,5044600
2025-12-24,157.05868530273438,157.248155357665,156.3606497445957,156.55011979952633,2238500
2025-12-26,156.76950073242188,156.97890378671084,156.35066419177676,156.91907434262828,4155300
2025-12-29,156.43045043945312,157.12850123480894,156.0914067603591,156.47034688171973,4455400
2025-12-30,155.98170471191406,156.62989252232686,155.95178999008323,156.45038897530839,3810500
2025-12-31,154.6853485107422,156.12131606177883,154.62551906545465,156.051520114288,3691800
2026-01-02,157.53733825683594,157.56725298002365,154.54574420979216,155.1839503311868,10122900
2026-01-05,159.402099609375,160.12008335613237,157.85643973188252,157.85643973188252,16194200
2026-01-06,161.56602478027344,161.70563189211578,158.73397088627533,158.99325210543537,12757200
2026-01-07,158.52456665039062,162.1444002452067,158.42484076437142,162.03470785699912,12333000
2026-01-08,159.72120666503906,160.90787475549672,159.3123518208246,159.57163304692858,11555400
2026-01-09,161.47625732421875,161.765453251744,160.17991215735356,160.17991215735356,9439600
2026-01-12,162.71279907226562,162.7925767397774,160.91783959333688,161.17712081675862,7420500
2026-01-13,163.55043029785156,164.07894399405637,162.96208715921347,163.4208049112572,9580400
2026-01-14,163.80972290039062,163.83963762368862,162.3538070970732,163.321090393133,10727100
2026-01-15,165.3154754638672,165.58472317171993,164.52769577589544,164.60747343807526,9197400
2026-01-16,166.43234252929688,166.7315049768459,165.65452929528988,165.93374352205987,13483100
2026-01-20,163.07179260253906,165.2456922199293,162.72276720568112,164.2983419187533,14435200
2026-01-21,165.89385986328125,166.54203247676858,163.70999380904968,163.91941208407258,14068600
2026-01-22,165.03627014160156,166.54203365424513,164.72714119402866,166.0932975943479,9937200
2026-01-23,163.75985717773438,165.35538006804958,163.25129167426297,165.03626940357293,11673600
2026-01-26,163.91940307617188,164.2085837851813,163.3908893825789,163.7598477531162,8231500
2026-01-27,164.59750366210938,164.91661433398068,163.25129545724243,164.19863053830457,9439300
2026-01-28,163.68008422851562,164.8168893754144,163.0618263183178,163.95929845996204,10144900
2026-01-29,165.395263671875,166.44232463270149,163.59033769606756,164.78697227299747,16332500
2026-01-30,164.9764404296875,165.84399782515862,163.2712251455872,164.19862720284428,11612500
2026-02-02,167.06057739257812,167.15032155947824,164.59749714965014,164.75705247927283,11466600
2026-02-03,168.4666290283203,169.3242198990111,166.4522848499939,167.06057622590285,16444000
2026-02-04,168.9153594970703,170.2914975319479,167.37968135498696,169.5037026334765,21338400
2026-02-05,167.89822387695312,168.84557415816536,166.98080353475703,167.77856498502487,18699300
2026-02-06,172.69473266601562,172.90415092934387,169.3341804633254,169.41395812478223,11992100
2026-02-09,173.21328735351562,173.64209040039887,172.15625992152647,172.32578175344608,9472200
2026-02-10,173.42269897460938,174.36006748130046,172.9440330035119,173.223262428002,8820200
2026-02-11,174.35009765625,176.25474952074103,173.59223264103355,174.92847433208658,12551900
2026-02-12,172.2659454345703,177.26190167388782,171.96678300710684,175.28745399828188,18157000
2026-02-13,173.68197631835938,174.81878144597846,172.15626457381887,172.61498235543513,13617900
2026-02-17,174.5894317626953,175.47693739487943,172.91413117104645,173.43267840370373,13810800
2026-02-18,174.54953002929688,175.50684679779428,173.89139091799086,174.88858891116016,10623800
2026-02-19,175.84588623046875,176.44421109838032,174.2603451113466,174.56947404722197,13431100
2026-02-20,176.7333984375,177.72062994174073,175.1179425360461,175.6364897599332,13104100
2026-02-23,174.34011840820312,176.4242584597068,173.86146765548244,175.91569298594314,10566600
2026-02-24,176.48410034179688,176.72343334304387,173.88141291536837,174.09083119346374,9756500
2026-02-25,175.10797119140625,177.26190726176958,173.9512178839671,177.06247070918477,11757700
2026-02-26,176.2048797607422,176.47412747543117,173.42270409573462,175.64645132733807,13764500
2026-02-27,176.64364624023438,176.73339040489535,174.53955793343832,174.87860158840198,9692600
2026-03-02,178.39871215820312,178.8075669809863,175.1678004480993,176.0054430976793,21918000
2026-03-03,174.9484100341797,175.69630849348036,172.1861674640066,175.5267866686295,20481300
2026-03-04,175.4769287109375,176.43423024504713,174.20051652143562,175.83592059023698,13604000
2026-03-05,171.577880859375,174.74897832695322,169.7330737383047,174.32017528607693,21308200
2026-03-06,169.4638214111328,170.18180514967668,167.78852094918614,169.2843178684803,22680300
2026-03-09,170.46102905273438,170.9197316130959,165.70439031834368,167.66887160136756,19492500
2026-03-10,169.54360961914062,171.89699752719628,169.34417306070216,170.19178223807415,16791100
2026-03-11,169.0150909423828,169.84276709089596,167.8982188589742,169.25440871908683,14287600
2026-03-12,164.77700805664062,167.64892803790923,164.6972303882673,167.50932092226446,15925600
2026-03-13,164.1886444091797,166.35257745659555,163.27122407624591,165.82404851850234,15836200
2026-03-16,165.59469604492188,166.67167170173747,164.8767122737115,165.7043884326355,11091300
2026-03-17,166.03346252441406,167.0904899413555,164.58752850659735,166.75144628234287,12772600
2026-03-18,164.7171630859375,166.70159264093093,164.597504191618,165.70439461217663,11872400
2026-03-19,163.6002960205078,164.52769804209316,161.79537013492393,163.0019863699679,17989900
2026-03-20,161.2169952392578,164.18864095250652,159.8608053808568,163.56041657341774,19199200
2026-03-23,163.0500030517578,166.17999267578125,163.02000427246094,164.10000610351562,18508400
2026-03-24,164.0,164.55999755859375,161.13999938964844,161.3699951171875,14110200
2026-03-25,165.10000610351562,166.32000732421875,164.32000732421875,165.86000061035156,12205600
2026-03-26,161.27000427246094,164.61000061035156,161.08999633789062,163.72999572753906,15416400
2026-03-27,159.1999969482422,161.2899932861328,158.85000610351562,160.58999633789062,13923700
2026-03-30,156.61000061035156,160.74000549316406,156.0800018310547,160.5500030517578,17459600
2026-03-31,161.72999572753906,162.24000549316406,158.0500030517578,158.6999969482422,15855900
2026-04-01,164.42999267578125,165.77000427246094,163.27000427246094,163.49000549316406,17035300
2026-04-02,163.77000427246094,165.74000549316406,161.13999938964844,161.72000122070312,11097200
2026-04-06,164.61000061035156,164.63999938964844,162.77000427246094,163.5399932861328,7105500
2026-04-07,164.27999877929688,164.67999267578125,162.8000030517578,163.64999389648438,10068200
2026-04-08,170.44000244140625,171.05999755859375,169.11000061035156,169.60000610351562,12808600
2026-04-09,172.19000244140625,173.16000366210938,169.8000030517578,169.8800048828125,8180000
2026-04-10,171.52000427246094,172.6999969482422,171.2100067138672,172.49000549316406,5169700
2026-04-13,172.72999572753906,172.77999877929688,170.61000061035156,170.99000549316406,6814100
2026-04-14,173.35000610351562,174.0399932861328,172.02999877929688,173.1300048828125,5490700
2026-04-15,171.17999267578125,173.14999389648438,170.0800018310547,173.11000061035156,13548300
2026-04-16,170.3300018310547,172.05999755859375,169.52000427246094,171.25,8629200
2026-04-17,173.50999450683594,175.1300048828125,172.13999938964844,172.24000549316406,9529000
2026-04-20,173.89999389648438,173.97999572753906,172.55999755859375,173.1300048828125,5734900
2026-04-21,171.44000244140625,174.69000244140625,170.92999267578125,173.52999877929688,8752700
2026-04-22,171.0399932861328,173.9199981689453,170.3300018310547,173.30999755859375,10595400
2026-04-23,174.07000732421875,174.7899932861328,171.60000610351562,171.8300018310547,14418800
2026-04-24,172.47000122070312,174.17999267578125,171.9600067138672,173.97000122070312,7665200
2026-04-27,172.50999450683594,173.50999450683594,171.52000427246094,172.50999450683594,6689500
2026-04-28,170.97999572753906,171.86000061035156,169.5399932861328,171.67999267578125,9000000
2026-04-29,169.92999267578125,171.7100067138672,169.22999572753906,171.25,9059900
2026-04-30,174.5800018310547,174.82000732421875,171.13999938964844,171.49000549316406,12012100
2026-05-01,172.9600067138672,175.42999267578125,172.94000244140625,175.22999572753906,6800700
2026-05-04,170.97999572753906,173.2100067138672,170.66000366210938,172.5,7618500
2026-05-05,172.41000366210938,173.05999755859375,171.1999969482422,172.14999389648438,6189400
2026-05-06,176.8699951171875,177.33999633789062,174.25,175.27999877929688,10461300
2026-05-07,174.0,177.72000122070312,173.42999267578125,177.44000244140625,10627700
2026-05-08,173.1999969482422,175.32000732421875,173.08999633789062,175.14999389648438,5880500
