Price,Close,High,Low,Open,Volume
Ticker,XLK,XLK,XLK,XLK,XLK
Date,,,,,
2018-01-02,29.872920989990234,29.872920989990234,29.554537283118588,29.628364113543576,27445600
2018-01-03,30.122102737426758,30.140560331018012,29.89600337667943,29.928303285357618,22663600
2018-01-04,30.274372100830078,30.352814225128704,30.17285710683155,30.242072195505607,21493200
2018-01-05,30.592750549316406,30.620435168609617,30.371263033696835,30.431247548973666,19356000
2018-01-08,30.708114624023438,30.76348387487157,30.56045742105273,30.578911491051834,13467800
2018-01-09,30.629663467407227,30.777320643781003,30.578905982988918,30.768093610443483,21212800
2018-01-10,30.52354621887207,30.532773255074343,30.375888996654613,30.46355816206675,20815600
2018-01-11,30.648128509521484,30.661970823107232,30.51892888882032,30.59275925517849,15775600
2018-01-12,30.82807159423828,30.869602036516756,30.569672470457647,30.611199392312095,16308600
2018-01-16,30.708114624023438,31.128013364798566,30.6296689846129,31.01727134267689,36443600
2018-01-17,31.169540405273438,31.197225027661577,30.78193808971435,30.88345306570423,29376200
2018-01-18,31.224910736083984,31.30796812656225,31.141853345605718,31.169541489381903,29845800
2018-01-19,31.284894943237305,31.335652426771833,31.12339193903214,31.284894943237305,23894400
2018-01-22,31.58944320678711,31.594058484593482,31.19722908345689,31.261828891044196,18004200
2018-01-23,31.727863311767578,31.792463098860313,31.626348354786316,31.69094814187905,20460200
2018-01-24,31.483314514160156,31.866298058204503,31.377184253726615,31.81092880965245,37019000
2018-01-25,31.427947998046875,31.709420135605367,31.349505866707876,31.68173550582124,25951800
2018-01-26,31.9262752532959,31.9262752532959,31.575588209818267,31.644803267408125,20097200
2018-01-29,31.635587692260742,31.834002407057973,31.594060750301793,31.834002407057973,55179800
2018-01-30,31.349504470825195,31.534073355069115,31.266447064745105,31.377189099376622,29662400
2018-01-31,31.584829330444336,31.635586827290187,31.377187585475415,31.534071833598485,30135800
2018-02-01,31.612504959106445,31.833988929972563,31.464847805054287,31.46945956081349,32650000
2018-02-02,30.675817489624023,31.28490394690628,30.671202211494975,31.257215798557727,43929400
2018-02-05,29.39303970336914,30.92498271044628,29.379195630748864,30.34819622396028,98559600
2018-02-06,30.237449645996094,30.288207130789225,28.830091183171255,28.996205947871545,90269400
2018-02-07,29.8498477935791,30.472776336680926,29.8498477935791,30.163619703349386,47425200
2018-02-08,28.613218307495117,29.98827684267063,28.603991274291385,29.93290760259879,55628600
2018-02-09,29.314592361450195,29.52685110115359,28.133334903265904,29.074649000203397,72700400
2018-02-12,29.840621948242188,30.025194310240554,29.411494462989097,29.62836496409281,35629600
2018-02-13,29.914453506469727,29.988280341988574,29.58222394557208,29.669896613149273,19084000
2018-02-14,30.463552474975586,30.514309965677096,29.72988177916774,29.7483393685524,32117600
2018-02-15,31.044954299926758,31.044954299926758,30.394340994443464,30.754255187318293,24305000
2018-02-16,30.998815536499023,31.33104514241212,30.920373412998877,30.952673317994563,20334200
2018-02-20,31.026500701904297,31.271057632604666,30.80962839870188,30.841928304258044,33835200
2018-02-21,30.82807159423828,31.409473143168732,30.823459838759362,31.14645874348515,29102400
2018-02-22,30.864999771118164,31.14647187263827,30.777327094125685,30.93421485714246,21958800
2018-02-23,31.511009216308594,31.511009216308594,31.044964609534937,31.118794991783844,20772400
2018-02-26,32.004722595214844,32.004722595214844,31.64480846118473,31.64480846118473,21594400
2018-02-27,31.681734085083008,32.166232686708135,31.681734085083008,32.018575467104405,25581200
2018-02-28,31.455625534057617,31.995496815653787,31.45101377708427,31.86168545492325,30464000
2018-03-01,30.93421173095703,31.64942482646125,30.69888187042686,31.529455777930316,42973600
2018-03-02,31.229530334472656,31.294130144846758,30.500471308335634,30.583528710306,38392200
2018-03-05,31.54790496826172,31.654031676818434,31.012645588052145,31.081860648655,21777800
2018-03-06,31.61711883544922,31.769391275897853,31.478692224479584,31.727864348734307,20303800
2018-03-07,31.792470932006836,31.824770833511373,31.3817992469812,31.3817992469812,22219600
2018-03-08,31.930891036987305,31.958579175770616,31.732476391092035,31.8893641094491,15248000
2018-03-09,32.53538131713867,32.53538131713867,32.11547895932116,32.15700942743858,24685000
2018-03-12,32.63688659667969,32.76608620043208,32.54459865083857,32.632271319281344,27012400
2018-03-13,32.263118743896484,32.91834715837814,32.152376756198365,32.802989894402174,27618800
2018-03-14,32.23545837402344,32.45233075669374,32.0739587870648,32.42464259862443,27762800
2018-03-15,32.25389862060547,32.443082743428974,32.097010877371886,32.24466806607258,23002800
2018-03-16,32.22057342529297,32.42423857177093,32.17891304013205,32.30852038062462,24404600
2018-03-19,31.58180809020996,31.970619490393556,31.322596958648866,31.919703207306842,39736800
2018-03-20,31.567916870117188,31.688264761463945,31.392026514639973,31.503114974339347,18765600
2018-03-21,31.378143310546875,31.794729480739278,31.294826076508393,31.498491211144398,21867000
2018-03-22,30.5681209564209,31.179112927566347,30.54497590322385,30.998592813235145,42390200
2018-03-23,29.75345802307129,30.628287185663726,29.739572406433094,30.549599670421543,41901600
2018-03-26,30.882869720458984,30.924526571890997,29.93860890884049,30.35982126510985,50251600
2018-03-27,29.892324447631836,31.091163231392528,29.660888061753187,31.072647896749558,59497200
2018-03-28,29.69328498840332,30.183928929879123,29.517392864583318,29.822888781892136,53622000
2018-03-29,30.2811279296875,30.581995858616526,29.697910933048785,29.90620221307146,35368200
2018-04-02,29.559053421020508,30.295019381586403,29.230414199814472,30.160789394824587,52034200
2018-04-03,29.850658416748047,29.920090025669182,29.35075683596101,29.781226807826908,36101400
2018-04-04,30.26724624633789,30.35056347545586,29.239668264362418,29.3044719270136,36298400
2018-04-05,30.392227172851562,30.591259069838,30.188562028014765,30.54497250004025,32738200
2018-04-06,29.647001266479492,30.355196014118643,29.517395694844254,30.07747306837921,40477800
2018-04-09,29.878435134887695,30.461652212548035,29.841404470180784,29.864545987043684,21859400
2018-04-10,30.614398956298828,30.73937655825384,30.183927220059484,30.35056166837396,31297800
2018-04-11,30.433874130249023,30.706967275263032,30.382957860595944,30.424618231874717,17315600
2018-04-12,30.799551010131836,30.933784521822172,30.58200026813159,30.62366064900583,21256000
2018-04-13,30.697711944580078,31.026351080230707,30.54959284778771,31.012465466693584,22421600
2018-04-16,30.93378257751465,31.049500749480714,30.730117464794095,30.91063753054609,19477400
2018-04-17,31.50774383544922,31.609576392177246,31.151333418339476,31.206875880963228,30445600
2018-04-18,31.42442512512207,31.54477300751713,31.234649167728126,31.475341401080048,19764400
2018-04-19,31.077274322509766,31.257794401864793,30.966185857854043,31.225393452530266,25811600
2018-04-20,30.646800994873047,31.00784113527325,30.517197204107685,30.98469961917283,32477000
2018-04-23,30.53571319580078,30.85046677936428,30.39222378598633,30.762519834541997,37920600
2018-04-24,30.00341033935547,30.762521337127406,29.785859590340582,30.711605054105252,34847600
2018-04-25,30.008045196533203,30.10987778002373,29.62385991570596,30.049702054448804,30581600
2018-04-26,30.554235458374023,30.674579847446374,30.257997139760167,30.382971245778165,33086800
2018-04-27,30.49869155883789,30.882876868795332,30.336686768927997,30.859731813905533,26313000
2018-04-30,30.299652099609375,30.76715460152897,30.26262142924287,30.57737506447996,17372200
2018-05-01,30.67919921875,30.69771454884954,30.183925615761225,30.257986936159384,18547800
2018-05-02,30.646800994873047,30.989325803529848,30.591254999642846,30.873607628712428,26587400
2018-05-03,30.716236114501953,30.831954302536865,30.239477744828335,30.50794478861465,31090800
2018-05-04,31.299457550048828,31.355000021567186,30.563488019480207,30.6005186881184,21682600
2018-05-07,31.517000198364258,31.66512285137236,31.3966558399528,31.44757211906473,26914800
2018-05-08,31.586437225341797,31.614211993262664,31.32259988444721,31.46609284629446,30294800
2018-05-09,31.97524642944336,31.97524642944336,31.56329001583959,31.665122573168773,28826600
2018-05-10,32.39183044433594,32.41497195857572,32.090962507713535,32.12336345279976,23132600
2018-05-11,32.34553909301758,32.47051668450911,32.23908036249755,32.359428238746204,17521200
2018-05-14,32.340919494628906,32.595497381817204,32.30851854420717,32.452007963012186,20261800
2018-05-15,32.03542709350586,32.14188939475968,31.868792597636862,32.114114624488636,28525200
2018-05-16,32.17890167236328,32.25296298362414,32.012270784901744,32.08632856472491,13361000
2018-05-17,32.01227951049805,32.28074300839958,31.882672180464446,32.06319226157007,21600200
2018-05-18,31.878049850463867,32.049310520127726,31.85027508209315,31.905821087395502,15765800
2018-05-21,32.15577697753906,32.3131520491136,31.993772188730123,32.169662597802755,22578400
2018-05-22,32.10947036743164,32.35942197055977,32.04003877798983,32.313131889973675,14782000
2018-05-23,32.34553909301758,32.34553909301758,31.841009606122633,31.84563932136551,29387600
2018-05-24,32.30853271484375,32.373334644109576,31.984519537074313,32.33630396126045,22401400
2018-05-25,32.28536605834961,32.40108421626484,32.20667855851235,32.331652615228116,18782800
2018-05-29,32.10947036743164,32.28999038111796,31.896549416197452,32.12335597903254,58660800
2018-05-30,32.34553909301758,32.38719946732743,32.17890465865422,32.27148130632165,19930400
2018-05-31,32.35480880737305,32.567729867527376,32.280747465698944,32.345549373944216,30568000
2018-06-01,32.905609130859375,32.91023884533719,32.516797869221286,32.572343848642774,25445800
2018-06-04,33.169456481933594,33.20185742684798,32.95653195085263,32.988932895767014,19866000
2018-06-05,33.28517532348633,33.34534749913967,33.16019772524866,33.25277084647506,34549600
2018-06-06,33.502723693847656,33.502723693847656,33.16945832680851,33.340718960265086,35379000
2018-06-07,33.2342643737793,33.48421254743699,32.99356856971361,33.48421254743699,39047200
2018-06-08,33.1787109375,33.23888310931167,32.91487367426731,32.98430527647338,19809600
2018-06-11,33.21574401855469,33.32220275578822,33.12316736504918,33.19722868785358,14647000
2018-06-12,33.37774658203125,33.405517810561726,33.2203680470032,33.27591403550216,15626800
2018-06-13,33.20648193359375,33.52586518264544,33.19259631953724,33.377746080312676,29278000
2018-06-14,33.44254684448242,33.52586405746322,33.285171848539726,33.33608458789225,22654800
2018-06-15,33.314823150634766,33.36591978780641,33.11508271731315,33.32411183741704,33641200
2018-06-18,33.351966857910156,33.375190334217045,32.98035579754266,33.082549016341005,16580400
2018-06-19,33.18010330200195,33.19403809959052,32.757395540767334,32.94320111115677,25913400
2018-06-20,33.249794006347656,33.40772650018103,33.2126321687582,33.25908269377108,22931200
2018-06-21,32.994293212890625,33.39842000734461,32.915327008072516,33.37983909845576,29634200
2018-06-22,32.88747024536133,33.08721066389813,32.75276126132978,33.07791843385602,31385800
2018-06-25,32.20463562011719,32.65521307632346,31.921282859903904,32.62269736009967,36055400
2018-06-26,32.334693908691406,32.54836909134167,32.227854545392894,32.30682431128604,27719000
2018-06-27,31.893409729003906,32.58553192285644,31.88411750028415,32.43688815886233,44109200
2018-06-28,32.28359603881836,32.390435397995574,31.851599575965515,31.851599575965515,35598000
2018-06-29,32.269649505615234,32.54835599940498,32.25106860016987,32.409000980537435,20019200
2018-07-02,32.55765914916992,32.566951377994855,31.944503172760456,31.990957228991277,25091200
2018-07-03,32.1721076965332,32.678424163322624,32.14888067492348,32.655200685658826,12722800
2018-07-05,32.6273307800293,32.64591169036682,32.27894668507983,32.371851236767455,27320000
2018-07-06,33.008235931396484,33.05933255711883,32.56695075719101,32.645916980963044,25603800
2018-07-09,33.259063720703125,33.26835594677357,33.012872889024536,33.18474363186896,17455200
2018-07-10,33.33803939819336,33.43094396557453,33.2637192882353,33.2637192882353,22986200
2018-07-11,33.207969665527344,33.338032488958866,33.050037249630826,33.101133865114086,25949800
2018-07-12,33.732872009277344,33.75145291966985,33.314810385311674,33.35197220609669,23706600
2018-07-13,33.69571304321289,33.77932537508971,33.58423111535932,33.737517437178006,18516800
2018-07-16,33.616756439208984,33.77468892017233,33.55172500070083,33.705011366357134,13332000
2018-07-17,33.86758041381836,33.923319600164405,33.35661424600472,33.375195156102144,14903200
2018-07-18,33.81184387207031,33.862940498203834,33.691069706305,33.85829438384255,14164000
2018-07-19,33.69106674194336,33.858291404767385,33.63068143634724,33.72822856567016,14910000
2018-07-20,33.70036697387695,33.88616904874686,33.65855902626804,33.82113761375291,14439600
2018-07-23,33.872230529785156,33.890811444022226,33.49597676233875,33.63068573259726,25151000
2018-07-24,34.058040618896484,34.34603951162437,33.91868551571743,34.21133052360395,21557200
2018-07-25,34.485382080078125,34.485382080078125,34.01622734584806,34.06732042348244,30466200
2018-07-26,33.955833435058594,34.06731534555156,33.835059298056024,33.89544813853033,25094400
2018-07-27,33.375205993652344,34.020877767428054,33.16617688908657,33.99765428022484,63550200
2018-07-30,32.85494613647461,33.407713188584424,32.664494452676685,33.356616568245784,35695400
2018-07-31,32.94319152832031,33.15686663173099,32.762032124473315,32.9571263218554,29954000
2018-08-01,33.24048614501953,33.3473254918655,33.059326701888466,33.18010084529125,29322800
2018-08-02,33.658565521240234,33.70037347691668,32.933927366364045,32.933927366364045,26209800
2018-08-03,33.77932357788086,33.77932357788086,33.51455179834905,33.667841655958625,14491400
2018-08-06,33.96049499511719,33.97907591264182,33.68643089156348,33.765400677030065,15000400
2018-08-07,34.09056091308594,34.21133511578947,34.03017558370816,34.08127222546934,20545400
2018-08-08,34.18345642089844,34.24849139945857,33.98371954597885,34.0719744678405,14197200
2018-08-09,34.19737243652344,34.32743522082335,34.1694993084984,34.215953340558436,23446200
2018-08-10,33.92332458496094,34.08590314227042,33.82577745057525,33.9419054977887,23138400
2018-08-13,33.876869201660156,34.23454197628959,33.86758051855583,33.97441632201364,24128800
2018-08-14,34.08591079711914,34.127718746357324,33.80255801476859,33.99300975606382,18359000
2018-08-15,33.77932357788086,33.9976448519406,33.51455179834905,33.87222458882499,35584400
2018-08-16,33.927955627441406,34.13234203380608,33.853632009146914,34.039437510937965,18208800
2018-08-17,33.979068756103516,34.07196978021256,33.71429693905115,33.82577887677139,18048200
2018-08-20,33.927955627441406,34.06730709582581,33.793246727241524,34.05801841551159,21239600
2018-08-21,33.98372268676758,34.19739792652132,33.941914735539825,34.02088097858948,16004600
2018-08-22,34.08591079711914,34.137007432883834,33.83043116224323,33.88152779800792,12742400
2018-08-23,34.16022491455078,34.34603048866116,34.025515961919425,34.025515961919425,18735000
2018-08-24,34.50395965576172,34.51325188275793,34.24848011650565,34.25312268605753,13115200
2018-08-27,34.8198356628418,34.83841657695648,34.596871781359596,34.68977280798601,16415000
2018-08-28,34.880218505859375,34.959188271241615,34.78267137162492,34.889510734232225,14770400
2018-08-29,35.196083068847656,35.21931009328128,34.917376495376004,34.922022609052,22364600
2018-08-30,35.08925247192383,35.316862460593796,34.98241310519072,35.098541156708635,21040600
2018-08-31,35.11711502075195,35.21001956968458,34.99634087911262,35.05672972190538,20537800
2018-09-04,34.982421875,35.033518513993144,34.74552314215664,34.95455226971202,22147600
2018-09-05,34.54576110839844,34.96381910219614,34.36924426804819,34.93594951432844,32853200
2018-09-06,34.29493713378906,34.56899763514765,34.02551920286418,34.49467752479242,27957600
2018-09-07,34.17881393432617,34.4528744745936,34.03481271965842,34.071974552085415,28462000
2018-09-10,34.28564453125,34.35067595608195,34.09984248541405,34.304225444622965,33309000
2018-09-11,34.57828903198242,34.65260914054957,34.10448460707293,34.18809694417774,27189800
2018-09-12,34.434288024902344,34.50861167781276,34.15558141438193,34.50396556351915,32536400
2018-09-13,34.83840560913086,34.92666403740334,34.63866527521401,34.64795395737359,25454800
2018-09-14,34.810543060302734,34.96382938259132,34.65260708007498,34.870928366419655,18878400
2018-09-17,34.3739013671875,34.81983263532606,34.33673954218928,34.75944732766397,29584200
2018-09-18,34.59222412109375,34.75944879670648,34.332098423005874,34.332098423005874,19302000
2018-09-19,34.50395965576172,34.70370000882545,34.30886541619609,34.58757197899645,20870600
2018-09-20,34.91273498535156,34.94989326404831,34.601509150647665,34.70834850476031,27401800
2018-09-21,34.774784088134766,35.1010438728599,34.760802033927256,35.04511565602985,46041000
2018-09-24,34.947235107421875,34.95189342116608,34.47182396412575,34.60698973796623,34513600
2018-09-25,34.9052734375,34.97518723533039,34.76078752969042,34.9052734375,21101000
2018-09-26,34.774784088134766,35.096385558767366,34.71419400124723,34.942575850554825,26641200
2018-09-27,34.979862213134766,35.07774014439443,34.900624649383296,34.900624649383296,28466400
2018-09-28,35.11037063598633,35.14299661726795,34.86334484114475,34.88198521104974,23421200
2018-10-01,35.27815246582031,35.42263840561888,35.1709508112843,35.33408067169627,20668200
2018-10-02,35.282806396484375,35.48322407322906,35.1243384249003,35.23619837872223,28014000
2018-10-03,35.3900146484375,35.548482649622855,35.32476270018889,35.40399670078156,26584800
2018-10-04,34.75147247314453,35.24552749350336,34.52309066208955,35.2175598338078,46584800
2018-10-05,34.313350677490234,34.844689951733166,33.97776722934435,34.73748830070051,44577000
2018-10-08,33.9265022277832,34.25742385462917,33.53964883286404,34.1502221881467,39946000
2018-10-09,34.04767990112305,34.24809758950613,33.84260034390389,33.91251415258897,30277800
2018-10-10,32.397727966308594,33.84725969775285,32.37442217982394,33.84259782926316,88286000
2018-10-11,31.987564086914062,32.85448658591441,31.72655638604109,32.304503533386914,136539000
2018-10-12,33.012969970703125,33.12016807673661,32.36976711064421,32.891786256262904,71818800
2018-10-15,32.4723014831543,32.91974486644469,32.45365756435504,32.89178076622776,38305000
2018-10-16,33.45108413696289,33.558285781165736,32.8032230709425,32.882460614902826,41998600
2018-10-17,33.297279357910156,33.51634096778547,32.99898375687775,33.49303517934441,48329800
2018-10-18,32.64476013183594,33.17143758479532,32.44900428800655,33.14813534965247,45920600
2018-10-19,32.63077163696289,33.19007495346543,32.509587947867296,32.83584762316648,44283400
2018-10-22,32.90111541748047,33.115518799984066,32.588837641172695,32.784593540712,31962000
2018-10-23,32.7752685546875,32.94772218719357,31.889701709760725,32.21596505050478,48132200
2018-10-24,31.307090759277344,32.770604955429995,31.269802912708734,32.691370948445275,68330800
2018-10-25,32.383758544921875,32.551546760378486,31.70326771861967,31.754537624107716,46754400
2018-10-26,31.735877990722656,32.31382871998392,31.279114493684517,31.577410038352024,85487200
2018-10-29,31.199892044067383,32.40239484703002,30.57067120223386,32.174013014136975,68110600
2018-10-30,31.549453735351562,31.661313703241714,30.90625091906359,31.171920565280367,61121600
2018-10-31,32.299861907958984,32.55620787347179,32.00622453681795,32.02020659145037,42288200
2018-11-01,32.67738342285156,32.700689212045376,32.071468463454245,32.34646184089167,31106200
2018-11-02,32.038822174072266,32.61677266468896,31.768494393064625,32.425675271187814,40426200
2018-11-05,32.0062141418457,32.071466079581185,31.54478870901226,32.02019619193703,28416400
2018-11-06,32.206634521484375,32.360444197300495,31.95028861775505,31.978252720280086,18267600
2018-11-07,33.152793884277344,33.152793884277344,32.537558688163045,32.57950840124318,32629600
2018-11-08,33.12482452392578,33.16677423035015,32.91508665969571,33.026946616887486,20819400
2018-11-09,32.551536560058594,32.86847607832102,32.27654674948886,32.840511977168575,25883600
2018-11-12,31.404970169067383,32.30918093314827,31.367685876707043,32.25324916066035,32862200
2018-11-13,31.442251205444336,31.982914221131708,31.349035160791285,31.479539045691222,31407000
2018-11-14,31.06472396850586,31.857071076314114,30.906252413365547,31.791819128892936,38993400
2018-11-15,31.84309196472168,31.917667657783735,30.934222930307637,31.115996737190443,52602200
2018-11-16,31.791818618774414,31.98291614455904,31.40496525386727,31.470217200241443,35945800
2018-11-19,30.579986572265625,31.67529096359236,30.496090720046862,31.64266499639416,38397200
2018-11-20,29.92281150817871,30.328308851403815,29.540621736763253,29.727055641503785,56129600
2018-11-21,30.141864776611328,30.449484100851883,30.016022770489936,30.32830040742707,33006600
2018-11-23,29.86687469482422,30.197796247312507,29.806282848684333,29.820264898569718,10676200
2018-11-26,30.542699813842773,30.542699813842773,30.099918306827167,30.258386279960718,25069200
2018-11-27,30.60329246520996,30.649900481946464,30.155845547841043,30.332960989788997,23076400
2018-11-28,31.67529296875,31.675292968749996,30.79438824267046,30.910910069463668,33219200
2018-11-29,31.367673873901367,31.6240197321261,31.19988217660785,31.577411717536474,28230800
2018-11-30,31.665979385375977,31.689281622011663,31.232517957147625,31.38632409803018,33019600
2018-12-03,32.36510467529297,32.490946687211036,32.01553918489783,32.45832071701272,32463400
2018-12-04,31.1392879486084,32.20662817487683,31.06471583791534,32.13671437637718,41982200
2018-12-06,31.209213256835938,31.209213256835938,30.253736178179448,30.407542324445053,43155800
2018-12-07,30.109235763549805,31.199881782169378,29.969411721548624,31.060054184204667,39875000
2018-12-10,30.524065017700195,30.64058687605021,29.769003873427174,29.94145572595011,40895600
2018-12-11,30.561344146728516,31.06005741594634,30.31431844645668,30.999467347037893,31626200
2018-12-12,30.799057006835938,31.283788341535068,30.78507495344462,31.05540294959444,33857600
2018-12-13,30.85032081604004,31.17658051730893,30.6732053588106,30.948198726420706,25638600
2018-12-14,30.095256805419922,30.649901830082488,30.067292705340765,30.48211011767976,31032400
2018-12-17,29.456722259521484,30.188477513179837,29.21901670418369,29.983401487600737,46527000
2018-12-18,29.689762115478516,29.946109781356764,29.452056590804833,29.685100246690876,39253200
2018-12-19,29.102495193481445,30.17449580548872,28.78555563473394,29.647818349378454,67212200
2018-12-20,28.580474853515625,29.270283886630644,28.165657415451637,28.976648371716003,79003600
2018-12-21,27.712129592895508,28.93857805569842,27.590419917206464,28.58749533734003,83227400
2018-12-24,26.972517013549805,27.78702978248497,26.949111853930237,27.4499897697257,42234000
2018-12-26,28.601539611816406,28.601539611816406,27.005283504652102,27.15976076616759,58120200
2018-12-27,28.80751609802246,28.81687852084377,27.655964876495165,28.20365321879489,46877600
2018-12-28,28.741973876953125,29.219444823875463,28.49387419726702,29.018159032517527,39685800
2018-12-31,29.01347541809082,29.121140569980643,28.770057854196825,28.99007026084504,33720200
2019-01-02,29.032203674316406,29.20540400115409,28.381530583545775,28.41897848240562,30885800
2019-01-03,27.567014694213867,28.311310126791124,27.52956679957489,28.292585286622113,49893400
2019-01-04,28.788785934448242,28.910493837243937,27.98363557754073,28.072577685063774,41535600
2019-01-07,29.046239852905273,29.242847081037066,28.72324443218021,28.78877957965786,23817200
2019-01-08,29.28966522216797,29.43009797369851,28.943264554105923,29.327114908282415,26005200
2019-01-09,29.66883087158203,29.823306339715014,29.41605088478364,29.448818462439093,28044800
2019-01-10,29.799901962280273,29.813944700014762,29.299024078493602,29.43477649559069,21868200
2019-01-11,29.743728637695312,29.762453478103897,29.56116590795926,29.626701063690245,15451200
2019-01-14,29.467546463012695,29.570529524246215,29.36456161607993,29.48158920188562,14483800
2019-01-15,29.912254333496094,29.97310739787856,29.509679116445753,29.561171544538155,28654000
2019-01-16,29.940338134765625,30.122900889074064,29.884165391678255,29.945020238347503,18937000
2019-01-17,30.13227081298828,30.30546939299252,29.753100707388224,29.83267862638473,20256800
2019-01-18,30.591007232666016,30.65186385704641,30.235242406512658,30.431851445759442,27303200
2019-01-22,30.076087951660156,30.394403110969456,29.837352475027757,30.342910690243077,29985000
2019-01-23,30.179075241088867,30.427173158495904,29.842035213140214,30.20247861606394,19152200
2019-01-24,30.431854248046875,30.539517626421716,30.272694875086124,30.286737613882977,28341800
2019-01-25,30.86250114440918,30.956121742246765,30.548868213116695,30.661213644801176,20061600
2019-01-28,30.45056915283203,30.45992978517564,30.197789222786913,30.403755276922066,19324800
2019-01-29,30.122900009155273,30.51611455637862,30.076089688899724,30.511432452933512,17147800
2019-01-30,31.059118270874023,31.148060372382787,30.488023122782828,30.623775540886328,33990600
2019-01-31,31.02634620666504,31.194866179161888,30.801655290934384,30.89995801299126,36501800
2019-02-01,31.20891761779785,31.3774376372877,30.993587275427203,31.040397598308,19475600
2019-02-04,31.709787368774414,31.714469471270778,31.227634382184643,31.25104132326868,15208600
2019-02-05,31.97661781311035,32.05619928923122,31.78001231742064,31.817462003665913,24121400
2019-02-06,32.08427810668945,32.173220200205634,31.892351183080407,32.01406085240814,20379200
2019-02-07,31.644256591796875,31.92512206662441,31.428926275382494,31.789373218053086,29264000
2019-02-08,31.826824188232422,31.826824188232422,31.339988957550236,31.35871380158403,16977600
2019-02-11,31.812774658203125,32.02342643007444,31.737878869451905,31.925120127028986,14869400
2019-02-12,32.23406982421875,32.27619802947256,31.98597198066401,32.03278228807853,19418200
2019-02-13,32.27620315551758,32.5102583011599,32.25748188669652,32.39323072833874,18241800
2019-02-14,32.332374572753906,32.449402134342186,32.13108702396616,32.154493964842914,19484000
2019-02-15,32.58984375,32.622611331540796,32.40728099978721,32.57579743956949,14712000
2019-02-19,32.599205017089844,32.69750776361662,32.426002899076806,32.458770481252394,16638200
2019-02-20,32.63664245605469,32.77239483738402,32.46344040303507,32.627278252433484,19704200
2019-02-21,32.65070343017578,32.78177378291605,32.44941579663916,32.55708277004681,19508200
2019-02-22,33.06732177734375,33.086046623840915,32.791138327158976,32.800498964707906,24493200
2019-02-25,33.226478576660156,33.45585167828255,33.203071627527684,33.31541712628573,40341000
2019-02-26,33.296688079833984,33.390312293151226,33.081357746302174,33.109446795996625,28268000
2019-02-27,33.26392364501953,33.30605543784789,32.922205055428705,33.17030299424369,19555000
2019-02-28,33.17029571533203,33.29668392328459,33.086035719564286,33.142210240542155,18876600
2019-03-01,33.394981384277344,33.48392346893454,33.1281587017033,33.432431059016956,24668000
2019-03-04,33.26859664916992,33.61967935064761,32.898789108379006,33.53541935943705,31653000
2019-03-05,33.17029571533203,33.29200539175169,33.06731087923833,33.249873608168755,17907600
2019-03-06,32.99708938598633,33.18433419381659,32.95496117920829,33.146884517971,26244200
2019-03-07,32.68346405029297,32.93156196099996,32.57579709983976,32.9034764832289,36996600
2019-03-08,32.678775787353516,32.706864831228664,32.224708268181764,32.29024698962522,25781400
2019-03-11,33.38093948364258,33.41370705700956,32.795801693948114,32.795801693948114,29153800
2019-03-12,33.577552795410156,33.68989826542787,33.37158312421259,33.474567959811374,36101200
2019-03-13,33.79755401611328,33.99884153904132,33.70393340742934,33.722658243445586,35667200
2019-03-14,33.86777877807617,33.97076361333288,33.774158148605395,33.85373604079536,21313200
2019-03-15,34.27775955200195,34.432735901470075,33.96311320582376,33.986595773780806,42049000
2019-03-18,34.42333984375,34.512565706098336,34.21200751275004,34.301236958034664,29675200
2019-03-19,34.4937858581543,34.65815666939099,34.357598428232194,34.56422997969333,32306200
2019-03-20,34.399864196777344,34.6816371118359,34.19322905369713,34.456220212963856,27408600
2019-03-21,35.263954162597656,35.33909548742984,34.399850424641,34.40454765317691,54548200
2019-03-22,34.432735443115234,35.22639893473235,34.41864733570328,35.080813464622935,53494800
2019-03-25,34.28245544433594,34.512569553000304,34.06173221272582,34.32002611842632,43893800
2019-03-26,34.470306396484375,34.80373807869445,34.26836849509666,34.583014839626856,27930200
2019-03-27,34.27306365966797,34.65345687168365,33.97250185784106,34.52196309878621,31662400
2019-03-28,34.4139518737793,34.554840121011324,34.20262308586822,34.376381196792494,21079400
2019-03-29,34.7520866394043,34.766174749907016,34.53136335369483,34.70042784560261,28694400
2019-04-01,35.22640609741211,35.26867042824172,34.89297435009659,35.09021505984309,25181000
2019-04-02,35.348480224609375,35.39544533594352,35.14654242785139,35.25455716781099,23574200
2019-04-03,35.63497543334961,35.813434383715034,35.49409074841307,35.55983765130429,27738000
2019-04-04,35.48468780517578,35.71480549323241,35.273359036811634,35.62087880945318,23006200
2019-04-05,35.65375518798828,35.69132586459271,35.541046741111906,35.602096403391414,13419600
2019-04-08,35.78995132446289,35.808736665453,35.41894890151751,35.569228046500925,14619800
2019-04-09,35.620872497558594,35.766457935885,35.54103751769521,35.63496060189495,26880200
2019-04-10,35.86977767944336,35.87917213913982,35.634966348143934,35.65375168460027,17234800
2019-04-11,35.82281494140625,35.95430870930198,35.747677181010026,35.944917832853626,15394600
2019-04-12,36.07172393798828,36.07172393798828,35.82282444232453,36.024762377418455,17110000
2019-04-15,36.057640075683594,36.16095767087042,35.86509657978455,36.07172818722037,19821400
2019-04-16,36.240787506103516,36.27835818678443,36.06702937809459,36.17034337556113,19218600
2019-04-17,36.44272232055664,36.48968387592432,36.26426697698465,36.47090212012686,24495800
2019-04-18,36.54603576660156,36.5554266434402,36.27365376010525,36.52255320010006,22983800
2019-04-22,36.63056945800781,36.64465756529871,36.34409933330384,36.376972777961505,16168800
2019-04-23,37.029762268066406,37.07672383807949,36.64936889314092,36.68693958232663,33385600
2019-04-24,37.04383850097656,37.21290296515589,36.9874860682081,37.05793019210565,21876600
2019-04-25,37.03445053100586,37.31622346578314,36.837209834955495,37.212905887012774,22775200
2019-04-26,36.893558502197266,36.90295296272765,36.49907715040642,36.80902627210824,22100400
2019-04-29,36.9029541015625,37.02035978125726,36.860686193745146,36.89825687115235,21226400
2019-04-30,36.964012145996094,37.01567094340935,36.67754193595453,36.88417712560754,37685800
2019-05-01,36.87007522583008,37.42892374249535,36.86537799611154,37.335000645743534,30893600
2019-05-02,36.677528381347656,37.1283656970293,36.48028772753753,36.86068092887656,49977600
2019-05-03,37.025047302246094,37.057924326740036,36.75736254015295,36.8090213173057,26576600
2019-05-06,36.738590240478516,36.79963990966899,36.00128264760199,36.142167326411695,26045000
2019-05-07,35.949607849121094,36.466191940601114,35.62086991240782,36.32530374159032,41251200
2019-05-08,35.907344818115234,36.217297464732425,35.771153829414004,35.832207062622,27334600
2019-05-09,35.663150787353516,35.78055646828851,35.062034274236275,35.46121287282784,38601800
2019-05-10,35.775856018066406,35.93552600995821,34.92114288109977,35.43302988409766,39192400
2019-05-13,34.42803955078125,34.97280361145705,34.32941921212861,34.766168473554245,50922400
2019-05-14,34.98218536376953,35.198211322981074,34.57361600777778,34.601792216346595,36808600
2019-05-15,35.362586975097656,35.47059817814383,34.68163198289502,34.73798799074725,30097200
2019-05-16,35.68662643432617,35.94492034138757,35.33910665450087,35.386068205892926,30889400
2019-05-17,35.40016174316406,35.87917895647656,35.31562950451699,35.32032673525773,27087800
2019-05-20,34.78495407104492,35.07612144181088,34.61588960839848,34.803739409443075,29349200
2019-05-21,35.212303161621094,35.32501157931701,35.07141495229921,35.15124993221148,29682200
2019-05-22,35.029151916503906,35.24048425980838,34.96340503181447,34.98219036785952,23042200
2019-05-23,34.4139518737793,34.573625459504726,34.16035517852382,34.554840121011324,32171400
2019-05-24,34.42333984375,34.78025045901592,34.38576917384739,34.60179515138296,23500000
2019-05-28,34.32472610473633,34.7520845398334,34.30594434715912,34.531361267459076,51545600
2019-05-29,34.1227912902832,34.28715853887144,33.89267355932238,34.07113250030729,29509600
2019-05-30,34.3341064453125,34.40455054753504,34.09929515986128,34.20261269872955,22841000
2019-05-31,33.76118469238281,34.08052835754943,33.7470965808654,33.92085831643503,24079600
2019-06-03,33.169456481933594,34.00069082953777,32.94403954840327,33.812840996304125,39407400
2019-06-04,34.27775955200195,34.27775955200195,33.42304638924314,33.59211084631075,30192400
2019-06-05,34.72391128540039,34.80374630220088,34.329426266786705,34.733302164990825,28791600
2019-06-06,35.12778091430664,35.19822145600743,34.65815819397066,34.81782819907512,23845000
2019-06-07,35.780548095703125,35.991876838760746,35.24048137318941,35.310925481854014,23984200
2019-06-10,36.146854400634766,36.484983267469644,36.03883961925395,36.03883961925395,26927600
2019-06-11,36.146854400634766,36.55073014902794,35.940219296916496,36.513159478727104,23100200
2019-06-12,35.944915771484375,36.071712302416174,35.86038355655109,35.97309198215005,15193800
2019-06-13,36.05292892456055,36.17972904531112,35.92143515706843,36.07171426033606,19734800
2019-06-14,35.738277435302734,35.85568307969134,35.58330112480516,35.72418933124585,16883400
2019-06-17,35.766456604003906,35.944911890512465,35.68661804417757,35.76175937508803,18702200
2019-06-18,36.41454315185547,36.592998480960375,36.034149926397,36.146858366729745,32362400
2019-06-19,36.54603576660156,36.63995886673435,36.259565653378985,36.50846509337381,24742400
2019-06-20,37.08141326904297,37.20351619174034,36.77146410581102,37.08141326904297,27783800
2019-06-21,36.906097412109375,37.226569360589565,36.891959525434736,36.943800840306295,41430400
2019-06-24,36.97677993774414,37.099314246779585,36.920224811513364,36.972066111659295,16431800
2019-06-25,36.29814910888672,36.99093443510019,36.25573544186014,36.957944828880386,26245400
2019-06-26,36.68931198120117,36.94851858302613,36.642184488759504,36.651608549008955,18138400
2019-06-27,36.7835578918457,36.91080243716944,36.70343722713495,36.811833658451874,13675000
2019-06-28,36.77883529663086,36.939069396656976,36.66572866157742,36.8966557568601,35566800
2019-07-01,37.363243103027344,37.669577177228845,37.20771915211931,37.62244968787407,28553200
2019-07-02,37.462196350097656,37.485761882786,37.25954499400246,37.34437587784686,15568400
2019-07-03,37.749691009521484,37.749691009521484,37.48106038823517,37.55646724117003,10683600
2019-07-05,37.678993225097656,37.744972415284444,37.306683621442,37.443352232831636,11847800
2019-07-08,37.39151382446289,37.43864490304538,37.217141777855005,37.38680359308182,14919800
2019-07-09,37.52347183227539,37.5517475999498,37.141730990690455,37.198286121635356,18499600
2019-07-10,37.820377349853516,38.046594273073765,37.702556859667055,37.73083262672108,20217200
2019-07-11,37.961769104003906,38.10786538328746,37.834520941869506,37.91463802434136,22704400
2019-07-12,38.23982238769531,38.263387926670475,38.013609034158016,38.07958822857276,15506800
2019-07-15,38.367069244384766,38.414196725140826,38.258672802609155,38.34350370620858,12572000
2019-07-16,38.008888244628906,38.324646273714336,37.94290906230048,38.31993244766351,16011400
2019-07-17,37.9099235534668,38.16441625367967,37.90520972690837,38.079585353608714,13416000
2019-07-18,38.19269561767578,38.24925075491313,37.79681684820732,37.82509621462424,16044000
2019-07-19,38.02773666381836,38.58855966509851,37.98060559857855,38.57442178376474,23359400
2019-07-22,38.466033935546875,38.56028888701969,38.16912400677527,38.17383783302769,13849400
2019-07-23,38.67811584472656,38.71581926986156,38.39063352036609,38.68753990321205,11010800
2019-07-24,38.99858474731445,39.01272263174618,38.626271543028665,38.626271543028665,18514200
2019-07-25,38.838356018066406,38.91375927742719,38.63099076252994,38.91375927742719,19846800
2019-07-26,38.92317581176758,38.998582652147256,38.81949679963959,38.85719662423338,22240400
2019-07-29,38.899620056152344,38.96559925417768,38.597999837866034,38.94203371391294,16946400
2019-07-30,38.64982986450195,38.814777811401704,38.54614727056623,38.63097815691404,14728000
2019-07-31,38.06544876098633,38.89961998471229,37.664859746397696,38.85720273143297,33738600
2019-08-01,37.87221908569336,38.93731733590952,37.68370558012295,38.13142560530218,57666000
2019-08-02,37.25483703613281,37.58001911437312,36.915513480059715,37.56588123213603,44743800
2019-08-05,35.699607849121094,36.31227582470412,35.412125570873236,36.260434522358054,55653200
2019-08-06,36.293426513671875,36.425384893602214,35.87869606749517,36.18031624893485,38301600
2019-08-07,36.5196418762207,36.618610666654256,35.680760475368004,35.8786980562351,41164800
2019-08-08,37.41508102416992,37.42450867854339,36.7175856155918,36.811840585746694,31983200
2019-08-09,36.99091339111328,37.29724732922359,36.708144985009675,37.193564741346684,31145200
2019-08-12,36.5055046081543,36.87310400614712,36.33584279437354,36.73643178973504,21786800
2019-08-13,37.4197883605957,37.56117079130413,36.39239354349203,36.472510613786405,52085600
2019-08-14,36.26986312866211,36.89666906612419,36.17560816471737,36.73172108142269,47138600
2019-08-15,36.203887939453125,36.39240148379132,35.89755387935316,36.3028567412214,31324600
2019-08-16,36.89196014404297,36.96736700170124,36.52436070195109,36.576202017691934,21694000
2019-08-19,37.45278549194336,37.56589217839378,37.259558123477014,37.47163720561788,15756200
2019-08-20,37.26426315307617,37.59415907550343,37.24541144385235,37.40564917445693,16675400
2019-08-21,37.70256042480469,37.79681538762816,37.53289861524536,37.6224433468451,16802600
2019-08-22,37.61300277709961,37.88634710925758,37.27839309970422,37.80151623360838,15188200
2019-08-23,36.368831634521484,37.74968805951122,36.2180215360337,37.405654207771775,40797800
2019-08-26,36.87309646606445,36.88723434838909,36.56676249851305,36.81654493676591,20717000
2019-08-27,36.816551208496094,37.17943676716391,36.604472150711565,37.11345757467885,20066000
2019-08-28,36.849544525146484,36.91080989704057,36.35469693595138,36.618613732537206,14279000
2019-08-29,37.49048614501953,37.60359282310013,37.21714171036132,37.34910010072143,16241200
2019-08-30,37.48106002807617,37.78268024572403,37.212429409371154,37.73555276089092,20150800
2019-09-03,37.02390670776367,37.49990245659944,36.89194834466363,37.17000654884934,23675000
2019-09-04,37.65543746948242,37.674289183432315,37.38680683799081,37.424510265890596,15458800
2019-09-05,38.44247817993164,38.598002125464554,38.13143388446266,38.15028200307558,20086600
2019-09-06,38.40949249267578,38.54616473792507,38.30580985175583,38.52731302179442,18300200
2019-09-09,38.122005462646484,38.60742540809279,37.919354033464394,38.58857369426227,25221400
2019-09-10,37.92877960205078,37.94762771924786,37.49991122608752,37.94762771924786,19717000
2019-09-11,38.32466125488281,38.334085315072564,37.966485842520214,38.046606534320404,18818600
2019-09-12,38.53201675415039,38.843060999817936,38.37177900682157,38.56029252313937,25542000
2019-09-13,38.24924850463867,38.47074802236162,38.20683125530702,38.47074802236162,33067200
2019-09-16,38.15498352050781,38.239814409284165,37.89578062384362,37.93348044450314,15451800
2019-09-17,38.310508728027344,38.310508728027344,38.09371947052829,38.18326059270664,15402600
2019-09-18,38.30580139160156,38.33407716175399,37.78739189709404,38.2492498512967,17261400
2019-09-19,38.390621185302734,38.72994471129868,38.33877989129806,38.42361077279704,16387000
2019-09-20,37.942935943603516,38.5338737540586,37.84365882426284,38.51496331130826,30027200
2019-09-23,38.06113052368164,38.174589594305935,37.86730115484959,37.94766784625852,15648400
2019-09-24,37.69237518310547,38.458228201804985,37.53163823893046,38.31167679339662,35448200
2019-09-25,38.14148712158203,38.2454927449638,37.295263812100636,37.64037305270394,23913200
2019-09-26,38.18404006958008,38.31641318303284,37.88620867960809,38.127312342041726,18178600
2019-09-27,37.673465728759766,38.26440349658798,37.389812714763906,38.184033218996944,25564200
2019-09-30,38.07056427001953,38.160387941529095,37.782186425822786,37.83418922440232,22002800
2019-10-01,37.71602249145508,38.49606129332497,37.70184055798818,38.240775670523966,22044600
2019-10-02,37.00689697265625,37.47491881117164,36.727975996276044,37.465465391124404,39509600
2019-10-03,37.460723876953125,37.474905805501606,36.53413394154271,36.992702200864706,34944400
2019-10-04,38.08003616333008,38.12731046955651,37.68765256873377,37.72547345643426,21876800
2019-10-07,37.91929626464844,38.23603805937472,37.89093240446343,37.95238863713032,21238800
2019-10-08,37.22434997558594,37.786923871350425,37.219625070450206,37.67346483252994,28733600
2019-10-09,37.7774772644043,37.919300186796775,37.55528405184443,37.61201177808204,20503000
2019-10-10,38.03749084472656,38.18877080496385,37.71129196520291,37.739659437421544,18796200
2019-10-11,38.56224060058594,38.90262138285081,38.444053029343884,38.505509267942315,31941200
2019-10-14,38.53859329223633,38.69933022982873,38.51968645891737,38.52441136384828,11325600
2019-10-15,38.964073181152344,39.05862539145,38.65678480958151,38.694605693700574,16205800
2019-10-16,38.694602966308594,38.7702447292151,38.552780071055544,38.75133428848847,20066000
2019-10-17,38.618961334228516,38.93570307259561,38.41567862321133,38.82696894990376,13731800
2019-10-18,38.25022888183594,38.6189735423881,38.009125216552384,38.56224220738061,17452600
2019-10-21,38.66150665283203,38.680417091629586,38.34003640686846,38.47713438305266,12678600
2019-10-22,38.14148712158203,38.87425139046418,38.11312326313168,38.73715339662439,18916000
2019-10-23,38.17457962036133,38.179308132384904,37.94293302637647,38.02329969678785,17617000
2019-10-24,38.73242950439453,38.765521878799625,38.439323040522076,38.581149563285784,14508200
2019-10-25,39.20045852661133,39.24773284069804,38.70879772515179,38.73243668559463,16305400
2019-10-28,39.69684982299805,39.71576027093644,39.526659398351605,39.54556984629001,14459800
2019-10-29,39.337547302246094,39.73465938205286,39.323365372038374,39.66374612421614,15520800
2019-10-30,39.57864761352539,39.62592191251513,39.19099259093301,39.45573155071381,25558600
2019-10-31,39.55501937866211,39.68266398799925,39.29973376678663,39.640114582620605,22461800
2019-11-01,40.02776336669922,40.02776336669922,39.62592636988854,39.687382604808406,19841200
2019-11-04,40.23577880859375,40.35869489798523,40.15068360929174,40.33505593997966,20363200
2019-11-05,40.18850326538086,40.36341856477629,40.05140524811512,40.34923663312785,15799600
2019-11-06,40.16958999633789,40.20741088260663,39.966307241141195,40.18377192698911,17077200
2019-11-07,40.486328125,40.71324981519637,40.37286908330077,40.439053824858476,28085000
2019-11-08,40.713253021240234,40.713253021240234,40.22159232609625,40.38232568059426,12573000
2019-11-11,40.7321662902832,40.788894016136965,40.42960278960324,40.48160560950147,8488000
2019-11-12,40.8692626953125,41.02054264964287,40.689618876669755,40.788896008561686,16562400
2019-11-13,40.95909118652344,40.996912081218056,40.69907704399672,40.7085340710699,15372200
2019-11-14,40.91179656982422,40.94488893456077,40.68487492106125,40.79833754884136,12182600
2019-11-15,41.24272155761719,41.24272155761719,41.072531217212926,41.2001757759148,14124800
2019-11-18,41.36565399169922,41.427110236325035,41.07254748782476,41.22855596279659,13022200
2019-11-19,41.44601821899414,41.568934307738886,41.29473826623084,41.53111341784841,14087400
2019-11-20,41.195457458496094,41.47438198804488,40.88344416174468,41.35146591027093,24759800
2019-11-21,40.98745346069336,41.16237238675645,40.902358254338196,41.11509807362556,18755400
2019-11-22,40.9354362487793,41.17181133816631,40.77470291925899,41.105626601681756,11780000
2019-11-25,41.53112030029297,41.53112030029297,41.10564423551267,41.11982977667133,14739800
2019-11-26,41.56892776489258,41.67293339232186,41.48856109162378,41.5547458351155,19454400
2019-11-27,41.80057907104492,41.80057907104492,41.573660955479895,41.69657343191161,18697000
2019-11-29,41.67766571044922,41.75803239105697,41.606752448290116,41.69184764152137,11360200
2019-12-02,41.082000732421875,41.69657394250138,40.90235331470143,41.69657394250138,23167600
2019-12-03,40.717979431152344,40.74634689995744,40.25941469925012,40.43432999068965,22494400
2019-12-04,40.88344192504883,41.01581141381054,40.82198208612513,40.98271904162011,13829000
2019-12-05,41.034732818603516,41.06782519963469,40.84090343913592,41.03000430508506,15620600
2019-12-06,41.48856735229492,41.52638463514114,41.31364844278677,41.3467408195263,18407000
2019-12-09,41.27110290527344,41.55002385285212,41.27110290527344,41.41765434506573,11370200
2019-12-10,41.3041877746582,41.52165244175154,41.20018214978793,41.337280145589844,12350800
2019-12-11,41.58311462402344,41.62093551244437,41.32782903737983,41.41292423292769,9879000
2019-12-12,42.02749252319336,42.0889487493158,41.36564153723801,41.464918644111656,24189400
2019-12-13,42.30642318725586,42.400975411000104,41.90458615503879,41.984952840122496,26256200
2019-12-16,42.684627532958984,42.831178980411956,42.618442775606105,42.62789619517133,19744600
2019-12-17,42.58534622192383,42.77917196179806,42.528614889698034,42.7602615177228,14919400
2019-12-18,42.58061599731445,42.746077867822855,42.566434066527776,42.63734732725945,12970200
2019-12-19,42.88790512084961,42.89263363345858,42.594798654664864,42.60898058569345,13724000
2019-12-20,43.13691329956055,43.18908577840444,43.02782802093467,43.141657239064244,23400800
2019-12-23,43.260223388671875,43.36931226819129,43.20805091827977,43.26971126614227,15530400
2019-12-24,43.274452209472656,43.33611255822308,43.17485120598936,43.33611255822308,4890800
2019-12-26,43.59696960449219,43.606457481731226,43.3361108774575,43.36456727204476,8269200
2019-12-27,43.592227935791016,43.772457793542614,43.48313906230662,43.772457793542614,19332200
2019-12-30,43.34084701538086,43.58748113988813,43.00884371534942,43.582737201726374,16491200
2019-12-31,43.478389739990234,43.52581826315033,43.1368985835346,43.19381498246533,11601800
2020-01-02,44.2941780090332,44.2941780090332,43.78668515902888,43.872057957093375,26567000
2020-01-03,43.796180725097656,44.099731344363114,43.644407224747766,43.6491511643553,30023600
2020-01-06,43.900516510009766,43.94794865904056,43.27919443820751,43.35982330185598,15630000
2020-01-07,43.88154602050781,44.099723782253534,43.81514535165131,43.97640670356357,15363600
2020-01-08,44.35110092163086,44.545559001076874,43.84834831767486,43.92898080775275,23254400
2020-01-09,44.85385513305664,44.8823115337142,44.53133599086341,44.75899805182098,15554800
2020-01-10,44.7495002746582,45.10996361704304,44.67361535016739,45.04830688973395,15330600
2020-01-13,45.30916213989258,45.36133460460098,44.92973030940788,44.953442763370575,15524400
2020-01-14,45.095733642578125,45.408764823933716,45.02458904090852,45.36608023407081,16134600
2020-01-15,45.14790725708008,45.36608138746627,44.99613379165643,45.12419118306566,14417000
2020-01-16,45.7550048828125,45.76448914205958,45.37556937875667,45.437229728840705,11543200
2020-01-17,46.06328582763672,46.10597041287621,45.72179467146331,45.96842516283057,21661000
2020-01-21,46.0443229675293,46.30992564534744,45.91152162862023,45.92100588772869,17975000
2020-01-22,46.210330963134766,46.53285009542236,46.17238668437962,46.33364805980621,15491600
2020-01-23,46.42850112915039,46.466445404629155,46.058553489645654,46.25775550806124,14956400
2020-01-24,46.210330963134766,46.87434136708753,46.049069587708175,46.76999640979366,23617400
2020-01-27,45.10996627807617,45.465685702862665,44.92024852781036,45.13368235382132,35574600
2020-01-28,45.97317886352539,46.096495944678686,45.408769548405644,45.503630233356304,31184400
2020-01-29,46.09175109863281,46.41901412278256,45.90677728982601,46.352613453906535,21126600
2020-01-30,46.49016571044922,46.532853932209946,45.79295852830565,46.07278946542529,19933600
2020-01-31,45.21431350708008,46.24352755969663,45.05305214470513,46.21981148275272,26964600
2020-02-03,45.811912536621094,45.9257453462081,45.21430656983065,45.266479036250175,25075600
2020-02-04,47.011878967285156,47.11147996878744,46.49489820493709,46.60872740400185,19097800
2020-02-05,47.28696823120117,47.80869295801409,46.94548061714886,47.784976881862534,32697000
2020-02-06,47.71857452392578,47.73280272168764,47.26799804149673,47.481428245054694,13505600
2020-02-07,47.28221893310547,47.68062288313541,47.187358265076085,47.495649103683725,16598000
2020-02-10,47.92252731323242,47.93201157357327,46.997654522397326,47.007142401303746,16347600
2020-02-11,47.76125717163086,48.33041038887574,47.618971581243315,48.28772217876405,15105800
2020-02-12,48.278236389160156,48.29720852432316,47.818172062510406,48.08851865609488,12152800
2020-02-13,48.150184631347656,48.40156275662493,47.827665508748545,47.898810124635865,14802800
2020-02-14,48.358863830566406,48.439492688719504,48.09326118320812,48.245034641493525,12392400
2020-02-18,48.17863464355469,48.28297957604465,47.917772312329774,47.96994477857476,20633200
2020-02-19,48.75253677368164,48.82368138737349,48.458474059085844,48.49167439633333,16615600
2020-02-20,48.245033264160156,48.76675428596148,47.585766984313686,48.64818116198097,26324600
2020-02-21,47.163658142089844,48.04109874400704,46.86959542216803,47.998410527592625,29899000
2020-02-24,45.21431350708008,45.86883597908766,44.488646422806056,44.90127866053387,42365200
2020-02-25,43.76771545410156,45.788202708098254,43.606457725784686,45.62220104113531,62934400
2020-02-26,43.9669303894043,44.92025969809393,43.634926957803934,43.93373004624426,55759600
2020-02-27,41.595458984375,43.42622868397143,41.56700258671832,42.52507565156687,67825800
2020-02-28,41.913230895996094,42.31163487209151,39.86902769363645,39.940172294671974,111854400
2020-03-02,44.33687210083008,44.34635636028925,41.917977040871214,42.667360187928544,70008600
2020-03-03,42.65312576293945,44.896530937606215,42.20254932381705,44.58824008099182,94989200
2020-03-04,44.48389434814453,44.4981225442826,42.97090010367656,43.57325360966199,44727600
2020-03-05,43.079994201660156,44.1234363888598,42.800159708902164,43.29816834558135,49019000
2020-03-06,42.16935348510742,42.4207279643593,41.02156273330372,41.63814451221839,57631800
2020-03-09,38.96787643432617,40.78915803283463,38.65484162413979,38.6927858954166,59119800
2020-03-10,41.56699752807617,41.571741466630066,39.18605059167149,40.63738459258214,71164600
2020-03-11,39.60343551635742,40.703794298536344,39.0390261157282,40.452419777822186,63304200
2020-03-12,35.73794174194336,38.84455928956903,35.57194007862276,36.72921502045471,65490600
2020-03-13,39.930686950683594,40.02080006555105,36.188519394762636,37.986084795227946,65849600
2020-03-16,34.41466522216797,37.5687113073435,33.76488676433465,34.01626122921015,81244800
2020-03-17,36.75767135620117,37.203507495752625,34.120606027168016,35.22570488041289,100814600
2020-03-18,35.37274932861328,35.96087124502857,33.32854539489535,34.31507504850978,107412400
2020-03-19,35.50080108642578,36.70550474841252,34.2059842892863,35.045480615673895,123454200
2020-03-20,33.87397766113281,36.53950345746365,33.76014844684443,36.1695557971023,90444000
2020-03-23,33.564544677734375,34.4322642764042,32.46797431528527,33.70280815038818,84958400
2020-03-24,37.0020637512207,37.030668743754454,35.45256360632021,35.59559584391077,75329000
2020-03-25,36.95438003540039,38.66121092956237,36.24399134062985,37.28334829501571,57480800
2020-03-26,39.24287796020508,39.33823399792204,37.33103578160662,37.421619470611596,56425800
2020-03-27,37.46928787231445,38.74226433930164,37.30718809812456,38.027110573842386,58485400
2020-03-30,39.04739761352539,39.13798128667446,37.850705921239886,37.9698982194268,47480200
2020-03-31,38.317928314208984,39.65764812674659,38.11768255680763,38.95679706948944,39988800
2020-04-01,36.491905212402344,37.78394896120522,36.22014698682328,36.9925105555957,54984800
2020-04-02,37.345333099365234,37.393009292882184,36.21538876196543,36.3631860531061,44223600
2020-04-03,36.7684440612793,37.58371900219024,36.30597732952887,37.183230960405965,31572000
2020-04-06,39.90557861328125,40.16780311530887,38.14153411542682,38.3846874139015,35987200
2020-04-07,39.548004150390625,41.326354887799624,39.505096667866674,41.312052393624974,44298800
2020-04-08,40.6111946105957,40.77806307848745,39.69103004483859,40.06767809377127,27428600
2020-04-09,40.62073516845703,41.30251528310475,40.33467437043192,41.09273930453188,39259800
2020-04-13,40.711326599121094,40.768540219495996,39.881749109719195,40.458639474688276,25301600
2020-04-14,42.418155670166016,42.49443684954323,41.450314790667136,41.61718328067379,31779000
2020-04-15,41.493221282958984,41.83172696532067,41.18332058749936,41.5742711708216,25858200
2020-04-16,41.99858856201172,42.103478346726995,41.31204352676011,42.03673096326447,23667600
2020-04-17,42.55641555786133,42.75188901884845,41.941382914825795,42.7423552362837,28284800
2020-04-20,41.874637603759766,42.537346467445516,41.81742399315044,41.97952740448012,20407000
2020-04-21,40.12013244628906,41.38357166522281,39.87697911435283,41.28344692342622,32765000
2020-04-22,41.66486358642578,41.89371442207453,40.94494101564354,41.09274195349486,24032000
2020-04-23,41.37879943847656,42.2322167457351,41.34542573986691,41.760212617235354,21169600
2020-04-24,42.25605392456055,42.26559134577263,41.28344429617255,41.55043752820443,16885000
2020-04-27,42.6183967590332,42.76142896818451,42.36094096503696,42.637467962750726,15598600
2020-04-28,42.05104446411133,43.17622013344225,41.993834484713155,43.14761514374316,25267600
2020-04-29,43.776939392089844,43.929505361294446,42.79479619267645,42.947362161881045,22925800
2020-04-30,43.581485748291016,43.867546615825404,43.257282461762365,43.867546615825404,30861200
2020-05-01,42.38478088378906,43.2191269498579,42.22267747090211,42.62316547409445,23990200
2020-05-04,42.94736862182617,42.99027610205971,41.993830261505664,42.189303733892075,21458000
2020-05-05,43.538551330566406,44.09160519779344,43.3621454651662,43.4384302623531,17374600
2020-05-06,43.8770751953125,44.30139955325405,43.68160168671938,43.95812509796182,16941000
2020-05-07,44.53500747680664,44.7876945410751,44.40627777097862,44.47302516012652,21088800
2020-05-08,45.18818283081055,45.25016515291533,44.6971111516184,44.959335658691984,15221600
2020-05-11,45.48854446411133,45.75553401306993,44.78769326063519,44.878276921911976,20768800
2020-05-12,44.54931640625,45.80321812637845,44.51594270685374,45.67449203941015,27042000
2020-05-13,43.781707763671875,44.916416923530015,43.20481758339991,44.5731425861048,33942200
2020-05-14,44.33953094482422,44.3681359298337,42.99981079746779,43.476579947412134,30475200
2020-05-15,44.5636100769043,44.573143858789614,43.514715833994075,43.6386768232614,28032800
2020-05-18,45.655418395996094,45.91287419364268,45.28353901188222,45.44087007922716,20033400
2020-05-19,45.48854446411133,46.19416073991901,45.46947326240574,45.67448413391604,20092800
2020-05-20,46.4849967956543,46.57081539677545,46.09404619887131,46.11788611375064,18192000
2020-05-21,45.83658981323242,46.57558351558033,45.81274989865594,46.43732001344929,20581600
2020-05-22,46.00346374511719,46.060677364392994,45.58390811614337,45.76984783196387,18489600
2020-05-26,45.955772399902344,46.956986763715435,45.91762999962426,46.923613072836986,26001400
2020-05-27,46.2180061340332,46.237077338001114,44.97363826544385,45.95101291594269,38856800
2020-05-28,46.127418518066406,46.97129837264312,46.01299493247944,46.04636862983648,21147400
2020-05-29,46.709068298339844,46.818723151989865,45.87949110077825,46.265672899435295,35555000
2020-06-01,46.69477844238281,46.794899541812235,46.284756623313484,46.48976753284815,26719400
2020-06-02,47.13339614868164,47.13339614868164,46.34672636226616,46.79012179552144,22415200
2020-06-03,47.50050735473633,47.65307333161624,47.11909423126644,47.324105103710686,22035800
2020-06-04,47.109561920166016,47.643544715880324,46.84734105136915,47.31457281484149,15138800
2020-06-05,48.349159240722656,48.48741908751935,47.36224364922357,47.44329716582896,20756400
2020-06-08,48.592308044433594,48.611379245810014,47.81994439471721,48.263339823704655,16130200
2020-06-09,48.821163177490234,49.059547759765614,48.306251606785,48.349162723073796,14707800
2020-06-10,49.63644790649414,50.00832734697749,49.083393819393216,49.173981142702004,24389600
2020-06-11,46.790130615234375,48.84500477431465,46.77582812073338,48.77349230180967,39742000
2020-06-12,47.3956298828125,48.28241728511162,46.57081753213656,48.04403267522916,43287000
2020-06-15,47.853328704833984,48.067873402364526,46.3801098994198,46.532675906820764,29924000
2020-06-16,48.87360382080078,49.293159339586026,48.11553902369616,48.99756117381885,27935800
2020-06-17,48.86407470703125,49.32654141697646,48.7830248153292,49.15013550198344,17324200
2020-06-18,49.08338928222656,49.13583418692999,48.6686023927037,48.77349220211054,13717200
2020-06-19,48.7448844909668,49.73179664011405,48.51126858946716,49.674586661152794,31280000
2020-06-22,49.66327667236328,49.706306052870374,48.73101598203457,48.807507389902185,14738000
2020-06-23,50.02184295654297,50.59554497418032,49.950133395887924,50.10789807681431,19028000
2020-06-24,48.893558502197266,50.09354814057323,48.625833125342595,49.816259058839634,25425600
2020-06-25,49.51985549926758,49.57244493963393,48.434604663509404,48.96527727267157,20534400
2020-06-26,48.544551849365234,49.495936068459855,48.39634727559484,49.424222883657244,44275600
2020-06-29,49.07522964477539,49.08001149694443,47.95651332371179,48.539775273862055,18547200
2020-06-30,49.954898834228516,50.155696495199,49.01307460515889,49.08000959047195,16500000
2020-07-01,50.03618621826172,50.327813595665,49.75889710484569,49.988374983373696,21709200
2020-07-02,50.32780838012695,50.78198953209998,50.22263315773405,50.50948229991006,19144600
2020-07-06,51.207489013671875,51.44653060046057,50.94932366224187,50.97800748546127,16046200
2020-07-07,50.672027587890625,51.666441327775175,50.61943815421988,51.15011069581766,15863600
2020-07-08,51.49911117553711,51.50389302774551,50.801110299976514,51.07361751610281,13327000
2020-07-09,51.68557357788086,51.92939702426138,50.94454317990399,51.91983331794083,17767800
2020-07-10,51.671234130859375,51.695136102830496,51.05928820662032,51.56605524122727,14724600
2020-07-13,50.60032272338867,52.45528782194991,50.47124186788886,52.11106734397008,28910400
2020-07-14,51.1835823059082,51.25529550991452,49.66327770041167,50.19873215650906,30053200
2020-07-15,51.46086502075195,51.905482453353976,50.85847928843978,51.65209899184141,23779200
2020-07-16,50.82502365112305,51.0545051912324,50.43299557436212,50.91107877272839,17180600
2020-07-17,51.073631286621094,51.21705406418209,50.60510812595662,51.12622073263911,12710400
2020-07-20,52.37879180908203,52.503094456645066,50.93020036348908,51.21704954076245,17018400
2020-07-21,51.85289764404297,52.77081641014523,51.661663655900426,52.75169264658248,18794800
2020-07-22,52.268829345703125,52.431375858698075,51.857677563147334,51.900703293945476,15028000
2020-07-23,50.911075592041016,52.33576503905808,50.68159771375371,51.991544574142004,23349600
2020-07-24,50.294349670410156,50.62422823569753,49.467267801843434,50.060089930742066,22911600
2020-07-27,51.08796691894531,51.14055635849806,50.49992302553055,50.60032005172623,16908000
2020-07-28,50.4903678894043,51.087971899412885,50.45212035736725,50.930203565374114,17825400
2020-07-29,51.221824645996094,51.360469187035314,50.68159203917544,50.68159203917544,13187000
2020-07-30,51.50868225097656,51.54214792862513,50.48558450859437,50.7580917830142,21556800
2020-07-31,52.79472732543945,52.81385109092164,51.47043848129445,52.32142598408257,25185800
2020-08-03,54.0951042175293,54.26721442762848,53.487936629822556,53.51184224413591,24327000
2020-08-04,54.23375701904297,54.23853522464593,53.7461101336367,53.98037351764872,17971600
2020-08-05,54.43454360961914,54.55884624045845,54.16203638074989,54.40585978999649,12960200
2020-08-06,55.199493408203125,55.25208285921773,54.272010705748265,54.39153152214767,16399400
2020-08-07,54.37718200683594,54.98434971186599,53.94690639844562,54.97956785858239,27476200
2020-08-10,54.224185943603516,54.5731882219042,53.49271936238825,54.48235126300032,16481200
2020-08-11,53.24889373779297,54.276773120184544,53.1389366686793,54.047295277478476,18844400
2020-08-12,54.45845413208008,54.60187689060325,53.612244902104756,53.67917625224591,14196800
2020-08-13,54.48236083984375,54.936542066713905,54.28634862523574,54.534950283454876,11453600
2020-08-14,54.44411087036133,54.60187919412922,54.14291978201959,54.50626401774665,8334200
2020-08-17,54.80746078491211,54.93176344507709,54.707063745062314,54.773995104962175,8174600
2020-08-18,55.01303482055664,55.1612394484391,54.549293523328465,54.91263778416994,8930000
2020-08-19,54.94609069824219,55.39548997836862,54.85525374226312,55.15166657665273,14239400
2020-08-20,55.67755889892578,55.78751961980242,54.6831451485494,54.740516435200426,12803000
2020-08-21,56.385135650634766,56.44728515560721,55.701476505996,55.730160331754746,15288600
2020-08-24,56.87277603149414,57.21699651302234,56.39947469313551,57.19787274766129,16440600
2020-08-25,57.15962600708008,57.183531625983164,56.657640837483385,56.74369595905501,18628200
2020-08-26,58.32136917114258,58.47435565088117,57.628149982714525,57.75723084320302,16463000
2020-08-27,58.369178771972656,58.83292008050344,57.843287957731185,58.565194643613715,18174200
2020-08-28,58.88072204589844,59.07195238642008,58.522159686192936,58.5986510929046,13092600
2020-08-31,59.067176818847656,59.4496411644552,58.74685832445139,59.11498440611296,19040000
2020-09-01,60.19544219970703,60.27193359561958,59.224930485901154,59.59783835123476,25612600
2020-09-02,60.73090362548828,61.06078217522518,59.669558419800055,61.05600032229832,40395000
2020-09-03,57.26957702636719,59.808197210585654,56.796275761806136,59.76038962837989,54162000
2020-09-04,56.47118377685547,57.76200684082247,54.04730231852809,56.949266933507694,62544200
2020-09-08,53.918212890625,55.6154094004567,53.82259772703646,54.32458280710331,47860400
2020-09-09,55.67755889892578,56.22257335591416,54.63055571432379,55.23294145796319,36783800
2020-09-10,54.420204162597656,56.52854889242365,54.090325632069735,56.44249378217658,32109800
2020-09-11,54.004276275634766,55.14211294569989,53.315835320309176,54.93175882406115,37166400
2020-09-14,55.137332916259766,55.43374214750993,54.64490783435761,54.90306953658029,24730200
2020-09-15,55.68233871459961,56.079148559247486,55.30943448371975,55.97874789940947,18260400
2020-09-16,54.82179641723633,56.00744428781156,54.76920697655647,55.93094922955536,19637000
2020-09-17,54.367610931396484,54.74529701959377,53.4544704559794,53.54052556022035,30403600
2020-09-18,53.430580139160156,54.55407494408488,52.77082298030053,54.45845976185166,41837600
2020-09-21,53.87474060058594,53.89869551300638,52.27919647970212,52.466061612177064,38381800
2020-09-22,54.72761154174805,54.86656319016438,53.558503641668686,54.48324804587353,25537400
2020-09-23,53.02186965942383,54.80906775043114,52.85895943494809,54.75636182388584,23707800
2020-09-24,53.31892776489258,53.9801461461743,52.46126304022464,52.52834263607006,31838600
2020-09-25,54.59345245361328,54.75635901416544,53.01228204951779,53.34768005980998,19326600
2020-09-28,55.63798522949219,55.64277401876674,55.03905756938315,55.49903357367917,17473200
2020-09-29,55.45112609863281,55.800897842908896,55.331340553635435,55.56611919827217,20851000
2020-09-30,55.91587829589844,56.4860585309074,55.39840763677675,55.42236254701944,22318400
2020-10-01,56.505218505859375,56.768748078809786,56.14586199123436,56.6920836010193,27076400
2020-10-02,55.07259750366211,56.03088176212533,54.85219256288329,55.11571854062207,37251600
2020-10-05,56.28003692626953,56.31357673080078,55.431956922799486,55.465496727330745,12270600
2020-10-06,55.40799331665039,56.6777206394625,55.211546952412945,56.1458726048339,26862200
2020-10-07,56.42377471923828,56.533975355121754,55.944632619241,55.987753653569975,12992400
2020-10-08,56.71604919433594,56.91728799013483,56.52439163166673,56.91728799013483,10109600
2020-10-09,57.583290100097656,57.5976637763043,56.96998887819003,56.984362554396675,14425400
2020-10-12,59.15488052368164,59.542984437162986,58.139098002104504,58.43137496219123,19163800
2020-10-13,58.77635955810547,59.45195166260887,58.55116218993767,59.34653981746104,17613800
2020-10-14,58.46492004394531,59.231550362625796,58.02890261437096,58.92010725260739,14534000
2020-10-15,58.20138931274414,58.316382388920196,57.34372454689396,57.49704986698336,13185000
2020-10-16,58.03369903564453,58.75720105651669,57.9809931062347,58.522422424504875,11544200
2020-10-19,56.97000503540039,58.546383221428165,56.792721115590666,58.325978260769,16616400
2020-10-20,57.16645050048828,57.77017065156745,56.816678767374,57.185616625744004,14566600
2020-10-21,57.080196380615234,57.62641807569756,56.9508296235964,57.027490457794656,12171800
2020-10-22,56.811885833740234,57.29102799432017,56.160252202906356,57.10416284413916,13486400
2020-10-23,56.74959945678711,56.90292480407889,56.275246079220494,56.89333991361806,10312800
2020-10-26,55.518192291259766,56.57230337020593,54.82822654907604,56.12190866010668,18189200
2020-10-27,55.79609680175781,56.03087906578936,55.47986491257622,55.78651556808256,19064800
2020-10-28,53.42913818359375,54.77073391015567,53.33810001210566,54.73719410838073,32756600
2020-10-29,54.320343017578125,54.948018019880685,53.601629843437145,53.63516964534116,19409000
2020-10-30,53.11769485473633,53.89390639255896,52.499601091286415,53.558504720656444,25848600
2020-11-02,53.2518424987793,53.96097427936156,52.74395313986877,53.52495329723013,24039800
2020-11-03,54.19097900390625,54.67012117662967,53.44831082952374,53.66871579030876,20970200
2020-11-04,56.29920196533203,56.72084573638834,55.27863051379347,55.839225945389394,30763800
2020-11-05,58.04806900024414,58.21576801237681,57.540175863488244,57.77974692526757,22189800
2020-11-06,58.25410461425781,58.44096976396925,57.118536380533676,57.909121674616834,19455200
2020-11-09,57.83245849609375,60.065262764482846,57.77975256491275,59.490293622317786,39768200
2020-11-10,56.7543830871582,57.7318334581243,56.29440708709727,57.329355828907595,23538400
2020-11-11,58.10078048706055,58.258894624739014,57.21436820475207,57.32936130185404,14488600
2020-11-12,57.583290100097656,58.38824886774232,57.31497172940398,58.100764376918576,14352800
2020-11-13,58.072025299072266,58.19181083282082,57.473097630329505,58.019319371777755,11851600
2020-11-16,58.63262176513672,58.73802995946898,57.957029630198846,58.07681515861499,14864200
2020-11-17,58.30680465698242,58.623036549346935,58.05764871214813,58.340344458529636,9939400
2020-11-18,57.68391418457031,58.48408057342498,57.6599556185666,58.2061809478271,9542800
2020-11-19,58.148685455322266,58.25409730204371,57.31497922621537,57.56892395391843,12155200
2020-11-20,57.54975128173828,58.21575843143054,57.53058516128251,58.201384754979635,9915800
2020-11-23,57.5353889465332,58.10556560633855,57.0370806831489,57.72704653330631,9807000
2020-11-24,58.335548400878906,58.450541476838126,57.33893199439506,57.7557869211477,13634000
2020-11-25,58.46013259887695,58.704492454399606,58.23972765663617,58.536793439169045,12186400
2020-11-27,58.77157211303711,59.02072439816748,58.66136782089066,58.77157211303711,7025800
2020-11-30,59.164466857910156,59.250712580298114,58.086397155842704,58.752404368230366,32229200
2020-12-01,59.921512603759766,60.252121837699484,59.40404189026126,59.65319418523726,22681200
2020-12-02,59.83047866821289,59.89755827349586,59.21717367545327,59.667568444265456,16038800
2020-12-03,59.79214096069336,60.194618555638016,59.63402319600911,59.8975528038162,13775400
2020-12-04,60.39107131958008,60.400652553226564,59.74901899834062,59.878389413735235,10358800
2020-12-07,60.563560485839844,60.740840718345716,60.31919699808167,60.42460884203869,8905400
2020-12-08,60.760009765625,60.95166734063155,60.24732785443187,60.5060650323561,7886800
2020-12-09,59.595706939697266,60.90376678530667,59.38967564256655,60.72169406097265,17271800
2020-12-10,59.68194580078125,59.96464157380577,59.09260299582778,59.23155465978024,9997400
2020-12-11,59.557369232177734,59.557369232177734,58.88656950767843,59.32258695248611,13023200
2020-12-14,59.77297592163086,60.30961638017681,59.70110387678462,59.739436121444484,11055800
2020-12-15,60.769596099853516,60.769596099853516,60.03171679465046,60.41982074298264,9099200
2020-12-16,61.181663513183594,61.397276022721655,60.64981542372083,60.851054253364964,10309200
2020-12-17,61.665584564208984,61.79974376243764,61.373307601397705,61.627252320268234,11505000
2020-12-18,61.44997024536133,61.766205765037355,61.05707389566812,61.75662087655778,17693400
2020-12-21,61.511451721191406,61.54026603159169,60.12830619672778,60.67100013645396,15232200
2020-12-22,62.044532775878906,62.323083297876636,61.56907471327242,61.8524251771793,14334200
2020-12-23,61.573883056640625,62.1597910904596,61.482632861687165,62.116569628057135,11300800
2020-12-24,61.98210144042969,62.135787530671564,61.636315065541574,61.679536530363556,4384600
2020-12-28,62.68327713012695,62.808141573820095,62.303869200801934,62.59682687821967,8171000
2020-12-29,62.38550567626953,63.105892611691374,62.27504839805488,63.02424963838882,8841400
2020-12-30,62.351905822753906,62.731306471932506,62.260655617365536,62.601642069897345,8141400
2020-12-31,62.443153381347656,62.62084651389421,61.93888096589379,62.38071749016915,11058400
2021-01-04,61.42499923706055,62.77452671531778,60.62776919435445,62.760112233343314,21017200
2021-01-05,61.8236198425293,61.92447726250454,61.24731161909595,61.2857331444124,12361400
2021-01-06,60.757442474365234,61.9436766930192,60.57014214173156,60.93993920090941,27258000
2021-01-07,62.39511489868164,62.515179391789054,61.319338066380936,61.34335243063344,19652000
2021-01-08,62.79853820800781,62.96663145202759,62.08775836594617,62.70248806634912,12387600
2021-01-11,62.27986526489258,62.72170915413803,62.02052912205072,62.18862238392607,17853200
2021-01-12,61.98210144042969,62.28466635049581,61.39138610339422,62.20302336311336,17089200
2021-01-13,62.375919342041016,62.56801963528423,61.94368269000911,62.06374720532523,13605200
2021-01-14,61.82843017578125,62.659274633452405,61.73717996465447,62.52960289510608,15624800
2021-01-15,61.19447708129883,62.010914263706816,61.069612632087804,61.73717099824066,12641200
2021-01-19,61.99170684814453,62.09736420007045,61.40098786423051,61.61710617428206,11569600
2021-01-20,63.221160888671875,63.44208278628739,62.380709414438,62.46715966242853,11770000
2021-01-21,64.03760528564453,64.24891999571916,63.221168083393025,63.56215451613274,8945200
2021-01-22,63.79267120361328,64.1144431851639,63.638985125654784,63.76865683791282,11243600
2021-01-25,64.32573699951172,64.7339517712995,62.76969894193875,64.51303726613274,18205200
2021-01-26,64.36898803710938,64.65233853745636,64.12405906144349,64.55148844730545,8593400
2021-01-27,63.153934478759766,64.26813668821949,62.58242621857624,64.0616219131229,24484600
2021-01-28,63.413265228271484,64.46983872632967,63.259586473743965,63.47570111538104,16181600
2021-01-29,61.91965866088867,63.346025466561386,61.58347953608398,63.09629658993808,19023200
2021-02-01,63.47090530395508,63.77827016116877,62.19341713909721,62.65446808899586,11232600
2021-02-02,64.33055877685547,64.51785910705563,63.99437963651616,64.08562983064161,8595000
2021-02-03,64.10963439941406,64.5946922757656,63.917526828467025,64.46022064017993,11574800
2021-02-04,65.1325912475586,65.1325912475586,64.26813266187051,64.45543299919038,8134200
2021-02-05,64.988525390625,65.33911172898185,64.80121770875378,65.32950451572155,9413800
2021-02-08,65.67048645019531,65.69930075983693,65.16140677662128,65.25265697592376,11713200
2021-02-09,65.59363555908203,65.90580031373156,65.47837100614804,65.49758542904796,10552200
2021-02-10,65.49756622314453,65.93940255426538,64.94046537288877,65.8577596012689,9464400
2021-02-11,66.21796417236328,66.2611856262873,65.68487758950428,65.93941370015139,7565800
2021-02-12,66.5589599609375,66.60218142575151,65.86258726902808,66.04508766911766,6755600
2021-02-16,66.34282684326172,66.87111347113567,66.16993370397152,66.82308474927292,9722200
2021-02-17,65.75692749023438,65.9010063624598,65.09416907489098,65.73291312350416,15274800
2021-02-18,65.43517303466797,65.5456303574478,64.60912842918871,65.0749794216331,10954800
2021-02-19,65.3390884399414,65.82895354742023,65.0461308292531,65.77131761655839,11685600
2021-02-22,63.8983268737793,64.74838556581629,63.85990535529768,64.53707087824503,14262600
2021-02-23,63.72063064575195,64.11444574009731,61.765984312855934,62.836957646743215,24198400
2021-02-24,64.69556427001953,64.75319289023467,62.76011761263895,63.245182926636986,16472200
2021-02-25,62.433536529541016,64.54666868081728,62.15498602564599,64.11923937770278,34313800
2021-02-26,62.764923095703125,63.7302390975978,62.20782202230104,63.05307351672919,35511600
2021-03-01,64.78681182861328,64.82523335425444,63.4276879158608,63.8311029428578,24773800
2021-03-02,63.759056091308594,64.92127969313846,63.66781321744349,64.87805822738821,24802800
2021-03-03,62.15498733520508,63.634182803526045,62.08775151065209,63.45168242481569,29889600
2021-03-04,60.78145980834961,62.41434163361669,60.01304763369554,61.96289787797318,76955600
2021-03-05,61.92927551269531,62.10216870781612,59.89298235959026,61.5402676557126,46085800
2021-03-08,60.430870056152344,62.16940181604519,60.36843416593869,61.871644176237545,35242400
2021-03-09,62.486366271972656,62.87057412283987,61.76117935797529,61.84282233545934,22987200
2021-03-10,62.236637115478516,63.168338877658755,62.188615708780645,63.15873166505675,18459000
2021-03-11,63.56697463989258,63.96078254702253,63.03868769698336,63.17315940460417,13362800
2021-03-12,63.11071014404297,63.12991724105611,62.404730246274084,62.80814523695457,12442200
2021-03-15,63.7830696105957,63.821491133470026,62.90900378171246,63.15873268816128,16585000
2021-03-16,64.26332092285156,64.8780505681368,63.989577677260755,64.27292813460285,13106800
2021-03-17,64.21047973632812,64.59468752179113,63.259571146626506,63.74462898727924,19366400
2021-03-18,62.42873764038086,63.44208227426202,62.35189460459953,63.33161766226815,17584800
2021-03-19,62.2414436340332,62.716894393826216,61.94367867221648,62.44315112730236,27224800
2021-03-22,63.465293884277344,63.77330746472603,62.47387540169634,62.57494568536025,15984200
2021-03-23,63.070674896240234,63.917710674758894,62.90222681800696,63.63857213165465,12929200
2021-03-24,62.305458068847656,63.46050759246923,62.29583057545684,63.45088009907841,14209400
2021-03-25,62.26694869995117,62.546087229068334,61.46803573837014,61.93486997835273,22573000
2021-03-26,63.85033416748047,63.91771193137335,62.20919542968721,62.23326049042585,14883200
2021-03-29,63.51825714111328,63.83589832675542,63.03698528782242,63.65783009099802,17317800
2021-03-30,62.916656494140625,63.13804473974036,62.536455026683335,63.07066698562295,13235400
2021-03-31,63.91770935058594,64.30753835048512,63.34499470880805,63.3979349028453,15430400
2021-04-01,65.20270538330078,65.20752280151443,64.55299281986167,64.61555316401116,14351600
2021-04-05,66.55026245117188,66.66577032433352,65.49627605739911,65.58290879817652,12866800
2021-04-06,66.26634216308594,66.66098138027894,66.0449538142012,66.44441045126577,11315600
2021-04-07,66.61764526367188,66.73796322015379,65.97274277939887,66.21337869236271,10085200
2021-04-08,67.5802001953125,67.59463776501008,67.12780342845109,67.2433113296582,14144600
2021-04-09,68.22991943359375,68.24916707843039,67.21443542914636,67.33475340434806,9401000
2021-04-12,67.90266418457031,68.11923511414489,67.57058533219629,67.95079432164371,15907000
2021-04-13,68.54273986816406,68.5956800684,68.03740292838935,68.16253831637943,11315800
2021-04-14,67.8160171508789,68.56680005088228,67.68607169707047,68.53310749693635,11216200
2021-04-15,68.98068237304688,69.03362256049239,68.42721544182115,68.43684293325423,11028800
2021-04-16,68.96625518798828,69.09620063920828,68.67748915052725,69.03363295091246,11695600
2021-04-19,68.39353942871094,68.97588156887312,67.98445543950712,68.65824040151193,10254000
2021-04-20,67.78713989257812,68.5475429182184,67.40693103613268,68.2491567349007,9873400
2021-04-21,68.4705581665039,68.49462323124749,67.47913918553286,67.66683494073004,9254200
2021-04-22,67.66682434082031,68.64380559862785,67.36843080327094,68.35022947944859,11652200
2021-04-23,68.67747497558594,68.89404578716908,67.77749918293267,67.7919367474633,8886000
2021-04-26,69.02881622314453,69.10101140504464,68.65342477686544,68.70155489813217,7735000
2021-04-27,68.8603744506836,69.19245318900528,68.61492846061448,69.13951299385798,10822000
2021-04-28,68.22028350830078,68.55236225379745,68.05665284471925,68.46091942896498,10691200
2021-04-29,68.16251373291016,68.86516630775853,67.46948130472524,68.77854092604711,13416600
2021-04-30,67.23367309570312,67.8352628824285,67.07485251077259,67.4694989358046,10583400
2021-05-03,67.04598236083984,67.72938752813582,66.87754161420841,67.59463199338032,10805800
2021-05-04,65.8427963256836,66.56470405356164,65.11126110521879,66.5454564120133,19919600
2021-05-05,65.6839828491211,66.41070807371241,65.5588548064593,66.38182559282804,11245800
2021-05-06,66.34332275390625,66.38181803678503,65.18345591521091,65.65510023853977,14338600
2021-05-07,66.91120147705078,67.30584778191451,66.62243552990059,67.00745434489315,19196600
2021-05-10,65.2219467163086,66.62244186538528,65.19788166115376,66.58875666306754,20281000
2021-05-11,65.0246353149414,65.15939083585148,63.82145577565497,63.97545893799857,27046800
2021-05-12,63.1958122253418,64.41824696786031,63.02737146595438,64.06691319227447,29414600
2021-05-13,64.03321075439453,64.61073541225967,63.60487917091857,63.88882775402213,22610400
2021-05-14,65.4433364868164,65.6695348174688,64.62517590580498,64.75030392853033,16823000
2021-05-17,64.96207427978516,65.07758217108744,64.37011194206589,65.05832718405746,16267200
2021-05-18,64.44229888916016,65.2845246411883,64.39898618438318,65.14976910835387,11737200
2021-05-19,64.66848754882812,64.71661766488839,63.28723987266967,63.44125036916277,30581200
2021-05-20,65.90536499023438,66.12674591763931,64.918756278766,64.92838377149563,16828200
2021-05-21,65.54441833496094,66.30482878454006,65.48666805947744,66.24226109034889,14148400
2021-05-24,66.70909881591797,66.94010727330651,66.0545687336284,66.08826129180301,13229000
2021-05-25,66.72833251953125,67.13260641503068,66.57913943564601,66.97859591319758,11245800
2021-05-26,66.72351837158203,67.01709444710607,66.50694754227318,66.82458867519254,13311400
2021-05-27,66.37220001220703,66.94009724815939,66.35776244475912,66.6657761230236,11354600
2021-05-28,66.6080093383789,66.99302821910278,66.57432413351366,66.70907964022337,9222600
2021-06-01,66.28075408935547,66.97859674332655,66.16043613716649,66.90640890946317,12907400
2021-06-02,66.73796081542969,67.00747185325802,66.29038155838441,66.41550958491186,10098200
2021-06-03,66.11711883544922,66.46363510112779,65.71284496307455,66.19893415600882,12721200
2021-06-04,67.38768005371094,67.4646779611976,66.52138933776774,66.52138933776774,11182600
2021-06-07,67.37325286865234,67.45025078800364,67.04598417281153,67.32993281846127,11784000
2021-06-08,67.37806701660156,67.97965690067836,67.19037126651466,67.69570823786448,8902600
2021-06-09,67.42617797851562,67.8208170116059,67.3876753556441,67.70530914299135,9763400
2021-06-10,67.92189025878906,68.09033097957581,67.32511059384878,67.5657464895082,11275400
2021-06-11,68.32615661621094,68.32615661621094,67.94594778966761,68.00851547232975,12100600
2021-06-14,69.01919555664062,69.02400563128107,68.11440215770872,68.39354070298826,11426600
2021-06-15,68.59566497802734,68.96624629815469,68.47053696119026,68.96624629815469,15079600
2021-06-16,68.22509002685547,68.85556227477846,67.55612249602316,68.72561682817792,19202800
2021-06-17,69.01437377929688,69.29832972490706,68.02777245566593,68.02777245566593,15864200
2021-06-18,68.3839111328125,68.95181569902687,68.30209580465771,68.68230465484046,20816600
2021-06-21,69.11679077148438,69.1553566239045,67.96926169916836,68.41284257287424,12276000
2021-06-22,69.74359130859375,69.78216452148314,68.99625829976222,69.0733973684529,9253200
2021-06-23,69.66644287109375,69.91233879347115,69.51215004028566,69.75322707060798,8271000
2021-06-24,70.10518646240234,70.31733539289445,69.96536504389762,70.11483160208452,12279000
2021-06-25,70.02323150634766,70.22091643504652,69.90751924142113,70.16787919459286,14385800
2021-06-28,70.75611114501953,70.83807645565902,70.29806624105188,70.31253027486547,12557400
2021-06-29,71.2719955444336,71.30574249294042,70.63072995195458,70.79466051803901,9829200
2021-06-30,71.19487762451172,71.36845339833724,70.97308349686718,71.16112330542082,11013600
2021-07-01,71.31541442871094,71.31541442871094,70.83326033052278,71.09844655594381,11636600
2021-07-02,72.25559997558594,72.32792013399389,71.6384434335505,71.65772635676385,12780000
2021-07-06,72.53041076660156,72.87274328744947,71.83611530067695,72.40987228641475,11870600
2021-07-07,72.92581176757812,73.07527836993461,72.34240203631873,72.99331305112905,14883800
2021-07-08,72.23632049560547,72.4388243058866,71.45522596213635,71.77826828023387,17086200
2021-07-09,72.90167999267578,72.96918125530354,72.04344650051456,72.1495209642276,9775800
2021-07-12,72.95954132080078,73.2247201151757,72.72328323002947,73.19097316340016,9619600
2021-07-13,73.25848388671875,73.78884890106062,72.77150361192902,72.834185989576,15202800
2021-07-14,73.79851531982422,74.17459497996761,73.47547291211585,73.84673367916105,12886800
2021-07-15,73.19098663330078,73.76957002482318,72.80044302795034,73.71171389279704,12506200
2021-07-16,72.4677505493164,73.68278073755282,72.39542303219237,73.33562925519956,15080400
2021-07-19,71.46971130371094,71.8023988616112,71.0550584189074,71.60471388415034,24254000
2021-07-20,72.53041076660156,72.93059940367193,71.41181749615222,71.82647016227823,14715600
2021-07-21,73.22956848144531,73.24403251615861,72.36650850575023,72.50151106779954,12234000
2021-07-22,73.76957702636719,73.82743316388452,73.38385227638041,73.38385227638041,9577800
2021-07-23,74.5024642944336,74.54103751082525,73.8322702934422,74.0974492008656,12576200
2021-07-26,74.46387481689453,74.59887736623959,74.03475799424338,74.31440823419732,8993400
2021-07-27,73.75993347167969,74.39638042641691,72.82937957350862,74.37227124956998,18089800
2021-07-28,73.66832733154297,74.05887836234217,72.96438641171761,73.78404697293773,13941200
2021-07-29,74.0106430053711,74.26136515892402,73.58152621643123,73.59117135693734,12030600
2021-07-30,73.9624252319336,74.03957164240597,73.5188444073473,73.53813468850872,10148800
2021-08-02,73.69723510742188,74.39635687210979,73.595979539558,74.29510130424592,12205200
2021-08-03,74.16976165771484,74.20833486626243,73.23438158242553,73.83225527928242,10824800
2021-08-04,74.31922149658203,74.50244238128006,73.87564067418009,74.11189879618088,11322800
2021-08-05,74.72906494140625,74.75316676019871,74.23244681804577,74.45423357913174,6674600
2021-08-06,74.66637420654297,74.75315840150196,74.44940636205874,74.46868928635406,7602800
2021-08-09,74.42530059814453,74.8881717303892,74.35298043236585,74.75316182579058,7198200
2021-08-10,73.8901138305664,74.6278089950876,73.67796485515868,74.5603077171931,10421400
2021-08-11,73.89974975585938,74.28064819995573,73.52367020348036,74.14564566100361,10831600
2021-08-12,74.32404327392578,74.36744272946692,73.51884689967605,73.82260630302953,6947800
2021-08-13,74.72906494140625,74.74834786785773,74.29030295448776,74.37226826680974,5630800
2021-08-16,75.06658172607422,75.07622686917918,73.91905248050601,74.55067324774278,9493800
2021-08-17,74.44457244873047,74.72904889167684,73.98170874242982,74.60851039525267,19052600
2021-08-18,73.4176025390625,74.60369743517383,73.33563722974483,74.27100994865151,13481200
2021-08-19,74.13599395751953,74.41082525989802,72.90650718355327,73.01257429155173,19291000
2021-08-20,75.0906753540039,75.15817662758201,74.23726061462663,74.41565526113583,14769400
2021-08-23,76.05980682373047,76.16588131087889,75.28353845346467,75.2883573457578,10802400
2021-08-24,75.9730224609375,76.24302757053664,75.90551382645026,76.1562360098298,9537000
2021-08-25,75.92962646484375,76.35392443189981,75.80426904598073,76.15142059046518,9430400
2021-08-26,75.45230102539062,75.9923112865104,75.38961863540779,75.83801843642588,12056600
2021-08-27,76.18033599853516,76.23337323560241,75.38960369131483,75.51978733813202,14088800
2021-08-30,77.0,77.09161044626083,76.40695258089953,76.40695258089953,10026800
2021-08-31,76.59498596191406,77.0723210781156,76.45033828817847,77.04821190631195,21971000
2021-09-01,76.6142807006836,77.20733551875274,76.55160567283183,76.86018399108359,20289800
2021-09-02,76.53230285644531,76.99999282804589,76.22372458872717,76.89874460735741,21769600
2021-09-03,76.8360824584961,77.03858631026505,76.41661071962383,76.44071254045564,21204800
2021-09-07,76.85536193847656,77.01929992672433,76.49374635716549,76.92768946899147,19721800
2021-09-08,76.56124114990234,76.8698194588539,76.01641205638477,76.84571764114594,11466400
2021-09-09,76.27194213867188,76.87945352774358,76.20925976464957,76.61426735736406,11161000
2021-09-10,75.51980590820312,76.88430301819818,75.44265947948314,76.69626319637347,17080200
2021-09-13,75.54389190673828,76.2912321446167,75.0472738311408,76.09355457842268,22637800
2021-09-14,75.44747161865234,76.02123617562775,75.24496777920592,75.86695068908712,18431600
2021-09-15,76.10801696777344,76.17069198917522,75.27871144336302,75.70300198911517,16339200
2021-09-16,76.15139770507812,76.22854410446533,75.37031064326807,75.83799321647471,16148600
2021-09-17,74.96533966064453,75.95857622434174,74.85444624471161,75.95375733046288,22663000
2021-09-20,73.59986877441406,74.2422625078349,72.61937501551589,73.86551405655695,35669400
2021-09-21,73.62883758544922,74.23259017996382,73.34386812964476,74.04904703282281,18455000
2021-09-22,74.63832092285156,74.92812515803978,73.70129558177459,74.02974087298975,27990600
2021-09-23,75.63815307617188,75.81686154501296,74.79289916350086,75.02473817308244,19534000
2021-09-24,75.6912612915039,75.81683918256485,75.1454665676111,75.17927288173144,11652400
2021-09-27,74.95710754394531,75.22758757850622,74.4789327449713,75.05370650342732,15015000
2021-09-28,72.73529815673828,74.16498788457385,72.67734025224108,73.99593416975227,38190600
2021-09-29,72.64351654052734,73.41632288735259,72.51793864142995,73.03475445200019,25012000
2021-09-30,72.12188720703125,73.38251578929936,72.08324614921806,73.0685673283559,33415600
2021-10-01,73.2086181640625,73.36800234167613,71.64851636596725,72.38268148448115,45483800
2021-10-04,71.51329040527344,72.8753598774281,70.9433514596386,72.78841566621341,50773000
2021-10-05,72.53241729736328,72.9477993570729,71.590564769541,71.65818476205065,32967000
2021-10-06,73.00576782226562,73.05889835050854,71.46016250523648,71.69683619832357,40004800
2021-10-07,73.67230987548828,74.24225618707901,73.53706987681126,73.63850356083262,19895600
2021-10-08,73.39701843261719,74.01042592753268,73.27626788117304,73.9572953900961,18426400
2021-10-11,72.99129486083984,73.97178880111493,72.93816432057734,73.06857698668152,14970600
2021-10-12,72.61455535888672,73.36803767788079,72.49380479827794,73.27627344264276,17853400
2021-10-13,73.05892181396484,73.21831344988348,72.4551689673169,72.92851650551039,19521600
2021-10-14,74.7059555053711,74.73976919975301,73.69648259353787,73.80274367583918,15197200
2021-10-15,75.30486297607422,75.31935245020249,74.73975137498908,74.96676296303535,12779200
2021-10-18,75.94242858886719,75.98106964659753,74.67696527081824,74.88465266483713,11630200
2021-10-19,76.6958999633789,76.6958999633789,75.99072102691856,76.14527786599498,13201400
2021-10-20,76.4833984375,76.87945639416878,76.15012575284709,76.76836795596061,12025400
2021-10-21,76.77801513671875,76.81664881812767,76.0921456862652,76.25153725967817,10023200
2021-10-22,76.51237487792969,77.06782442076806,76.19359167959183,76.7490412224302,12490000
2021-10-25,76.76353454589844,77.0388493319083,76.46407554640297,76.80217560551536,10336800
2021-10-26,76.98088073730469,77.60395023328526,76.94223968305378,77.28033969521485,13189600
2021-10-27,76.91327667236328,77.50253997424498,76.83599454784755,77.11130198264493,17448000
2021-10-28,77.68607330322266,77.74403857975547,77.23688478775897,77.3817869240478,12756800
2021-10-29,78.0193099975586,78.06761314403788,76.83112924243261,76.92289342870258,20131800
2021-11-01,77.90340423583984,78.05796844301182,77.50734635250902,78.01932739121882,24421200
2021-11-02,78.58927154541016,78.78246942906951,78.00966315437843,78.00966315437843,26814600
2021-11-03,79.04812622070312,79.21234516748773,78.26565779950333,78.72451569497093,25978600
2021-11-04,80.28461456298828,80.47781246679624,79.20752187770508,79.34758925246172,28691400
2021-11-05,80.70000457763672,81.15402780299662,80.19767818658939,80.87388565607183,24223600
2021-11-08,81.13468933105469,81.27476406491617,80.77243776214173,80.96080828317538,12781000
2021-11-09,80.8014144897461,81.3423818294202,80.39086714493409,81.25543762285442,16823000
2021-11-10,79.46835327148438,80.57925983198197,79.22685216572529,80.17836711201842,25788800
2021-11-11,79.84024810791016,80.072087050862,79.70983547811288,80.03828073648617,10103800
2021-11-12,80.81108093261719,80.94632093228827,79.97066198752218,80.10590198719326,12244200
2021-11-15,80.7289810180664,81.25062423714668,80.27013043842105,81.13470106511947,12490200
2021-11-16,81.57905578613281,81.69015158105975,80.58407259001255,80.63237575041796,13538800
2021-11-17,81.3327407836914,81.84472194039276,81.07675020534074,81.41968501276963,15417800
2021-11-18,82.14418029785156,82.26009609859967,81.21198230334339,81.80124552390636,19964000
2021-11-19,82.74310302734375,83.05705886920937,82.16350188009056,82.43880929277373,17714600
2021-11-22,81.82056427001953,84.16312773165211,81.77226847526074,83.0667107472359,28451600
2021-11-23,81.63219451904297,81.8930198194025,80.59857016471906,81.50661660740617,29239800
2021-11-24,82.22628021240234,82.24559705360336,80.74828759458745,81.14435285446635,18241000
2021-11-26,80.17352294921875,81.68048717508344,79.85473978758512,81.05258295763072,24767800
2021-11-29,82.177978515625,82.40016272853691,81.11054061211567,81.36653851026458,24979800
2021-11-30,81.49210357666016,82.6174991976674,80.79657947011266,81.86884457270236,54066800
2021-12-01,80.37638092041016,82.97492719678898,80.30392618367276,82.35185773299935,39084200
2021-12-02,81.11538696289062,81.4873007036061,79.45868565972417,79.63256673862752,46872400
2021-12-03,79.75814056396484,81.59837741881346,78.75349529351689,81.34721425869465,48470000
2021-12-06,80.5164566040039,80.75795767802313,79.15922174722033,79.9899860314487,37800400
2021-12-07,83.32750701904297,83.42893331172567,82.11033991667102,82.12000202026839,28691000
2021-12-08,83.7091064453125,83.76706434837098,82.78174314623502,83.35651691832615,23261600
2021-12-09,82.80587005615234,84.047181453637,82.73825006605621,83.50139416572753,17201000
2021-12-10,84.4674072265625,84.5736682751708,83.4289483188045,83.67528409968145,24776600
2021-12-13,83.21157836914062,84.80548633585433,83.09082787726877,84.64126743571462,20974000
2021-12-14,81.84471893310547,82.73344118642365,80.85939771660547,82.2069705725586,27094800
2021-12-15,84.01337432861328,84.0954837893602,81.13467898524713,81.91231254882217,28270800
2021-12-16,81.63219451904297,84.46258754462572,81.14919234655463,84.32734752593126,31275600
2021-12-17,81.08639526367188,81.87851841636085,80.31358895225607,80.7337984226988,44821600
2021-12-20,80.12195587158203,80.37358681296105,79.53641440728202,79.84612027541574,32649600
2021-12-21,82.1495590209961,82.21730695039629,80.22841234246904,80.97848345052374,16810800
2021-12-22,83.2238540649414,83.28192899379752,81.82050091442386,82.03826159171513,13376200
2021-12-23,83.68841552734375,84.02231867419292,83.32547860841562,83.33515899376545,9792600
2021-12-27,85.4837417602539,85.50310253149915,84.00296027073334,84.02232104197859,13266600
2021-12-28,85.03852081298828,85.67244932468164,84.8255966811895,85.64341555833981,11422200
2021-12-29,85.11111450195312,85.4546905899162,84.67074934541021,85.06755646750452,9687800
2021-12-30,84.5497817993164,85.43050484724147,84.4481562171861,85.14499625473616,10526400
2021-12-31,84.13846588134766,84.67077639270153,84.09975171834269,84.46753257490411,10243000
2022-01-03,84.93692779541016,85.01434873393649,83.88198720730152,84.24976804717942,20302800
2022-01-04,84.03682708740234,85.16918838813733,83.40289851435762,85.08208708068223,16648000
2022-01-05,81.45272827148438,83.61098906209777,81.42368711479246,83.54807763188796,23628400
2022-01-06,81.04138946533203,81.87856183355866,80.5574736065238,80.80426803628679,23767200
2022-01-07,80.2961654663086,81.37530328981086,79.76869888300108,80.98816907506396,30488600
2022-01-10,80.31067657470703,80.41229476674114,78.05078308939919,79.10088696688345,32501400
2022-01-11,81.27366638183594,81.3898088452814,79.50737646442661,80.10259089864836,19207600
2022-01-12,81.65597534179688,82.43991677261693,81.24948035547261,81.87857253090755,18144000
2022-01-13,79.541259765625,82.31410338588834,79.3380159592761,82.07698191982905,20942600
2022-01-14,80.2138900756836,80.26228461513907,78.99926392863938,78.99926392863938,22351400
2022-01-18,78.28792572021484,79.51707642978329,78.07016500860568,79.04767734406242,24694200
2022-01-19,77.19427490234375,79.50254868206126,77.1168465776983,78.5347167759074,24961400
2022-01-20,76.19739532470703,78.7573070006984,76.09576974414638,77.88142046679559,37609000
2022-01-21,74.68274688720703,76.88940236206112,74.66338611484731,76.01351570404827,48016600
2022-01-24,75.06986999511719,75.12310103526777,70.76785827957757,73.43906851994244,67413400
2022-01-25,73.33260345458984,74.72628344255048,72.49059461517176,73.59875864450868,48886200
2022-01-26,73.76329803466797,76.20707483766967,72.887411425918,75.32635172808737,53596200
2022-01-27,73.25518035888672,75.35537327891736,72.98902517686221,74.95855875590453,39446800
2022-01-28,76.45870971679688,76.47806310322123,73.06161814161482,74.16494576706361,44236000
2022-01-31,78.37984466552734,78.48146285103124,76.10544182577118,76.47805168457786,29121000
2022-02-01,78.58309936523438,78.71375872019209,77.44589409498639,78.4863176661425,23389800
2022-02-02,79.22187805175781,79.35253003293946,78.22016855887308,78.752479021368,25504800
2022-02-03,76.92327117919922,78.6314936370082,76.63775519949773,78.09918321787356,27865400
2022-02-04,77.23297882080078,77.91045811166182,76.18771872864048,76.51194148812186,29721400
2022-02-07,76.72003173828125,77.75077507833639,76.42484271236727,77.29105640098746,14622600
2022-02-08,77.66848754882812,77.8765678029403,76.29900491967902,76.4780514066099,21139800
2022-02-09,79.3912582397461,79.41545551668109,78.34599790152089,78.67022812129984,17795600
2022-02-10,77.31522369384766,79.13474430854271,76.90872884020816,77.81365634012789,31692200
2022-02-11,74.9537353515625,77.7314153460521,74.66822673549363,77.39266830030714,34878800
2022-02-14,74.9295425415039,75.53443746782831,74.0584923708025,74.75533250736362,41030400
2022-02-15,76.8990707397461,76.95230177946608,75.79089929029467,76.05705448889458,24437400
2022-02-16,76.82164764404297,77.08780286070619,75.54410998802999,76.37644591070199,20318200
2022-02-17,74.52304077148438,76.18286858981645,74.38270842417313,76.10544766576707,24906400
2022-02-18,73.76812744140625,74.88597178385291,73.20194682837362,74.77950971467044,25310800
2022-02-22,73.08580780029297,74.25688323220804,72.28734962797758,72.99386261042049,26893600
2022-02-23,71.2566146850586,74.04396754863525,71.17918637063329,73.84556764587981,37879400
2022-02-24,73.69071197509766,73.74394301896082,68.58056130011707,68.80800236171686,50967800
2022-02-25,74.69241333007812,74.71660321505536,72.89708230337452,73.80200256702857,28301600
2022-02-28,74.55692291259766,74.87146527989867,73.27937790529796,73.8987970227631,34822200
2022-03-01,73.06646728515625,74.65854741009201,72.4954426609376,74.27625708293967,29925000
2022-03-02,74.64884948730469,74.95855530742071,73.03257246932323,73.60359695939385,25592400
2022-03-03,73.75846099853516,75.28280052232084,73.38100718517201,75.27795663755292,23450600
2022-03-04,72.46641540527344,73.48747838180176,71.8905542282969,73.18260896246792,26731200
2022-03-07,69.81455993652344,72.73740918309694,69.77584577236046,72.40350597816649,32864200
2022-03-08,69.47579956054688,71.63406003674099,68.44989297537127,69.6258122870663,36898400
2022-03-09,72.22445678710938,72.5535160944964,70.79206230137902,71.36308697192388,35327400
2022-03-10,70.96144104003906,71.15984836966312,69.88714694301618,70.9469241509419,27448400
2022-03-11,69.7129135131836,71.7695557973161,69.6064514395227,71.59050930250896,21457800
2022-03-14,68.42086029052734,70.1823136519521,68.22245302406657,69.3935284702474,27852400
2022-03-15,70.71946716308594,70.85979952083765,68.73540908030915,68.96285013705572,22993800
2022-03-16,73.01805877685547,73.04709254501498,70.47750068732584,71.61470583336977,27176000
2022-03-17,73.53587341308594,73.58426057928372,72.23413828362776,72.62610903449654,18518800
2022-03-18,75.04084777832031,75.17634364975213,72.9164497295782,73.27455018063154,27897800
2022-03-21,74.8983154296875,75.2958558671439,73.91415151301015,74.63651383156358,22341400
2022-03-22,75.9745864868164,76.36728144522998,74.84982361557401,74.95163698142146,17485800
2022-03-23,74.80618286132812,75.9600256059912,74.73345692433321,75.26675087184249,12360600
2022-03-24,76.7502670288086,76.76966357074242,74.97101528346296,75.22311854530987,14263400
2022-03-25,76.70665740966797,76.97814989194511,75.74673544801226,76.87149107424833,14874600
2022-03-28,77.61808776855469,77.65202062346108,76.15880486246017,76.35273331054633,18593000
2022-03-29,79.2664566040039,79.33917516477787,77.9623161649434,78.52469769364724,18829800
2022-03-30,78.20956420898438,79.0822164187419,77.7974726895653,78.8592079287335,18680200
2022-03-31,77.05087280273438,78.34532239993305,76.93452310239525,78.19987787689341,19424000
2022-04-01,76.822998046875,77.30780806070767,75.96488225105932,77.12842332521224,28209600
2022-04-04,78.28227996826172,78.32106566027417,76.99268344990145,77.0217708695072,23048200
2022-04-05,76.6339340209961,78.12229714167695,76.36728699356031,77.94291977668145,23588200
2022-04-06,74.82075500488281,75.53342655212681,74.15656743406178,75.35889459366672,34225400
2022-04-07,74.93710327148438,75.44130253778262,73.91415362958425,74.42319833390684,23200200
2022-04-08,73.88990020751953,74.7771034712632,73.7299120060955,74.60257156040193,26354600
2022-04-11,72.02822875976562,73.05602364259911,71.93126083695093,72.9639085544935,21595400
2022-04-12,71.70824432373047,73.4729523158107,71.43675192458167,72.92026924679692,22172200
2022-04-13,72.86211395263672,73.0851298758656,71.4852549065225,71.75190196768231,14446800
2022-04-14,71.09255981445312,73.07058610621952,71.05862695084969,72.93968529491303,17407000
2022-04-18,71.32525634765625,71.7858318401033,70.72409658507647,70.74348573325675,14060600
2022-04-19,72.66333770751953,72.78938566613209,70.88408558816873,71.14587977839939,13562200
2022-04-20,72.59545135498047,73.56021851109662,72.38213377344319,73.36629747203371,15652600
2022-04-21,71.3640365600586,73.99170609472623,71.14587352111803,73.30327672417765,18509200
2022-04-22,69.36662292480469,71.70340352184438,69.2696623942114,71.28646658244037,22094800
2022-04-25,70.40897369384766,70.45745766629689,68.62972138967135,69.06120211305344,28707600
2022-04-26,67.78614044189453,69.87567044122856,67.75220018969264,69.76901164518523,25953200
2022-04-27,68.7896957397461,70.11322506722539,68.39215535682585,68.54244528442793,40048600
2022-04-28,71.54342651367188,71.95066520235471,69.49752739978446,69.8708258322697,27762400
2022-04-29,68.56184387207031,71.587061577646,68.43094307294045,70.76288588214686,29589800
2022-05-02,69.60417938232422,69.69628707379606,67.70857039438,68.48426200185433,37004400
2022-05-03,69.72537231445312,70.15200005081229,69.08057417701362,69.59447155332751,27469800
2022-05-04,72.17366790771484,72.30456868915788,68.83817988044707,69.99687557404431,28650400
2022-05-05,68.70243835449219,71.19920725884795,67.88310815162168,71.11193759938693,36442200
2022-05-06,68.14974975585938,69.24057232796766,67.12680029233327,68.07702381248374,34862200
2022-05-09,65.51239013671875,67.34981713150056,65.21180284912843,66.91833644527803,41124600
2022-05-10,66.51109313964844,67.45162583718685,65.5220764771921,67.07347458319308,36370400
2022-05-11,64.411865234375,67.16073740251801,64.21309133321537,65.90992655288004,34781800
2022-05-12,63.747676849365234,64.67365843301668,62.26415186580611,63.45678785707183,36506600
2022-05-13,65.8663101196289,66.19113204644387,64.19856194798139,64.61549899089327,24495400
2022-05-16,65.2845230102539,66.16202801581605,64.72698701502374,65.31845586694345,17423400
2022-05-17,67.17527770996094,67.27709107293404,65.93416519577634,66.6904676717567,18602200
2022-05-18,64.10159301757812,66.4820124212808,63.8591879637823,66.28808393967503,23670200
2022-05-19,63.39861297607422,64.48943560003744,63.098025711537694,63.621621458753765,20874800
2022-05-20,63.5391960144043,64.45548659828202,61.59026148488206,64.28095470622848,20252600
2022-05-23,64.99848175048828,65.08089856467616,63.53919888234731,63.73797276236063,17219600
2022-05-24,64.03372192382812,64.41671866598918,62.91381172348668,64.09189677134236,17122000
2022-05-25,64.78031921386719,65.2602838465137,63.563448600788035,63.61193256685461,13656600
2022-05-26,66.33654022216797,66.62257629083467,64.26639985544726,64.40214603710645,15556600
2022-05-27,68.58123779296875,68.59578150369131,66.9522756135088,67.07832357230924,16281800
2022-05-31,68.09156799316406,68.76060820926,67.42738061189517,68.31458386440073,19420800
2022-06-01,67.887939453125,69.28903996940258,67.38374033967705,68.82362654123725,13304800
2022-06-02,69.53144073486328,69.53628617112467,67.0928473274981,67.40797082957894,13868400
2022-06-03,67.86856079101562,68.68303811490064,67.55342982352991,68.21277177993815,11263800
2022-06-06,67.8734130859375,69.14846599900297,67.53889293782413,68.72183074951172,12589600
2022-06-07,68.68303680419922,68.81393758504493,67.01528909936843,67.15103531742544,11016600
2022-06-08,67.9073486328125,68.80908824240728,67.71826560776456,68.4794209525702,8814200
2022-06-09,66.09416198730469,68.07218808800413,66.07961827607724,67.41284605443765,9765200
2022-06-10,63.553741455078125,65.15846137980516,63.53435230992724,64.95484206645988,20886400
2022-06-13,60.737003326416016,62.13810409471699,60.513991144136355,61.551484369823434,36332600
2022-06-14,61.1200065612793,61.52724895135029,60.552779656101805,61.1927288129499,18250400
2022-06-15,62.409603118896484,63.33074676247946,61.042442461372644,61.88116187671091,25069600
2022-06-16,59.86919021606445,60.877595977076375,59.37468560759522,60.82426657729547,32690800
2022-06-17,60.417030334472656,60.98910634684016,59.437711952870515,59.859498031933676,27684200
2022-06-21,61.954471588134766,62.391935258030045,61.29827793750144,61.29827793750144,17245000
2022-06-22,61.69198989868164,62.54747023987207,61.108707510740985,61.2788312315221,15163400
2022-06-23,62.61553192138672,62.73704940384539,61.653108120190296,62.22180904807625,16042200
2022-06-24,64.86602020263672,64.88060170483548,63.334903137068075,63.334903137068075,25492200
2022-06-27,64.42858123779297,65.2694802774502,64.13693626537881,65.07505524040057,13917200
2022-06-28,62.498870849609375,65.12851088195556,62.4697078412687,64.48689503110744,15260800
2022-06-29,62.625247955322266,62.99952387786311,61.91558630305199,62.42109947489231,13607200
2022-06-30,61.789207458496094,62.56691856229328,60.812205914253255,61.79406548746863,15720400
2022-07-01,61.930171966552734,62.08571419683368,60.87053936388274,61.400353811008095,13930600
2022-07-05,62.707881927490234,62.72246343272406,60.739300844115526,61.089271803405104,14341000
2022-07-06,63.24740219116211,63.75291895408297,62.53287896709054,62.84396335318153,16167000
2022-07-07,64.55494689941406,64.70076936332416,63.52448101030299,63.52448101030299,13082200
2022-07-08,64.58409881591797,64.79311270888473,63.66542709296485,63.86471751218407,12627000
2022-07-11,63.694602966308594,64.29733237419757,63.25714297816969,64.02027635953328,11416600
2022-07-12,62.82453918457031,64.28760702085701,62.455128703527585,63.92792001524237,16553400
2022-07-13,62.65927505493164,63.062713977829134,61.371189027556554,61.64338699557453,15162600
2022-07-14,63.23283004760742,63.45642545984167,61.35660368877308,62.15861603847746,13728800
2022-07-15,64.34593963623047,64.37510264530432,63.573082811580655,63.84042275615521,13529200
2022-07-18,63.723758697509766,65.21113121437168,63.48072377862809,64.97781235212253,9897600
2022-07-19,65.66805267333984,65.73610216910838,64.04457341685283,64.43343085703245,12330600
2022-07-20,66.69364929199219,66.97070525767157,65.50277219191601,65.67775763960103,12537200
2022-07-21,67.63176727294922,67.64634877696517,66.08120306665543,66.77628689771463,12957600
2022-07-22,66.69851684570312,67.8796632236269,66.31451744493813,67.6026072183815,10583600
2022-07-25,66.27562713623047,66.7422500396605,65.7749757831559,66.66934252876122,13951200
2022-07-26,65.20140075683594,66.24158980155588,64.95836586398701,66.22215027353595,10167800
2022-07-27,68.00604248046875,68.36087143592697,66.17841488304828,66.27563479793605,17076200
2022-07-28,69.0413589477539,69.19690486145154,67.47622083798647,68.08380815679774,12408000
2022-07-29,70.10100555419922,70.31973553825894,68.96360370361784,69.25524121008465,10177400
2022-08-01,69.95033264160156,70.65027459989369,69.29900064807276,69.4691206910659,12515800
2022-08-02,69.45452117919922,70.2565334720009,68.8566573351682,69.347585217914,15921800
2022-08-03,71.30160522460938,71.5008956927382,69.78020384216315,69.79478534794436,14243200
2022-08-04,71.62726593017578,71.66128696887536,70.82038805790043,71.27729498357054,11679800
2022-08-05,71.46200561523438,71.6612886565133,70.4218162263384,70.48014224653333,7921000
2022-08-08,70.85441589355469,71.95293126716474,70.47041649477076,71.39881184269404,11102200
2022-08-09,70.14474487304688,70.42180827135272,69.76561095093,70.28084384935356,8565600
2022-08-10,72.05985260009766,72.11817860655474,71.23839339725421,71.81195965581801,19273200
2022-08-11,71.77794647216797,72.93479529183526,71.64670551289211,72.51190940457715,11025800
2022-08-12,73.20699310302734,73.21185113230854,72.02583930589918,72.24943473909053,8093600
2022-08-15,73.66873931884766,73.77567527054256,72.83269865114383,72.91532962893776,7162600
2022-08-16,73.46947479248047,73.81458774301544,72.7841217548457,73.33337579090482,10990600
2022-08-17,72.94452667236328,73.50350419192806,72.41957019520814,72.79870419256918,12632800
2022-08-18,73.32365417480469,73.6152916917206,72.73550627790698,73.01742773604616,9976800
2022-08-19,71.9918212890625,72.80841525289593,71.83141731398688,72.72092622113044,10146200
2022-08-22,69.98434448242188,71.03425728182503,69.80935901585468,71.00995230263881,10744200
2022-08-23,69.79962158203125,70.5384422885336,69.70726713950944,69.84822410868122,14777200
2022-08-24,69.84339141845703,70.1398943808789,69.45939200938608,69.75103694243138,8983200
2022-08-25,71.02452850341797,71.02939394899491,69.93087127324542,70.02322573715404,7126600
2022-08-26,67.99146270751953,71.16549868824936,67.94285274883813,70.99537124970284,14321800
2022-08-29,67.09221649169922,67.74841371377563,66.83460008109721,67.25747845004074,13231600
2022-08-30,66.39228057861328,67.58801570088617,65.7895586973438,67.4713562641062,13268800
2022-08-31,65.7458267211914,67.00475368080009,65.71180567733157,66.7908816902306,14171400
2022-09-01,65.42500305175781,65.50763403405871,64.05428255081593,65.10419517917519,15988600
2022-09-02,64.57439422607422,66.47492204674026,64.23413933602417,66.10065353462704,16606600
2022-09-06,64.14663696289062,64.93893317034956,63.72375857821604,64.6618698032613,14990000
2022-09-07,65.17225646972656,65.43473096596145,64.05429415824638,64.27302414124853,11657000
2022-09-08,65.39583587646484,65.7360907128478,64.39939859426111,64.69103606094117,11210600
2022-09-09,66.68877410888672,66.8686249757257,65.81384699821581,65.94022989115722,11418600
2022-09-12,67.75812530517578,67.78729572252287,67.09221207072613,67.10193554317516,10181000
2022-09-13,64.16122436523438,66.19299291005132,63.98623891120113,65.82358247013127,20148800
2022-09-14,64.39454650878906,64.86603496542075,63.77724299698389,64.46259600681637,13229200
2022-09-15,62.912025451660156,64.26816466607053,62.53289151182975,63.87930725123881,14885200
2022-09-16,62.56206512451172,62.693298667943914,61.672552537525256,62.362774669440896,20762200
2022-09-19,63.072235107421875,63.130705132918195,61.897912527699134,61.93689502308026,15683000
2022-09-20,62.701904296875,63.09659926925308,62.15616423899517,62.48263426898762,12109400
2022-09-21,61.72249221801758,63.95418979015099,61.712748453401694,63.02837973105849,16808800
2022-09-22,61.09391403198242,61.7663490417221,60.747952762403784,61.37653153701576,16033800
2022-09-23,60.29478454589844,60.63100201202881,59.50053583972468,60.53841952887411,19396200
2022-09-26,59.875732421875,61.118272329221625,59.70518867632689,60.10962364260872,17193600
2022-09-27,59.953704833984375,61.24009741356137,59.39821729814773,60.66999237166197,18714800
2022-09-28,60.58715057373047,60.87951555048397,59.09610554961805,59.554140543461784,18933400
2022-09-29,59.008399963378906,59.85624877571955,58.311603670903324,59.719813761960744,31096600
2022-09-30,57.8779296875,59.641848416144995,57.7707296932764,58.76963467482351,19513000
2022-10-03,59.67108917236328,60.02679794039668,58.11182651780344,58.33597029204796,17332200
2022-10-04,61.673763275146484,61.741980777213804,60.835658286805035,60.879514519605486,17779000
2022-10-05,61.87841796875,62.32670920649313,60.4848254328397,60.840534178400794,14600400
2022-10-06,61.37165832519531,62.3949283544812,61.29857079531084,61.717623315333086,14348200
2022-10-07,58.847599029541016,60.12424782785832,58.53087648871814,60.11937408670828,15749000
2022-10-10,57.858436584472656,58.930432774726775,57.27858783421729,58.84759405248321,16706200
2022-10-11,56.97160339355469,57.92665207847646,56.54768090341647,57.52709085603394,21044800
2022-10-12,56.79619216918945,57.40527969234077,56.69873965251533,57.015465908069054,14111600
2022-10-13,58.56010437011719,58.867083108837114,55.046888378912165,55.26128835250533,38114600
2022-10-14,56.91313934326172,59.164324437436456,56.8205568506181,59.03763690995857,22484000
2022-10-17,58.6478157043457,58.94017695189223,58.150798237699156,58.30672820180392,14599600
2022-10-18,59.14482879638672,60.382494990907084,58.399306322273745,60.16809872779464,13998000
2022-10-19,58.97429275512695,59.5590190377248,58.379822707394744,58.62833147043821,10984000
2022-10-20,59.008399963378906,60.2899225231319,58.71603868852785,58.993782457272644,12429600
2022-10-21,60.58715057373047,60.71384181581865,58.66243554302882,58.86221802930538,17126000
2022-10-24,61.42525863647461,61.64940240359741,60.104757304630866,60.84540983019562,13385200
2022-10-25,62.59957504272461,62.64342755657083,61.57630882632198,61.57630882632198,10265000
2022-10-26,61.205989837646484,62.49725246570097,60.923372323078745,61.02082856133074,15169400
2022-10-27,60.50919723510742,61.810207425355856,60.36788846917988,61.43501110846767,11694800
2022-10-28,63.14045333862305,63.27201833264717,60.84541187222579,60.84541187222579,14935400
2022-10-31,62.307220458984375,62.68241674866693,61.936894192977654,62.51186926305408,13292200
2022-11-01,61.78583908081055,63.194049119729655,61.51783908686739,63.081979098680826,9413200
2022-11-02,59.651588439941406,62.536225751010356,59.63209719516157,61.74197704349985,18092400
2022-11-03,57.89741897583008,58.92555893282844,57.85356646198959,58.818358942229565,16010600
2022-11-04,58.95479965209961,59.261782149015396,57.60506331015138,59.100982147542865,17896200
2022-11-07,59.9390869140625,60.03653943219155,58.63807311983051,59.05712563942092,10427600
2022-11-08,60.51406478881836,61.24496981658864,59.62235976272056,60.4360998014201,12722000
2022-11-09,58.94017791748047,59.978061664425,58.852469170022125,59.95370039531575,11962600
2022-11-10,63.783634185791016,63.851851682138886,61.53732311163653,61.849175585676726,27932200
2022-11-11,64.87512969970703,65.0895296965921,63.4133196502002,63.725172163355644,15977800
2022-11-14,64.31964111328125,65.12363365313715,64.01265862871978,64.36349362960424,14526600
2022-11-15,65.09927368164062,66.04944867574672,64.44632624388952,65.78144869403731,12716200
2022-11-16,64.20757293701172,64.7874254533236,63.93957293764692,64.5973904419832,10095800
2022-11-17,64.29041290283203,64.58764793682332,63.15994279481565,63.184307784844655,8149600
2022-11-18,64.36349487304688,65.03592987692463,63.82262485583008,65.01643491252649,11912400
2022-11-21,63.67157745361328,64.26117749402789,63.54488991545234,63.99804749957307,8363800
2022-11-22,64.90436553955078,64.93847801001357,63.491285447716955,63.94932045869979,9019200
2022-11-23,65.4793472290039,65.67425226164045,64.71920719251085,64.76305970958151,9480600
2022-11-25,65.09927368164062,65.29904872696036,64.9092386828194,65.03592620365022,3263000
2022-11-28,63.7056884765625,64.77768109049453,63.44743594705186,64.36349857742607,13030200
2022-11-29,63.081974029541016,63.81287898966084,62.82371410329425,63.62284399743567,11570200
2022-11-30,66.24922180175781,66.25896184688104,62.989384837143874,63.0527248710406,23334400
2022-12-01,66.34181213378906,66.65854211687801,65.5232020458036,66.31257712138253,15165800
2022-12-02,65.95687103271484,66.17614105743776,64.9774609568722,65.2308360171451,8934400
2022-12-05,64.86051177978516,65.81556427749624,64.4317117887536,65.45011176745354,11526200
2022-12-06,63.47178649902344,64.88974396057614,63.06248149006493,64.79229144917889,11799200
2022-12-07,63.15019989013672,63.63746992806941,62.69703488858094,63.24277495181732,10413800
2022-12-08,64.1832046508789,64.36836962913473,63.12095219029303,63.50102962859448,8965800
2022-12-09,63.78851318359375,64.68508813870753,63.54974822303806,63.89571317117797,10402800
2022-12-12,65.1821060180664,65.1821060180664,63.87134860815058,63.89083613549946,14806200
2022-12-13,65.95199584960938,67.89132832000001,65.28443091014994,67.5551108386573,18607600
2022-12-14,65.39649963378906,66.65852694985564,64.63148228584858,65.88863957933904,19541000
2022-12-15,62.950401306152344,64.56326352999483,62.71163637191615,64.32449859575863,19223800
2022-12-16,62.1171875,63.106341387365084,61.80046122454442,62.73601882667361,23999200
2022-12-19,61.288883209228516,62.22224306479583,60.88328692450817,62.12450699894471,14276600
2022-12-20,61.381736755371094,61.6944847361697,60.673167926928954,60.96636869289639,12622000
2022-12-21,62.398162841796875,62.69135984796041,61.51366917506352,61.66515914163918,14670600
2022-12-22,60.824649810791016,61.684708560309666,59.7935576041024,61.61629144919193,15323600
2022-12-23,60.88816833496094,60.94680996838007,59.94503683490337,60.38972749977087,8231600
2022-12-27,60.311546325683594,60.78555600342094,59.9548199297007,60.67804819260425,9530200
2022-12-28,59.3390998840332,60.72691859391422,59.27068649570104,60.16495200807862,10362600
2022-12-29,60.89305877685547,61.09829891057259,59.91572054591742,59.92060828098196,10954200
2022-12-30,60.80998229980469,60.844188986719985,59.88639802484231,60.26267158091061,8905800
2023-01-03,60.233367919921875,61.8655212931549,59.8033366286747,61.45992495372865,15196200
2023-01-04,60.38972854614258,60.77577758428001,59.72513826887426,60.54610250972045,11813000
2023-01-05,59.2169303894043,60.24313490456118,59.1143103107136,60.08676091871108,11341000
2023-01-06,60.95170593261719,61.225359469021846,59.036119993035136,59.739804776075474,13825400
2023-01-09,61.660274505615234,62.78421133206618,61.47946557498517,61.49901278869516,21427200
2023-01-10,62.041439056396484,62.13917512999391,61.181380249989125,61.508791436228,17209000
2023-01-11,63.11650466918945,63.11650466918945,62.04631811453311,62.23689877108157,13758000
2023-01-12,63.58562469482422,63.87394514794352,62.44214072224665,63.21423884103383,15358600
2023-01-13,63.76643753051758,63.85927840186379,62.83796170856275,62.984563939029215,10153200
2023-01-17,64.05474090576172,64.43101816758526,63.600274805234925,63.678463643938166,10425800
2023-01-18,63.22890853881836,64.75844554627614,63.18981410738968,64.4163785919007,13936000
2023-01-19,62.491004943847656,63.08718558757967,62.261333592042426,62.73534322904902,14645000
2023-01-20,64.18180847167969,64.23067837240153,62.57897415380296,62.803765258023454,14127800
2023-01-23,65.6429214477539,66.01919874457967,64.29419740890275,64.44079217448534,23472600
2023-01-24,65.61359405517578,65.86281258110954,65.17378744550128,65.2715272186497,12575600
2023-01-25,65.47679138183594,65.64293712684666,63.903275899086054,64.50433695103693,14342200
2023-01-26,66.52252960205078,66.55184855617144,65.43279209723974,66.11693333821738,11161800
2023-01-27,66.80106353759766,67.27018914784799,66.07295136101457,66.10227031356173,13549400
2023-01-30,65.52564239501953,66.32217546959853,65.47188849201422,66.03386247006968,9705600
2023-01-31,66.43946838378906,66.4687873430451,65.4816734612568,65.52565190014086,8871600
2023-02-01,68.0031967163086,68.54561973926452,66.0729551782849,66.3905871245613,18852800
2023-02-02,69.86014556884766,70.25107492702791,68.84859684048239,69.16622880812874,18824000
2023-02-03,69.27862548828125,70.41233400625376,68.55538979842886,68.65801359783335,16145400
2023-02-06,68.43323516845703,69.04896316573983,68.17424107504465,68.51142403422321,12977400
2023-02-07,70.1435546875,70.40744015966202,68.50651778482096,68.53583673583935,15708200
2023-02-08,69.29816436767578,70.6566638787561,69.15645360853378,70.28039403777618,12577000
2023-02-09,68.91702270507812,70.48565425508785,68.64336912219191,70.36837095249338,12624000
2023-02-10,68.59937286376953,68.83393195153958,67.94944204495968,68.40390074354535,9861600
2023-02-13,69.7868423461914,69.93832859448722,68.82416349344086,68.86814192878487,8411800
2023-02-14,70.08492279052734,70.48074357618714,69.02451171767984,69.45942692687996,12622000
2023-02-15,70.41233825683594,70.41722972065003,69.49364529625272,69.65979102293802,10491000
2023-02-16,69.19065856933594,70.17777227467786,69.1369046681416,69.39101469710565,13001200
2023-02-17,68.32573699951172,68.77531180739761,67.72955992771716,68.69712293911287,10606600
2023-02-21,66.70333862304688,67.81750368264815,66.6447007114361,67.4119073955083,12277800
2023-02-22,66.6056137084961,67.14314535667161,66.28797425336938,66.84017283758178,14338400
2023-02-23,67.70999908447266,67.96410914100152,66.75709569311421,67.846825855719,13120000
2023-02-24,66.50298309326172,66.79129610332609,66.11693774411614,66.50787455694046,14347400
2023-02-27,66.85971069335938,67.51452550614641,66.73754341680215,67.17245862308593,9389000
2023-02-28,66.71310424804688,67.35814355006636,66.52740761335265,66.64469087576454,10485800
2023-03-01,66.22444915771484,66.84994510967084,66.01920899752615,66.74243729388154,15069400
2023-03-02,67.04051971435547,67.25064386294314,65.93123869189476,66.04363050494169,10969400
2023-03-03,68.48210144042969,68.48698544809322,67.40703069093398,67.47056007306108,14439600
2023-03-06,68.80949401855469,69.7428537788135,68.75574011988799,68.92188582249466,15999200
2023-03-07,67.95433044433594,69.01963306304657,67.78330071664577,68.75574754781115,14120000
2023-03-08,68.51631164550781,68.59938451452487,67.79307586259415,68.19378818473552,13247000
2023-03-09,67.53407287597656,69.39590108481312,67.40213012188207,68.623802957759,15624600
2023-03-10,66.34661865234375,67.60738606945176,66.08273311156525,67.43634886870642,30556800
2023-03-13,66.70821380615234,67.63179807434929,65.52075151411275,65.93123175408951,34439400
2023-03-14,68.2475357055664,68.48697881840488,67.28974088471398,67.5682858810765,21202200
2023-03-15,68.28662109375,68.3696939439938,67.1724561687767,67.4998635632076,23060000
2023-03-16,70.20221710205078,70.2999494480228,67.82239309405712,68.04718420064277,26086800
2023-03-17,70.1044921875,70.94499641715691,69.69400436050377,70.33905133399726,23078600
2023-03-20,70.29351806640625,70.38167657757765,69.45605331155897,69.98007969783274,11981600
2023-03-21,70.86162567138672,70.98895743660309,69.94089721732378,70.67551907587357,13066400
2023-03-22,70.15638732910156,72.27210186384814,70.11720659998107,70.86162550735042,14224400
2023-03-23,71.2975082397461,72.2623123096649,70.6265559322345,71.05263426206031,17595800
2023-03-24,71.48361206054688,71.51789053014369,70.60206428073693,71.07221811466192,11872600
2023-03-27,70.93019104003906,71.83622019408027,70.76367854335604,71.59134623791344,10810600
2023-03-28,70.59716033935547,70.83224472368637,69.96049401576668,70.8077558328652,9968000
2023-03-29,72.07621002197266,72.23782775370239,71.38076878035338,71.48361914525817,14256600
2023-03-30,72.91366577148438,73.01650864002463,72.42391789816266,72.74225102663797,11202400
2023-03-31,73.95684051513672,74.02540493410952,72.73247055279312,72.82552386560504,15069800
2023-04-03,73.83929443359375,73.94213730976712,73.15364287627769,73.50626196907794,21142200
2023-04-04,73.43278503417969,74.20168518069741,73.15852746668398,73.94702170971325,15824800
2023-04-05,72.59532928466797,73.15364159298083,72.07130291645146,73.08507718574802,15737600
2023-04-06,73.00672149658203,73.09976731832863,71.75296062180153,72.06639897225672,15696000
2023-04-10,72.96754455566406,72.98223639527917,71.88519837526997,72.28189299079826,9517200
2023-04-11,72.28189086914062,72.85000022744994,72.15945389396843,72.84020317700738,12791600
2023-04-12,71.87051391601562,72.96755204867934,71.75297171406423,72.77164837876033,13235800
2023-04-13,73.20751953125,73.32016693729294,72.03212747161943,72.14966966676667,13641800
2023-04-14,72.801025390625,73.39851845145117,72.16435907236517,72.79613060168585,13003600
2023-04-17,73.06549835205078,73.22711607340293,72.49738893268461,72.89408357920317,8306000
2023-04-18,73.29076385498047,73.81969243761394,72.97243073692256,73.62379628387973,9212800
2023-04-19,73.08019256591797,73.21732139946471,72.53167723173102,72.62962533098427,8623200
2023-04-20,72.60022735595703,73.32015732682783,72.27699196639065,72.40922598447862,11416200
2023-04-21,72.36515045166016,72.4973844833711,71.89499663018162,72.28189420146,12237600
2023-04-24,72.04680633544922,72.42880905967417,71.50808071258884,72.07619001070358,9079800
2023-04-25,70.5090103149414,71.83132823575659,70.48452142376772,71.69419941273637,11022600
2023-04-26,71.55706024169922,72.29657682125523,71.3856455012324,71.7480616084963,13603400
2023-04-27,73.07528686523438,73.12915943272381,71.71868310060766,71.89499264212219,12084800
2023-04-28,73.8686752319336,73.88336707081402,72.99692458454982,73.07528604055189,11792000
2023-05-01,73.91275024414062,74.27026410939051,73.69236518947864,73.80990737267956,8194400
2023-05-02,73.22221374511719,74.08417492488431,72.84021093970611,74.00091866964965,12058800
2023-05-03,72.6051254272461,73.78541964760072,72.57083948757845,73.3103635916565,11630200
2023-05-04,72.25740814208984,72.74715608454743,71.9586615982723,72.31618297679793,10861000
2023-05-05,74.0694808959961,74.31924965432145,72.85490062819788,72.95775098336742,12230000
2023-05-08,74.03028869628906,74.09395083680798,73.57481929818043,73.92743835705184,6795600
2023-05-09,73.46218872070312,73.7609352537524,73.3838272592239,73.6238064326439,12473200
2023-05-10,74.3584213256836,74.52982859946647,73.63849134610064,74.10375033631068,10551800
2023-05-11,74.02540588378906,74.23600140595374,73.51117647137661,74.23600140595374,8956800
2023-05-12,73.92745971679688,74.26049224549104,73.35445544881343,74.15274708676306,7908000
2023-05-15,74.53963470458984,74.55432654490002,73.73644838480486,74.00091645630897,6796600
2023-05-16,74.61798858642578,75.02448023061224,74.41229537002295,74.43678425903846,9398200
2023-05-17,75.6121826171875,75.73951438872751,74.58370897495703,74.93143329337525,11916600
2023-05-18,77.1597900390625,77.27242997370575,75.70523804816264,75.70523804816264,15491200
2023-05-19,77.12550354003906,77.31161014868601,76.86104294040018,77.17937611238631,9805000
2023-05-22,77.27242279052734,77.47322122232666,76.76798305315045,76.89531481643398,10794200
2023-05-23,76.1313247680664,77.20387407898772,76.10194108387043,76.88554086958284,11691000
2023-05-24,75.572998046875,75.8766393567162,75.16161160006564,75.52892252892256,10925600
2023-05-25,78.47232055664062,78.78086419038307,77.17449133575198,77.58098307566237,18078000
2023-05-26,80.7006607055664,80.84269178554476,78.66330758894543,78.67310463965845,15160000
2023-05-30,81.13162994384766,82.29722473545657,80.96021520860211,81.88583833841813,18123600
2023-05-31,80.45578002929688,81.42547872601921,80.41170451420938,80.66637550075849,19301000
2023-06-01,81.2736587524414,81.61648077199787,79.94154392819952,80.2011097053608,17419400
2023-06-02,81.73892974853516,82.11603776192305,81.16103075538545,81.75362158917721,14270600
2023-06-05,81.26878356933594,82.2335877183125,81.12675246578189,81.68996714438643,10909000
2023-06-06,81.2491683959961,81.42547792757671,80.66637470975962,81.07285886441548,9975600
2023-06-07,80.03461456298828,81.72424361139026,79.86810204211692,81.09247200080839,13703800
2023-06-08,80.90145874023438,81.02879050702781,80.09337020204507,80.1521450330698,10665200
2023-06-09,81.30304718017578,82.13562459869648,81.02878954850496,81.29325760258753,14413600
2023-06-12,83.07103729248047,83.10532323286684,81.69484687447905,81.86135936874429,13787200
2023-06-13,83.57547760009766,83.97217968328691,82.8996305679501,83.81056197671944,16595800
2023-06-14,84.43743133544922,84.4668150117235,83.1885727830768,83.47752223038636,16769000
2023-06-15,85.5246810913086,85.90668386852744,84.07502396966157,84.09461807118878,17732600
2023-06-16,84.8194351196289,86.34255129996943,84.73617887817126,86.33764903855698,17366600
2023-06-20,84.2462158203125,84.85477042052013,83.79470491129597,84.33455149249266,14137800
2023-06-21,82.9996566772461,84.08426999206013,82.75426979493294,83.92231375109984,12058000
2023-06-22,83.67692565917969,83.71128341674127,82.61194750396916,82.62667011760607,15224200
2023-06-23,82.76898956298828,83.25976331074062,82.42054439570745,82.64629612605019,14729000
2023-06-26,82.17516326904297,83.56895901287255,82.11627281155016,82.84261591221136,10890200
2023-06-27,83.79471588134766,83.98611735140793,82.42545287439746,82.50397847457948,13833000
2023-06-28,83.84379577636719,84.29530678225085,83.2646862759775,83.32848177892349,11371600
2023-06-29,83.99102783203125,84.14316651185226,83.48553141712291,83.932137372388,9128200
2023-06-30,85.32593536376953,85.54187703950593,84.7615484746882,84.8253439780728,11398400
2023-07-03,85.14434814453125,85.35047223920225,84.71246480982222,85.311209437082,6182200
2023-07-05,84.61920166015625,85.25230393579315,84.47688058011936,84.5504936407225,9395600
2023-07-06,84.3934555053711,84.47197361231358,83.52968893148719,83.78489337273588,12116400
2023-07-07,84.02538299560547,85.04128083612291,83.97630262167708,84.25603978495064,11622200
2023-07-10,84.2462158203125,84.2511208614517,83.40208445039956,83.7210843625334,16877200
2023-07-11,84.42781066894531,84.52105888299816,83.6033143336402,84.42290562716852,9996000
2023-07-12,85.38481903076172,85.78725711963237,84.80570957247095,85.27194315964992,16104400
2023-07-13,86.49887084960938,86.68536726538593,85.79706800264036,85.96883431683354,9349200
2023-07-14,86.37126922607422,87.39207945695821,86.1209698374738,86.71480933055138,11543800
2023-07-17,87.47550964355469,87.73070658351293,86.43506427566399,86.53322500953843,11858800
2023-07-18,88.46688079833984,88.8938590884225,86.81788056236654,87.27430408170721,16406000
2023-07-19,88.24604034423828,89.05582164929154,87.90740520654458,88.68774128025305,20990000
2023-07-20,86.4841537475586,88.05462830292355,86.21422667821147,87.68164293621605,24356000
2023-07-21,86.43998718261719,87.47060761451097,86.33692139512107,87.03381925533881,14871400
2023-07-24,86.59212493896484,87.0338183353054,86.25839488220318,86.8227892093199,11308200
2023-07-25,87.58348083496094,87.87303553073764,86.85713034196543,86.87185295438711,10802200
2023-07-26,86.40562438964844,86.87677048007335,85.79706973825705,86.66573387553922,15501600
2023-07-27,86.15533447265625,87.83868486333422,85.76271396963627,87.57367032974834,13857000
2023-07-28,87.32827758789062,87.58838706234633,86.77370088378825,86.95528476518982,11287400
2023-07-31,87.52950286865234,87.63747369466658,87.02891153791481,87.40680942896464,10138400
2023-08-01,87.67674255371094,87.863239007211,87.01420237018571,87.24486667153124,8845800
2023-08-02,85.50750732421875,86.96020090151492,85.19832495774148,86.90621549012793,15818600
2023-08-03,85.1590576171875,85.65964141758778,84.75661957402095,84.81060498252835,11321000
2023-08-04,84.0008316040039,85.3799045572452,83.86832060296345,84.86949569548115,14431800
2023-08-07,84.2364273071289,84.64377052057009,83.62786500838274,84.35421573261316,9536000
2023-08-08,83.58858489990234,83.6965482304771,82.74935853051053,83.64747535087272,11461800
2023-08-09,82.50888061523438,83.70146472414883,82.22423094104333,83.70146472414883,14301800
2023-08-10,82.51870727539062,83.858517666265,82.11136411859592,83.13707957380635,12731400
2023-08-11,81.9101333618164,82.39109701383408,81.62549118554524,81.86106048149267,10772000
2023-08-14,83.21558380126953,83.22540137165952,81.63038691513555,81.8266933912629,10328000
2023-08-15,82.39600372314453,83.26467534833881,82.20460226219797,82.97020810598423,9366400
2023-08-16,81.61076354980469,82.6904717901302,81.60585850820799,82.21932569538697,9779400
2023-08-17,80.83534240722656,82.12607219363662,80.71264897769551,81.97393353919614,12614800
2023-08-18,80.95804595947266,81.28686349309656,79.96668082809335,80.01575371287409,13658600
2023-08-21,82.50395965576172,82.67082090162806,81.2966531663386,81.37517874860924,13132800
2023-08-22,82.41072082519531,83.29411500456915,82.22913694810077,83.24503463792128,11361800
2023-08-23,83.89776611328125,84.14315297379896,82.60703631921474,82.61194136052453,10113200
2023-08-24,81.96411895751953,84.957841742713,81.90032346409315,84.9529367012534,13929000
2023-08-25,82.79843139648438,83.2548473273752,81.5616796178772,82.29292761321138,15686600
2023-08-28,83.47570037841797,83.65237921746066,82.83278800231092,83.42662749950274,8963800
2023-08-29,85.14925384521484,85.23268449213558,83.14689585327585,83.23523903088322,13713800
2023-08-30,85.79216003417969,85.88050320531269,84.86950296636967,85.16397021866193,12266600
2023-08-31,86.20932006835938,86.53813758736004,85.89522516299955,85.98847337513365,11963400
2023-09-01,86.4743423461914,86.86205784308814,86.03264892018679,86.74917447691553,9244600
2023-09-05,86.78353118896484,87.05345827431235,85.978662463592,86.25839963305117,10060400
2023-09-06,85.86577606201172,86.66082711720209,85.33573952901384,86.4448854753941,18143200
2023-09-07,84.62409973144531,84.8105961210962,83.9615597747483,84.27074958104069,12513600
2023-09-08,84.80078125,85.34554033677139,84.57993459073853,84.6191973839469,8584800
2023-09-11,85.24249267578125,85.6252955964834,84.49651448912012,85.54677000028474,8272800
2023-09-12,83.6965560913086,84.83024979925507,83.5444174196043,84.53087749768378,12243000
2023-09-13,83.9075927734375,84.35910374706451,83.42663657153686,83.66220588633934,10008800
2023-09-14,84.51615905761719,84.72718819624512,83.89287423727858,84.42291083780898,9473200
2023-09-15,82.89167785644531,84.23640053774656,82.67083118138305,84.21186035415907,13116800
2023-09-18,83.29005432128906,83.56547342606638,82.62609165436623,82.65068425399444,9943800
2023-09-19,83.24579620361328,83.45728358426383,82.48347804150113,82.93595342000307,8236600
2023-09-20,81.93756103515625,83.5802449713325,81.90312988755161,83.472043514017,10760400
2023-09-21,80.68832397460938,81.65229849048391,80.64897731022583,81.0768675950163,14741200
2023-09-22,80.8604736328125,81.60312230555769,80.67849435184363,81.04244540917165,12537800
2023-09-25,81.1211166381836,81.24407213023744,80.44732294320296,80.65388726930051,10577400
2023-09-26,79.66041564941406,80.63422117791377,79.38499651041282,80.58995899584758,14926000
2023-09-27,79.78337097167969,80.20142270250611,78.99153719659823,80.04403604938273,11665200
2023-09-28,80.34896850585938,80.86046765698447,79.03088897143924,79.40467103986977,12829400
2023-09-29,80.62438201904297,81.89328376082602,80.34896288214902,81.14079665302343,15883800
2023-10-02,81.48999786376953,81.72607034995112,80.54077739091203,80.66373290522041,13656200
2023-10-03,80.10798645019531,81.58345275757597,79.69485018062534,81.0276913803208,14838800
2023-10-04,81.10638427734375,81.32278720198855,80.17191778497846,80.17191778497846,15194200
2023-10-05,81.21456909179688,81.34735562820158,80.24075613051355,81.10144462871536,12023000
2023-10-06,82.73429870605469,83.08841115184062,80.42273677161357,80.65880923393478,16625600
2023-10-09,83.16218566894531,83.29006420033659,81.8490217428082,82.22772680909915,13139200
2023-10-10,83.29005432128906,83.95893250629443,82.99004261688354,83.22119954509473,20402800
2023-10-11,84.06221008300781,84.10155674110044,83.2802149530122,83.54579551437777,10389200
2023-10-12,84.14090728759766,85.00159577355352,83.50153719710885,84.1359917693368,15405800
2023-10-13,82.93595886230469,84.45077175300995,82.64577813471404,84.30813914875857,15183200
2023-10-16,83.73271179199219,84.11141690696766,83.05891792236577,83.07367198486783,14544200
2023-10-17,83.34416961669922,83.77696792650563,82.08509883881864,82.68020683363993,15317800
2023-10-18,82.48839569091797,83.43269313626195,82.14903727212378,82.75889932217486,12862800
2023-10-19,82.01624298095703,83.37367665224464,81.87361788739877,82.81791533003724,19991800
2023-10-20,80.62930297851562,82.03591425274196,80.54569413585635,81.97689050734073,15350400
2023-10-23,80.72274780273438,81.54408964768864,79.68008005260957,80.12763987671649,15159000
2023-10-24,81.27850341796875,81.40145892159883,80.40306083249126,81.04243095228935,11180400
2023-10-25,80.31947326660156,81.76543157305214,80.07848521860005,81.66706864501415,15529600
2023-10-26,78.78498077392578,80.81620838070243,78.44562233549865,80.4620958801358,20646400
2023-10-27,79.24236297607422,80.04403528547725,78.8931735377783,79.26695557846614,16231600
2023-10-30,80.09322357177734,80.37847375575076,79.4194222624363,79.66041776777537,14180800
2023-10-31,80.66372680664062,80.7325815892632,79.50794956228965,80.13255812443428,10893600
2023-11-01,82.22280883789062,82.3310102920506,80.8063664004847,80.8063664004847,20945800
2023-11-02,83.61466979980469,83.6884476151709,82.85235157328655,82.96546855131675,16192600
2023-11-03,84.47534942626953,84.81470782873183,83.34908027619582,83.53105202637065,15661800
2023-11-06,85.03109741210938,85.06060552864176,84.32287259690227,84.58846065490866,11099200
2023-11-07,85.96066284179688,86.21148940181219,85.12948232296084,85.25736086715679,13029800
2023-11-08,86.44756317138672,86.59018826277253,85.86229373560683,86.25575287353195,10722400
2023-11-09,86.04425811767578,87.20988137054401,85.93114115802136,86.5754267826648,14374600
2023-11-10,88.29188537597656,88.3509016130546,86.46722249869791,86.56558539536397,13346400
2023-11-13,87.77548217773438,87.99680060010398,87.4066156389154,87.92303029418376,11725000
2023-11-14,89.53128814697266,89.75752960581545,88.8427402367718,89.11815940085215,16508400
2023-11-15,89.6444091796875,90.06737645242589,89.30013523783279,89.929666875684,13147800
2023-11-16,90.09196472167969,90.19033514104999,89.30505389898276,89.46735608541253,11553600
2023-11-17,89.90506744384766,90.24934135955641,89.51652384249822,89.8903133835036,13277800
2023-11-20,91.20840454101562,91.44447704150512,90.00835744789565,90.01819599092714,11116200
2023-11-21,90.47066497802734,90.93789442657553,90.14114510369106,90.7952693335021,13350800
2023-11-22,90.87396240234375,91.65104214294479,90.62805137701211,91.04118009846312,11213400
2023-11-24,90.69691467285156,90.80019311059914,90.35264070601023,90.72150727861371,4193800
2023-11-27,90.69197845458984,91.21823162382137,90.4067282839993,90.56902294827688,8420000
2023-11-28,90.86410522460938,91.10510068166754,90.38703733293973,90.38703733293973,11012400
2023-11-29,90.9329605102539,91.92151993325844,90.87885979528704,91.52806837488937,10765400
2023-11-30,91.0657730102539,91.43463954950029,90.30344732822292,91.31168403641816,13744000
2023-12-01,91.27234649658203,91.43464869062959,90.39198073231888,90.82970210246786,13992200
2023-12-04,90.16082763671875,90.36246898675121,89.17718347313041,90.36246898675121,18221800
2023-12-05,90.70182037353516,90.8051063047115,89.67882962236881,89.67882962236881,10841400
2023-12-06,89.93457794189453,91.40020551014526,89.86572315693266,91.26741896353866,14731400
2023-12-07,91.02642059326172,91.17888421911145,90.17064757462992,90.36245786273258,13928800
2023-12-08,91.80350494384766,91.87727524893334,90.71657491972901,90.82969188906335,12808800
2023-12-11,92.60517120361328,92.62484828834538,91.32151534307137,91.53300272859208,37795400
2023-12-12,93.2199478149414,93.2494634417369,92.18712601536616,92.26581934426967,15055400
2023-12-13,94.04129791259766,94.26753185405127,93.21994848128561,93.44127440848492,29395000
2023-12-14,93.81014251708984,94.46918227702318,93.11667161071074,94.11506979311083,15427400
2023-12-15,94.28227233886719,94.82327952028137,93.71175703930457,93.71175703930457,18131200
2023-12-18,94.5642318725586,94.77617831927458,93.8642971591348,94.2635582352142,10138000
2023-12-19,94.92405700683594,94.9339172554672,94.49029632105264,94.54451640677556,9003600
2023-12-20,93.48969268798828,95.15078727810499,93.47490607605938,94.81561404616218,13734800
2023-12-21,94.5395736694336,94.75152009071894,93.74599301829518,94.44099376369239,11336000
2023-12-22,94.66281127929688,94.93883805546797,94.19455103249479,94.81068491543583,10215000
2023-12-26,95.05713653564453,95.25429636571025,94.72195579913434,94.72195579913434,6207600
2023-12-27,95.05220794677734,95.24937530899325,94.64802801627495,95.106428031241,11764600
2023-12-28,95.16558074951172,95.48596736729797,95.12121339286772,95.3873874480688,9615400
2023-12-29,94.87476348876953,95.40710409851161,94.40157684977613,95.21487061620192,12190600
2024-01-02,92.39051818847656,93.73122624962059,91.80395747158026,93.58335259912438,23545400
2024-01-03,91.44905090332031,92.05039814887769,91.28639066268609,91.54763081611418,18190000
2024-01-04,90.7787094116211,91.51807014068251,90.68998973429353,90.88714958691007,12127200
2024-01-05,90.7540512084961,91.53777919944747,90.4090177489518,90.88221186573064,16350600
2024-01-08,93.03128814697266,93.09536095515682,91.11880620483525,91.21245975660297,16434600
2024-01-09,93.17916107177734,93.44533513533251,92.11941374476264,92.31657358940902,10633800
2024-01-10,93.97274017333984,94.17483389924074,93.02635939788831,93.22352676016936,9785400
2024-01-11,94.45086669921875,94.90927426469018,93.12494524797117,94.43608008625189,13296600
2024-01-12,94.75647735595703,94.97335019363524,94.28328316200786,94.60366981501345,8834600
2024-01-16,94.99305725097656,95.39231080000768,94.09103635223398,94.63816353602324,11775600
2024-01-17,94.5248031616211,94.63816969647687,93.49955542070268,94.28820232214039,14109000
2024-01-18,96.44221496582031,96.53093464283691,95.42682743818817,95.786647552477,18918800
2024-01-19,98.66521453857422,98.68493503467354,96.86117272492938,97.07312669158657,18333200
2024-01-22,99.09898376464844,99.70525745171027,98.72436951803608,99.14826996682582,14969000
2024-01-23,99.49822998046875,99.5623103118348,98.61592955884672,99.19262997764419,13263800
2024-01-24,100.1833724975586,101.18889971663442,99.89748546439836,100.1833724975586,17651200
2024-01-25,100.60234069824219,101.61279422204503,100.13900682739668,101.10510051790548,17071400
2024-01-26,99.44401550292969,100.34111010796094,99.21727490919854,99.89748916922592,10553000
2024-01-29,100.35588073730469,100.3755937104536,99.37006661423162,99.56722643038027,7639600
2024-01-30,99.5278091430664,100.47418995252906,99.22220912200538,100.32138994199856,12251600
2024-01-31,97.43787384033203,98.98560938518838,97.38858764205888,98.58142194505416,16295200
2024-02-01,98.66521453857422,98.80322792660726,97.7631936317518,97.82727396232627,14303400
2024-02-02,99.68553161621094,100.0009918498852,97.9652831812824,97.99485640300729,12872200
2024-02-05,99.91226196289062,100.19814896711239,98.97574153481231,100.08970880960878,10086200
2024-02-06,99.45387268066406,100.19323336789263,98.81309191416615,100.02071286573963,12677200
2024-02-07,100.76992797851562,100.79457483756555,99.75454056344795,100.15379410809442,11365800
2024-02-08,101.08539581298828,101.3564962405721,100.81922174911836,100.94244853245955,9948200
2024-02-09,102.44581604003906,102.57890307099525,101.39099508324253,101.50929550199982,11612200
2024-02-12,101.66702270507812,102.75635078003677,101.51915658187802,102.44089051526657,10753200
2024-02-13,99.94184112548828,100.61219508392529,99.16304700310077,99.46372063566074,19459400
2024-02-14,100.98681640625,101.06567583190494,99.97635527345898,100.68614275251542,11791600
2024-02-15,100.77485656738281,101.2184774765823,100.21294276599592,101.11989003820536,10796400
2024-02-16,99.84819793701172,101.248052339111,99.71511090998027,101.04595861679763,11090400
2024-02-20,98.83280181884766,99.61652983904345,97.84206123636604,99.26163611850797,17447600
2024-02-21,98.21173095703125,98.21173095703125,97.1371971845739,97.87655776894302,15954400
2024-02-22,101.42549896240234,101.7015257428795,100.51854415647867,100.75021110177178,18551600
2024-02-23,101.18889617919922,102.35709113132266,100.86850956972236,102.2289304705995,12324000
2024-02-26,101.2874984741211,101.88391194623033,101.18398465767378,101.63253199366775,18248800
2024-02-27,101.37620544433594,101.56351255481788,100.6220581600433,101.56351255481788,9984400
2024-02-28,100.8980941772461,101.17412098354012,100.533347692286,101.04104146554103,8329000
2024-02-29,102.02191925048828,102.26344646030466,100.86851833079277,101.43535854176719,11986800
2024-03-01,103.8851089477539,104.03298259801399,102.23387449648754,102.28316069913005,13136800
2024-03-04,103.8851089477539,104.48152991270857,103.50557585485814,103.73724281866012,20443800
2024-03-05,101.33184051513672,102.90914169968812,100.67627318257084,102.85984798219748,18042800
2024-03-06,102.1352767944336,102.90421061656136,101.45013627126437,102.3915830543662,14303200
2024-03-07,103.74707794189453,104.06253816570873,102.49509729395959,103.00771733722078,12120800
2024-03-08,102.20429229736328,104.66882784809627,102.14021196627122,103.93439354635822,14912200
2024-03-11,101.92332458496094,102.15006514925888,101.18889033401953,101.73601748928719,15648400
2024-03-12,104.01326751708984,104.02312024471927,101.92826488504983,102.90422644432367,17382800
2024-03-13,102.88943481445312,103.75694863700508,102.46060050616875,103.69780218944824,12815400
2024-03-14,102.90914154052734,103.68793564445002,102.2831474309579,103.32318169061323,16023200
2024-03-15,101.35649108886719,101.89375803184699,100.94244340179968,101.43042414664768,19633400
2024-03-18,101.85466003417969,102.90134631019046,101.77566285353358,102.24469637154297,14176600
2024-03-19,102.3829345703125,102.39774559953689,100.84746176083821,101.35599385377027,13390200
2024-03-20,103.52836608886719,103.56292264420485,102.10151258452936,102.46192683434603,13357400
2024-03-21,103.60243225097656,104.63430752632894,103.51356607044026,104.63430752632894,12312000
2024-03-22,103.63699340820312,104.01715321451114,103.23708053994474,103.60737134886337,11507000
2024-03-25,102.95072174072266,103.39013320070606,102.3582579512688,102.65448607920281,8777800
2024-03-26,102.526123046875,103.4888776627413,102.44219136585957,103.32101430071046,8538400
2024-03-27,103.0494613647461,103.22720124961933,102.25950464673494,103.17289163108623,12495000
2024-03-28,102.82727813720703,103.12350622672955,102.61991621446582,102.80752507775462,8854400
2024-04-01,103.1136474609375,103.71598776305434,102.73841462996175,103.04452681316602,11654800
2024-04-02,102.12126922607422,102.26938706092061,101.29182140467208,101.96821689238116,11418200
2024-04-03,102.39281463623047,102.92109980875846,101.58311236513732,101.6077999258922,10670000
2024-04-04,100.77340698242188,103.73079887691267,100.71909736387245,103.37037707490934,16464800
2024-04-05,101.9287109375,102.4471195552194,100.93139229073923,101.2128169099758,12808800
2024-04-08,101.81022644042969,102.32862754358356,101.43499360101377,101.99290082788065,8125800
2024-04-09,102.32369995117188,102.54587294374547,101.04496408553639,102.33357648276673,9400800
2024-04-10,101.06964111328125,101.44486640532736,100.63516417142802,101.15850728761369,13836800
2024-04-11,103.08897399902344,103.25683737605549,101.03015778000346,101.51893687980777,10563600
2024-04-12,101.42018127441406,102.33850276576774,101.04495597338243,101.85959272527984,16186800
2024-04-15,99.49465942382812,102.10644023565519,99.34160711705663,102.04225409400854,17189000
2024-04-16,99.6131591796875,100.23031050980607,99.21818835528006,99.71190941937493,14914000
2024-04-17,98.17644500732422,100.14638740008913,98.10238232122286,99.97852403199734,13090400
2024-04-18,97.05569458007812,98.39861657252415,96.95200983447324,98.1468139904492,15280600
2024-04-19,95.05611419677734,97.00137636049459,94.81418816753218,96.68539518637103,21880000
2024-04-22,95.90531158447266,96.48296429461918,94.83393783656823,95.7868158233201,13293400
2024-04-23,97.32722473144531,97.47040050900813,96.16204285105842,96.30521862862123,12151600
2024-04-24,97.7715835571289,98.4529210491294,97.23342939521422,98.04806615284339,9160200
2024-04-25,97.55928039550781,97.74195476933225,96.12255036284294,96.55208525635885,11568000
2024-04-26,98.66029357910156,99.38112220473892,97.9443994526364,98.32950132848902,10104200
2024-04-29,99.08488464355469,99.31693415359092,98.5072318846089,99.16881632303374,7494800
2024-04-30,96.90262603759766,99.1441161381869,96.87300398197519,98.74420332011402,14929000
2024-05-01,95.9102554321289,98.0036355483766,95.89050990347125,96.38423098935729,20453600
2024-05-02,97.29267120361328,97.42597799966306,95.9102507242728,97.13468438134937,13340000
2024-05-03,100.00318908691406,100.33891574753767,99.56871220038043,99.92419191961986,13316400
2024-05-06,101.17826080322266,101.17826080322266,100.23031720090867,100.38337706920781,8021000
2024-05-07,100.84746551513672,101.5238685204352,100.83759651767677,101.4744933987921,10020800
2024-05-08,101.13381958007812,101.24243881538257,100.46235864073496,100.4870462003197,7176000
2024-05-09,101.10420227050781,101.18319945145498,100.60060465895192,100.9708954693577,9589600
2024-05-10,101.47941589355469,102.0866981768691,101.15850024159305,101.63247573910857,8753800
2024-05-13,101.95832061767578,102.3088658411457,101.6374049823064,102.22493417548887,6582000
2024-05-14,102.86184692382812,103.00503025433936,101.86453577683574,101.92377989506895,9825200
2024-05-15,105.17739868164062,105.21196277257704,103.43456391149888,103.50861905838312,14308600
2024-05-16,104.81204223632812,105.56744240144987,104.76760914825792,105.2415846884304,12066600
2024-05-17,104.58000946044922,105.11816366395642,104.00729116301348,105.05397750870989,7616000
2024-05-20,105.80935668945312,106.00684962898714,104.58986509707744,104.68367330165792,6276800
2024-05-21,105.98216247558594,106.15496032305623,105.21689334083074,105.40450975070998,6140400
2024-05-22,106.21914672851562,106.60918304446032,105.5921188836468,106.28333287596408,11783000
2024-05-23,105.35514068603516,107.44357873960321,105.01941396862891,107.43370974221065,9400400
2024-05-24,106.24385070800781,106.47095820801162,105.27121948345096,105.62175726541795,5906400
2024-05-28,106.69312286376953,106.93010686046539,106.02659642692974,106.84617518525197,8786400
2024-05-29,106.0167236328125,106.52525573405376,105.56744318302249,105.56744318302249,8569000
2024-05-30,103.59749603271484,104.99472760544923,103.27657280773728,104.83673324233673,10450600
2024-05-31,103.76042175292969,103.9233506098616,101.47449079086546,103.90359754827767,12081000
2024-06-03,104.02208709716797,104.64911492721627,102.77790796727277,104.5553067242659,9628000
2024-06-04,104.23933410644531,104.40719746570598,103.43456633471652,103.967786005532,6405400
2024-06-05,106.55488586425781,106.55488586425781,104.89598275337987,105.06384611056981,8788800
2024-06-06,106.19940948486328,106.68818854252547,105.91798484740907,106.61413339245118,7057600
2024-06-07,106.44627380371094,106.90049631863724,105.92292310148322,106.31296699526517,6398600
2024-06-10,106.71781158447266,107.0041707233713,106.01672853417021,106.08584918607085,6734800
2024-06-11,108.70256042480469,108.73218248181799,106.39688407305229,106.44625919046459,12719200
2024-06-12,111.10697937011719,112.22772823874034,109.58138316672934,109.78381060090429,17821200
2024-06-13,111.98580932617188,112.44990077314527,111.30447188377013,112.13886164240179,12693600
2024-06-14,112.40548706054688,112.4696732172224,111.75377909628283,111.82783425122653,7864600
2024-06-17,114.10880279541016,114.50871562697401,112.29684750739037,112.68194931064333,11602600
2024-06-18,114.25199127197266,114.6272165620969,113.79776880490054,114.22236921401357,8677800
2024-06-20,112.96832275390625,114.8345878938271,112.5881554006376,114.76546724174064,13243000
2024-06-21,112.77082061767578,113.43733947825675,112.25734653519325,112.99299357120277,13560200
2024-06-24,110.00608825683594,112.10314078057613,109.97641423120787,111.59865970449295,13748600
2024-06-25,112.02400207519531,112.08335012489432,110.18908022171519,110.81226493076217,9126200
2024-06-26,111.89542388916016,112.42462833051573,111.02494548573021,111.85585600293128,9459600
2024-06-27,111.94981384277344,112.5037490824156,111.54424872317712,111.67778937802001,7923600
2024-06-28,111.89046478271484,113.94794943126604,111.7371439518453,112.34054096461081,12488200
2024-07-01,112.73621368408203,112.9241592452424,110.43143539596556,112.05863159834392,9281600
2024-07-02,113.30004119873047,113.30993505622942,111.7569314881854,111.7569314881854,7076600
2024-07-03,114.82830810546875,114.88271299876615,113.04284803045624,113.13682080495191,6249200
2024-07-05,115.17947387695312,115.68889810834223,114.48210408752848,114.9569035911523,6671800
2024-07-08,115.96585845947266,116.30217412451546,115.35256763011033,115.55040703319571,7671000
2024-07-09,115.87188720703125,116.8363307259747,115.20914217830104,116.55936310482188,8678600
2024-07-10,117.55348205566406,117.63756852083682,116.01532310882759,116.66817428839143,8749400
2024-07-11,114.6106948852539,117.78100079073177,114.27932235200207,117.73153904979182,14106000
2024-07-12,115.63448333740234,116.86105742161851,114.52660534555464,114.92721975090095,9767600
2024-07-15,115.84220886230469,116.98470403034919,115.18440701319999,116.22304310058665,8628000
2024-07-16,115.4564437866211,116.17359375832535,114.63048402094215,116.11424570590358,7652200
2024-07-17,110.96559143066406,112.92910334115322,110.91118653339097,112.81535039114668,12440400
2024-07-18,110.9754867553711,112.20206099115751,109.57580396775413,112.1822808222523,10837200
2024-07-19,109.2394790649414,111.06450715095966,108.99713615221742,110.38692506089953,8472800
2024-07-22,111.826171875,111.95476183352781,110.2138127307103,110.68366907368721,10601600
2024-07-23,111.38104248046875,112.38505395176611,111.23266480238297,111.36126231189834,5530800
2024-07-24,106.771484375,110.27316256557526,106.51429692458218,109.92694549713524,14300800
2024-07-25,105.62899780273438,108.25030407111942,104.09083122329223,106.6577325947786,21158000
2024-07-26,106.96932220458984,107.82001281772153,106.06422669596246,107.05340112548284,11697800
2024-07-29,106.4945297241211,108.28493314458919,106.1829373433072,107.82001992458196,7343800
2024-07-30,103.81879425048828,106.99404296356596,103.02250860810267,106.89017633768903,10694600
2024-07-31,108.21568298339844,108.60640355843854,106.27195132508992,107.02372599688064,14614000
2024-08-01,104.17985534667969,109.17023875902237,103.0719772184524,107.91893365259357,16991400
2024-08-02,101.25189208984375,102.2460096440339,99.53567390375902,101.4101560693538,18621600
2024-08-05,97.87881469726562,99.76814163289443,94.34251884448942,94.91624187123767,31430000
2024-08-06,99.20923614501953,101.2172587976559,98.07663487455655,99.13010038856068,24575800
2024-08-07,97.60183715820312,102.10752689461233,97.46830404663974,101.61293968994306,17653600
2024-08-08,101.24695587158203,101.49919264377138,97.92827221482013,99.36752287527048,14477200
2024-08-09,101.70197296142578,102.28558226141766,100.57431469804986,101.18759802389867,9535600
2024-08-12,102.53288269042969,103.32422531764365,101.54370817981352,102.01851526550243,8580200
2024-08-13,105.68338775634766,105.71801248231543,103.67536496066305,103.80396246077004,9999600
2024-08-14,106.2620620727539,106.80116030512819,104.83270537827431,106.33624713342864,8922400
2024-08-15,109.31861114501953,109.42742093568279,107.40456104464658,107.637017638627,9518800
2024-08-16,109.50159454345703,109.71427094725044,108.44317831966033,108.73993363529728,6706400
2024-08-19,111.30684661865234,111.31178977361495,108.79928598794898,109.24441897903081,13004200
2024-08-20,110.91613006591797,111.68274178580766,110.26327884322379,111.01505354987968,7221600
2024-08-21,111.56897735595703,111.9547547539474,110.63420788439552,110.98536055720142,7538800
2024-08-22,109.0020751953125,112.45429181704324,108.77456175752421,112.19216119880134,9083600
2024-08-23,110.76776123046875,111.25245461098652,109.35324142680061,110.0852284265135,10681000
2024-08-26,109.3779525756836,111.0842843956285,108.81907419034073,110.66882542605845,6268800
2024-08-27,110.04071044921875,110.27316704035205,108.1662207076801,108.70037579708418,7656000
2024-08-28,108.52233123779297,110.10995959794641,107.6122925279068,109.89728316052165,9002200
2024-08-29,107.54302978515625,110.08026424852952,107.26606219203966,108.5519842381954,13314800
2024-08-30,108.97239685058594,109.39279143544113,107.54304016847506,108.7152093978029,10048400
2024-09-03,103.9671859741211,107.89915298241226,103.37367525476958,107.82001721359175,14765800
2024-09-04,103.7000961303711,104.88215922295703,102.58727494311984,102.9137043026126,12330000
2024-09-05,103.54183197021484,104.82775414513785,102.85929922825927,102.95327200250553,8874800
2024-09-06,100.8562240600586,103.70504370395079,100.39131087008825,103.45775009624758,12441000
2024-09-09,102.50814056396484,102.62190105389384,101.16286277348031,102.10752613863706,10922000
2024-09-10,104.04137420654297,104.26393695967107,102.23118306040308,103.21541440470158,10123000
2024-09-11,107.59249877929688,107.75571346487524,102.74555013907492,104.3974696159441,12768800
2024-09-12,108.48275756835938,108.94272760112632,106.75665302366698,107.51337085637206,10604200
2024-09-13,109.02680206298828,109.2988265285749,108.17611148704555,108.61629378706694,8047400
2024-09-16,108.6113510131836,108.95756054023548,107.60733961133228,108.24041061702763,6897800
2024-09-17,108.398681640625,109.8676063086222,107.84968951675936,109.6994484626675,6990000
2024-09-18,107.40950012207031,109.43235993630753,107.30564103743606,108.67069897738358,12741600
2024-09-19,110.5995864868164,111.28706238820654,109.82308851250463,110.4264854960904,13934000
2024-09-20,110.06049346923828,110.55508068926696,109.07626218453245,110.16436010603721,14492800
2024-09-23,110.0401840209961,110.30278550762947,109.70326421186584,110.15910089734942,7490600
2024-09-24,110.79330444335938,111.01626696180261,109.31182960776516,110.50097564005917,7025800
2024-09-25,111.11040496826172,111.59596894665205,110.52574738045509,110.57529040498436,6111600
2024-09-26,112.58197021484375,113.40446155293068,111.39778379351924,113.2805926487739,9244800
2024-09-27,111.53156280517578,112.77520386421281,111.11535754701566,112.74051694255037,6093800
2024-09-30,111.85857391357422,111.92794019837173,110.4910639159842,111.04599419436425,5500400
2024-10-01,109.13346099853516,111.59102348269066,108.48438912423012,111.5266092306164,11295400
2024-10-02,109.94107818603516,110.44150580940237,108.53888136134526,109.15822584785012,4532400
2024-10-03,110.39691925048828,111.20454691261072,109.60416281216757,109.61902647561148,5784800
2024-10-04,111.62570190429688,111.90317460916026,110.45142707474503,111.82389669348501,5009200
2024-10-07,110.85771942138672,111.86353433859394,110.5802467197795,111.12527293320323,4430400
2024-10-08,112.92880249023438,113.11708564529411,111.4027366722147,111.65543407723865,7864800
2024-10-09,114.1922607421875,114.35080900086515,112.66619500558257,113.01798600384349,7579800
2024-10-10,114.16253662109375,114.459817449594,113.11212319139108,113.42922727800601,5692200
2024-10-11,114.3607177734375,114.61836719275605,113.7215575997643,113.89001748301368,8849000
2024-10-14,115.85211181640625,116.0899379944764,115.03457251623092,115.08907513624261,9810200
2024-10-15,113.30536651611328,116.22372531400197,112.88421675539229,115.94130056826113,14179400
2024-10-16,113.65715026855469,113.83056975679756,112.43332490279361,113.662102302943,5758800
2024-10-17,114.00398254394531,115.30708583188809,114.00398254394531,115.24267158256532,6051200
2024-10-18,114.4102783203125,114.83142806511604,114.16749254246713,114.59855391666548,4537000
2024-10-21,114.94538879394531,114.96025245732724,113.84543234153567,114.0535311892405,6322400
2024-10-22,114.82648468017578,115.2179071266378,114.00895286193611,114.33596105301682,6169200
2024-10-23,113.18148040771484,114.57377310496783,112.21530456185809,114.40035363196604,6083600
2024-10-24,113.51347351074219,113.79589069754597,112.83962632983909,113.64229445695956,4832800
2024-10-25,114.10308074951172,115.38636839106773,113.93958044294521,114.15758337181995,8314800
2024-10-28,114.06840515136719,114.92062387721074,114.04362985670785,114.92062387721074,5899200
2024-10-29,115.6043701171875,115.93633786049793,113.86029389588775,114.28640321244514,7451600
2024-10-30,113.76615905761719,114.85620392532627,113.69184073768446,114.54901145579356,8341200
2024-10-31,110.114501953125,112.51755411809945,110.07486299720266,112.51755411809945,12110200
2024-11-01,110.94194793701172,111.76939131552919,110.0847696705806,110.23341386871694,11565800
2024-11-04,110.85771942138672,111.65543548265707,110.38701152781253,111.04599501845831,6311800
2024-11-05,112.41845703125,112.50764656940599,111.19958374550181,111.19958374550181,7273000
2024-11-06,115.61923217773438,115.83228305288122,114.24676267383856,114.58864204126725,10967800
2024-11-07,117.63581085205078,117.76959137504555,116.36739458169872,116.42189719770717,10463000
2024-11-08,117.50699615478516,117.89346652139115,117.08088683258396,117.48717289680869,7236400
2024-11-11,116.8579330444336,117.56645958263996,116.15931057559692,117.49214126057576,7267200
2024-11-12,117.0065689086914,117.15521311218735,116.08498391944636,116.77865434897474,7530800
2024-11-13,116.60027313232422,117.4624033927078,116.23857806346687,116.75882139195524,6329600
2024-11-14,116.20388793945312,116.99169230236643,116.0156047984962,116.78855305909742,6602000
2024-11-15,113.32022094726562,114.91564532722158,112.94365467541705,114.76700870449947,11229800
2024-11-18,113.68688201904297,114.16749398593386,112.82971129432708,113.3202348907381,6166800
2024-11-19,114.61837768554688,114.71251926432136,112.97339497515898,112.97339497515898,6906800
2024-11-20,114.519287109375,114.7571132997097,112.99322123070733,114.71747434126087,8874400
2024-11-21,115.68363952636719,116.22371366949422,113.86029297011,115.62913690863354,10591800
2024-11-22,115.74309539794922,116.01064887739317,115.05933669663213,115.47553435814811,7090800
2024-11-25,115.7381362915039,116.81827696278029,115.21293339827844,116.61513016510412,11137200
2024-11-26,116.31785583496094,116.67955848725497,115.82238020641822,116.26335321340692,6229400
2024-11-27,114.74224853515625,115.59941926736334,113.72652197067411,115.53005298083256,6369400
2024-11-29,115.80751037597656,116.05029614276378,114.89583708248786,115.00979435408452,4168400
2024-12-02,116.907470703125,117.3434916668319,115.86201684540633,115.89174417286671,9398200
2024-12-03,117.32862854003906,117.3583558676355,116.18408106542859,116.41199561723987,5576000
2024-12-04,119.47403717041016,119.53349182474939,118.44839902091098,118.79523043848636,10840000
2024-12-05,118.86955261230469,119.42448286313136,118.70604475760948,119.2857503004247,5638000
2024-12-06,119.33033752441406,119.84563636422838,118.9488267691878,119.07764769896269,6654200
2024-12-09,118.55245208740234,119.31052917077061,118.25021166093568,118.88441984100379,8032400
2024-12-10,116.907470703125,118.47317547247432,116.53586398915427,118.15111934450952,11234400
2024-12-11,118.60200500488281,118.978571340953,117.42773012296786,117.83402378865232,8689600
2024-12-12,117.93806457519531,118.37408555250019,117.55654622005355,117.84392299506283,7218200
2024-12-13,118.44344329833984,119.46907385554444,117.50203512525468,119.00332558343545,8677000
2024-12-16,119.62763977050781,119.73168542114132,118.34435967697274,118.59704953172668,9442600
2024-12-17,118.90423583984375,119.36998412708805,118.32453027817516,118.78036693623017,8145000
2024-12-18,115.06925201416016,119.63257789568594,114.80169096578065,119.30556219671428,16927200
2024-12-19,115.19313049316406,116.61514311408357,115.04448629395998,116.2385843617435,13383400
2024-12-20,116.91242980957031,117.85383045688724,114.05353338513075,114.41027643388111,14924800
2024-12-23,118.15116119384766,118.2007853970221,116.62259488300323,117.24791436677086,7973400
2024-12-24,119.37201690673828,119.37697705493206,118.39433004764572,118.572993828311,4653400
2024-12-26,119.45143127441406,119.88816666730192,118.60774409767268,118.98987999370381,7150800
2024-12-27,117.8633041381836,118.8012870752783,116.70198580003454,118.64743918405965,8726400
2024-12-30,116.36451721191406,117.29257230581639,115.42653424879616,116.146149525644,7950400
2024-12-31,115.39675903320312,116.76154950933547,115.01957572778764,116.68214170053795,9381200
2025-01-02,115.12380981445312,116.63748817551843,114.03693899826615,116.30993661422309,12766600
2025-01-03,116.99977111816406,117.12384298573369,115.6002368170606,115.82853238539688,9117600
2025-01-06,118.48863220214844,119.63505503401473,118.02212077367135,118.33478429972423,8975400
2025-01-07,116.11141967773438,119.10899266102878,115.7044603178912,119.10899266102878,10006800
2025-01-08,116.07170867919922,116.39925263371653,114.95506194123179,116.37940446816062,10023800
2025-01-10,113.5406494140625,114.8707038023375,112.87065828492545,114.85084806233934,11665800
2025-01-13,112.73666381835938,112.81607163124075,111.39172143888493,111.71431283893578,10656000
2025-01-14,113.03443145751953,113.92279026968693,112.13615234832767,113.6101267402626,7220200
2025-01-15,115.28260803222656,115.6200874348942,114.20070502986327,114.5778807643784,10465400
2025-01-16,114.39425659179688,116.29503842350499,114.36944070488514,116.22059076276977,5368400
2025-01-17,116.18585968017578,116.59777918820957,115.67468419288286,116.45881930269766,6742600
2025-01-21,117.15361785888672,117.44146549751922,115.76401144135751,116.57296243315668,6744200
2025-01-22,119.798828125,120.07674788738461,118.56803736040577,118.73677327717563,10243800
2025-01-23,120.0122299194336,120.03703823272956,118.76158347586181,118.87572746435693,7604400
2025-01-24,118.76158905029297,120.3894112907635,118.37944559100853,120.3894112907635,6607600
2025-01-27,112.94013977050781,114.63247423678975,111.89793308589813,113.4413873738749,20705600
2025-01-28,115.95259857177734,116.21067016404659,112.50340233688681,113.7044170473867,11260600
2025-01-29,115.00965881347656,115.77889831899495,113.89301202743877,115.72430639543438,9050000
2025-01-30,115.22305297851562,115.62008444142062,114.01707814530224,114.80617335020078,8840200
2025-01-31,114.548095703125,116.98982884760231,114.24039993270658,116.29502950383657,10741800
2025-02-03,113.00465393066406,113.69449320205747,111.41653556192519,112.01207900360906,13752800
2025-02-04,114.63247680664062,114.81114059735772,113.35205423529236,113.39175814131235,8371200
2025-02-05,116.2255630493164,116.25037893720295,114.37441291871578,114.73670064907289,5398000
2025-02-06,116.54318237304688,116.78139822782131,115.70941552221811,116.22555870909912,6808000
2025-02-07,115.545654296875,117.57546826503321,115.15854309699483,117.0146609914495,8552800
2025-02-10,117.2330322265625,117.52584003003406,116.42408118952616,116.45882494896152,6054200
2025-02-11,117.2876205444336,117.75909213382347,116.50348542073175,116.58289323464366,6456200
2025-02-12,117.03450775146484,117.1734676288639,115.50594152732972,115.63497353555876,8555600
2025-02-13,118.69210052490234,118.76654060839054,117.07916641886793,117.24294217528697,7829600
2025-02-14,119.09410095214844,119.19335692840761,118.37448565833743,118.59285334975496,4557000
2025-02-18,120.18097686767578,120.19586488611901,119.15365815861689,119.7095052805661,6024000
2025-02-19,120.1908950805664,120.66733438072578,119.20824801662332,120.04697504719553,5604200
2025-02-20,119.80876159667969,120.23556912965509,118.5432270162384,120.07675350215452,5987400
2025-02-21,116.56303405761719,119.89312626767193,116.50348198531228,119.84349449225402,9057600
2025-02-24,114.89551544189453,117.34221673434504,114.75159540010154,117.01466516961398,7447600
2025-02-25,113.40663146972656,114.75653380856828,112.63242433448538,114.65231769491761,10433600
2025-02-26,114.64240264892578,115.72430567104104,113.76397172903927,114.51833078458712,7630600
2025-02-27,110.46862030029297,115.38683068591271,110.4189960995592,115.26771897320987,10100000
2025-02-28,111.92770385742188,112.04184784633598,109.03434722208979,109.97233016502544,14172200
2025-03-03,108.52317810058594,112.73169364610179,107.7191948376932,112.50340565496354,12516200
2025-03-04,108.43881225585938,110.35448219404434,106.3345506556899,107.71919693850467,17721000
2025-03-05,109.96241760253906,110.31973761154241,107.31720449699854,108.776283287604,11931000
2025-03-06,106.91024780273438,109.40657321594108,106.39411215665363,107.70431079812344,16432000
2025-03-07,108.45865631103516,108.73161592388972,105.5256032281668,106.7861700228785,11263400
2025-03-10,103.84815216064453,106.51321342722329,102.77120926918955,106.31470147011248,21561800
2025-03-11,103.42630004882812,105.16827381958633,102.37913324162643,103.53052374382249,14832800
2025-03-12,105.05413055419922,105.96730527636059,103.79852383056658,105.27249825791725,10981600
2025-03-13,103.05906677246094,104.98465717353464,102.65707509854923,104.75140900933913,12383000
2025-03-14,106.17574310302734,106.28492695282245,104.37421715415392,104.40896091215502,10040800
2025-03-17,106.91520690917969,107.6745337114699,105.78367207406474,106.0913754574703,10148800
2025-03-18,105.28738403320312,106.26507095772529,104.90028041131318,106.15588710819266,11486600
2025-03-19,106.65713500976562,107.9077738998794,105.38664038141462,105.82833589787643,8838600
2025-03-20,105.89781951904297,107.06409049407144,105.28738049731668,105.44619611775637,7145200
2025-03-21,106.1856689453125,106.3295889776148,104.19059122312333,104.5776948385524,10425400
2025-03-24,108.19667053222656,108.45518764259894,107.66968342549058,107.95305999271754,8200200
2025-03-25,108.55463409423828,108.69880681778292,108.07238941990347,108.1270771949118,7481800
2025-03-26,106.13346862792969,108.48005899474157,105.71585701672808,108.22153426997971,7873000
2025-03-27,105.15406036376953,106.00420529253141,104.59724490720227,105.40761621963198,6577800
2025-03-28,102.60364532470703,105.02977534081911,102.25562806279261,104.60719487227473,10667600
2025-03-31,102.65335083007812,102.88701608190749,99.7946876206318,100.81386471686011,14219000
2025-04-01,103.40406036376953,103.49354530544926,101.410448743438,102.24567946265459,9480200
2025-04-02,104.16969299316406,105.02977567758698,101.8479620793483,101.92750931581477,9292000
2025-04-03,97.06031799316406,99.77977744879703,96.98077834433285,99.17821950191886,19451400
2025-04-04,90.6668472290039,94.77835259737664,90.63205005801382,94.03261440312974,33804600
2025-04-07,91.2087631225586,95.36003483934215,85.73503949920695,86.96799128477433,44557800
2025-04-08,89.3543472290039,95.8720992712709,87.71869814727881,94.60434283918818,25811400
2025-04-09,101.35079193115234,101.90760735225567,89.42394974590117,89.53830173033865,36988800
2025-04-10,96.63275909423828,98.53687831823507,93.331624775544,97.86571845120294,19747600
2025-04-11,98.6114501953125,99.03403062017763,95.42962935011715,96.15050808692101,14423200
2025-04-14,99.51130676269531,101.73360719517285,98.43744193907371,101.66897412394229,11904400
2025-04-15,99.87423706054688,100.62992060627856,99.40690654655545,99.66543126226082,7200000
2025-04-16,96.40406799316406,98.22863994062428,94.7286376219212,97.19454869128207,13222400
2025-04-17,95.88204956054688,97.09511828539584,95.47437569011272,97.09511828539584,7480800
2025-04-21,93.40620422363281,94.60435124900431,92.06884574548724,94.36571713261205,8973400
2025-04-22,95.68319702148438,96.23504365657328,94.09725905280354,94.64910568789244,9312800
2025-04-23,98.45733642578125,100.4012293718395,98.05463896650947,99.35222388307527,13413800
2025-04-24,102.13133239746094,102.27054384573688,99.2677003351571,99.42679479830586,9317000
2025-04-25,103.64270782470703,103.83659947605477,101.72367432770848,101.82310458218694,6518400
2025-04-28,103.47366333007812,104.02053345770575,101.92749916075017,103.5084605012891,5574400
2025-04-29,103.95591735839844,104.38844312532635,102.97651382842449,102.97651382842449,9144400
2025-04-30,104.38844299316406,104.77622628427233,101.32097383860672,101.91259407623244,10203800
2025-05-01,105.91968536376953,107.65974118851942,105.82522397665934,106.67039243147245,11532800
2025-05-02,107.6895751953125,108.19170288602062,106.84440669582642,107.13275972949424,8125400
2025-05-05,107.11784362792969,107.88346487953906,106.71016975067937,106.7648575247973,6757000
2025-05-06,106.22792053222656,107.00846349427711,105.20377461175975,105.52692479931008,7958200
2025-05-07,107.2918472290039,107.75917774880926,105.49710352683928,106.2279276229533,8169400
2025-05-08,108.31599426269531,109.34511670488023,107.39127851498033,108.35576788030092,8704400
2025-05-09,108.1817626953125,108.99710285990332,107.62493965619666,108.79823477948996,7330000
2025-05-12,113.20306396484375,113.24283758153048,111.6320402429057,112.77053821069337,13478200
2025-05-13,115.64908599853516,116.02693156894803,113.48147317021316,113.61073932263517,12757200
2025-05-14,116.3998031616211,116.85718839008801,115.71869038338976,116.19099735641068,10248000
2025-05-15,116.55888366699219,117.21513694976427,115.62919910243994,115.7684029649598,9536400
2025-05-16,116.77763366699219,116.93672812897641,115.76840188015937,116.93672812897641,8111600
2025-05-19,116.60861206054688,116.87210564930609,115.0127287830417,115.05250240214299,11863000
2025-05-20,116.17110443115234,116.19099503279858,115.29113116633047,115.88275139561631,10273200
2025-05-21,113.98857879638672,116.68815525578202,113.52622471418265,115.08232673262911,18643600
2025-05-22,114.0184097290039,115.0425557542373,113.76486144449845,114.0432691889065,11372000
2025-05-23,112.7605972290039,113.49639020078666,111.91045984614321,112.03474955828418,12004000
2025-05-27,115.44027709960938,115.59937156415388,114.13275455457662,114.51556138605883,14208400
2025-05-28,114.9630126953125,116.04184646593632,114.79397292461073,115.57948480078791,10789200
2025-05-29,115.15690612792969,116.82238371331752,114.5652858863882,116.7030704451357,14011800
2025-05-30,114.79894256591797,115.1568975157773,113.06385558912874,115.10220974326987,13494000
2025-06-02,115.81314849853516,115.88275043163439,114.35647676080052,114.49568062699899,12878800
2025-06-03,117.5531997680664,117.64269229911098,115.882745853635,115.9672619414851,14312400
2025-06-04,117.72721099853516,118.09510367309765,117.14553608498704,117.70235154013567,10899200
2025-06-05,117.39411163330078,119.10433914473326,116.88700752559897,118.07521677198912,15885200
2025-06-06,118.50277709960938,119.04965483815332,118.16470515595269,118.52763655791439,9026000
2025-06-09,119.0844497680664,119.82024268657877,118.87564397711188,118.96512892207463,11100600
2025-06-10,119.75064086914062,119.92961834527627,118.6171193822953,119.06456686565517,9831600
2025-06-11,119.48714447021484,120.52620454416386,118.8706724117393,120.03899104303679,9599600
2025-06-12,120.59581756591797,120.87422528894395,119.44240547219147,119.46228848696126,11210400
2025-06-13,118.90546417236328,120.10858750630021,118.46796201964406,119.19878603109962,13193800
2025-06-16,120.82947540283203,121.18743035753175,119.62138312025162,119.62138312025162,13866200
2025-06-17,119.974365234375,121.1725121767547,119.69098107712934,120.32237487710024,10525400
2025-06-18,120.11854553222656,120.87422907988413,119.50704229382744,120.26769469882291,11066000
2025-06-20,119.58657836914062,120.95376511435659,119.0247940650692,120.54609882961559,11490600
2025-06-23,120.95006561279297,121.05463774618897,118.89339420504022,119.70510860541036,12277000
2025-06-24,123.12126159667969,123.27065034734018,122.03565521732499,122.18007447444876,11329400
2025-06-25,124.17201232910156,124.35626353073995,123.64912887733882,123.75868569956015,9228600
2025-06-26,125.0285415649414,125.22773163963535,124.23674316128944,124.72974885428621,11288400
2025-06-27,124.879150390625,125.84523825006184,124.3114502957187,125.36717141290227,12196600
2025-06-30,126.10417938232422,126.44778872210779,125.36716698308433,125.97470659283788,13365200
2025-07-01,124.9787368774414,125.9647406382373,124.12220590184447,125.70081037700716,15144800
2025-07-02,126.29839324951172,126.38304941230058,124.5753770447701,124.66501029997676,11950200
2025-07-03,127.96165466308594,128.345111141208,126.9358113218448,126.98561264075752,7112800
2025-07-07,126.94577026367188,127.80230885783362,126.37807019440102,127.46865370609315,11560800
2025-07-08,127.62801361083984,127.8720203150303,127.10014547016324,127.61307473501653,15715200
2025-07-09,128.3948974609375,128.87794138040127,127.44375609659834,128.08118106548395,12933600
2025-07-10,127.97162628173828,128.8281573114286,127.29934645773922,128.7136157956504,9988600
2025-07-11,127.40889739990234,128.15587157047372,127.20472263627876,127.36407317472126,9239000
2025-07-14,127.3043212890625,127.618045282557,126.08924205463713,127.09516942719469,8125200
2025-07-15,128.43475341796875,129.09209440043819,128.3899367869681,128.78831697179385,15657000
2025-07-16,128.8331298828125,128.90782426565684,126.8909999427124,128.47956633919634,17782600
2025-07-17,130.00338745117188,130.20756222111012,128.73353740081834,128.98749829255172,11955000
2025-07-18,129.9187469482422,130.54619497574768,129.5701528906715,130.5013783450137,10281000
2025-07-21,130.0880584716797,130.9744672897416,129.91376144398492,130.06315021216346,9246600
2025-07-22,128.88291931152344,130.07807491844204,127.95667865526065,129.98844166729947,13448800
2025-07-23,129.6199493408203,129.78926167186142,128.44968670265322,129.2165844821458,10091800
2025-07-24,130.167724609375,130.42168549003657,129.4356893235999,129.9386415912975,12159600
2025-07-25,130.4665069580078,130.79517742476065,129.85896734320326,130.12788230640626,8002000
2025-07-28,131.50729370117188,131.54215614518654,130.6955944870188,130.96449426225658,11517600
2025-07-29,131.5122833251953,133.09586507213248,131.28820017075884,132.36382970651363,13739000
2025-07-30,131.80609130859375,132.25427281448682,130.77029371281355,131.65171784764425,13934600
2025-07-31,130.83999633789062,133.46437542671632,130.20257896017696,133.46437542671632,16414400
2025-08-01,128.0164337158203,129.46058070243222,127.37403169038467,129.41576407701504,19438000
2025-08-04,130.61590576171875,130.64079882147297,129.22154487923459,129.22154487923459,12377000
2025-08-05,129.5352783203125,131.21347785759264,129.23648561282468,131.09895154440267,11176000
2025-08-06,130.99436950683594,131.16369703245658,129.5751306841237,129.65977924970502,10167000
2025-08-07,131.1138916015625,132.66759545782764,130.02330808760166,132.45346650780243,10318000
2025-08-08,132.42359924316406,132.57298801147024,131.2632907528103,131.60690011714425,11015800
2025-08-11,131.5272216796875,132.9365215888747,131.22345945024807,132.33893611829154,9425400
2025-08-12,133.56398010253906,133.59884255046003,131.45253761590124,132.18457303608648,11153800
2025-08-13,133.61376953125,134.4802547769652,133.12574089550472,134.33585070083245,13990200
2025-08-14,133.32493591308594,133.78307156282443,132.62774785936725,132.93650995038223,15484400
2025-08-15,132.3140411376953,133.14566393529418,131.7861805651322,133.14566393529418,13373200
2025-08-18,132.59786987304688,132.71739607482502,132.02020802234262,132.1496884087571,12233800
2025-08-19,130.28225708007812,132.57796567963524,130.03825037236078,132.54808792755674,17367000
2025-08-20,129.4008331298828,129.95358674112165,127.40391724632448,129.95358674112165,23064200
2025-08-21,128.93272399902344,129.6050037946266,128.37498571436046,129.0870974457702,15148600
2025-08-22,130.6806640625,131.53221046695268,128.43475658234306,128.79330483641212,13756000
2025-08-25,130.38682556152344,131.20352462141184,130.0282773493919,130.67566408649998,10691800
2025-08-26,130.9844207763672,131.15871780313202,130.30717143459827,130.49639214087162,11081000
2025-08-27,131.69154357910156,131.8409323243742,130.51131170253814,131.11388176866836,11538600
2025-08-28,132.73233032226562,133.01616894817423,131.19356540342844,131.85089110276047,12380600
2025-08-29,130.69557189941406,132.17458119652755,130.21749754271204,132.14967294200935,17481200
2025-09-02,129.3759307861328,129.49545699726053,127.62303672763245,128.38494983569203,18226000
2025-09-03,130.14781188964844,130.40675748274418,129.1767393203878,130.03825506233304,15636600
2025-09-04,130.7902069091797,130.8449777212629,129.08709908517085,129.61495962537558,24397400
2025-09-05,130.89974975585938,132.07998174168586,129.570144208159,132.03018042290867,38561800
2025-09-08,131.88076782226562,132.35884221451576,131.55708206727368,131.58695981713586,20556000
2025-09-09,132.13475036621094,132.27418493814076,131.19854029872698,132.17459749946434,19355000
2025-09-10,134.53004455566406,135.4363768597566,133.88764251625472,134.80891369581124,25957200
2025-09-11,134.98321533203125,135.56586188954515,134.76410168623363,135.3766259956991,23429200
2025-09-12,134.89356994628906,135.38158331576798,134.6047314404247,135.25211813469576,15612200
2025-09-15,136.10865783691406,136.13853558810263,134.94337994887502,135.10770758041207,16268000
2025-09-16,135.6355743408203,136.51701363303115,135.4712467017397,136.42239568418108,16081400
2025-09-17,135.16746520996094,135.7102646280665,133.7681347841042,135.5459369939434,18948600
2025-09-18,137.5030059814453,137.90637082685248,136.25804900247783,136.92037462573663,20882600
2025-09-19,138.89736938476562,139.0268345787636,137.60758055807136,138.0557772362482,15670800
2025-09-22,140.9407196044922,141.05540832419084,138.63708475007527,138.6919259529138,15771200
2025-09-23,139.72409057617188,140.97563875371628,139.1058031339242,140.7462612949537,16456400
2025-09-24,138.8614501953125,140.09804014158672,137.93401914817633,140.09804014158672,13471000
2025-09-25,138.6171417236328,138.96119268122297,136.74730617879965,137.5999469265506,21349600
2025-09-26,139.03598022460938,139.16063592505643,137.8093723929033,138.76671965095085,16534000
2025-09-29,139.77891540527344,140.57173900591735,139.45481364583782,139.83377182307547,16107400
2025-09-30,140.54180908203125,140.68143806813828,139.4847312260065,139.77891683939,18215200
2025-10-01,141.9180145263672,142.01774516999686,139.78390961682632,139.8238079609821,17411200
2025-10-02,142.68589782714844,143.2692779635814,142.042670174502,143.23936181385457,17607800
2025-10-03,141.96788024902344,143.5435300789104,141.479224440674,142.81554507198967,17458000
2025-10-06,143.40391540527344,144.3213794997975,143.32912503119044,143.88258901616433,17945600
2025-10-07,142.44656372070312,144.3513065472,141.69365360908057,144.14187826719717,15588400
2025-10-08,144.9446563720703,144.9496474692071,142.70085387388914,142.77564424714328,14037800
2025-10-09,144.70033264160156,145.0094763215446,143.94740739629825,144.87982953314557,11989400
2025-10-10,138.8115997314453,145.26875544903098,138.75674331423315,145.0044859905778,44574600
2025-10-13,142.19227600097656,142.66595854900794,141.16509899433444,141.97288074325814,22030400
2025-10-14,140.3673095703125,141.79835457441357,138.73680327241536,140.32741122484916,26956800
2025-10-15,141.75845336914062,142.8953127237461,140.01327360095402,142.33685763260797,20937600
2025-10-16,141.86317443847656,143.41388400680867,140.89584501135727,142.7806385433893,23166200
2025-10-17,142.11248779296875,142.5363049956705,140.12297249183274,141.02050265365082,25511600
2025-10-20,143.69810485839844,144.31141637577593,142.8404730402391,142.92524561097,13805200
2025-10-21,143.7729034423828,144.28648434313337,143.07982562879255,143.60836460561308,12503800
2025-10-22,142.35182189941406,144.02221136497153,140.5617678281963,143.7080765583527,20723200
2025-10-23,144.1468505859375,144.37621279281393,141.79335057090788,141.79335057090788,11923400
2025-10-24,146.38568115234375,146.87932809272857,145.63277103973007,145.8471752008232,14359600
2025-10-27,149.08822631835938,149.21787312365197,148.20067828874662,148.44002272541883,15167000
2025-10-28,150.5641326904297,151.15251914456422,149.29764176593034,149.81122262851326,15055200
2025-10-29,151.64614868164062,152.5735797494085,150.51925632824725,151.93036731857322,21506200
2025-10-30,149.78131103515625,151.56138287639087,149.73144571152486,150.78353252137396,19218600
2025-10-31,149.92588806152344,151.40182238952056,149.0582893271163,151.29212477347698,16303800
2025-11-03,150.53919982910156,151.69101719142742,149.71647531554868,151.36192434265445,13983600
2025-11-04,146.565185546875,148.789038951385,146.32086524674284,147.81673363140843,16722600
2025-11-05,147.13861083984375,148.3303267218532,146.08153286227298,146.30591922516322,14447000
2025-11-06,144.1817626953125,147.06380171115646,143.4388196337886,146.90423877196386,24797400
2025-11-07,143.68313598632812,143.71804323146253,140.4121719062935,142.9501599223008,25547000
2025-11-10,147.35800170898438,147.63722927145565,145.49315722745953,146.25105843748716,18286400
2025-11-11,146.10147094726562,146.64994385179233,145.1291504042225,146.38567437745775,14871600
2025-11-12,146.5552215576172,147.32308972133688,145.6726494539403,147.32308972133688,13179200
2025-11-13,142.90029907226562,145.93690994198883,142.12244876163504,145.73746387560448,22385800
2025-11-14,143.67816162109375,144.97957508568928,139.75899358499476,140.26259228257777,27429600
2025-11-17,141.42938232421875,143.88758914621064,140.28753181900385,142.331888400583,24675400
2025-11-18,139.13072204589844,140.93075830245866,137.8542488698203,140.20774914135697,36747600
2025-11-19,140.09803771972656,141.66869637299655,138.7816663270849,139.14067532355452,27668800
2025-11-20,135.7001953125,143.85767243374664,135.38606050609613,143.32414237260866,56551800
2025-11-21,136.2237548828125,138.03873395991354,133.3716318615735,135.92457815982038,44959000
2025-11-24,139.4697723388672,139.9634192342368,137.05643993034303,137.1412124975914,20124800
2025-11-25,139.84375,140.20275903435572,136.27859992717174,138.2431750295127,21303400
2025-11-26,141.49917602539062,142.10250534608906,140.40219979070247,141.49418492808203,13358800
2025-11-28,142.7158203125,142.7407453661256,141.41440687456972,141.79835617437513,6792200
2025-12-01,142.7806396484375,143.20944794586072,140.89584610181814,141.32964549652863,12846600
2025-12-02,144.25157165527344,145.11419458748495,143.24935016284553,143.66819149377608,15719000
2025-12-03,144.5956268310547,144.69535748184774,142.8354888835595,143.55350696233901,11623200
2025-12-04,145.13414001464844,145.39341838898218,144.0969960837934,144.7900890701279,9995200
2025-12-05,146.19619750976562,146.90423329881978,145.28870044577224,145.8072723704483,6628000
2025-12-08,147.22337341308594,147.97130761621398,146.5153223387502,147.02391211884353,8272800
2025-12-09,147.61228942871094,147.8416516427423,146.55521158857755,146.9341545472469,6978200
2025-12-10,148.32032775878906,148.80898356082943,146.41560030545867,147.28319907259763,8961100
2025-12-11,147.5624237060547,147.72198664440654,144.71030085424232,146.65492661303273,9769300
2025-12-12,143.29421997070312,146.674881881673,142.86539645815157,146.53526810900132,14873200
2025-12-15,141.90805053710938,144.23163458842245,141.62882298917785,144.02220631909375,10790300
2025-12-16,142.16732788085938,142.57620222192057,140.91080392428591,141.51912433859943,10790900
2025-12-17,139.0060577392578,142.44655187145904,138.93625846290362,142.32688727384635,18178700
2025-12-18,141.150146484375,142.02772754985412,140.40221222632206,141.46927240518974,12319500
2025-12-19,144.20172119140625,144.22165514752476,142.17731382186918,142.19724777798768,14265900
2025-12-22,144.979736328125,145.8286716094758,144.47035991947462,145.8286716094758,8864500
2025-12-23,145.7687530517578,145.79871457791484,144.1807312060748,144.56026419051742,7546100
2025-12-24,146.1183319091797,146.31808050695474,145.49909144428355,145.608955459036,3676300
2025-12-26,146.34803771972656,146.79747586142955,146.0584045474684,146.427940204449,5052900
2025-12-29,145.68885803222656,146.19823448267135,144.859886873121,145.16951472567268,9822300
2025-12-30,145.22943115234375,146.07836646460183,145.19946962601938,145.6688871915552,6387400
2025-12-31,143.7912139892578,145.6189432568747,143.72129360270367,145.52905867973948,9528400
2026-01-02,144.1208038330078,146.3380481411956,143.23190969070475,145.44915399889257,15299500
2026-01-05,144.44039916992188,146.20820536739518,144.07086353016348,145.828672392612,17476300
2026-01-06,146.46788024902344,146.58774159309948,144.45039970846727,145.02968127867382,14985700
2026-01-07,146.34803771972656,147.19698828504164,145.858640715742,146.34803771972656,13957100
2026-01-08,144.06088256835938,145.7487710582734,143.32179604318796,145.7487710582734,16870100
2026-01-09,145.968505859375,146.39797981310886,143.85114333725124,144.39048130335047,15652600
2026-01-12,146.6077117919922,147.107090899893,144.86988224999556,145.00970779061413,12867200
2026-01-13,146.298095703125,147.33681275715918,145.66888840523026,146.66764659727207,16552200
2026-01-14,144.5203094482422,145.74877777521488,143.1420334862146,145.31931906149694,22104200
2026-01-15,145.2793731689453,147.386753561557,145.1295502963904,146.7475336890676,17370900
2026-01-16,145.4391632080078,146.76751343366223,144.83991743602937,146.53780331639587,14156700
2026-01-20,141.6638641357422,143.92106749621226,141.43415400926787,142.91231192720883,20029200
2026-01-21,143.63140869140625,144.85987696224998,141.783715237507,142.60268900478945,27892800
2026-01-22,144.70008850097656,145.51906227540283,143.98098139961482,145.42917769769267,12971600
2026-01-23,144.90982055664062,145.64890709556093,143.57148825412904,144.35051841468595,14654500
2026-01-26,145.8986053466797,146.527827913847,144.710080604182,145.0896136116596,10195600
2026-01-27,147.86614990234375,148.43543413370244,146.8474123032637,147.23692737940604,12436200
2026-01-28,149.044677734375,149.71384388080708,148.42545254450894,148.81496762197955,19497400
2026-01-29,146.68760681152344,147.74628802801092,143.0920865615569,147.6564034507258,25581000
2026-01-30,143.7013397216797,146.56777097924348,142.81244550216584,145.85864592689722,18342600
2026-02-02,145.07960510253906,145.96849925698308,143.21193221664706,143.35175774971106,16337600
2026-02-03,141.903564453125,145.7887331749552,139.99593266625234,145.69884859605725,30464500
2026-02-04,137.94847106933594,140.83488151885172,135.940972670277,140.6551123666255,45649500
2026-02-05,135.46157836914062,138.3080300705752,134.91225831593167,137.0496002358206,42950900
2026-02-06,140.95474243164062,141.29431654470656,137.24934299367536,137.83860664396744,37131900
2026-02-09,143.1719970703125,143.85114534544047,139.7362663518413,140.42541196267712,24629500
2026-02-10,142.37298583984375,143.9709898314496,142.21318086873092,143.64141303331053,22564300
2026-02-11,142.79246520996094,144.5802357342237,141.1445202281554,144.33054617699005,18905700
2026-02-12,139.03713989257812,143.59147498263496,138.74749147159054,143.13203949134206,32154700
2026-02-13,139.38668823242188,140.73501786236181,137.758707533135,139.38668823242188,26637100
2026-02-17,139.30679321289062,140.27558991211552,136.84985650916815,138.46783995990447,25743800
2026-02-18,140.73501586914062,141.94350470745107,139.09705309766127,139.8860653378924,13705800
2026-02-19,140.035888671875,140.53526775313293,139.1070356560184,139.9160273292818,13484000
2026-02-20,140.70506286621094,141.57397764058925,138.7974310090475,139.02714113241998,14942400
2026-02-23,138.34799194335938,140.47533657413354,137.71876939236824,140.00591899479744,22021900
2026-02-24,140.145751953125,140.76497713392723,138.01839220124117,139.0670913144166,13030600
2026-02-25,142.8323974609375,143.16198947902393,141.03464498386947,141.18445261034518,13296000
2026-02-26,140.8348846435547,142.8324009917555,139.087057838879,142.7624958442854,19364900
2026-02-27,138.58767700195312,139.5964324985553,137.7687032342485,138.13823887725084,15328600
2026-03-02,139.36671447753906,139.7862063384836,136.3904192669423,136.85983684671464,20156700
2026-03-03,137.32925415039062,138.1582252951339,134.8223765246062,136.19067039830102,34153000
2026-03-04,139.6663360595703,140.45536353250006,137.8685683413303,138.35796532124675,15201400
2026-03-05,140.00592041015625,141.08458111997086,137.91851938127328,138.98719799519887,19422500
2026-03-06,137.1195068359375,139.6563612031227,136.62012773497798,137.64886270360807,19677200
2026-03-09,139.58644104003906,140.03589442350346,135.29179295670102,135.8011541541624,22760900
2026-03-10,139.58644104003906,141.214421788554,138.8473697229195,139.66634352510295,24338500
2026-03-11,140.25559997558594,141.41416308951173,139.34674163950964,140.40542284229562,14009200
2026-03-12,137.6688232421875,139.5764550147994,137.47905675048344,139.0970553577536,32372800
2026-03-13,136.630126953125,139.53651701831845,136.35047587192162,138.27807191306223,15701800
2026-03-16,138.607666015625,139.90605476329964,138.34799436202653,138.54774296016697,16626400
2026-03-17,139.36671447753906,140.09581894645243,138.75747135739883,139.2169068413738,12034600
2026-03-18,137.78868103027344,139.8960613356137,137.75870426513143,139.1369953883875,12634500
2026-03-19,138.25808715820312,138.99717369569254,135.2718099617967,135.83111210266853,18087900
2026-03-20,135.1219940185547,137.8086560914018,134.15321255763294,137.8086560914018,27251800
2026-03-23,136.9499969482422,139.1999969482422,136.22000122070312,137.5,21818500
2026-03-24,136.14999389648438,136.9199981689453,134.8699951171875,136.0500030517578,16843900
2026-03-25,136.75999450683594,138.0,136.27999877929688,137.2899932861328,13872400
2026-03-26,132.5,135.52000427246094,132.4199981689453,135.17999267578125,15434600
2026-03-27,129.9199981689453,132.0500030517578,129.5800018310547,131.52999877929688,15895200
2026-03-30,127.5,131.5500030517578,126.68000030517578,131.27000427246094,18830000
2026-03-31,132.89999389648438,133.22000122070312,128.97999572753906,129.14999389648438,19405300
2026-04-01,134.91000366210938,136.0500030517578,133.75999450683594,134.1199951171875,17050100
2026-04-02,135.99000549316406,136.0399932861328,131.35000610351562,131.91000366210938,12266200
2026-04-06,136.77999877929688,137.25,135.7100067138672,136.47999572753906,10147600
2026-04-07,137.42999267578125,137.49000549316406,134.11000061035156,136.1699981689453,8585500
2026-04-08,141.69000244140625,143.55999755859375,140.74000549316406,143.1300048828125,13359000
2026-04-09,142.07000732421875,142.19000244140625,140.35000610351562,141.75999450683594,8235100
2026-04-10,142.6199951171875,143.55999755859375,141.9199981689453,142.5,9310100
2026-04-13,145.61000061035156,145.6699981689453,142.1300048828125,142.3300018310547,10407700
2026-04-14,147.94000244140625,147.94000244140625,146.0800018310547,146.89999389648438,10183300
2026-04-15,150.3000030517578,150.3699951171875,147.9600067138672,148.27000427246094,10622500
2026-04-16,152.02000427246094,152.17999267578125,149.75,150.99000549316406,11778000
2026-04-17,154.35000610351562,154.80999755859375,153.50999450683594,154.05999755859375,10630400
2026-04-20,154.55999755859375,154.75,153.0399932861328,154.3000030517578,8131600
2026-04-21,154.69000244140625,156.07000732421875,154.14999389648438,155.0,12657300
2026-04-22,158.08999633789062,158.16000366210938,155.52000427246094,156.22000122070312,13830400
2026-04-23,155.83999633789062,157.8000030517578,153.9499969482422,156.77000427246094,12151400
2026-04-24,160.22000122070312,160.39999389648438,157.60000610351562,158.42999267578125,11059800
2026-04-27,160.57000732421875,160.6199951171875,158.80999755859375,160.02000427246094,8963900
2026-04-28,157.85000610351562,158.63999938964844,156.16000366210938,157.11000061035156,9253000
2026-04-29,159.11000061035156,159.14999389648438,157.75,158.8300018310547,7506900
2026-04-30,159.5,159.8000030517578,156.8800048828125,159.64999389648438,9276400
2026-05-01,161.8699951171875,162.2899932861328,160.13999938964844,160.38999938964844,10161800
2026-05-04,162.0500030517578,163.24000549316406,160.8800048828125,162.7100067138672,10740000
2026-05-05,165.6300048828125,166.02000427246094,163.52000427246094,163.8699951171875,9813500
2026-05-06,170.02999877929688,170.0800018310547,166.83999633789062,167.8800048828125,11304700
2026-05-07,169.69000244140625,171.9499969482422,168.6999969482422,170.25999450683594,11031500
2026-05-08,175.52000427246094,175.60000610351562,171.3000030517578,171.58999633789062,11212000
