Price,Close,High,Low,Open,Volume
Ticker,XLP,XLP,XLP,XLP,XLP
Date,,,,,
2018-01-02,45.31456756591797,45.69926815551956,45.30655125055398,45.64316617728569,20146800
2018-01-03,45.29853820800781,45.45883088543646,45.25846580298278,45.38669933346,17950400
2018-01-04,45.426761627197266,45.6431562349606,45.30654138155279,45.41874531357945,15455100
2018-01-05,45.62713623046875,45.6591953770053,45.39471200407148,45.498902701651026,15555100
2018-01-08,45.73933792114258,45.779410323664756,45.53897285120334,45.56301568125098,12891000
2018-01-09,45.67522430419922,45.89963221212386,45.66720798901422,45.79544151601809,8357600
2018-01-10,45.4508171081543,45.5710373872714,45.146264367094034,45.56302107142162,9663500
2018-01-11,45.38669204711914,45.53896838469935,45.30654419260742,45.53896838469935,11500800
2018-01-12,45.40272903442383,45.61912063363231,45.30655159329946,45.45883101308211,7308900
2018-01-16,45.611114501953125,45.77140720487648,45.46685137505501,45.49089421042836,13806700
2018-01-17,46.13205337524414,46.3003592950237,45.72330693311862,45.7633793344002,12549700
2018-01-18,45.99580001831055,46.20418138073564,45.91565522188736,46.12403352698445,12423300
2018-01-19,46.50874710083008,46.55683582657188,46.11603320792312,46.16411887633604,9962800
2018-01-22,46.861385345458984,46.861385345458984,46.46065519010484,46.48469802108098,7871600
2018-01-23,46.7091064453125,46.837339974148136,46.492711792153266,46.644991209558924,10908900
2018-01-24,46.80529022216797,46.861392207546494,46.58087922332496,46.829333056664794,16603500
2018-01-25,46.82931900024414,47.077772759007395,46.58888155545957,46.885420968782945,12144600
2018-01-26,47.053741455078125,47.06977103067463,46.67705712921163,46.7411723742687,6342700
2018-01-29,46.8693962097168,47.24608351485734,46.8373370651669,47.133879566261,10760800
2018-01-30,46.55683517456055,46.94955211929652,46.43661489055413,46.54882191571357,10898100
2018-01-31,46.340423583984375,46.71711081621074,46.15608812449616,46.59689057608344,13757000
2018-02-01,46.140071868896484,46.40455525056132,46.027867909643014,46.164114700928344,14094500
2018-02-02,45.25846481323242,46.03587923716815,45.22640566698208,45.915662024722074,15569100
2018-02-05,43.6154670715332,45.33860790047262,43.59142424142235,45.066111282345645,39487500
2018-02-06,44.09635543823242,44.18451657912897,42.669756779591026,42.90217799238393,38881700
2018-02-07,43.90400314331055,44.7214931816776,43.85591747226657,44.00018060005658,17526900
2018-02-08,42.95826721191406,44.096342331155306,42.94224069772297,44.00818121646353,32928400
2018-02-09,43.04642868041992,43.35899768429395,42.20489604137564,43.286866140528545,34912000
2018-02-12,43.48723602294922,43.69561742019372,43.19069655783968,43.29488725646193,21013600
2018-02-13,43.68759536743164,43.79980236669663,43.318924398973884,43.32694071329973,11994500
2018-02-14,43.663551330566406,43.80781441115742,43.23076208879335,43.45517302378384,20370500
2018-02-15,44.38487243652344,44.38487243652344,43.6395141101416,43.82384961295356,14788900
2018-02-16,44.561187744140625,44.753539545337986,44.16045762753027,44.400898143359015,11591600
2018-02-20,43.55134582519531,44.08030941589291,43.503257114285375,44.08030941589291,16069800
2018-02-21,43.030399322509766,43.743701506545534,43.014369750779146,43.61546493270056,15207400
2018-02-22,43.14259719848633,43.463179393300045,43.06244935678723,43.11855131731283,10239200
2018-02-23,43.559356689453125,43.5673730028285,43.07848183607456,43.230758159601294,10321100
2018-02-26,43.83185958862305,43.86391873210151,43.51127732582295,43.631494527874914,10100400
2018-02-27,43.25481033325195,43.960093146471074,43.246794018710716,43.85590551606056,9832600
2018-02-28,42.80599594116211,43.53532471641145,42.80599594116211,43.511281884947486,13726400
2018-03-01,42.70982360839844,43.110553791121646,42.33313625829345,42.70180729263992,27808600
2018-03-02,43.07048416137695,43.142615721211115,42.45335927331332,42.54953366731591,25965400
2018-03-05,43.44716262817383,43.495251347364295,42.838054138403535,42.838054138403535,18859700
2018-03-06,43.47922134399414,43.519293747592044,43.134593169861,43.46319177108929,20784300
2018-03-07,43.086509704589844,43.25481871194806,42.85408851245202,43.07048318705934,12592900
2018-03-08,43.47922134399414,43.49525091689898,43.03841878976034,43.11055033916794,10725100
2018-03-09,43.75973129272461,43.76774760785337,43.43914900612784,43.599441678090436,11486800
2018-03-12,43.679588317871094,44.00818693338212,43.599443507191744,43.77576270215203,10915700
2018-03-13,43.64752197265625,43.89597573651485,43.57539043200879,43.81582788172431,12406100
2018-03-14,43.206722259521484,43.75972873527827,43.11856114222803,43.75171547794625,13519000
2018-03-15,42.90217208862305,43.34297773244659,42.78195486903097,43.15062590083917,9280100
2018-03-16,42.9174919128418,43.16734132938991,42.877194413270075,42.90137229811268,9629100
2018-03-19,42.49837875366211,42.9658382209097,42.34524707016785,42.88524017078016,10714700
2018-03-20,42.37749099731445,42.732113233770484,42.24047583412585,42.56286192145067,9888200
2018-03-21,41.853614807128906,42.31301298789449,41.76495847847211,42.1437616738233,17028500
2018-03-22,41.507049560546875,42.063162321624915,41.47481033757094,41.73271797237538,15584100
2018-03-23,40.991241455078125,41.821381607534214,40.95094395656608,41.65213026908236,15936400
2018-03-26,41.57958221435547,41.6198797018892,41.16854292230946,41.29749672711813,12374700
2018-03-27,41.55540466308594,41.990621836169865,41.37003375937401,41.65211924882667,17326800
2018-03-28,42.12764358520508,42.33719239956089,41.67630365685952,41.69242326942562,32397500
2018-03-29,42.417781829833984,42.67568942940063,42.296886297442896,42.296886297442896,13272800
2018-04-02,41.37809371948242,42.369426718748294,41.19272280818894,42.2888317397516,28604800
2018-04-03,41.92613983154297,42.030915742963316,41.43450256391758,41.56345634931926,24860600
2018-04-04,42.57898712158203,42.73211884218335,41.611831807174056,41.66018757446816,28012500
2018-04-05,42.683753967285156,42.85300527789581,42.425846329830385,42.65151474397793,18235800
2018-04-06,42.2485466003418,42.90137723676291,42.03899773374505,42.55481316644704,13113400
2018-04-09,42.22435760498047,42.65151657134717,42.103465124151136,42.377492385,14686700
2018-04-10,42.32107925415039,42.5386894452935,42.0954107927437,42.46615271491247,13041900
2018-04-11,42.240478515625,42.45808867720828,42.15182218225754,42.20018102077664,9025200
2018-04-12,42.176002502441406,42.54674436865564,42.15182154629579,42.4177905423854,9843700
2018-04-13,42.38555145263672,42.46614644137502,42.1760026372161,42.3533122273407,8836700
2018-04-16,42.844932556152344,43.08672050038955,42.441951624256816,42.49836870876215,7804700
2018-04-17,42.9416618347168,43.04643777377567,42.70793515074149,42.95778144645674,8131300
2018-04-18,42.61927032470703,43.00613170581696,42.53867228207936,42.90941712916472,14496600
2018-04-19,41.38616180419922,42.071231586172146,41.16855469439243,42.03899235712592,23643100
2018-04-20,40.69302749633789,41.426452879213194,40.57213195238535,41.289437724433554,19102700
2018-04-23,40.644676208496094,40.76557177488979,40.4593052613272,40.72527120309058,12344900
2018-04-24,40.38676452636719,40.76556772725402,40.104675924291286,40.717208890597725,18771500
2018-04-25,40.459312438964844,40.62856380234029,40.20946299219454,40.37065608448175,19012500
2018-04-26,40.70109176635742,40.86228482389683,40.419006221539846,40.547960052671,11009900
2018-04-27,40.9186897277832,41.05570178739804,40.57212583352093,40.612423317260536,11096100
2018-04-30,40.660789489746094,41.17660475362172,40.58825277610724,40.99123383532276,13892700
2018-05-01,40.3061637878418,40.53183526941209,40.02407827900575,40.50765431543939,10927100
2018-05-02,39.516326904296875,40.233632792561,39.42767056763467,40.19333529621506,18818900
2018-05-03,39.47602462768555,39.70169303949747,39.29871197583245,39.61303978807245,16634400
2018-05-04,40.04825973510742,40.249750280699736,39.40349060411237,39.44378809833049,13132400
2018-05-07,39.79840850830078,40.209447817735544,39.709752187275285,40.13691110730572,9665300
2018-05-08,39.6372184753418,39.75005268354585,39.45990581987738,39.709755191258914,8290800
2018-05-09,39.69364547729492,39.79036009780026,39.48409662044963,39.56469162512035,9228200
2018-05-10,39.92737579345703,40.128866382150896,39.82259982647555,39.87901694534964,10242700
2018-05-11,39.92737579345703,40.201403117060785,39.80648021043976,39.99991252836692,10065200
2018-05-14,39.91126251220703,40.056336005053126,39.846784037829714,39.98379925863008,6708100
2018-05-15,39.75810623168945,39.862879076193295,39.54049612660296,39.7178056728023,22686900
2018-05-16,40.04019546508789,40.13691005161673,39.82258533952204,39.87900243787231,12151300
2018-05-17,40.177215576171875,40.27393325654777,40.04020347405885,40.16109903727778,19572900
2018-05-18,39.92737579345703,40.14498599818669,39.77424097836816,40.080507534043505,15664700
2018-05-21,40.09661102294922,40.23362309239271,39.97571548855695,40.08049141339684,7928400
2018-05-22,40.02409362792969,40.37065771426225,39.95155688719723,40.16916710939461,9383800
2018-05-23,40.169158935546875,40.209456433419916,39.87901203165777,39.93542914358043,18136200
2018-05-24,40.13690948486328,40.24168541224911,39.93541897231427,40.169148704751414,9843800
2018-05-25,40.20138931274414,40.459296931752014,40.08855511374086,40.1449722132425,12913500
2018-05-29,40.11273193359375,40.29004456992006,39.93541929726744,40.05631483558106,14959300
2018-05-30,40.67691421508789,40.74945093784629,40.13691792910824,40.265871761289645,17628100
2018-05-31,40.02409362792969,40.64468505986236,39.87096187505122,40.60438755378936,18603000
2018-06-01,40.02409362792969,40.20946461546761,39.91931765253777,40.13692787473515,10944600
2018-06-04,40.354522705078125,40.40288153862249,40.104673343517796,40.104673343517796,11665200
2018-06-05,40.169158935546875,40.41094699728712,40.04020509765194,40.3867691134637,8980900
2018-06-06,40.21751022338867,40.21751022338867,39.93542164225984,40.185271001345136,12071000
2018-06-07,40.46735763549805,40.676909510118286,40.05631830374529,40.112735406642706,16618500
2018-06-08,40.96706008911133,40.99123797126329,40.483480924559565,40.483480924559565,17081500
2018-06-11,41.30556106567383,41.386156052586664,40.99929458130202,40.99929458130202,13199600
2018-06-12,41.38616180419922,41.410342763234944,41.11213450631047,41.32974469061937,11362200
2018-06-13,41.257205963134766,41.4425769094141,41.12825212770123,41.37810152894831,15696000
2018-06-14,41.32973861694336,41.36197784125182,41.152429032250105,41.305560735962835,9751300
2018-06-15,41.86091613769531,41.88528122038978,41.21115477995497,41.292373787807556,17217800
2018-06-18,41.251766204833984,41.73908647125543,41.06495999942887,41.722842049267165,21627300
2018-06-19,41.47105407714844,41.54415241429177,41.0730735530778,41.09743863269019,12639200
2018-06-20,41.51166534423828,41.601008104364396,41.33297982398606,41.59288434527677,9562500
2018-06-21,41.59288787841797,41.730963909879925,41.479180027982565,41.56852279569797,13272700
2018-06-22,41.934017181396484,42.00711553248832,41.68223328356755,41.69035704385928,9938300
2018-06-25,42.14518737792969,42.210165065346075,41.82842889754145,41.836549559315166,22124200
2018-06-26,41.96650695800781,42.23453530385427,41.771580068580434,42.15331628297737,14047300
2018-06-27,41.87715530395508,42.267012069677946,41.70659045157757,41.909641044035695,19862400
2018-06-28,41.87715530395508,41.974618720809254,41.71471421032734,41.779688788794736,13177400
2018-06-29,41.85279846191406,42.080217293912135,41.66599223805253,41.90153173269372,13018300
2018-07-02,41.60913848876953,41.85279864713214,41.34111324406277,41.66599242244391,13255500
2018-07-03,41.706600189208984,41.92589525206138,41.64162559557136,41.7715778811535,7736300
2018-07-05,42.28327178955078,42.30763687800457,41.80407209401353,41.885291121064334,11699800
2018-07-06,42.4132194519043,42.583781249036285,42.23453389397158,42.33199733543173,12335100
2018-07-09,42.25077819824219,42.51068277360836,42.20204492849593,42.44570508061335,15117900
2018-07-10,42.75434112548828,42.778706210182015,42.26702084177281,42.35636361672557,15280300
2018-07-11,42.616268157958984,42.74622044009951,42.470071453262534,42.705610932863124,11484600
2018-07-12,42.559417724609375,42.81119854914398,42.42134167069393,42.738100190790405,11002300
2018-07-13,42.83555603027344,42.884286191460966,42.56752775051691,42.583772170348176,14053500
2018-07-16,42.632503509521484,42.82743034210396,42.510671915427835,42.80306526260768,10347400
2018-07-17,42.99799346923828,43.0467267280943,42.60813669330889,42.60813669330889,14759300
2018-07-18,42.64876174926758,42.989888489072605,42.61627599648735,42.9492789743668,10474200
2018-07-19,42.67313003540039,42.85993628212493,42.29139378000695,42.37261280960635,15092800
2018-07-20,42.93302536010742,42.95739044405471,42.51880034316325,42.591898693311826,17895700
2018-07-23,42.665000915527344,42.95739434265784,42.53504862550345,42.8518071387925,13337200
2018-07-24,42.74622344970703,42.82744246989815,42.49443952982332,42.56753788731814,15987700
2018-07-25,43.071102142333984,43.10359098936631,42.71373411989933,42.80307690008474,15258400
2018-07-26,43.298526763916016,43.66401549783503,43.18481578409538,43.2416728231594,15129400
2018-07-27,43.35537338256836,43.56654468424236,43.201052913742295,43.274151267842306,13414400
2018-07-30,43.30664825439453,43.41223547423295,43.04674363502876,43.241673648706815,12143900
2018-07-31,43.50969314575195,43.664010524757295,43.19293462666849,43.444718548704934,17898400
2018-08-01,43.144195556640625,43.452833371477915,43.07109720834513,43.37973502318241,14917600
2018-08-02,43.582786560058594,43.63964048789065,43.04673302742295,43.07109811126335,15902900
2018-08-03,44.09447479248047,44.305646080776654,43.65588469566529,43.68837353949753,20418500
2018-08-06,44.135093688964844,44.273166657170314,44.037630235037014,44.11884926359232,13412100
2018-08-07,43.8670539855957,44.151326708717704,43.71273663188253,44.09447278375461,13766100
2018-08-08,43.534061431884766,43.87518816095058,43.517820105159636,43.84269931088578,12591800
2018-08-09,43.404090881347656,43.61526521967654,43.34723696679126,43.54216688691746,8047000
2018-08-10,43.241661071777344,43.42034350917898,43.152318303923245,43.27414681601892,13459200
2018-08-13,43.241661071777344,43.40409908790491,43.04673111479509,43.31475941835737,8696600
2018-08-14,43.54219055175781,43.582800070182486,43.27416215320119,43.29853034290212,8882500
2018-08-15,43.72085952758789,43.75334527099156,43.168561611741346,43.412221727954474,15592600
2018-08-16,44.346256256103516,44.47620853508825,44.10259612029549,44.16757380894121,15526100
2018-08-17,44.68739318847656,44.7361264661537,44.216314132519926,44.30565692577428,13037600
2018-08-20,44.663021087646484,44.92292566451016,44.61428781761944,44.74424010605128,10189600
2018-08-21,44.346256256103516,44.711748008968925,44.17569447086857,44.64677341862992,13806200
2018-08-22,44.07011032104492,44.3949925901082,44.01325638870489,44.30564981120045,13573900
2018-08-23,43.96452331542969,44.070107412345635,43.834571036042824,43.94015513295877,10714300
2018-08-24,43.90766525268555,44.02949376034235,43.77771298553443,43.940150995743494,9570500
2018-08-27,43.932029724121094,44.118835911911,43.76146795678766,43.98076298549053,10631600
2018-08-28,43.78584289550781,44.053871245919396,43.72086829736104,43.92391895131875,12621500
2018-08-29,43.83456802368164,43.915787030851945,43.73710149710946,43.850812444777006,8681000
2018-08-30,43.69649124145508,43.91578627500839,43.60714847612153,43.769589585972845,11092500
2018-08-31,43.68025588989258,43.83457637053052,43.50157342043243,43.696500314081156,10472900
2018-09-04,43.62339401245117,43.81020020914983,43.5015655006772,43.62339401245117,9571100
2018-09-05,44.1269645690918,44.1269645690918,43.44471432572644,43.493444494198194,14723800
2018-09-06,44.2487907409668,44.273155823909995,43.96452111227424,44.11071780654658,12333800
2018-09-07,44.15945053100586,44.19193937568356,43.850815801488,44.11072036229607,9247300
2018-09-10,44.31377029418945,44.57367485089265,44.26503702794258,44.26503702794258,8361600
2018-09-11,44.15132141113281,44.30563874632991,44.05385799407707,44.25690858695513,8121600
2018-09-12,44.663021087646484,44.76048452939362,44.12696751057679,44.15133259643684,15220000
2018-09-13,44.598045349121094,44.6955087951403,44.346261423738795,44.679264371085914,9746500
2018-09-14,44.47620391845703,44.565546681917766,44.24878822841619,44.55742602083333,8925200
2018-09-17,44.638648986816406,44.65489340873344,44.34625558892308,44.443722120425306,10279600
2018-09-18,44.451839447021484,44.61428055569727,44.27315391764747,44.59803613499905,15638500
2018-09-19,44.37062454223633,44.59804025641462,44.30564685343868,44.41123404858149,7791600
2018-09-20,44.93104934692383,44.93917310829449,44.49245918212284,44.49245918212284,11817800
2018-09-21,45.00303268432617,45.07664736580216,44.91305883805644,45.00303268432617,10307900
2018-09-24,44.315948486328125,44.94576207858542,44.28323016772475,44.84761024296589,10648700
2018-09-25,44.05421829223633,44.544980703198114,44.02968110774563,44.44682884504402,8348300
2018-09-26,44.10329818725586,44.438656391668616,44.04604266947605,44.185094012792526,10369900
2018-09-27,44.0460319519043,44.33231259133536,43.833369097638915,43.95606124599379,8892800
2018-09-28,44.111473083496094,44.16872859316823,43.95606571727047,43.996962064151816,9249700
2018-10-01,44.07875442504883,44.242342931530125,44.02968005723831,44.17690628086111,8725500
2018-10-02,44.33232498168945,44.43047685569106,43.94789238824475,44.054225405191715,9592400
2018-10-03,43.85790252685547,44.47953811572112,43.80064702790609,44.430460636539934,15192700
2018-10-04,43.751583099365234,43.817016633682265,43.4244060672058,43.73522393573812,19964000
2018-10-05,43.710662841796875,43.88243241809377,43.645229338599435,43.661588494446285,13903100
2018-10-08,44.315948486328125,44.373203983788734,43.669775734769146,43.669775734769146,14908300
2018-10-09,44.21780776977539,44.43047065379262,44.11147476767108,44.332318793491694,13477200
2018-10-10,43.68614196777344,44.405929492643416,43.61252729909138,44.07057447313429,26121600
2018-10-11,42.606468200683594,43.7924810863848,42.467416864747655,43.56345590722999,44523200
2018-10-12,42.843658447265625,42.99088776070772,42.46740402391883,42.7864029498371,26263000
2018-10-15,43.105411529541016,43.41622940782635,42.72097897271946,42.72097897271946,15892000
2018-10-16,43.587989807128906,43.653423334276056,43.056327968174564,43.21173844550732,15468600
2018-10-17,43.79246520996094,43.8906170396198,43.39167363188578,43.54708407571858,15837800
2018-10-18,43.7352180480957,44.23416155088484,43.59616673608006,43.84154791707066,19370300
2018-10-19,44.73310852050781,44.86397871098639,44.234168064439864,44.234168064439864,28312300
2018-10-22,44.39774703979492,44.87215336177159,44.275058009077206,44.81489785673178,16645700
2018-10-23,44.594058990478516,44.7085700137396,43.88245254579079,44.1360117772428,30466600
2018-10-24,44.78218078613281,45.411994479374414,44.49590325292804,44.62677342813466,36761900
2018-10-25,44.88851547241211,45.05210397764117,44.29142008048859,44.67584947955697,30018200
2018-10-26,44.0296745300293,44.700384514233775,43.83336772285662,44.577692369726996,39310600
2018-10-29,44.53679275512695,44.84761054356111,44.12782313041539,44.33230794277117,31687500
2018-10-30,45.42017364501953,45.461073110957706,44.724926406747024,44.83943742291509,33148100
2018-10-31,44.99484634399414,45.41199719756572,44.634954120681904,45.41199719756572,30135100
2018-11-01,45.3138427734375,45.45289096995717,44.86397361954186,45.09299876703176,22589800
2018-11-02,45.07664108276367,45.371099767624315,44.68403054301322,45.31384425892266,28704100
2018-11-05,45.641014099121094,45.7637062469909,45.08481510377556,45.150251748023706,19972200
2018-11-06,45.91911697387695,45.93547613614211,45.477428953291174,45.63283943471459,15626500
2018-11-07,46.18085479736328,46.19721395873137,45.69827045767319,46.10724013130239,15067100
2018-11-08,46.20539855957031,46.27901323114379,45.94365507827143,45.95183621966361,12890200
2018-11-09,46.47531509399414,46.622544431287174,46.18903756047496,46.18903756047496,18510900
2018-11-12,46.22993087768555,46.606182217153616,46.13995705298864,46.344441883594016,15950700
2018-11-13,46.12360382080078,46.426240535343915,45.902759800937,46.25447400440251,23146500
2018-11-14,45.81278991699219,46.205403621859865,45.59194899826752,46.205403621859865,17577600
2018-11-15,45.73918533325195,45.73918533325195,45.30567830202104,45.657392613462356,25604700
2018-11-16,45.85368728637695,46.03363184598613,45.55104743940477,45.71463595556973,15212800
2018-11-19,45.78007888793945,46.12361201082233,45.59195316061904,45.870052740177876,16727200
2018-11-20,45.019386291503906,45.87004403461515,44.89669413079297,45.6410188759675,33023200
2018-11-21,44.659488677978516,45.10117668982932,44.56133682651982,44.994843697304255,16604400
2018-11-23,44.81489562988281,45.011199317353245,44.51225583806371,44.618588822221525,8700800
2018-11-26,44.87214660644531,45.10116859212616,44.65130264017141,44.88032462585225,13125400
2018-11-27,45.272945404052734,45.2893045667872,44.77400498151205,44.79854216551813,15954400
2018-11-28,45.649200439453125,45.657378460820205,45.060283054902456,45.19933125948176,21973700
2018-11-29,45.722808837890625,45.86185702338807,45.51832400967142,45.57557951195753,13285000
2018-11-30,46.01726531982422,46.13177944695202,45.6001176345269,45.714628641463776,16551900
2018-12-03,46.058170318603516,46.180859360701135,45.58376395262375,46.180859360701135,20855900
2018-12-04,45.28112030029297,46.31172244889272,45.256583119671085,46.139955944157904,27634900
2018-12-06,45.330204010009766,45.34656317386172,44.37321632610638,45.133900284169236,32514000
2018-12-07,44.757652282714844,45.452899638286105,44.56134542174166,45.289311107507075,23139500
2018-12-10,44.757652282714844,45.01121154124023,44.070582949596265,45.01121154124023,44469000
2018-12-11,45.1257209777832,45.45289802774837,44.88033975040513,45.06846546206803,25677400
2018-12-12,45.06846237182617,45.54286874972754,45.043925186828304,45.40381742095972,18735200
2018-12-13,45.346561431884766,45.49379078070512,45.068461897467586,45.12571740865424,16987800
2018-12-14,44.577693939208984,45.11753377770186,44.47136095157208,45.06027827363375,20262700
2018-12-17,43.54709243774414,44.5776946475371,43.285348974742504,44.4713616582106,27324100
2018-12-18,43.031803131103516,43.75159085737175,42.78642187356879,43.661617001564224,27349700
2018-12-19,42.61465072631836,43.57981967708124,42.418346975087324,43.236286552330995,46289600
2018-12-20,41.85395431518555,42.44287163542253,41.45316578795056,42.42651247428361,43415000
2018-12-21,41.41978454589844,42.7817356675938,41.41978454589844,41.86551434740709,38484500
2018-12-24,40.22291946411133,41.45280286401604,40.18990174158185,41.31247911763743,23086800
2018-12-26,41.345497131347656,41.345497131347656,39.89275196599616,40.30546405429121,26670600
2018-12-27,41.741703033447266,41.77472075832535,40.47880496992437,41.08961713645113,35926900
2018-12-28,41.741703033447266,42.2204505979488,41.57661755780041,42.047109116710644,24436600
2018-12-31,41.915035247802734,41.94805296786137,41.527088057714515,41.84900295642854,14959600
2019-01-02,41.66742706298828,41.79949485285732,41.22995309943668,41.46932695255696,20459000
2019-01-03,41.42803955078125,42.02234598361758,41.362007251990235,41.59312502087395,22074800
2019-01-04,42.31123733520508,42.31123733520508,41.60962812040353,41.700425273817544,19003300
2019-01-07,42.25346374511719,42.53410809960269,41.87376936809075,42.20394030821844,15143300
2019-01-08,42.64141082763672,42.748716847185825,42.29473420119942,42.50109023562444,28273800
2019-01-09,42.245208740234375,42.67442968107564,42.146158722730476,42.63315910284429,15684500
2019-01-10,42.492835998535156,42.56712429996808,42.04710618993762,42.16266821896698,32431700
2019-01-11,42.61665344238281,42.64141516143261,42.385532519191784,42.583635717820734,11732400
2019-01-14,42.41029357910156,42.60014075517246,42.344258135906514,42.509343595150895,7811500
2019-01-15,42.83126449584961,42.872535079243725,42.37728178102701,42.40204350131474,11447700
2019-01-16,42.600135803222656,42.81474467117339,42.443303218236665,42.81474467117339,13484700
2019-01-17,42.78173828125,42.87253229933238,42.48458506209031,42.534108499454604,10196400
2019-01-18,43.29349899291992,43.42556673614287,42.979836921986646,43.02936350647402,11957600
2019-01-22,42.89729690551758,43.26048242186573,42.55061710236136,43.17794126093225,20877700
2019-01-23,43.40906524658203,43.53288015445561,43.02111480740579,43.227470888032485,23804700
2019-01-24,42.87253189086914,43.18619396907638,42.58363467985158,43.17794111250878,17727200
2019-01-25,42.699188232421875,43.17793572089098,42.641408797433265,43.0045942671821,12920300
2019-01-28,42.88078308105469,42.89729194107953,42.468071026662905,42.60839161375943,10996700
2019-01-29,42.97984313964844,43.07064031663873,42.78999592809773,42.963334275764396,11500400
2019-01-30,43.268741607666016,43.3677947937675,42.92206490254256,43.02111493990013,13934600
2019-01-31,44.069393157958984,44.18495203068464,43.17793674783026,43.27698676034609,17886500
2019-02-01,43.929080963134766,44.20146933678628,43.747486614871264,44.20146933678628,14423400
2019-02-04,44.20972442626953,44.20972442626953,43.83828288013311,43.920824046499575,13367500
2019-02-05,44.217979431152344,44.33353832917576,44.09416452684508,44.242741152516274,11296100
2019-02-06,44.226226806640625,44.30051195623558,44.09415592182328,44.09415592182328,19006100
2019-02-07,44.19320297241211,44.22622068904927,43.88779381663252,44.03637039275698,14519000
2019-02-08,44.399566650390625,44.399566650390625,43.93732798382523,44.102413446794536,11100100
2019-02-11,44.515140533447266,44.556411125913804,44.31703728136574,44.44085220750974,6876200
2019-02-12,44.8618049621582,44.99387271101002,44.53989002112835,44.605925469926014,11694100
2019-02-13,44.944339752197266,45.08466032805169,44.84528974872691,44.944339752197266,10809600
2019-02-14,44.44083023071289,44.6389333848288,44.20145650453948,44.47384794785601,11388500
2019-02-15,44.8618049621582,44.94434927315528,44.440839996675365,44.65544890778076,12635400
2019-02-19,45.092926025390625,45.26626435591195,44.87006110811599,44.9691111328791,19831700
2019-02-20,45.0103874206543,45.17547291535174,44.87006679684501,45.05166115588659,14478600
2019-02-21,45.142459869384766,45.241513065724575,44.804035987084355,44.93610376679319,11711800
2019-02-22,44.92783737182617,44.92783737182617,44.60592245257216,44.721481331407624,24758700
2019-02-25,44.68021011352539,45.15070162704566,44.622430674934705,45.01863388901792,15162600
2019-02-26,44.70497131347656,44.89481848789968,44.60592129828694,44.70497131347656,15114400
2019-02-27,44.638946533203125,44.704978838196325,44.45735218417026,44.60592880633465,10811600
2019-02-28,44.85354995727539,45.02688827895237,44.63894105644818,44.74624393249011,8469400
2019-03-01,44.77101135253906,45.00212912795709,44.44909325982226,44.98562026560673,10812200
2019-03-04,44.69671630859375,44.93608690473163,44.3500365489829,44.853545754165886,10113600
2019-03-05,44.6637077331543,44.812284353586115,44.58116341694567,44.688469453645034,10132400
2019-03-06,44.59767150878906,44.77926585256333,44.40782430790854,44.65545095476385,12001100
2019-03-07,44.308780670166016,44.59767794171147,44.21798348518199,44.52338962206491,14336100
2019-03-08,44.333534240722656,44.548146301897816,44.11892532829103,44.35004310302409,11909300
2019-03-11,44.91133499145508,44.9443527183849,44.40782567637843,44.40782567637843,10519200
2019-03-12,44.92783737182617,45.08466682899669,44.820531349160404,44.919581366913185,10841800
2019-03-13,45.1837158203125,45.35705412254845,44.92783322029062,44.960850939405,11135300
2019-03-14,45.142459869384766,45.2745276490936,45.06817154650203,45.20023932621086,8449600
2019-03-15,45.398067474365234,45.52255753137156,45.20718018749352,45.29847479556133,21846900
2019-03-18,45.464454650878906,45.55574924511661,45.34826268221045,45.406358666544676,8103700
2019-03-19,45.431270599365234,45.66365459497502,45.265280674217756,45.56406190628432,13359400
2019-03-20,45.24038314819336,45.49766770765025,45.09099568818014,45.406373084423784,19832700
2019-03-21,45.77155303955078,45.83794711656716,45.15739120567656,45.15739120567656,12699200
2019-03-22,45.71343994140625,46.01221792525089,45.6470427232228,45.70513870613651,21007300
2019-03-25,45.804744720458984,45.920939886153334,45.52256279290466,45.63045672090928,12538000
2019-03-26,46.1948127746582,46.360802674480425,45.92923020134025,45.9624288145035,12808700
2019-03-27,46.037132263183594,46.32761226481394,45.80474509588475,46.194820954640846,12740400
2019-03-28,46.2612190246582,46.385709099312294,46.128427712097064,46.14502385592191,11920900
2019-03-29,46.568302154541016,46.61809692208221,46.21972295177826,46.344216202621006,13888800
2019-04-01,46.41061019897461,46.66789477279539,46.33591804779538,46.659596700218216,13799400
2019-04-02,46.02882766723633,46.26951288873836,46.02882766723633,46.26951288873836,13964800
2019-04-03,45.804744720458984,46.04542995754832,45.68855272075918,45.94583726723342,18616500
2019-04-04,45.979042053222656,46.05373737247643,45.79645279149233,45.83794948752332,10671300
2019-04-05,46.13672637939453,46.153325689428215,45.920941680946015,46.04543175720662,9045200
2019-04-08,46.327606201171875,46.335907437843126,46.053725544909675,46.11182153763178,6136900
2019-04-09,46.269527435302734,46.29442482259784,46.07033883895586,46.21972949471718,12062300
2019-04-10,46.40230178833008,46.46039778141162,46.26951049471595,46.31100718034646,7060800
2019-04-11,46.493614196777344,46.58490883971387,46.32762422471051,46.47701488297112,6444900
2019-04-12,46.64299011230469,46.67618872942384,46.38570557862282,46.52679811838203,7635700
2019-04-15,46.916873931884766,46.958373789061305,46.61809268978342,46.62639392761657,6505000
2019-04-16,46.9251708984375,47.08285957697339,46.74258167466329,46.99986620216383,9345100
2019-04-17,47.15756607055664,47.23226139200717,46.94178134525238,47.174165382656206,12720200
2019-04-18,47.19905090332031,47.43143804830374,46.991564303224486,47.34844150866885,10622200
2019-04-22,47.215660095214844,47.472944672950696,47.09946808139702,47.19076271110958,12432100
2019-04-23,47.066261291503906,47.24885051924555,46.974966677633084,47.19075452241764,20408400
2019-04-24,47.165863037109375,47.340151049374455,47.057969101233226,47.091167722425084,8221900
2019-04-25,46.86707305908203,46.95006643062656,46.70108314999879,46.9085697448543,9992100
2019-04-26,47.29035568237305,47.298656921118614,46.89198170444933,46.91687908869614,8405700
2019-04-29,47.34844970703125,47.37335025623037,47.199059075815796,47.26545631902036,7210800
2019-04-30,47.896209716796875,47.94600764443565,47.32354779592627,47.37334572356504,15965900
2019-05-01,47.30695343017578,47.9875093490496,47.30695343017578,47.95431072715458,11992700
2019-05-02,47.29035568237305,47.48124301558681,47.049670414670715,47.265458298126234,13925900
2019-05-03,47.6472282409668,47.755122171998316,47.439741616826375,47.51443692815671,13801300
2019-05-06,47.57252883911133,47.655522215233454,47.2405490026341,47.298648165112816,10100300
2019-05-07,47.09946823120117,47.44804427376333,46.850484891371785,47.35675280975534,20115500
2019-05-08,47.09116744995117,47.35675008595979,46.85878026894757,47.06626690120397,11940200
2019-05-09,46.99156951904297,47.124360831203674,46.6346922739871,46.8919768264211,23531600
2019-05-10,47.564231872558594,47.6306259417994,46.67618943025105,46.87537480396791,14029600
2019-05-13,47.11606216430664,47.232254165230586,46.94177416292072,47.074565473404455,13081800
2019-05-14,47.34014892578125,47.66382755289528,47.17415899326275,47.24885430459634,16497800
2019-05-15,47.713623046875,47.813215734904475,47.18245465673073,47.27374927325544,9681800
2019-05-16,48.087100982666016,48.36098485823581,47.829819583670506,47.96261090231184,12859800
2019-05-17,47.929405212402344,48.20328904757905,47.81321322147682,47.82151129254537,15458700
2019-05-20,47.81320571899414,48.08708634520129,47.780007107940605,47.82150378876062,9496800
2019-05-21,47.713623046875,48.004103039458656,47.63892773935428,47.98750373045467,8124100
2019-05-22,47.929405212402344,48.037299132259314,47.63062399802568,47.7302166808198,11102000
2019-05-23,47.912818908691406,47.92941822132817,47.647236238493534,47.74682894831894,17398000
2019-05-24,47.7385139465332,48.03729513605437,47.59742142215086,47.9957984521751,9530800
2019-05-28,46.958370208740234,47.86300877191444,46.925171591928056,47.746816779066165,14043000
2019-05-29,46.61809539794922,46.78408533831437,46.37741330871427,46.77578726599376,11455100
2019-05-30,46.81727981567383,46.916872504679816,46.60149512849511,46.709385889087216,9770200
2019-05-31,46.15332794189453,46.518503282473525,46.07863262609487,46.452109205093166,13450800
2019-06-03,46.73428726196289,46.825578715002024,46.21142009494829,46.2197181666811,17060600
2019-06-04,47.15756607055664,47.165867309603954,46.875384096854106,47.02477473975516,16546800
2019-06-05,47.697025299072266,47.788319918585195,47.19075743886024,47.373346677886104,15069700
2019-06-06,48.194984436035156,48.29457711185607,47.71361719790568,47.79661056675742,20769600
2019-06-07,48.65976333618164,48.85065064794627,48.3609820948128,48.3609820948128,18860800
2019-06-10,48.676368713378906,48.784259490437236,48.526978074072765,48.726163482484296,15341800
2019-06-11,48.834049224853516,48.958542458700855,48.70955599100618,48.817449915940905,18109700
2019-06-12,48.908748626708984,49.19093056985931,48.83405331334582,48.925347937011324,10921200
2019-06-13,49.01664733886719,49.16603798015626,48.734465368209484,49.024945411829904,11564400
2019-06-14,49.041534423828125,49.17432572530733,48.94194173921732,48.99173649852554,9726100
2019-06-17,48.900447845458984,49.107934477184784,48.676365069270496,49.05813971180723,8796600
2019-06-18,48.63486099243164,49.207526072568996,48.56846692235446,49.17432745453317,18120600
2019-06-19,48.834049224853516,48.933641912334714,48.36098000182474,48.6016652320659,13457200
2019-06-20,49.265625,49.3237210020193,48.933645131894316,49.041539063927864,13566200
2019-06-21,49.105892181396484,49.34840863354633,49.030627574832884,49.206243926773126,15416200
2019-06-24,49.231327056884766,49.423669215746905,49.147701140900956,49.18115278334416,17796300
2019-06-25,49.20623779296875,49.306589525836046,49.06406991379302,49.23968943396587,11861700
2019-06-26,48.5037841796875,48.980459044864084,48.48705835405191,48.980459044864084,11672600
2019-06-27,48.59576416015625,48.63757712017796,48.31979288178912,48.5706770221681,11524900
2019-06-28,48.56231689453125,48.888462478280395,48.46196514340643,48.8299236909472,12409300
2019-07-01,48.855010986328125,48.97209175149094,48.57068155559241,48.81319802240373,12628100
2019-07-02,49.28151321411133,49.28151321411133,48.83829003898625,48.87173849720577,11913500
2019-07-03,49.89200210571289,49.94217958895522,49.30661089505417,49.348423869360055,11995800
2019-07-05,49.674564361572266,49.70801282131001,49.23133797620438,49.59929974444375,11008200
2019-07-08,49.74146270751953,49.83345314631772,49.59929798583127,49.674562600291175,9257100
2019-07-09,49.448760986328125,49.72472906923113,49.26478013764325,49.641103150805804,12499500
2019-07-10,49.766544342041016,49.89198641563498,49.582566674927506,49.62437963608401,16804800
2019-07-11,49.89200210571289,49.933815080018775,49.624395242004695,49.86691495915445,12575300
2019-07-12,50.034156799316406,50.151234372425264,49.875263072847574,49.875263072847574,8732000
2019-07-15,50.15123748779297,50.23486341945849,49.983982434337115,50.11778583907684,7212600
2019-07-16,50.167964935302734,50.36866845384354,49.99234536892339,50.159600427790664,13579000
2019-07-17,50.10941696166992,50.243223544864854,49.992339391498895,50.16795893687997,9049900
2019-07-18,50.44392776489258,50.59445698302725,49.99234011048855,50.16795965839539,9444300
2019-07-19,50.12613296508789,50.64462380302465,50.092684515966084,50.569359209783755,7460400
2019-07-22,49.83344268798828,50.218126996662505,49.78326522550394,50.218126996662505,7135100
2019-07-23,50.19304656982422,50.377027433402205,50.034156035904324,50.28503700161321,10058100
2019-07-24,49.85854721069336,50.15960571033538,49.80000841244355,50.11779273874626,7975900
2019-07-25,49.92544174194336,50.00906767042267,49.64110911893918,49.75818669486007,9469200
2019-07-26,50.48574447631836,50.50247030070019,49.8669049248146,50.00906964687296,14727900
2019-07-29,50.57773971557617,50.68645598931369,50.45230080599451,50.48574926780789,6121300
2019-07-30,50.728267669677734,51.02932614922108,50.61119008099422,50.77844514630997,14123800
2019-07-31,49.699642181396484,50.644630376946466,49.214602919744955,50.56936577393586,16826700
2019-08-01,49.52403259277344,50.42720476196814,49.49058094462277,49.84181367983051,30148200
2019-08-02,49.53239440917969,49.83345286532172,49.340052215561116,49.44876847808458,24368700
2019-08-05,48.24452590942383,49.42366918884945,47.97691915027222,49.214601208879486,26364800
2019-08-06,48.67939376831055,48.90518759768389,48.22780610956386,48.41178697574761,20126400
2019-08-07,49.2480583190918,49.432039182731664,47.96019865386183,48.47032509204542,17550800
2019-08-08,49.883628845214844,49.933803126320456,48.98045350381756,49.21460865597625,24011300
2019-08-09,49.60765838623047,49.98398145157586,49.25642565199127,49.858539366419144,10590200
2019-08-12,49.27315139770508,49.63274866173135,49.10589952709979,49.47385810860635,11774000
2019-08-13,49.83344268798828,50.05923648398162,49.15606130000826,49.23969040414883,13199500
2019-08-14,49.04735565185547,49.791637245348014,49.01390400515084,49.39022705526635,17281300
2019-08-15,49.78327941894531,49.95889899264839,49.34005620606978,49.58257589203472,14431100
2019-08-16,50.35193634033203,50.55264302393086,50.000703631689724,50.000703631689724,18294300
2019-08-19,50.85369110107422,50.95404282738099,50.644623143696194,50.75333618464359,13180800
2019-08-20,50.3017578125,50.887145610783236,50.2599416639447,50.82860683095491,8959300
2019-08-21,50.43556594848633,50.67808240629995,50.310123871242574,50.63626944392688,8735900
2019-08-22,50.70317459106445,50.81188765918736,50.34357735927413,50.477380757838574,7127600
2019-08-23,49.85854721069336,50.77008402788714,49.57421453771204,50.56101597981632,25296100
2019-08-26,50.47738265991211,50.51919562539071,49.99234332801097,50.193050028482936,13629800
2019-08-27,50.335205078125,50.82024431683452,50.17631456378438,50.68644093893606,13389300
2019-08-28,50.82025146484375,50.82025146484375,50.226499091289185,50.318486334556745,12435500
2019-08-29,50.845340728759766,51.12967335742901,50.535920959071824,51.12131204046436,9657600
2019-08-30,50.77843475341797,51.13803195370382,50.61954103833274,51.01258988286015,8567000
2019-09-03,51.071128845214844,51.07949335136691,50.46901200724215,50.561002434168465,15551600
2019-09-04,51.53107833862305,51.53107833862305,51.07949389545771,51.28019738350354,12200500
2019-09-05,51.21329879760742,51.78196082395818,51.138034189834976,51.6648832541176,15719800
2019-09-06,51.38055419921875,51.4641833192631,51.221663656321596,51.34710574132575,13904200
2019-09-09,51.26346969604492,51.40563758585233,51.121304996361815,51.35546012060425,27082400
2019-09-10,50.94570541381836,51.03769587440192,50.669737222193234,51.03769587440192,31985000
2019-09-11,51.129676818847656,51.17148978675108,50.66136647412937,50.92897329686124,17422200
2019-09-12,51.3387336730957,51.58961461602955,51.23838193394702,51.43072409653377,18296200
2019-09-13,51.046043395996094,51.397276103018676,50.9373271432929,51.10458218049986,17830400
2019-09-16,50.55264663696289,50.85370508881573,50.44393037598831,50.803527616798675,16741200
2019-09-17,50.8286247253418,51.104596090367025,50.52756621445077,50.52756621445077,11681500
2019-09-18,50.912235260009766,50.970774039058604,50.47737347984396,50.87878361766066,10968900
2019-09-19,50.90387725830078,50.995867691452254,50.80352550855581,50.87042880180219,10664100
2019-09-20,50.742374420166016,51.12933473010196,50.742374420166016,51.01156448003438,13951100
2019-09-23,50.944252014160156,51.15455688065174,50.742357930369295,50.78441826186809,8767800
2019-09-24,51.15456008911133,51.491045971204,50.9694907681118,51.14614609688528,17305900
2019-09-25,51.18821334838867,51.44058180530946,51.03679355783549,51.37328269439772,17626600
2019-09-26,51.47422409057617,51.6256438691827,51.22185886256461,51.24709442266637,15527300
2019-09-27,51.41533279418945,51.61722687771662,51.1124932733975,51.600402103339555,14293900
2019-09-30,51.66770553588867,51.894835209646004,51.4489898550472,51.4489898550472,11078800
2019-10-01,51.533103942871094,51.83594346916966,51.322799072830165,51.6929376978607,16827400
2019-10-02,50.498409271240234,51.33121804943519,50.304929157093476,51.280743720484665,18668200
2019-10-03,50.85172653198242,51.02838188154062,50.29652171265797,50.75078107637748,20998100
2019-10-04,51.650875091552734,51.659285874025095,50.88536552666772,50.93583663949689,11938600
2019-10-07,51.23027420043945,51.60040966397535,51.17979986991262,51.53311055660624,9378900
2019-10-08,50.742374420166016,51.22186941486895,50.733963634732035,51.078863599500785,14924100
2019-10-09,51.12932586669922,51.25551008932505,50.885374623419665,50.994730860097434,8504600
2019-10-10,51.23027420043945,51.381693983021876,50.87696030474777,51.01996930340809,8648000
2019-10-11,51.1797981262207,51.49104846470338,51.07885267760431,51.423752568625105,18172100
2019-10-14,50.92742156982422,51.29755693840174,50.902182806536786,51.247082620824116,7569500
2019-10-15,50.70872497558594,51.08727450094754,50.63301507051362,51.05362494113792,12217700
2019-10-16,50.75918197631836,50.81806708137113,50.58252666116005,50.750771193738345,10397700
2019-10-17,50.994728088378906,51.13773708018175,50.85172230557397,50.92743219323479,13209800
2019-10-18,51.095680236816406,51.289160360951605,50.90219690368309,50.90219690368309,9301200
2019-10-21,51.263919830322266,51.28915859973279,51.03679015961563,51.104089266046344,9924100
2019-10-22,51.280738830566406,51.667699021961,51.25550327299648,51.63405268153365,12492500
2019-10-23,51.51628494262695,51.549931284670826,51.23868096002975,51.25550573555059,7499400
2019-10-24,51.69294738769531,51.77706806788103,51.41534336688558,51.61723749192886,9089300
2019-10-25,51.390106201171875,51.65088543600806,51.348045862391366,51.642471442853065,7518600
2019-10-28,51.289154052734375,51.57516881171247,51.171383835919464,51.390099494433194,11154200
2019-10-29,51.289154052734375,51.53310526942337,51.104084735455096,51.19661939409474,10072400
2019-10-30,51.524688720703125,51.61722336898805,51.188199674030194,51.33120864201527,7216400
2019-10-31,51.44899368286133,51.726597707773436,51.12091853269124,51.54152835783203,12628100
2019-11-01,51.440574645996094,51.634054749442136,51.33121521048388,51.54152008931625,10232000
2019-11-04,50.944252014160156,51.52469229043779,50.78441826186809,51.49945673333803,17081600
2019-11-05,51.11249923706055,51.22185867877242,50.717128224560355,50.876958786294644,17192200
2019-11-06,51.32279968261719,51.448983889740056,51.05360970248625,51.19661868449201,8284500
2019-11-07,51.146148681640625,51.390103124559964,51.053614016464465,51.38169234090666,9437800
2019-11-08,51.11249923706055,51.27233300779281,50.94425789165517,51.120913229729595,7574200
2019-11-11,51.03678512573242,51.22185444116503,50.95266445998907,51.13773377542168,5632200
2019-11-12,51.20502853393555,51.20502853393555,50.96948810786444,51.11249387826543,7085100
2019-11-13,51.59200668334961,51.69295215067322,51.21345716963789,51.280753078187445,9500900
2019-11-14,51.575164794921875,51.835940766417146,51.36485993584635,51.8191159926114,8442100
2019-11-15,51.59200668334961,51.70136293586746,51.40693731909087,51.65089180670493,7221400
2019-11-18,51.86117935180664,52.14719408751757,51.541515068600916,51.541515068600916,8615500
2019-11-19,51.79389572143555,52.02102542134566,51.68453626392362,51.93690473648937,8560900
2019-11-20,51.911659240722656,52.03784346066334,51.68452957022824,51.793889013576965,11935900
2019-11-21,51.650875091552734,51.945300613047934,51.53310167395715,51.81911641297999,7611100
2019-11-22,51.566749572753906,51.72658331559487,51.364858709898606,51.692933768786524,5517100
2019-11-25,51.625648498535156,51.76024351281053,51.37328324789361,51.667708838809034,10396500
2019-11-26,52.0462532043457,52.096727533112876,51.600407865061825,51.692942529969336,7354800
2019-11-27,52.17243576049805,52.2313208710191,51.9957804289349,52.13878620905806,5483300
2019-11-29,52.15561294555664,52.27338317102629,52.05466749643951,52.18926249826167,3008500
2019-12-02,52.273380279541016,52.29861583817491,51.810710186932155,52.054664617052424,17920100
2019-12-03,52.18926239013672,52.231322726431884,51.8359485054618,52.172437613819056,20537000
2019-12-04,52.534156799316406,52.567806348439824,52.07148673036118,52.13037183682834,17369100
2019-12-05,52.517337799072266,52.55939813560228,52.20608745795258,52.550987351895465,13445200
2019-12-06,52.71923065185547,52.92112476727916,52.593049637589,52.6266991916593,10746700
2019-12-09,52.76129150390625,52.89588650431426,52.677167623027536,52.685581615614375,6643000
2019-12-10,52.593040466308594,52.82017010317863,52.542566144004965,52.76128499832317,7194300
2019-12-11,52.66875076293945,52.794931756202864,52.5173310038253,52.71081109402726,6201700
2019-12-12,52.62670135498047,53.01366161570134,52.517341904255616,52.67717247916253,11843600
2019-12-13,52.811767578125,52.89589146689604,52.39957175464072,52.49210642778975,10158300
2019-12-16,52.996829986572266,53.12301419871085,52.89588454226009,52.963180435468935,10004600
2019-12-17,52.9127082824707,53.03047850003014,52.84540918158088,52.9295298486954,8005500
2019-12-18,52.82858657836914,53.18190045457146,52.744465907796055,53.00524191197136,5464100
2019-12-19,53.11459732055664,53.23236753402167,52.89588166826412,52.90429245108405,9068100
2019-12-20,53.515750885009766,53.73626134283151,53.24435588713959,53.278281070694256,15270600
2019-12-23,53.286773681640625,53.61753619328363,53.26981108677634,53.61753619328363,6006500
2019-12-24,53.3546257019043,53.42247608756227,53.26981595511629,53.34614602133928,1700100
2019-12-26,53.4055061340332,53.5072784632156,53.26132570201446,53.41398581343006,8638600
2019-12-27,53.642974853515625,53.65993744723698,53.46487247236736,53.51575701824746,10314100
2019-12-30,53.36309051513672,53.63448874687069,53.28676370546337,53.54967578842771,6238600
2019-12-31,53.41398239135742,53.44790757733941,53.14258737406915,53.252842610868704,4985400
2020-01-02,52.98993682861328,53.515764365026314,52.8457596151147,53.515764365026314,14460700
2020-01-03,52.905120849609375,53.13411101637515,52.659168088792356,52.7948656059183,26388900
2020-01-06,53.0153694152832,53.083219787082086,52.73549471982232,52.82878736340388,22541700
2020-01-07,52.608280181884766,52.905120724151594,52.565875314499216,52.854232942118536,15607600
2020-01-08,52.80335235595703,53.023862872866744,52.54891988168651,52.65069545962227,11451400
2020-01-09,53.176517486572266,53.18499716621145,52.83727206589074,52.96448990746734,6854500
2020-01-10,53.14259338378906,53.30373318250055,53.07474623943629,53.22740312305107,7410800
2020-01-13,53.49030685424805,53.49878976749927,53.134102144499956,53.15954441368668,9625700
2020-01-14,53.50727081298828,53.53271308282526,53.35461072339933,53.42246109000933,7512300
2020-01-15,53.88893127441406,53.99918328817492,53.43943059843859,53.464876108393085,12454300
2020-01-16,54.033103942871094,54.07550880885727,53.897406430544976,53.95677388998241,8048600
2020-01-17,54.12639617919922,54.24513109717466,53.95677348125551,54.02462385454654,14902700
2020-01-21,54.312992095947266,54.33843437326685,53.86349137316611,54.050076700935065,11300300
2020-01-22,54.35538101196289,54.48259883935265,54.3129793832113,54.32993874059844,8046500
2020-01-23,54.30450439453125,54.44868160034962,53.9737418773863,54.17728978385931,14563100
2020-01-24,53.931339263916016,54.41476515760781,53.76171654063803,54.34691477418288,11935100
2020-01-27,53.76171875,54.01615122773082,53.4394358860559,53.47336107916254,8748400
2020-01-28,53.829559326171875,53.99069911113514,53.74474635886181,53.79563413924785,7899500
2020-01-29,53.558162689208984,53.91436743533753,53.558162689208984,53.871962570600864,8300800
2020-01-30,54.194252014160156,54.23665688409866,53.549686344071816,53.583611534136296,13824800
2020-01-31,53.58359909057617,54.457151502526784,53.43093900602201,54.21968169779072,15280000
2020-02-03,53.58359909057617,53.982211893054654,53.541194230485225,53.77866403522129,21797600
2020-02-04,53.90589141845703,54.270579103477274,53.795636174424764,54.00766374779542,14290900
2020-02-05,54.33842468261719,54.36386695539943,54.016141874478485,54.08399224894303,20911400
2020-02-06,54.43171691894531,54.72007130239096,54.28753972722249,54.39779173196916,9628500
2020-02-07,54.499568939208984,54.60982094728612,54.27057877312847,54.431718563207056,14849000
2020-02-10,54.72855758666992,54.83033315386519,54.508047093030925,54.52501292284757,7394100
2020-02-11,54.52500915527344,54.81336353654968,54.482601054230344,54.81336353654968,8375700
2020-02-12,54.499568939208984,54.60982094728612,54.38931046056385,54.59286158856963,8479000
2020-02-13,54.82184600830078,54.91513865338825,54.30449823847673,54.38083152562452,7950900
2020-02-14,54.949073791503906,54.966033152515045,54.77097138332705,54.88122340632162,5421200
2020-02-18,54.753997802734375,54.9914676466958,54.64374579534313,54.872732724715085,6902300
2020-02-19,54.69464111328125,54.90666872579885,54.66919883507021,54.7624915022235,4971300
2020-02-20,54.73703384399414,54.779435472242106,54.22816577576293,54.601333104238854,13397700
2020-02-21,54.8303337097168,54.94906863736421,54.56741510943901,54.584380939427646,10027800
2020-02-24,53.5666389465332,54.499562087569394,53.50727149263714,54.08398667501338,19892700
2020-02-25,52.59979248046875,53.863474806366064,52.42169012344164,53.60056272750228,25721400
2020-02-26,52.30296325683594,53.24436625443678,52.27752098185782,52.7609436181473,26066400
2020-02-27,50.17420196533203,52.302957256780196,50.165722286406826,51.83649726908191,39092300
2020-02-28,49.18191909790039,49.19039877761289,47.52810331952727,49.02925898080231,50978800
2020-03-02,51.81105422973633,51.85345909430203,49.2836861252716,49.2836861252716,27103100
2020-03-03,51.10712432861328,52.752460351387995,50.73395696807587,51.88738747282566,35237500
2020-03-04,53.617530822753906,53.64297309485985,51.76016731220793,51.8280176848689,26214300
2020-03-05,52.608280181884766,53.312213274564044,52.073973029315674,52.438660712342575,16556300
2020-03-06,52.19270324707031,52.489540527294025,50.83572496607293,51.21737520870606,24800200
2020-03-09,49.919776916503906,51.310677406234014,49.19040148035658,49.30913641456022,19126300
2020-03-10,51.35306930541992,51.43788226220104,49.09709641957795,50.9714190881136,28174800
2020-03-11,48.834197998046875,50.34383346279575,48.23203716000134,50.08091807617631,17759800
2020-03-12,44.24591064453125,48.09633199559211,44.02540340078873,45.70466132482198,26713800
2020-03-13,48.01152420043945,48.02848679453214,44.746297631486726,46.45100113203602,24835800
2020-03-16,44.75477600097656,47.12948393295487,43.067035265923266,43.55045782497556,27436800
2020-03-17,48.52886962890625,48.72393459852838,45.51807564768135,45.61985120727157,32318100
2020-03-18,47.28215408325195,48.34229206718137,45.204282987693425,46.434043696108425,35524900
2020-03-19,45.70466232299805,47.01923260566843,45.28060718437638,46.78176276333116,26807900
2020-03-20,42.7447624206543,45.848846134956,42.371591800554995,45.83188353992565,26903700
2020-03-23,41.47980880737305,43.16015250380207,40.65242932363981,42.65690156840958,31822200
2020-03-24,43.59517288208008,43.84253425749386,42.477784197627244,43.28810403726476,28041800
2020-03-25,43.47574996948242,44.87461600257756,42.716609494484146,43.50133795058631,25526400
2020-03-26,45.85552978515625,46.16259859516472,43.825469547989464,44.004591935890176,25754100
2020-03-27,45.64228820800781,46.90468293581326,44.78079248894568,44.85755969193638,26004700
2020-03-30,47.42499542236328,47.56147010292698,46.08583660251536,46.08583660251536,15892600
2020-03-31,46.46113967895508,47.484698051951945,46.35025299548242,47.25439969569655,15203200
2020-04-01,45.67639923095703,46.38436366677054,45.08785295287306,45.19873961528729,11979800
2020-04-02,46.844974517822266,47.109395619724616,44.934329100000774,45.045215788387296,14748100
2020-04-03,47.21174621582031,47.356752371722415,46.46113721592282,46.657319335474156,15374100
2020-04-06,48.9688606262207,49.31004890392669,47.69793770826907,48.388842506408054,14835200
2020-04-07,48.405906677246094,50.12036995783742,48.39737843373834,49.72800568022328,22985400
2020-04-08,49.12239456176758,49.3953438798289,48.218247912056604,48.764146548179255,13877400
2020-04-09,49.5829963684082,50.34213684138213,49.139452925519656,49.25886784210264,20376000
2020-04-13,49.21622085571289,49.676824044091894,48.7385579284518,49.42093121467301,10679500
2020-04-14,51.305992126464844,51.365699586155614,49.86447508984116,50.0606572079412,17745300
2020-04-15,50.49567413330078,50.93921760164545,50.12036636957156,50.623617299634496,12553400
2020-04-16,50.82832336425781,51.01597721822318,50.11183067634986,50.76008441597508,14486100
2020-04-17,51.60453796386719,51.77513212855994,50.760098638235256,51.45100354102502,12083100
2020-04-20,50.58949661254883,51.45099223694269,50.546845640386515,51.092747498228114,9263900
2020-04-21,49.5147590637207,50.16301613793165,49.3356366828779,49.87300707921887,13021900
2020-04-22,49.992435455322266,50.273913093290744,49.59153961083777,50.11185040802486,15086800
2020-04-23,49.548885345458984,50.19713925486636,49.46358989157825,49.873013927069174,21074200
2020-04-24,50.07772445678711,50.23979037494816,49.66830042016075,49.83889458220832,9638300
2020-04-27,50.22272491455078,50.453026519018835,50.02654278936969,50.384787560444906,11024000
2020-04-28,50.504207611083984,50.87098391612065,50.290965724612114,50.80274820443239,13608800
2020-04-29,50.29096603393555,50.760097536296556,49.813306287740915,50.760097536296556,16038500
2020-04-30,49.693885803222656,50.17154878117859,49.403876719073125,50.14596079704602,16397100
2020-05-01,49.14798355102539,49.83888835680083,48.94327318518921,49.42093287468202,13023600
2020-05-04,49.12239456176758,49.233281239046406,48.63620338560756,49.054155605345976,11314200
2020-05-05,49.165042877197266,49.69388178060997,49.10533541651257,49.31857727719008,9705200
2020-05-06,48.62767028808594,49.38681401112506,48.58502256863288,49.250339356587816,10700100
2020-05-07,48.491207122802734,49.07122535546563,48.3888519211014,49.00298963893581,11203600
2020-05-08,49.574466705322266,49.676825140874726,48.95180086453469,48.97738884651652,13405000
2020-05-11,49.50623321533203,49.89006923128216,49.30151958888773,49.352698808951985,8807200
2020-05-12,49.088287353515625,49.9412549991156,49.088287353515625,49.668305612828675,20587300
2020-05-13,48.644737243652344,49.31858237394582,48.35472815300786,49.045633024376066,12186800
2020-05-14,48.52532196044922,48.65326839068168,47.75765314049308,48.40590702759912,11793500
2020-05-15,48.951805114746094,49.0968112841292,48.34619896063586,48.516793114222466,20847900
2020-05-18,49.727996826171875,49.9838863854108,49.36975209399984,49.727996826171875,15213600
2020-05-19,48.81532669067383,49.821828540280514,48.81532669067383,49.79624055804372,15313100
2020-05-20,49.395347595214844,49.42093557889134,48.92621612287341,49.22475344514175,8519600
2020-05-21,48.84944534301758,49.327108277502255,48.747090161989625,49.318576781025946,13913900
2020-05-22,49.02004623413086,49.0626939609504,48.75562512174892,48.86651181453012,7216300
2020-05-26,49.28445816040039,49.796240582071334,49.19063122040342,49.710941884886545,10487200
2020-05-27,50.02655029296875,50.06919802156797,49.39535284673568,49.67683371235415,10937800
2020-05-28,50.47008514404297,50.75156597937214,50.19713580580346,50.410377679666375,10184300
2020-05-29,50.521263122558594,50.68332577133583,49.86447777675712,50.316552750820264,12890900
2020-06-01,50.87099075317383,51.058644679709886,50.52127414251061,50.54686213110611,9101400
2020-06-02,51.00745391845703,51.03304515508103,50.61508966422423,50.95627795283438,9837900
2020-06-03,51.07569885253906,51.314528730216885,51.05863911073164,51.22923327499282,10155300
2020-06-04,50.82832336425781,51.23774729251777,50.55537407875118,50.973326248640404,8973800
2020-06-05,51.53630065917969,51.80072178567512,51.05864088720492,51.2036438168935,11502200
2020-06-08,52.090728759765625,52.11631674540975,51.36570763346932,51.54483004060422,13094200
2020-06-09,51.664241790771484,51.97131061480547,51.348644723320035,51.89454340879697,13735400
2020-06-10,51.519229888916016,51.92865383160337,51.41687146288498,51.78364768829887,9877800
2020-06-11,49.56593704223633,51.28040011595324,49.50622958344798,50.96480308324167,14738500
2020-06-12,49.574466705322266,50.25684000660917,49.147982985291385,50.24831176388608,17837500
2020-06-15,50.145957946777344,50.21419365185667,48.781208053251795,49.113868097131174,11366700
2020-06-16,50.930694580078125,51.195115707269125,50.273909138071986,51.135408235615216,10840300
2020-06-17,50.85392761230469,51.237763684662724,50.70039318336148,51.02452178377639,8388400
2020-06-18,51.118343353271484,51.16952257546303,50.555384924415854,50.62362063352507,6022600
2020-06-19,50.85392761230469,51.74954294526464,50.77716039783308,51.58748027196378,10777200
2020-06-22,50.708648681640625,50.906359575899806,50.52812718760546,50.80320349954591,9039600
2020-06-23,50.63129425048828,51.224427061970225,50.57971620111937,51.043908807932546,7951000
2020-06-24,49.78026580810547,50.37339851636494,49.59974758548325,50.37339851636494,14343200
2020-06-25,50.13270568847656,50.192878427112866,49.44501490465577,49.75447657716721,12128900
2020-06-26,49.109771728515625,50.25305717856868,49.06679166422829,50.11551900534797,14476500
2020-06-29,50.03813934326172,50.13269742529549,49.384834026105864,49.427814078166364,9654200
2020-06-30,50.40779113769531,50.596907367208765,49.96938920829559,50.046754640444824,7379800
2020-07-01,50.450767517089844,50.76882720332742,50.42498013464792,50.50234556114237,7261600
2020-07-02,50.708648681640625,51.207223267344574,50.605492605286734,50.871974217115174,6857200
2020-07-06,50.95793914794922,51.21582608402339,50.67426810910368,51.09547731691009,10091300
2020-07-07,51.42213439941406,51.70580873233144,50.64848010888375,50.682865472722604,8161000
2020-07-08,51.293182373046875,51.568261958727895,51.07827880363575,51.53387660062174,9328000
2020-07-09,50.88916778564453,51.361955000104714,50.596898789205234,51.22441684173142,7672500
2020-07-10,51.82615661621094,51.92930943331491,50.94075149196428,50.94934947290482,14142800
2020-07-13,51.748783111572266,52.43647391694441,51.5510722099758,52.075437473812194,10906200
2020-07-14,52.50524139404297,52.63418156755393,51.49949098898274,51.602643783625155,14270100
2020-07-15,52.5482292175293,53.1757473363558,52.38490038277628,52.77172751881144,14952700
2020-07-16,52.659969329833984,52.76312540439569,52.41927838085984,52.5224311762533,7770200
2020-07-17,52.94364929199219,53.02960941750745,52.72015099815135,52.90066922923456,6321700
2020-07-20,52.410682678222656,52.857682488600354,52.24735386954208,52.83189183086921,6818600
2020-07-21,52.86628723144531,53.43363262178675,52.72015435293665,52.78032710046008,7847300
2020-07-22,53.28749084472656,53.36485626136144,52.48804929922227,53.02960393649814,7022700
2020-07-23,53.47660446166992,53.691508035245995,53.29608624686641,53.46800976156093,9468000
2020-07-24,53.407833099365234,54.00956371700214,53.14994948585458,53.56256392330524,6809200
2020-07-27,53.674320220947266,53.682918201003886,53.24451303483702,53.35626382139289,6801900
2020-07-28,53.87202835083008,54.13850997295665,53.631337388372806,53.65712476887367,6699300
2020-07-29,53.94939041137695,54.12131392206786,53.71729744298767,53.85483559570676,7486400
2020-07-30,53.94939041137695,54.13850660105378,53.57116131119152,53.82045023773493,10901300
2020-07-31,53.897823333740234,53.90641803487378,53.22732187441961,53.73449449968468,10277200
2020-08-03,53.751686096191406,53.94939700995922,53.48520773723718,53.92360962791039,8614400
2020-08-04,54.422176361083984,54.43936903864055,53.57975483581977,53.67430964362898,7417400
2020-08-05,54.31043243408203,54.61989411072474,54.155701595760675,54.508143332121904,7143600
2020-08-06,54.30183029174805,54.40498636216637,54.08692673046203,54.181484822094774,11983700
2020-08-07,54.59410095214844,54.64567898895035,54.15569911642095,54.21587185310574,9175700
2020-08-10,54.87776565551758,54.98951640949538,54.533918695201706,54.654267426729604,4345600
2020-08-11,54.499549865722656,55.27320407484507,54.34481902389817,55.135662633962475,8633500
2020-08-12,55.204429626464844,55.44512057341872,54.723044453388866,54.723044453388866,8021600
2020-08-13,55.161441802978516,55.324770600128566,55.00671426335587,55.084079672751166,5857100
2020-08-14,55.15285873413086,55.33337695699775,54.946546572279935,55.101277414499684,3776300
2020-08-17,55.46230697631836,55.64283173511562,55.17863926607139,55.28178877585717,5172900
2020-08-18,55.685813903808594,55.84054474180686,55.29899008798128,55.548279024663856,4927300
2020-08-19,55.24740219116211,55.68580727301015,55.15285066207325,55.60844514239128,5871600
2020-08-20,55.135677337646484,55.20444807642769,54.834813553401986,54.92937167964149,10178600
2020-08-21,55.273197174072266,55.35055930615753,54.90355951660163,55.06688503850612,5713900
2020-08-24,55.74599075317383,55.74599075317383,55.19583807935972,55.36776488888737,6978500
2020-08-25,55.62563705444336,55.91790930832774,55.384946114971655,55.87492597270655,4517100
2020-08-26,55.69441604614258,55.77177819175583,55.25601087932255,55.51389781470779,5375300
2020-08-27,56.03825759887695,56.30473592980068,55.78896866806523,55.797566647289514,8711200
2020-08-28,56.53682327270508,56.57120862784185,55.77176715633574,56.30473032345178,6868200
2020-08-31,56.37351989746094,56.536842191091694,56.15001829345168,56.33053654957289,7661200
2020-09-01,56.43367385864258,56.45946123545368,55.98667079946377,56.3649031482557,9723000
2020-09-02,57.45661544799805,57.688714976754454,56.60559914534304,56.69155926185647,11174600
2020-09-03,56.468055725097656,58.11851332239788,56.05543804660485,57.59414816518237,26304400
2020-09-04,56.3391227722168,56.86348802698721,55.642837278452056,56.63138849017448,15604800
2020-09-08,55.15285873413086,56.31333677161052,54.92075919163279,56.20158271102372,16316600
2020-09-09,55.95228576660156,56.49384691609819,55.36775439995344,55.47090390779207,12848500
2020-09-10,55.26459503173828,56.10701323432069,55.14424957422651,55.9522824234719,11060600
2020-09-11,55.574066162109375,55.840544498146,55.17864436858072,55.4365247252281,10212500
2020-09-14,55.935096740722656,56.19298362870923,55.68580783122523,55.84913663083913,6397000
2020-09-15,55.85774230957031,56.27035351722595,55.78037360917432,56.072645893072554,5672900
2020-09-16,55.60844802856445,56.24456073834444,55.556866713805455,56.09842788958919,7270700
2020-09-17,55.25600814819336,55.54828043107302,54.86058634292772,55.14426064616292,10108700
2020-09-18,54.74884033203125,55.419341798477305,54.37061117393073,55.34197309160975,9988900
2020-09-21,54.33116912841797,54.538703175002645,53.708560391275554,54.37440511323193,11326200
2020-09-22,54.651119232177734,54.91918431654282,54.31387393333508,54.36575579549907,7148600
2020-09-23,53.829620361328125,54.96242159180321,53.76908932521895,54.824064466597356,7015900
2020-09-24,54.22740173339844,54.51276518622283,53.46643912325547,53.829625373729016,9141700
2020-09-25,54.512760162353516,54.57329119852059,53.829620412817526,53.95068248515169,7432100
2020-09-28,55.126731872558594,55.43803629798304,54.93648954620037,54.96243378078228,6077600
2020-09-29,54.76354217529297,55.282380652991066,54.65977184079768,55.152669384219244,8150400
2020-09-30,55.42938232421875,55.775276833360806,54.96242902517984,54.98836995882241,8284100
2020-10-01,55.74067687988281,55.87038812257998,55.2650744878164,55.74932605536605,9262900
2020-10-02,55.42938232421875,55.680155678412014,55.00566501414897,55.18725814703602,7463000
2020-10-05,55.80121612548828,55.87039634475941,55.47261998003366,55.55909195542816,4501200
2020-10-06,55.43803405761719,56.14711486523085,55.27373267378582,55.93093161172194,6552800
2020-10-07,56.034690856933594,56.268165821657774,55.645557119209265,55.757976611110706,8073100
2020-10-08,56.406532287597656,56.458414152565176,56.05198861728298,56.285463607025555,6659000
2020-10-09,56.84754180908203,57.09831515416604,56.56218495199018,56.631358573394664,7894700
2020-10-12,57.50473403930664,57.807389214772755,57.055075863955274,57.089659371961666,8685600
2020-10-13,57.46149826049805,57.63444879801147,57.193433174087765,57.33179360409851,7505700
2020-10-14,57.16748809814453,57.686326478291996,56.93400653877601,57.45285151631141,6566200
2020-10-15,57.20209503173828,57.3577472513135,56.70054825784149,56.75243013190327,6650000
2020-10-16,57.21937942504883,57.68633602366536,57.20208766838409,57.37503162458767,6701200
2020-10-19,56.47571563720703,57.461510825740206,56.32006341810233,57.219386617663965,7733900
2020-10-20,56.41516876220703,57.141547780095266,56.302755867811904,57.02912828831212,7660200
2020-10-21,56.46706771850586,56.7870147071941,56.32870727131908,56.354648205819295,7013900
2020-10-22,56.441104888916016,56.631347153540275,56.17303984188408,56.47569499133747,7779700
2020-10-23,56.544891357421875,56.769723788727525,56.371947393272514,56.64001251692083,5094100
2020-10-26,55.81850814819336,56.224927046191276,55.32560738852628,56.112514150666925,9352300
2020-10-27,55.6715087890625,56.155763760716056,55.645567854353956,55.853101929411594,5331400
2020-10-28,54.04581069946289,55.161317023986484,53.98527965537505,54.87595356011996,10980600
2020-10-29,54.028507232666016,54.56464066770128,53.37131172830284,53.90744516333812,8942700
2020-10-30,53.8382682800293,54.08039573234159,53.17242685757951,53.82097652508017,10093200
2020-11-02,54.694358825683594,54.94513217166983,54.27063823078636,54.6078868505753,10935100
2020-11-03,55.59367752075195,56.10386675204801,55.17860613513699,55.24778305005908,20578800
2020-11-04,55.619625091552734,56.5621874717821,55.550444869677555,55.90498855874605,25605800
2020-11-05,56.02604675292969,56.553534362621654,55.87039456322732,56.26817091526922,13919500
2020-11-06,56.285457611083984,56.5708210327838,56.0433334705101,56.11251368135636,12703600
2020-11-09,56.155757904052734,58.179229768956326,56.077928510654885,57.62580122826191,15142600
2020-11-10,57.26260757446289,57.418259743725336,56.10386218164518,56.14710146097998,15134300
2020-11-11,57.755523681640625,58.006297068597455,57.202095033663426,57.59122228391962,10382100
2020-11-12,57.5998649597168,57.75551716172596,57.11561659675014,57.5998649597168,8945500
2020-11-13,58.395408630371094,58.473238017946656,57.643095269006615,57.81603920101525,6167300
2020-11-16,58.931556701660156,58.95749763670831,58.48189183619422,58.931556701660156,12955900
2020-11-17,58.516475677490234,58.86237016830454,58.34353173077742,58.49053474522218,8147900
2020-11-18,57.712284088134766,58.81049879762608,57.703641507429055,58.602958107671746,7607700
2020-11-19,57.86792755126953,57.95439952697204,57.418269319183175,57.55662316082942,8830200
2020-11-20,57.50473403930664,58.032221601142446,57.45285217990902,57.78144828507395,4663400
2020-11-23,57.52204895019531,57.69499954679282,57.16751177260411,57.608527547189404,5825300
2020-11-24,57.91115188598633,58.110036719014005,57.7382013818458,57.86791261060441,6064900
2020-11-25,57.87657165527344,58.11004662894541,57.798742265790594,57.885220831302256,5245400
2020-11-27,57.86792755126953,58.02357974648959,57.694983599864514,58.02357974648959,3228600
2020-11-30,57.859275817871094,57.91980685102503,57.271257239780915,57.7209154007262,11581900
2020-12-01,58.369468688964844,58.42999972593194,58.00628246716224,58.11869536513307,12126200
2020-12-02,57.88522720336914,58.447298356738685,57.69498489412265,58.17058406984988,11392100
2020-12-03,58.0322265625,58.135996887554896,57.72957136115894,57.738213940205405,10951400
2020-12-04,58.48188781738281,58.49053699426763,58.01493122643665,58.084111446737325,11055800
2020-12-07,58.25706100463867,58.46459506461485,57.98034672554083,58.36947391266976,9466300
2020-12-08,58.5770149230957,58.698077022228816,57.928465136001314,58.049527235134434,7090900
2020-12-09,58.343544006347656,58.6894385699387,58.18789178260119,58.66349103482257,10420100
2020-12-10,58.08409881591797,58.473232522447546,57.93709582778763,58.32622293692971,5723400
2020-12-11,58.213836669921875,58.378138083187636,57.8420011433771,57.859299501294814,5000800
2020-12-14,57.988990783691406,58.72401908517294,57.97169902716443,58.49918666598839,6663200
2020-12-15,58.127349853515625,58.41271330989278,58.05816963426259,58.23976276176019,6121300
2020-12-16,58.239749908447266,58.51646412700071,58.03221589387903,58.17056970446206,10505500
2020-12-17,58.611602783203125,58.68078300787346,58.430009641485526,58.44730139895844,4673300
2020-12-18,58.741310119628906,58.87102138284819,58.29165188417616,58.69807083275951,6980500
2020-12-21,58.10825729370117,58.22161134409541,57.497879095234666,58.090820767726456,8255600
2020-12-22,57.69843292236328,58.08210304558642,57.602515391557496,58.08210304558642,9107900
2020-12-23,57.890262603759766,58.11697735119606,57.75946537821485,57.87282607824462,4302600
2020-12-24,58.17802047729492,58.21290018413069,57.794350354725296,57.93386918206838,1954900
2020-12-28,58.64016342163086,58.81455529863829,58.33497431055603,58.396012132771,6315400
2020-12-29,58.465763092041016,58.95406559916529,58.31752270013025,58.788388683124104,4993600
2020-12-30,58.40473175048828,58.60528173701328,58.33497234099113,58.53552232751613,7359900
2020-12-31,58.81454849243164,58.90175107346767,58.17801222765524,58.46576477877915,6062200
2021-01-04,58.17802047729492,58.805841895091085,57.48043964582721,58.788398715361275,12992600
2021-01-05,58.17802047729492,58.300096124908194,57.63739500027626,58.09082453651742,10871900
2021-01-06,58.22161102294922,58.50936359462053,57.968744808281755,58.064655679548814,14206600
2021-01-07,58.047218322753906,58.40473029806854,57.81178863733504,58.26521148254382,13963500
2021-01-08,58.33496856689453,58.38728479432097,57.7681850434904,58.0908173020738,17960800
2021-01-11,57.837947845458984,58.39600981286091,57.74203032112833,58.01233971553831,9648700
2021-01-12,57.6461067199707,57.96873896349257,57.401955466547754,57.837941748409506,11089500
2021-01-13,57.733299255371094,57.9512923835001,57.55890741391682,57.58506552487273,8337500
2021-01-14,57.42811965942383,57.81178975692372,57.3583602503105,57.785624989038666,11549000
2021-01-15,57.22755432128906,57.48042715141401,56.99212466710233,57.21883938594235,13260300
2021-01-19,56.974693298339844,57.5327619494336,56.93109865470474,57.41940124021003,8130800
2021-01-20,57.07933044433594,57.21884926544162,56.57358469676315,56.95725480218024,10700600
2021-01-21,56.887489318847656,57.03572971360357,56.79157180273265,56.99212842350662,8461200
2021-01-22,56.739261627197266,57.08805202729813,56.60846439558149,56.843900743014586,8329300
2021-01-25,57.30604553222656,57.497880586039486,56.538705316974884,56.564870085550496,17486100
2021-01-26,57.82050323486328,57.93386393496836,57.114207530124084,57.375801981387696,9304200
2021-01-27,56.84389877319336,58.273933376690515,56.70437995693836,57.49787825598621,17826800
2021-01-28,57.06189727783203,57.69843364189142,56.791581209179355,56.95725815584158,19925900
2021-01-29,55.88472366333008,56.86133542134797,55.85856554838177,56.84389889559021,19374700
2021-02-01,55.937042236328125,56.242231308251434,55.753925466862725,56.12015567948211,13283300
2021-02-02,56.3120002746582,56.765423165288965,55.98936797090481,56.15504491778141,13278400
2021-02-03,56.3991813659668,56.529978571027094,56.024232926192454,56.18118824174037,9542000
2021-02-04,56.80902099609375,56.82645752240541,56.32943336472871,56.45150900678098,7292400
2021-02-05,57.340911865234375,57.515303699326985,57.1316336811768,57.15779844365052,8889300
2021-02-08,57.55891418457031,57.689711407357855,57.18396569397835,57.524034481652095,9412200
2021-02-09,57.506587982177734,57.71586618759868,57.34963265442338,57.56762579560316,12345400
2021-02-10,57.445552825927734,57.90770389480901,57.31476225726825,57.7769066735265,6957200
2021-02-11,57.192691802978516,57.52404571912086,57.10549585496057,57.50660253794263,7478500
2021-02-12,57.279876708984375,57.349629454276396,56.99212418205439,57.140357913155654,7131800
2021-02-16,57.17525100708008,57.428123894295716,56.974694354245635,57.38452259722878,9246600
2021-02-17,57.38450622558594,57.497866904568916,56.88748218289242,56.95724157724779,8871000
2021-02-18,57.34962844848633,57.49786882961011,56.8264462785488,56.87004756463619,7464900
2021-02-19,56.62590408325195,57.401959183001246,56.573581202257486,57.39323759406498,10246100
2021-02-22,56.67823028564453,56.826464060530995,56.36431955492948,56.47767362055601,8649600
2021-02-23,56.75668716430664,57.23627470316567,56.55613721359997,56.86132625986377,12743400
2021-02-24,56.72182083129883,56.90493428072814,56.4427898627461,56.60846013454041,9103700
2021-02-25,56.10272216796875,56.957258369198584,55.980646518167916,56.6346260646541,17558500
2021-02-26,55.19586181640625,56.21607143082039,55.17842196622783,56.21607143082039,17718400
2021-03-01,55.75393295288086,56.20735915369896,55.57081948514043,55.58825933820788,11263900
2021-03-02,55.658016204833984,56.08528094335307,55.63185476327343,55.69289258306187,12942700
2021-03-03,55.39641571044922,55.832401990748835,55.36153933602187,55.509773074694294,13450900
2021-03-04,55.19586181640625,56.181191730463546,54.92555245441899,55.509772466995216,25968700
2021-03-05,56.41661834716797,56.58229525176537,55.22202027437856,55.43129181260216,21719300
2021-03-08,56.66078186035156,57.2624384240396,56.33814960690803,56.43406712407711,18947000
2021-03-09,56.60845947265625,57.12292676490495,56.564864834324545,56.85261073570731,17259600
2021-03-10,57.34962844848633,57.602501272024284,56.46894101259668,56.6520544394437,15827600
2021-03-11,57.21013641357422,57.58508498678157,57.14909858317416,57.410686433763864,12386500
2021-03-12,57.680999755859375,57.75947411147774,57.375810618525314,57.41940526521632,10518200
2021-03-15,57.93387222290039,57.98618845958809,57.58508178885923,57.89027092391117,8383700
2021-03-16,58.003623962402344,58.18674409282108,57.86411178282626,57.86411178282626,13550200
2021-03-17,57.916412353515625,58.265202687052096,57.7158624022522,58.02977303717279,12254200
2021-03-18,57.680999755859375,58.00362542134499,57.40196873706476,57.76819570186564,14497600
2021-03-19,57.88154220581055,58.03849754916971,57.602511223463516,57.74203004094872,20807100
2021-03-22,58.49260330200195,58.527671611966724,57.73865135924982,57.78248841885485,14499400
2021-03-23,58.73806381225586,59.0098348029771,58.32601960787529,58.483823628944556,13216300
2021-03-24,58.5101318359375,58.88710779264466,58.36986529013267,58.59779926314001,15831000
2021-03-25,59.0799674987793,59.150104100966,58.29971619308719,58.589024660661444,14764000
2021-03-26,60.12324905395508,60.15831736749291,58.98355227406459,59.15012509122008,15098600
2021-03-29,60.72813415527344,60.78073994829724,59.921583340579424,59.94788289279425,11857300
2021-03-30,60.07939529418945,60.67554308147305,59.96542832330989,60.614175221984816,14042700
2021-03-31,59.88651657104492,60.298560735852654,59.75501880661209,60.053089324118936,18241100
2021-04-01,59.597232818603516,59.90407217603675,59.20271934024962,59.64983194027882,21191800
2021-04-05,60.35993957519531,60.68431639322447,59.74626093416236,59.851459164856266,20093000
2021-04-06,60.61417770385742,60.842118343544726,60.21090222662316,60.254739280307554,19302100
2021-04-07,60.46514892578125,60.79828782838589,60.38624355838256,60.71938914958322,20763900
2021-04-08,60.526512145996094,60.64924787377159,60.36870811191395,60.43884472452724,10244700
2021-04-09,60.42130661010742,60.675546811787875,60.05309943054073,60.5352802765891,7020400
2021-04-12,60.74567413330078,60.7544428805957,60.421297369333075,60.50020271779848,10117800
2021-04-13,60.42130661010742,60.64924725447532,60.34240793816975,60.48267447336853,11982600
2021-04-14,60.368709564208984,60.45637698778686,60.114469353816176,60.38624037348629,12087500
2021-04-15,60.850887298583984,60.94731677754546,60.508972993594604,60.508972993594604,7714900
2021-04-16,61.201560974121094,61.32429670655995,60.8684220844436,61.1051248002626,7810000
2021-04-19,60.96485900878906,61.33306621063831,60.77198665869778,61.21033047668856,10867400
2021-04-20,61.297996520996094,61.4908688667403,60.4476084630852,60.53528257558399,13168800
2021-04-21,61.60482406616211,61.78016556902744,61.36812139803694,61.36812139803694,10794900
2021-04-22,61.148956298828125,61.53470095919986,61.01745182928365,61.499632654748325,10762900
2021-04-23,60.991146087646484,61.18401839827211,60.7456746699755,61.02621438854155,9133800
2021-04-26,60.307350158691406,60.956097210488,60.21968272281565,60.956097210488,8750100
2021-04-27,60.26350784301758,60.395012329665704,60.00050555831737,60.27227659241973,10078900
2021-04-28,60.307350158691406,60.649257840624514,60.237213534552154,60.508984592346,7925300
2021-04-29,60.94731140136719,61.043747560417344,60.28103372432305,60.28103372432305,9202600
2021-04-30,60.999916076660156,61.026215630718156,60.70183885728203,60.94731027994953,10784800
2021-05-03,61.4996452331543,61.727585914411975,61.07007012080433,61.13143799399718,12671500
2021-05-04,61.18400955200195,61.60481572471166,60.9911372692627,61.36811308863664,11147300
2021-05-05,61.14020538330078,61.254179078159716,60.92980218381852,61.16650494716142,8726200
2021-05-06,61.92921829223633,61.946755791765135,61.25417170949618,61.25417170949618,10192000
2021-05-07,61.92921829223633,62.12209065547532,61.68374680760355,61.83278211061683,9841800
2021-05-10,62.40261459350586,62.80589002844043,62.13960567617719,62.19221147279969,10558400
2021-05-11,61.859073638916016,62.560426379878756,61.578533880250006,62.42892190487381,14385700
2021-05-12,61.03498840332031,61.78894021614516,61.02621965519117,61.71880360830213,13223100
2021-05-13,61.894134521484375,62.17467424650356,60.956079188895764,61.02621579229922,18490900
2021-05-14,62.16592025756836,62.5341274403432,62.095783645060145,62.130851951314256,9672600
2021-05-17,62.078250885009766,62.4727643440283,61.946753087266266,62.2009866219677,10705800
2021-05-18,61.88536834716797,62.39384871009419,61.85030673260298,62.14837727656978,11168900
2021-05-19,61.6837272644043,61.77139466848381,61.245383555412566,61.58729111333859,13709500
2021-05-20,62.253578186035156,62.47275005025579,61.65743044781126,61.692498748717895,11336300
2021-05-21,62.26234817504883,62.6656303425432,62.148381199032364,62.411390145033856,7779600
2021-05-24,62.44645309448242,62.665624967820555,62.218512473404225,62.341248187386,6535900
2021-05-25,62.46400451660156,62.51660364321188,62.08702850250135,62.49030407990672,8271800
2021-05-26,62.332481384277344,62.56042201246676,62.21851441448012,62.49905415356134,10622500
2021-05-27,61.946754455566406,62.63933183430008,61.885379897135756,62.43769741424227,12693900
2021-05-28,62.078250885009766,62.34125985768879,62.03442051529394,62.04318257607949,8476400
2021-06-01,61.86783981323242,62.47275635992744,61.657436675136616,62.31495233420679,8893800
2021-06-02,62.09578323364258,62.209750211766696,61.806474725409664,61.955510009555546,6411300
2021-06-03,62.48152542114258,62.5341312280078,61.91168380363596,61.91168380363596,9410000
2021-06-04,62.70068359375,62.849725543849736,62.49904922550036,62.66562198165006,6078200
2021-06-07,62.595497131347656,62.788369477077566,62.314957361721156,62.70946411355364,7306900
2021-06-08,62.06947708129883,62.69192439770928,62.060708333576216,62.61301904539527,8545200
2021-06-09,61.77140426635742,62.2623471563594,61.753873458255306,61.95550785010816,8273800
2021-06-10,62.15715026855469,62.31495429925154,61.85907301564047,61.88537257265738,8213000
2021-06-11,62.192222595214844,62.30618957918858,61.89414532302811,62.27989002047124,6232300
2021-06-14,62.15715026855469,62.17468107703417,61.780174344589724,62.13961277147983,10449400
2021-06-15,62.00811004638672,62.350017637558544,61.94674218870447,62.20974442651634,5151600
2021-06-16,61.18400955200195,62.09576517766435,61.16647205979283,62.02562858601489,10507100
2021-06-17,61.403202056884766,61.534706538352324,61.02622611059552,61.19279889969415,9239700
2021-06-18,60.31611251831055,61.06129567719662,60.29857501983554,60.982390311250896,16882500
2021-06-21,61.00789260864258,61.0696590810489,60.63729377420466,60.67258986301407,14278400
2021-06-22,61.09611511230469,61.35200664702993,60.919641441754386,61.01670398016876,8351000
2021-06-23,60.71670913696289,61.05201863789268,60.71670913696289,61.04319293206793,7072900
2021-06-24,61.016727447509766,61.0873196356956,60.68141791964785,60.734365426808026,6343700
2021-06-25,61.4843635559082,61.554955714980565,60.94611012404943,61.05199836265796,9241300
2021-06-28,61.53733825683594,61.7049930441114,61.396160592848084,61.52851928111594,7570600
2021-06-29,61.26377487182617,61.67849543711606,61.16671232539494,61.572607186816654,13155400
2021-06-30,61.74028778076172,61.81969895274464,61.36968884742336,61.39615923808433,8815100
2021-07-01,61.55497360229492,61.91674674160078,61.45791103837464,61.766743409011546,11633100
2021-07-02,61.70497131347656,61.890270718977675,61.6167344630532,61.69614560882218,20733300
2021-07-06,61.4490852355957,61.590269594543706,61.157897544296034,61.56379247821038,7595700
2021-07-07,61.77557373046875,62.01381393932165,61.42261953820706,61.431445244324955,7880500
2021-07-08,61.546146392822266,61.81968266698181,61.307906207593085,61.48437992020428,9212900
2021-07-09,61.89911651611328,62.01382378569367,61.660869537390944,61.784402514490544,6286900
2021-07-12,61.80204391479492,61.89028077956164,61.5637969746794,61.79321820870587,7384200
2021-07-13,61.784385681152344,62.163810216595024,61.660852737709654,61.784385681152344,12057600
2021-07-14,62.33147430419922,62.41971117246074,61.77557597531429,61.86381284357581,7616100
2021-07-15,62.58735656738281,62.59618227250051,62.05792870500957,62.23440241512048,8662500
2021-07-16,62.6844367980957,62.922677047108635,62.605018893729785,62.69326250570135,8634300
2021-07-19,62.49911880493164,62.887362307947015,61.943213835276225,62.47264842200337,20734400
2021-07-20,62.51676559448242,63.12561135055921,62.34911758626062,62.49029521066007,20404900
2021-07-21,62.35792541503906,62.86088281389836,62.34028073965779,62.807942055715095,9366300
2021-07-22,62.252052307128906,62.41970030803345,61.85497637100263,62.19910480975452,9632100
2021-07-23,63.002079010009766,63.0814901622398,62.181463443429124,62.26970030103163,9732400
2021-07-26,63.10795211791992,63.20501466793168,62.74617903045412,62.90500804574247,5952200
2021-07-27,63.24030303955078,63.51384597987566,62.88734896728703,63.09029974675136,14720700
2021-07-28,62.6844367980957,63.169743003727206,62.55207811218078,63.0903318314037,9114100
2021-07-29,62.99324035644531,63.169714035376344,62.852062759708346,62.91382922053814,8811100
2021-07-30,63.099143981933594,63.42562104073091,63.00208141525305,63.09031827622419,10403700
2021-08-02,62.83442687988281,63.16091067182733,62.76383469805032,63.09914419573415,12049800
2021-08-03,63.11679458618164,63.23150857504937,62.70207389544174,62.85208397841942,8647700
2021-08-04,62.296165466308594,63.05501449579159,62.25205040722339,62.896185472596535,8886500
2021-08-05,62.596187591552734,62.728539519362144,62.44617751996693,62.62265797711462,7063000
2021-08-06,62.596187591552734,62.85207920538607,62.48147361139647,62.737365225229794,13492100
2021-08-09,62.825599670410156,62.93148794062445,62.6579516576219,62.79912928586679,9054900
2021-08-10,63.27561950683594,63.30208989267742,62.84325416332896,62.9491357066949,11291700
2021-08-11,63.48738479614258,63.74327639442245,63.38150326033068,63.434444028236626,14992700
2021-08-12,63.45210266113281,63.56680991533211,63.33738867489206,63.52268811569468,6432100
2021-08-13,63.98151779174805,64.04328425965406,63.43443855312326,63.53150110726701,8808500
2021-08-16,64.35212707519531,64.36977175516654,63.866814225471494,63.98152820742868,7903100
2021-08-17,64.38741302490234,64.63447889782906,64.0873996563198,64.23740970663114,15666000
2021-08-18,63.58445358276367,64.36095415894394,63.540338515870644,64.2638915869214,10669200
2021-08-19,64.09622955322266,64.22858820295907,63.26678829811231,63.302084386844726,13035600
2021-08-20,64.20211029052734,64.45800185479888,63.849156176634196,64.0873963325892,10454500
2021-08-23,63.99916458129883,64.32564834074424,63.97269419875683,64.21093437367514,8794500
2021-08-24,63.513851165771484,63.981512488588855,63.425607591471234,63.96386108091299,8494200
2021-08-25,63.40796661376953,63.55796992756485,63.18737112923291,63.469733080158186,8007400
2021-08-26,63.11679458618164,63.363860512909675,62.905024753563545,63.31974544430344,13078000
2021-08-27,63.33738327026367,63.45209724671579,62.96678442028193,63.178554229979945,9126200
2021-08-30,63.6197395324707,63.681506001906456,63.293262507756154,63.35502897719191,5645800
2021-08-31,63.76092529296875,63.83151073671546,63.51385940975423,63.672688439255055,8037000
2021-09-01,64.09622955322266,64.15799602549424,63.69916033605398,63.8138675754039,8399100
2021-09-02,64.34329223632812,64.44918049724937,64.11387776905913,64.22858500269363,6623300
2021-09-03,64.2638931274414,64.3609557017907,63.96387969798681,64.14917914027869,6010700
2021-09-07,63.52268981933594,64.15800605172169,63.47857475055681,64.15800605172169,9206300
2021-09-08,64.06974792480469,64.14034008987988,63.40796152431328,63.44325760685088,10662900
2021-09-09,63.69916534423828,64.02564240961055,63.63739886711046,64.00799772987736,7741500
2021-09-10,63.425628662109375,63.84917507052258,63.302095695497556,63.82270468225458,10269900
2021-09-13,63.58445358276367,64.13153292215965,63.43445023765297,63.6726971806324,13798000
2021-09-14,63.293270111083984,63.787401925929295,63.1873818370281,63.743280128729076,9145500
2021-09-15,63.52268981933594,63.628578102080766,63.14326522121898,63.29327530478457,8824700
2021-09-16,63.310909271240234,63.63739303875194,62.78148141119893,63.44326791926068,9789900
2021-09-17,62.966796875,63.37269189555685,62.957971167671616,63.14327062931439,13150000
2021-09-20,62.338157653808594,62.89752054537885,61.858700843606336,62.533492662483376,17880700
2021-09-21,62.26712417602539,63.012948122806584,62.151702025189294,62.51573667428441,11140400
2021-09-22,62.444698333740234,62.83536152994608,62.32039548394784,62.6755426124991,10025900
2021-09-23,62.67555618286133,62.95968478561681,62.471347217129235,62.53349865548232,8440500
2021-09-24,62.70219802856445,62.97743914370668,62.586769090731615,62.586769090731615,6717300
2021-09-27,62.41807174682617,62.897521792537084,62.36479425085968,62.60452604771335,8467100
2021-09-28,61.68113708496094,62.32041293374692,61.459166680465756,62.24938077854867,14982900
2021-09-29,62.24049758911133,62.56013550078599,61.672253918133904,61.8054375103315,13329500
2021-09-30,61.121761322021484,62.44470968004671,61.09512595994018,62.3914321818856,16259900
2021-10-01,61.28158187866211,61.574584417252034,60.70446428774088,61.30822401544193,15889200
2021-10-04,61.08625411987305,61.69888779077904,60.660067989939606,61.26382772251273,20351600
2021-10-05,61.39701461791992,61.67225574903366,61.10401206118646,61.23719565733795,16186100
2021-10-06,61.991886138916016,62.05403757303617,61.00633713072629,61.07736927657739,14909900
2021-10-07,62.26712417602539,62.81761311831632,62.222734167549014,62.30264024720525,8396800
2021-10-08,62.196109771728516,62.4535894786752,62.08068082654642,62.31153194291148,7285700
2021-10-11,62.1783447265625,62.51574405560944,62.125074000501925,62.29377366502539,8218300
2021-10-12,62.2049674987793,62.68442425827456,62.07179071058397,62.23160285641836,12401200
2021-10-13,62.32040786743164,62.48910075481472,61.77879958257331,62.26713036836454,9548300
2021-10-14,63.02184295654297,63.11950370667477,62.506869970032604,62.551259988456245,9975100
2021-10-15,62.870880126953125,63.26155011287324,62.69330655553355,63.23491475456006,11575200
2021-10-18,62.497989654541016,62.790992228799716,62.16947100091767,62.595657179293916,10043300
2021-10-19,62.52460479736328,62.533485507831905,62.08954482036298,62.39142123632314,10203100
2021-10-20,62.88864517211914,63.101734824900305,62.533491234818584,62.586761954514394,8829700
2021-10-21,62.80873107910156,63.03070143878428,62.737705712241414,62.977430720139715,7976400
2021-10-22,63.29707336425781,63.39474087182015,62.879767972672994,62.933038695343974,9575700
2021-10-25,63.252662658691406,63.394726919879524,62.80872200347376,63.252662658691406,6844600
2021-10-26,63.47465133666992,63.63447028971142,63.217164869325345,63.26156165728084,8805500
2021-10-27,63.101749420166016,63.847573538404106,63.075114054157424,63.80317674572345,10334900
2021-10-28,63.32371139526367,63.350346757722086,63.01295420991788,63.11949565975153,8614800
2021-10-29,63.26154708862305,63.510152786324745,63.101728172386636,63.16387959681206,8105300
2021-11-01,63.359230041503906,63.501287571714144,63.13725964667633,63.39474611755618,7033700
2021-11-02,63.785400390625,63.92746467475456,63.2082828648429,63.39473715726452,9942700
2021-11-03,64.3802719116211,64.3802719116211,63.749877031346884,63.79426702984719,10471100
2021-11-04,64.44243621826172,64.49570693671566,63.98073407833494,64.14943371876947,11701700
2021-11-05,64.81534576416016,64.92189397665828,64.56674004232906,64.69104290324461,9929100
2021-11-08,64.30038452148438,64.88638963515778,63.99850802583378,64.84199284509194,12813600
2021-11-09,64.52235412597656,64.58450556690076,64.10504869091453,64.31814515179664,13527600
2021-11-10,64.71768188476562,64.88638153716272,64.46907614902142,64.58449830518887,11350400
2021-11-11,64.67328643798828,64.79759608242995,64.52234820587837,64.76208000887495,6319100
2021-11-12,64.67328643798828,64.9751696762065,64.56674499132171,64.80647002031989,7469800
2021-11-15,64.98404693603516,65.05507230537376,64.66440906501833,64.78871192885842,6381300
2021-11-16,64.57562255859375,65.15274009726306,64.5489804242261,64.93965044030827,6562200
2021-11-17,64.43354797363281,64.63776366049238,64.31812583914513,64.51346081596812,10444900
2021-11-18,64.20271301269531,64.35365802513931,63.891955823543576,64.26486445052566,11269500
2021-11-19,63.97187423706055,64.362537548466,63.93635815893291,64.34478289640181,11924000
2021-11-22,64.47795104980469,64.9218917590526,63.98073284912864,64.05176498836774,13425400
2021-11-23,64.90413665771484,65.01068487694933,64.38028982130812,64.48683126654431,13405700
2021-11-24,64.70881652832031,64.91303230199772,64.4158207125221,64.81536477206502,9556400
2021-11-26,63.89194869995117,64.5667405025871,63.6610976248919,64.273737996627,11715600
2021-11-29,64.05177307128906,64.3003788160007,63.64334838012014,63.96298627303468,13646600
2021-11-30,62.409183502197266,63.70548951427708,62.275999939354,63.65221879873874,23715100
2021-12-01,62.107303619384766,63.35921969326062,62.08066826019554,62.83536612454733,22897400
2021-12-02,62.764347076416016,63.16389105247135,62.320406314577454,62.320406314577454,18704000
2021-12-03,63.545692443847656,63.64335997191587,62.9241779688679,63.11063231136183,22867600
2021-12-06,64.66441345214844,64.90413848467608,63.98962159266551,63.9985023046846,18524400
2021-12-07,64.80646514892578,65.12610301289565,64.64664621694085,64.77094907804047,13169300
2021-12-08,64.60226440429688,64.98405374725047,64.05177539673625,64.69993191812212,14489800
2021-12-09,64.77984619140625,65.0106973236129,64.31815070099255,64.59339185254689,8613900
2021-12-10,65.8719253540039,65.91631536103426,65.04619535446491,65.1616175015411,10890000
2021-12-13,66.7331771850586,66.93738613782384,65.75650211010033,65.85416961759616,16518100
2021-12-14,66.77758026123047,66.88412850134478,66.34252013526303,66.60000663503956,16048300
2021-12-15,67.45235443115234,67.53226050964862,66.75980798819322,66.78644334769197,21277000
2021-12-16,67.93181610107422,68.1715411277712,67.3902078390569,67.39908855085999,14499000
2021-12-17,66.7686767578125,68.0294734598234,66.73316746389428,67.69207420162446,23809700
2021-12-20,66.78834533691406,66.82410487369323,66.18044685253668,66.26090751539837,14116700
2021-12-21,66.6989517211914,66.83304828265577,66.30560362634513,66.78834715535618,11872100
2021-12-22,67.11913299560547,67.14595094989726,66.41289731069905,66.67214890291301,7650200
2021-12-23,67.27111053466797,67.50354418843023,67.17277348193919,67.28005212685325,8089000
2021-12-27,67.98628997802734,67.98628997802734,67.3158137724075,67.3158137724075,7343200
2021-12-28,68.37069702148438,68.44220930031702,67.90582969667037,67.90582969667037,7285200
2021-12-29,68.6835708618164,68.8534201631724,68.32598225719875,68.44219565501447,7891600
2021-12-30,68.46900939941406,68.92493501279615,68.42431508935537,68.85341593218035,6802800
2021-12-31,68.93387603759766,69.04115465764147,68.3885549881359,68.4243145281505,11289000
2022-01-03,68.92493438720703,68.96069392719038,67.95944726896158,68.53159308826008,22320300
2022-01-04,69.38980865478516,69.60435909610499,68.88024709387835,68.9070650464889,23066000
2022-01-05,69.32723999023438,69.89043752810869,69.27359725774413,69.30041521377103,29748500
2022-01-06,69.13948822021484,69.71163406776122,69.04115800594951,69.28252638721024,25023900
2022-01-07,69.21099853515625,69.4791916540768,68.84447521442813,69.03220766949877,12650300
2022-01-10,68.66567993164062,69.24676049601679,68.44218793152938,69.10372916257157,18578300
2022-01-11,68.58523559570312,68.64781309159413,67.83429882457555,68.59417718666913,19571600
2022-01-12,68.612060546875,68.66569645727108,68.2902314436261,68.54054145272275,11155200
2022-01-13,68.73721313476562,68.8802513180412,68.46008518021418,68.68357722625528,14287300
2022-01-14,68.86235809326172,68.95175353455514,68.25445954385752,68.56734699860196,21391700
2022-01-18,67.87005615234375,68.37068292356403,67.65550571921237,68.35279974221582,16683800
2022-01-19,68.29914855957031,68.77295045277219,67.97731957165323,67.99519592856694,18518500
2022-01-20,67.85218048095703,68.81766767051263,67.78960298647299,68.23658703862627,15677800
2022-01-21,67.90580749511719,68.7729575340455,67.79852888128752,68.19187697822849,25270600
2022-01-24,67.68233489990234,68.08462470175685,66.25198707432688,67.63764057998723,35518900
2022-01-25,66.931396484375,67.32473782447758,66.12682380165404,67.0923110209192,28638500
2022-01-26,66.42182922363281,67.3247320485914,66.02848109684057,66.72577508856502,33222000
2022-01-27,66.86882019042969,67.92370287775863,66.60956860908898,66.94927404993075,23816500
2022-01-28,67.65550231933594,67.69126185980004,65.93908529966903,66.52016589644943,25111500
2022-01-31,67.91475677490234,67.9773342682802,67.09230777038331,67.2442807085245,15453000
2022-02-01,67.85218048095703,68.06673091626871,67.15488645086755,67.91475797544108,15620900
2022-02-02,68.66567993164062,68.77295854705048,67.8611141875878,67.92369167480156,13630400
2022-02-03,68.6835708618164,69.02327628496373,68.25446317218815,68.35280020896889,14414700
2022-02-04,67.84324645996094,68.54054056785264,67.45883985940063,68.2187114687586,17939500
2022-02-07,67.96839141845703,68.2991620604321,67.57504328426344,68.11142958377656,10949400
2022-02-08,68.22765350341797,68.41538600903546,67.86113008400368,68.12931645469888,11472900
2022-02-09,68.2455062866211,68.71037341457101,68.12929291485052,68.55840050830939,14899300
2022-02-10,67.5124740600586,68.1829501961257,67.27110565206625,67.87006269671491,19828500
2022-02-11,67.27111053466797,67.95946308333299,67.07443642921041,67.70915306563663,18498300
2022-02-14,67.08336639404297,67.52140884908708,66.18939830268381,67.27109887477616,23550800
2022-02-15,67.19957733154297,67.91475450663407,66.88668987510374,67.48564683749241,12300400
2022-02-16,67.32473754882812,67.56611276287393,66.67214463471875,67.16382301294277,13507700
2022-02-17,67.84324645996094,68.03097896435978,66.9582198476704,67.1548939438319,12873300
2022-02-18,67.96839141845703,68.22764297777233,67.56610851425732,67.78960053224274,16470100
2022-02-22,67.44095611572266,68.07567265268611,67.01184842374583,68.02202992841688,21545800
2022-02-23,66.89562225341797,67.70019475949145,66.80622682395071,67.66443522361773,15134300
2022-02-24,65.7424087524414,66.15363322158287,64.53555329424272,66.01059506513296,30125500
2022-02-25,67.86113739013672,67.95946762900617,66.10001873584265,66.12683669375586,21141600
2022-02-28,66.95821380615234,67.23534174186452,66.23409498830863,66.85093517598851,20975100
2022-03-01,66.56486511230469,67.32473664697054,66.20727650174562,66.77941555046594,18750300
2022-03-02,67.27111053466797,67.57505646460315,66.49335570502299,66.58275798600293,18935000
2022-03-03,67.8164291381836,68.21871210558844,67.5124763993413,67.56611912998181,19576500
2022-03-04,67.82536315917969,67.96839451057107,66.78835687474151,67.04760844585105,22078900
2022-03-07,66.59169006347656,67.75385146483076,66.51123619837348,67.45884031858046,20057300
2022-03-08,64.79481506347656,66.83306137152341,64.7501139274225,66.66320523904092,29710400
2022-03-09,65.23284912109375,65.82286448223358,64.9557212105913,65.80498812238355,18254000
2022-03-10,64.61602020263672,65.01830998364018,64.00812155572055,64.76799315925675,21892400
2022-03-11,63.865089416503906,65.20604169605244,63.775687141518546,64.84845305741896,14276500
2022-03-14,64.20479583740234,64.84845403253397,63.85614878511206,64.26737333857147,18438900
2022-03-15,65.64407348632812,65.72452733616389,64.63389205592591,64.7858649859056,17078100
2022-03-16,65.7155990600586,66.05530449365742,64.77692979661225,65.80499450885453,18783200
2022-03-17,66.17152404785156,66.28774428048476,65.51893107256933,65.67090403169684,14484600
2022-03-18,66.3235092163086,66.38608672341246,65.73348687466923,66.23410693150015,20278600
2022-03-21,66.40879821777344,67.00149668739866,66.04061234988619,66.48962385061859,17659100
2022-03-22,66.90271759033203,67.03742241884204,66.33696553223663,66.90271759033203,11667300
2022-03-23,66.36389923095703,67.1541569825607,66.30103789675415,66.98353042485077,14027800
2022-03-24,66.83086395263672,66.85780354397322,66.40879208470847,66.63329781434085,9458800
2022-03-25,67.38765716552734,67.52236200663752,66.92966344630187,66.99252479197024,12508400
2022-03-28,67.6660385131836,67.6660385131836,67.01946079166753,67.41459314401011,11602600
2022-03-29,68.2677001953125,68.39342970890537,67.65704432821973,68.19586356787958,16595100
2022-03-30,68.31261444091797,68.3215965899733,67.71094063028436,67.99830773770431,13367500
2022-03-31,68.15097045898438,68.56406025038227,68.03422992599333,68.23179609826457,12388500
2022-04-01,68.83346557617188,68.914284358988,68.01626134260317,68.2766888395194,12644000
2022-04-04,68.61795043945312,68.71672668018428,67.83666785227852,68.71672668018428,9618400
2022-04-05,68.6808090209961,69.39024123374766,68.30363411569616,68.30363411569616,12717200
2022-04-06,69.5518798828125,69.64168766555412,68.38445407226223,68.68080331201705,23849600
2022-04-07,70.3960189819336,70.5486812401444,69.58779695115365,69.7853630977189,18311500
2022-04-08,70.6923828125,70.90790644812864,70.27031083967145,70.58461756899925,13879400
2022-04-11,70.4050064086914,71.05158408179433,70.27030158489963,70.8180961773134,18229900
2022-04-12,70.4229507446289,70.90788390918101,70.17150544109167,70.41397544905305,19804800
2022-04-13,70.8180923461914,70.9168754215366,70.36009871062474,70.36908085875746,11715500
2022-04-14,70.80013275146484,71.29404816098966,70.75523571056297,70.93483757691452,12195600
2022-04-18,70.21642303466797,70.89891560570997,70.01885687149245,70.63849495574806,11426700
2022-04-19,71.28506469726562,71.38384777734834,70.18050022197261,70.24336155917325,12814100
2022-04-20,72.35371398925781,72.51535840588929,71.63529283725752,71.68019672852199,21659600
2022-04-21,72.29085540771484,73.04519147983237,72.23697621724133,72.49740372348347,18501800
2022-04-22,71.15933990478516,72.55127828170325,71.0964785694556,72.46147735285699,19747900
2022-04-25,71.47366333007812,71.68919383146114,70.20745417847613,71.38386238018853,30868200
2022-04-26,70.36909484863281,71.70714742881627,70.35113054879595,71.36590109701805,26864500
2022-04-27,70.62950897216797,71.36588754405783,70.33315974349516,70.52174374773105,29441700
2022-04-28,71.67121887207031,71.75204451091228,70.36010601481908,70.72829876139595,22128500
2022-04-29,69.72251892089844,71.41978217748238,69.6327179734644,71.31202378111077,27802900
2022-05-02,68.80652618408203,70.30622298152218,67.79175578770734,70.20743990131983,55145100
2022-05-03,68.60895538330078,69.2555330094859,68.15994390415793,68.68977416088819,47646900
2022-05-04,70.15355682373047,70.25233989845688,68.4293475157422,68.63589581327149,37161600
2022-05-05,68.82449340820312,69.9380401916171,68.31262048868943,69.7763957511721,32186100
2022-05-06,68.89633178710938,69.24656024016546,68.22281447717496,68.57304293023107,34046900
2022-05-09,68.86936950683594,69.48002527409442,68.04318333840143,68.36647208879535,33323800
2022-05-10,68.39344787597656,69.44413333993434,68.11505603450522,69.21962754756525,32510900
2022-05-11,68.09708404541016,69.24655236068199,68.04319800781383,68.47425205172655,30110100
2022-05-12,68.07913208007812,68.57304754783851,67.35173552880633,68.23180122098678,29049700
2022-05-13,69.10285186767578,69.15673789472312,68.00726980447679,68.42035947119842,15405300
2022-05-16,69.41716766357422,69.7314742845428,68.76160798152219,69.05795716045134,14613700
2022-05-17,68.94122314453125,69.35431975642962,68.24076629618743,69.17471104443646,20637000
2022-05-18,64.50498962402344,68.21382191120006,64.29844133258128,68.18688231913615,40188900
2022-05-19,63.35551452636719,64.16372960667734,62.93344269252444,64.14577216436025,38772000
2022-05-20,63.49022674560547,63.73269680530543,62.48444531684159,63.71473250757914,26185000
2022-05-23,64.80136108398438,65.03484219626672,64.00211408729155,64.1907049992196,17710900
2022-05-24,65.86101531982422,65.95979841561518,64.54092702869352,64.64868542310329,23272400
2022-05-25,65.87897491455078,66.0675589426717,65.32219812816582,65.73528793043627,16647300
2022-05-26,66.57942962646484,66.92067592536519,66.07653890148069,66.1842972846217,16580500
2022-05-27,67.35172271728516,67.35172271728516,66.56146497056277,66.6782054901123,16921300
2022-05-31,66.87577819824219,67.31580757809876,66.17532130950703,66.99251872924064,19212200
2022-06-01,66.00470733642578,67.01947111877705,65.56467787256753,66.96559191747255,17552000
2022-06-02,66.96556854248047,66.96556854248047,65.07073964244789,66.1573465481633,17618500
2022-06-03,66.29204559326172,66.94760527927008,66.12141906169026,66.68717783421856,9750300
2022-06-06,66.3189926147461,66.95658807869344,66.09448688019964,66.75004663967864,10924200
2022-06-07,66.66922760009766,66.75902853251519,65.45689788403112,65.45689788403112,9070200
2022-06-08,65.85203552246094,66.44472720534338,65.80713162694252,66.29206492277682,7896600
2022-06-09,64.86420440673828,66.42676251081458,64.8462401099418,65.78916700197524,9442200
2022-06-10,64.58580780029297,65.09768059886652,63.73268875312747,64.0649528539911,17720500
2022-06-13,63.19387435913086,64.06495082276358,62.93344689423698,63.62492151722546,22813000
2022-06-14,62.44853210449219,63.463295820756436,61.99952051920079,63.17592868022487,19864600
2022-06-15,62.51139831542969,63.39145725429577,61.810941284102995,62.88856643208658,20069400
2022-06-16,62.035438537597656,62.51138969316483,61.26313810923001,61.65827047296397,19017100
2022-06-17,61.81093978881836,62.484457202858266,61.532547932081265,62.143203994865715,24825300
2022-06-21,63.46030807495117,63.63221588178832,62.24792453970986,62.54649217419136,16147200
2022-06-22,63.41508102416992,63.8493719838252,62.89936439241588,63.14365521435342,15207200
2022-06-23,64.64557647705078,64.70890986849105,63.78605089281538,63.849384284255656,16570700
2022-06-24,65.91224670410156,65.93938859817504,64.98033819253095,65.21557944587023,13437000
2022-06-27,65.73126220703125,66.08412045346132,65.54126214378567,65.97554603039903,10936500
2022-06-28,64.85366821289062,66.33748484002201,64.79938442742667,65.92129304488235,11004000
2022-06-29,65.26079559326172,65.53222826460005,64.95317834170989,65.1069869674858,9230600
2022-06-30,65.30603790283203,65.59556286973047,64.53698785664741,64.92603767805653,12670700
2022-07-01,66.24700927734375,66.29224346409474,65.21557594105404,65.32414351151331,11664100
2022-07-05,65.8217544555664,66.02985376118893,64.76317944264846,65.8036621651217,12828700
2022-07-06,66.01174926757812,66.47318201929454,65.80365688148387,66.0660330373733,11768100
2022-07-07,66.07508850097656,66.18366295302785,65.68603867631751,65.95747135503584,8476300
2022-07-08,65.95747375488281,66.48223993799452,65.74937443991782,66.10223279339844,10732500
2022-07-11,65.86698150634766,66.31936460212526,65.64078995845885,65.87602419823408,7172500
2022-07-12,65.677001953125,66.5455839341487,65.44176761513465,65.95748428353059,11032200
2022-07-13,65.72222137451172,66.31032083123709,65.13412191778635,65.29698012268231,13851600
2022-07-14,65.77652740478516,65.8760522805081,64.86271813179614,64.88081042609979,10801700
2022-07-15,65.9936752319336,66.41891662046537,65.73129210065184,66.21081727399326,9300100
2022-07-18,65.35130310058594,66.21987832182238,65.23367900939974,66.11130383060949,8473600
2022-07-19,66.03889465332031,66.16556139143665,65.71317821164415,65.89413562525286,8729100
2022-07-20,65.59557342529297,66.17462345226988,65.25176462890693,66.11129007128244,10232000
2022-07-21,65.79461669921875,65.94842533752418,65.27890010392042,65.46890022820716,11944800
2022-07-22,66.2289047241211,66.4189117627002,65.83985485485722,65.93937972160987,9369800
2022-07-25,66.55462646484375,66.70844202738986,66.17462616335096,66.31034252897585,8157500
2022-07-26,66.40078735351562,66.50031218247673,65.73126233371916,65.94840427744435,9764200
2022-07-27,66.85318756103516,67.04318767333537,65.76747066137114,66.27413762750506,10995600
2022-07-28,67.92081451416016,68.05653085700656,66.78080689819828,66.89843094998113,9372000
2022-07-29,67.39604949951172,67.50462395622618,66.96176547829401,67.14271600333137,13198900
2022-08-01,68.23747253417969,68.4546214157157,67.27842246726226,67.30556435174951,13150400
2022-08-02,67.69461822509766,68.31890921729092,67.59509337408657,68.19224248015308,10632700
2022-08-03,68.1379623413086,68.27367869574778,67.43224558160951,67.71272098538209,12808400
2022-08-04,67.68557739257812,68.17415211457784,67.41415159334741,67.98415198427023,11983600
2022-08-05,67.5317611694336,67.5770022489709,66.89842747282883,67.35081065692354,7125700
2022-08-08,67.49557495117188,68.00224885079696,67.33271671608169,67.79414953264056,6966100
2022-08-09,67.39604949951172,67.69462407836144,67.26938275142155,67.59509921874486,8086200
2022-08-10,67.8936767578125,68.10176918039646,67.65843554275116,68.03843580358999,11262300
2022-08-11,67.7308120727539,68.40033726426563,67.57700344411819,68.18319526484933,8959500
2022-08-12,68.31890869140625,68.31890869140625,67.67652541434637,67.93890158009836,11094400
2022-08-15,68.99747467041016,69.06985072270774,68.17413408730594,68.28270851998013,10207200
2022-08-16,69.77558135986328,70.0289148260159,69.19653146499465,69.25081523550757,12312600
2022-08-17,69.57653045654297,69.84795620721553,69.40462264914363,69.48605520631878,9667600
2022-08-18,69.81177520751953,69.91129315589345,69.38653391656948,69.4679595750989,5777700
2022-08-19,69.5855941772461,69.9203533613086,69.45892051783643,69.59463687213066,6456500
2022-08-22,68.87984466552734,69.39556109604551,68.76222755078388,69.37746881024572,7113700
2022-08-23,68.58128356933594,68.68080840769471,68.28270905425963,68.62651773952355,10183400
2022-08-24,68.75320434570312,68.89797029893802,68.46367934205391,68.69892056465032,8061900
2022-08-25,69.06986236572266,69.06986236572266,68.45462785198194,68.78033739927186,6105000
2022-08-26,67.35987091064453,69.1875033164123,67.27844522963399,69.10607073258039,11212500
2022-08-29,67.25128936767578,67.63128960577392,66.78985656265951,66.96176439062674,13214300
2022-08-30,66.55462646484375,67.37796735423254,66.38272551101859,67.37796735423254,10316700
2022-08-31,66.14746856689453,66.88032710333333,66.14746856689453,66.76270996255286,10397800
2022-09-01,66.5184326171875,66.66319857614418,65.66795676818997,65.92129029354331,15968200
2022-09-02,65.64984130859375,67.28747302520465,65.44174892266993,67.02508996671098,15846700
2022-09-06,65.27890014648438,66.2108084769451,65.18842488288219,65.68604228410426,21871800
2022-09-07,66.4551010131836,66.53653359297985,65.43271728628667,65.48700107093681,19632300
2022-09-08,66.28318786621094,66.53652135173189,65.50508821621382,66.12937233329912,14843900
2022-09-09,66.93460845947266,67.37794197757418,66.21079271729921,66.45507656116212,18139000
2022-09-12,67.19700622558594,67.42319785498822,66.89843852091869,66.98891379211545,8680000
2022-09-13,64.95317077636719,66.72651182152298,64.77221338227858,66.63603657588806,12940800
2022-09-14,64.92603302001953,65.23365025529588,64.54602591968747,65.15222459989423,12291500
2022-09-15,64.3831787109375,64.95317904352329,64.2112708903778,64.88984567323598,11234700
2022-09-16,64.5369873046875,64.60937027149797,64.14793748660577,64.156987083162,13452600
2022-09-19,64.96590423583984,65.01143961064714,64.29202376457265,64.29202376457265,9370400
2022-09-20,64.61074829101562,64.7564559271376,64.10989392422195,64.53790142067713,9169900
2022-09-21,64.36487579345703,65.63978982762191,64.32844888416975,65.0023293366782,14189700
2022-09-22,64.27381134033203,64.71092035188829,64.15542214942192,64.41951202827663,10428400
2022-09-23,63.18102264404297,63.918655364568316,62.525359150285865,63.918655364568316,15909500
2022-09-26,63.226566314697266,63.77295610507592,62.92604949828591,63.044438700478764,11638000
2022-09-27,62.1337776184082,63.88222747019728,62.01538843358401,63.5361753271384,17159300
2022-09-28,62.88051986694336,63.19013819474263,61.86969564758435,62.416085427521466,14259200
2022-09-29,61.84237289428711,62.86229855975333,61.45989382201476,62.73480785157005,13508200
2022-09-30,60.76780319213867,62.0973541072102,60.72226781891275,61.99718184429116,13427400
2022-10-03,61.81504821777344,61.96986432040888,60.86796941192369,61.20491311472452,12703300
2022-10-04,62.753028869628906,63.08085717794871,62.179313697692585,62.18842216250571,13366400
2022-10-05,62.388755798339844,62.72569251258615,61.733085400846186,62.42518270350302,10596100
2022-10-06,61.478118896484375,62.47983471396434,61.34151970598178,62.37055397201757,10607000
2022-10-07,60.55834197998047,61.43256683498743,60.3215705772531,61.35971302680647,13741600
2022-10-10,60.776912689208984,61.03189413822173,60.26694979118351,60.66763889547404,11799000
2022-10-11,61.27777862548828,61.833276944019445,60.713171840894205,60.813344124414506,10783400
2022-10-12,61.605594635009766,62.306793452350824,61.59648617179912,61.878786001833326,10963200
2022-10-13,62.62552261352539,62.86229403212205,60.73137210791819,61.01367194888827,18475600
2022-10-14,61.4963264465332,63.071757412248,61.39615417397614,62.99890358716592,11611200
2022-10-17,62.16109085083008,62.4707091131675,62.015383234867855,62.14287392497403,9105200
2022-10-18,62.97157669067383,63.39958417095047,62.598206098016426,63.08995892975625,11000700
2022-10-19,62.680179595947266,63.39959551849451,62.42519814445679,63.06265177318297,8985300
2022-10-20,61.80594253540039,62.853186587350194,61.751298700855735,62.70748590658274,10023200
2022-10-21,62.753028869628906,62.90783803283717,61.5691785619497,61.76952310150061,9613300
2022-10-24,63.882232666015625,64.00972337717866,63.06264456016569,63.19924373576112,11076000
2022-10-25,64.72003173828125,64.80199402397535,63.66367912288857,64.02793433305811,10619600
2022-10-26,65.14803314208984,65.61246752353347,64.66538878093488,64.86573329637025,9483700
2022-10-27,65.20267486572266,65.63068237177136,65.10250260057413,65.21178333011507,9988200
2022-10-28,66.63240051269531,66.75078971095888,65.293741054677,65.32106644885367,9545400
2022-10-31,66.24082946777344,66.65062706692622,66.06781029934012,66.44117403432939,9201000
2022-11-01,66.03136444091797,66.7234548115636,65.79459302584345,66.40472806880287,9535200
2022-11-02,64.88394165039062,66.55043613496971,64.8475147441585,65.89476571823552,16291600
2022-11-03,64.66539001464844,64.95679832964437,64.19184716045363,64.33755479181274,10624500
2022-11-04,65.43034362792969,65.79460581089104,64.57433548785227,65.43945209312761,11938600
2022-11-07,66.0131607055664,66.13154991062251,65.43945245395213,65.56694317653309,7133600
2022-11-08,66.20439147949219,66.61418901011155,65.52140254284933,66.2134999440098,9091700
2022-11-09,65.48497772216797,66.45026645774121,65.43033388683887,66.040468957523,9465200
2022-11-10,67.02398681640625,67.19701292227465,65.91299024809577,66.88738762481138,19286100
2022-11-11,66.95113372802734,67.27896901238998,65.90388945891051,67.20612213076106,14289300
2022-11-14,66.4229507446289,67.48841178309802,66.38652383548605,66.88737820382467,14803000
2022-11-15,66.97844696044922,67.47930131390622,66.43205028726368,67.2607468132654,15064200
2022-11-16,67.30628967285156,67.64322645138036,67.03309130586646,67.06951821797935,9748600
2022-11-17,67.28807067871094,67.32449758970634,66.7143624629098,66.7143624629098,7827000
2022-11-18,68.0074691772461,68.08942449527167,67.55214332762546,67.8344431311195,9070800
2022-11-21,68.65404510498047,68.75421736822217,67.99837463566116,68.13497380805644,8054900
2022-11-22,69.1549072265625,69.218652581393,68.89992580724049,69.164008743165,6307100
2022-11-23,69.3917007446289,69.52829997575613,69.11850923009996,69.20957306827627,6286400
2022-11-25,69.43721008300781,69.49184697586738,69.300610903136,69.48274545887271,2978000
2022-11-28,69.17310333251953,69.55557538478502,69.07293108820411,69.18221179501762,8698300
2022-11-29,68.90904235839844,69.13670538213918,68.55388859718079,68.99100465976164,7755100
2022-11-30,70.29322814941406,70.31143813190961,68.4992426476436,68.86350482706332,11704200
2022-12-01,69.97447967529297,70.24767798929915,69.68307138262318,70.16572266373034,10215700
2022-12-02,70.29322814941406,70.38429195733819,69.38257617472637,69.46453151754113,6087200
2022-12-05,69.40989685058594,69.61934292076293,69.2095522980873,69.53738757531717,8632900
2022-12-06,68.98188781738281,69.74683214936148,68.64494408197892,69.48274918788546,8136300
2022-12-07,69.27330017089844,69.41900783171364,68.98189179699172,69.10938252634318,7298700
2022-12-08,69.64665985107422,69.65576136764625,69.07294471179814,69.16400851157643,7803400
2022-12-09,69.10936737060547,69.61022866016386,69.10025890687109,69.30971188642883,9761700
2022-12-12,69.83787536621094,69.84697688010498,69.01828751391228,69.23684195861841,6996800
2022-12-13,69.73771667480469,70.68479538274971,69.30060075278318,70.52997929611847,11349000
2022-12-14,69.69219970703125,70.366080273178,69.28240906695962,69.8470088868162,13820200
2022-12-15,68.50834655761719,69.24597238479788,67.99837676124832,69.1093732081326,11281000
2022-12-16,68.17139434814453,68.38994883492451,67.57946928821526,68.15317742140844,14561500
2022-12-19,68.12828826904297,68.73363184052596,67.72472588805431,68.15580261364777,8093900
2022-12-20,68.07327270507812,68.33925641678289,67.6972245961882,68.00907022277323,7368900
2022-12-21,68.75198364257812,69.01796734647598,68.3575949778393,68.40345689137344,7953100
2022-12-22,68.59606170654297,68.63274983645664,67.83479875531134,68.50434488053145,6888300
2022-12-23,68.95375061035156,68.99961251440409,68.4034427494418,68.6327382746162,4874700
2022-12-27,69.283935546875,69.42151425914625,68.8987207505507,69.0454662454411,4839700
2022-12-28,68.42179107666016,69.57744261398845,68.42179107666016,69.48572579302,5028900
2022-12-29,68.71528625488281,68.96292935853528,68.5868813113388,68.69694569046707,5574800
2022-12-30,68.37592315673828,68.63273300561102,67.88064402067934,68.57769732546431,6249900
2023-01-03,68.1191177368164,68.44013709929959,67.43123109871486,68.41261575583795,14433300
2023-01-04,68.38509368896484,68.80699660632719,67.95401699148437,68.3117244406517,12197300
2023-01-05,67.69721221923828,68.3208963608356,67.55964049484102,68.25669389026872,9848200
2023-01-06,69.50406646728516,69.7792239281673,68.51350800516332,68.5685436958667,9982400
2023-01-09,68.82535552978516,69.93514519081263,68.82535552978516,69.45821350908695,11081800
2023-01-10,68.73363494873047,69.0179591858966,68.50433940326238,68.9078948049558,8427900
2023-01-11,68.77031707763672,69.16470566134548,68.1649735315769,68.96292447932554,9848300
2023-01-12,68.22918701171875,68.92624748097035,68.0640939268314,68.91707369915848,9841300
2023-01-13,68.5501937866211,68.56854134874247,67.99988588123894,68.04574778899773,9274200
2023-01-17,68.59606170654297,69.17388400820629,68.49517109866672,68.66026418450556,9006800
2023-01-18,66.72500610351562,68.47682749199652,66.62411550011909,68.43096558225447,16069900
2023-01-19,66.0921401977539,66.76168621282358,66.07379963458702,66.4590144389889,12421500
2023-01-20,66.60577392578125,66.63328827219169,65.67024416255686,66.13800904416905,12349600
2023-01-23,66.81671142578125,67.15607130584907,66.54156100731936,66.73416839950582,12000200
2023-01-24,67.09187316894531,67.27530679308398,66.40398658210898,66.79837517179692,13465600
2023-01-25,67.25697326660156,67.25697326660156,66.35813162017261,66.68831777620407,11606800
2023-01-26,67.01850128173828,67.23862304453873,66.79837951893784,67.18359435322478,8081500
2023-01-27,66.82588958740234,67.12856136534586,66.50487724604295,66.97263508736197,10341700
2023-01-30,66.90843200683594,67.41288496545909,66.68831026013864,66.68831026013864,10463100
2023-01-31,67.63302612304688,67.64219990607589,66.83508193817764,67.03685618199256,8002700
2023-02-01,68.17415618896484,68.47682800140609,67.2844883146924,67.577986345608,15447600
2023-02-02,67.58715057373047,68.0273940591032,67.2844788040717,67.71555550675953,12238800
2023-02-03,67.32118225097656,67.80728775059647,66.82590296903957,67.78894718350797,12874800
2023-02-06,67.40371704101562,67.53212198754007,67.16525471035297,67.21110962122897,7208900
2023-02-07,67.11940002441406,67.2478049847557,66.44985387616507,66.91761880172133,9268200
2023-02-08,66.60577392578125,66.87175760365702,66.48653576127616,66.75251943915192,8933500
2023-02-09,66.3122787475586,67.19277285820723,66.22972870723942,66.95430351650703,8341500
2023-02-10,66.92677307128906,66.98180175323591,66.17468409532704,66.31226279773763,8197200
2023-02-13,67.68804168701172,67.71555603036727,67.09187192331325,67.12856004696867,7440500
2023-02-14,67.07352447509766,67.66969423979502,66.84422895002514,67.64217989639339,9344700
2023-02-15,67.20193481445312,67.22028237655934,66.6608006905792,66.93595814181504,9006000
2023-02-16,66.71583557128906,67.11939800452974,66.32144691995256,66.60577817862001,8355100
2023-02-17,67.5779800415039,67.60549438596912,66.52321918588967,66.52321918588967,11116000
2023-02-21,67.32118225097656,67.6788827883401,66.963481713613,67.30283468634244,8974700
2023-02-22,67.22028350830078,67.88065580434933,67.05519043428865,67.41289092839081,8851000
2023-02-23,67.13773345947266,67.46791960743275,66.72500427329493,67.28448596858593,12700000
2023-02-24,66.68830108642578,66.79836544340594,66.28473877504173,66.64244618584145,11340600
2023-02-27,66.61493682861328,67.19276605974818,66.46819132379191,67.0093254317909,10162300
2023-02-28,66.06463623046875,66.45902487716957,66.0371218826249,66.33979370399778,9757300
2023-03-01,65.57852172851562,65.93622219632216,65.05572819883342,65.86284594714537,10475000
2023-03-02,66.47736358642578,66.60576852429126,65.52349333546485,65.5876958043976,9876000
2023-03-03,66.53239440917969,66.59659688017207,65.91788404431759,66.47736571905607,12384300
2023-03-06,66.7066650390625,66.80754864415928,66.32144319372831,66.3489575403497,8356000
2023-03-07,66.04627990722656,66.93594759549728,65.93621554456485,66.71581887017386,10059400
2023-03-08,66.1563491821289,66.22972543711293,65.75279377480642,65.98208932347288,11170800
2023-03-09,65.54183959960938,66.52322428010594,65.34923217605902,66.4131668938171,15612700
2023-03-10,65.22081756591797,65.92704468098978,64.98234826837492,65.67023482096367,19026300
2023-03-13,65.55101776123047,66.56909063770127,65.11994097600738,65.15662910640354,29831400
2023-03-14,66.14717102050781,66.18385914168914,65.51431317583129,65.74360868505686,19139200
2023-03-15,66.57825469970703,66.66080473910918,65.56935564647625,65.71610816206005,21438000
2023-03-16,66.6241226196289,66.68832510160154,66.15635768094509,66.53240578788883,15712500
2023-03-17,66.13800048828125,66.64245343236419,65.84450250196316,66.53238906341592,13283900
2023-03-20,67.05499267578125,67.11950379296012,66.36379912121436,66.39144573840753,14130900
2023-03-21,66.99968719482422,67.30381402264409,66.52968067675775,67.15636306536359,12499700
2023-03-22,66.38223266601562,67.40519976339888,66.37301478255512,67.11950865678759,11942200
2023-03-23,66.12417602539062,66.79694077065896,65.8753494671692,66.5573250630202,12160300
2023-03-24,67.24851989746094,67.31303100875947,66.22555296745296,66.2992819607038,12352500
2023-03-27,67.60794830322266,67.91207516456794,67.46970818159438,67.47892606468551,10865500
2023-03-28,67.72775268554688,68.09639066630703,67.635594948153,67.70932395054197,11593400
2023-03-29,68.10560607910156,68.17933507881627,67.93050146257526,68.10560607910156,9483400
2023-03-30,68.29913330078125,68.47423790159361,68.08716420341977,68.2806975369148,10737800
2023-03-31,68.85208892822266,68.87973554373862,68.52953336189638,68.64933770619356,10338700
2023-04-03,69.21149444580078,69.35895240580602,68.64011242873678,68.89815682756344,9607700
2023-04-04,69.07327270507812,69.47877517157112,68.92582173710711,69.18386620444468,7272900
2023-04-05,69.39582824707031,69.6999480347574,69.26680602655247,69.26680602655247,12409900
2023-04-06,69.45113372802734,69.5709380878772,69.03642037908293,69.33132936817749,8616800
2023-04-10,69.45113372802734,69.46956246370235,68.78758674476833,69.21151797714272,9423400
2023-04-11,69.65387725830078,69.84741060177582,69.52485502931742,69.58014826140054,12944300
2023-04-12,69.34054565429688,69.87507043616412,69.24838790633005,69.64467255065432,10386400
2023-04-13,69.72759246826172,69.76444992824004,69.04560992855615,69.36816543723702,12919000
2023-04-14,69.28523254394531,69.84740378587928,69.09169921935576,69.54327697673136,8789700
2023-04-17,69.72759246826172,69.73680331766492,69.3405188266619,69.42346568957,9683400
2023-04-18,69.93958282470703,70.00409395256627,69.49722281401104,69.71840281935904,7233100
2023-04-19,69.89347839355469,70.0962295975139,69.68151633936705,70.02250763976967,6283600
2023-04-20,70.05938720703125,70.28057424359933,69.60780931194621,69.64467381804089,7329500
2023-04-21,70.56624603271484,70.93488396142232,70.41879507994206,70.52938153672572,10431000
2023-04-24,70.85195922851562,70.89804162069844,70.56626808430259,70.56626808430259,8723100
2023-04-25,70.75979614257812,71.30353879837597,70.6768562803228,70.83352515203975,12179700
2023-04-26,70.20683288574219,70.70449308372989,70.16996838613002,70.42801285223082,8778800
2023-04-27,70.99018096923828,71.06390996514175,70.19761184123614,70.24369422147183,11287800
2023-04-28,71.3680191040039,71.49704129925162,70.99938124707516,71.17448581113234,9757600
2023-05-01,71.42334747314453,71.71825649759266,71.2298140850241,71.24824282290834,10860800
2023-05-02,71.22979736328125,71.39568409003925,70.51095722439128,71.35881959173923,19136000
2023-05-03,70.64920043945312,71.31274034445607,70.63076467390101,71.01783137628217,11656600
2023-05-04,70.47409057617188,70.8335106346522,70.24369274221351,70.72291714312598,11682600
2023-05-05,71.12841796875,71.18371119766793,70.50173559333963,70.58467543671654,10479400
2023-05-08,70.91645050048828,71.00861525904548,70.67684181555447,70.87959303448608,8069200
2023-05-09,70.69526672363281,70.9256645451925,70.56624450605406,70.9256645451925,6939500
2023-05-10,70.58467102050781,71.0178200364212,70.09622877913597,70.71370026521637,12259100
2023-05-11,70.7966537475586,70.84273613177731,70.17918917366175,70.56625588883428,11790600
2023-05-12,71.07312774658203,71.10077436221059,70.7229185321295,70.8703765237272,7012000
2023-05-15,70.89803314208984,71.27588199429616,70.5846883813281,71.18372425213742,8652200
2023-05-16,70.29898834228516,70.79664852415426,70.19761272943123,70.79664852415426,11310700
2023-05-17,70.26212310791016,70.49252094722233,69.82897404501381,70.48331009610237,10891300
2023-05-18,69.92115020751953,70.09624781274427,69.49721895779801,70.00409006822832,10765300
2023-05-19,69.96721649169922,70.15153898801566,69.65387879473772,70.06859210687719,10457600
2023-05-22,68.90738677978516,69.90270719220439,68.87052931074842,69.78290283987381,14575700
2023-05-23,68.40052032470703,68.77836917282775,68.30836258354478,68.72307593436739,13700400
2023-05-24,67.95816802978516,68.47426414811116,67.9028747793592,68.42818175196521,11901800
2023-05-25,67.44206237792969,67.68167812289997,66.93518426956653,67.3591154914772,17725000
2023-05-26,67.67245483398438,67.78304833002518,67.14714803236289,67.37754587572643,15531000
2023-05-30,66.8983154296875,67.44205800441479,66.67713546546528,67.27617127345206,22766900
2023-05-31,66.97203826904297,67.3406761963009,66.6402648376292,66.98125615079992,22328600
2023-06-01,66.91674041748047,67.02733389737186,66.5757491278694,66.9536049107776,13836100
2023-06-02,67.83834838867188,67.88443077445528,66.92597480587646,66.94440354147889,14719800
2023-06-05,67.5895004272461,68.22540065409318,67.46969609326503,67.73695840554593,9629600
2023-06-06,67.24851989746094,67.78304455175378,66.86145322966975,67.65402232915672,10796900
2023-06-07,67.02735137939453,67.21166686277004,66.61263099502214,66.8153822454462,13595100
2023-06-08,67.48814392089844,67.50657265588869,66.944401317693,67.10107017425648,8881300
2023-06-09,67.37755584716797,67.5895179569683,67.11951134940136,67.25775148211497,8756200
2023-06-12,67.3591079711914,67.52499469439127,67.01812367380232,67.46048358154599,11357600
2023-06-13,67.63558959960938,67.73696521208137,67.17479391789453,67.26695164800068,8401800
2023-06-14,68.05030822753906,68.28070608643162,67.74618839750121,67.94893963831622,13849900
2023-06-15,68.73228454589844,68.89817127008646,68.16089537787659,68.28991760433571,16251200
2023-06-16,68.81522369384766,69.16543290312514,68.75071258127295,68.94424591899707,12672900
2023-06-20,68.29176330566406,68.94145105660765,68.27319675217116,68.72798525889708,9731800
2023-06-21,68.5330810546875,68.75583724012007,67.9947713092247,68.25464644449633,13633500
2023-06-22,68.93216705322266,69.0342618531612,68.6630157600014,68.88576483211034,17247600
2023-06-23,68.47738647460938,69.04354597902662,68.44026044862369,69.04354597902662,9706900
2023-06-26,68.5701904296875,68.59804025690154,67.99475479309432,68.4773789155013,8955400
2023-06-27,68.7743911743164,68.83935995290018,68.3660190293894,68.38457850281372,8965400
2023-06-28,68.31031799316406,68.50522430479455,67.93906484103056,68.45882208644343,12800400
2023-06-29,68.24535369873047,68.35673177599512,67.75344624934269,67.9761953228066,10018000
2023-06-30,68.83936309814453,68.9414579093074,68.34745559766858,68.40314110155157,14266200
2023-07-03,69.377685546875,69.377685546875,68.55165079380558,68.73727387588559,12817100
2023-07-05,69.25701904296875,69.32198781835069,69.00642013716308,69.0899554661201,17579200
2023-07-06,69.08067321777344,69.1177992444109,68.72798658631588,68.94145238814934,14881300
2023-07-07,68.1803970336914,68.91362024018365,68.13399480405516,68.91362024018365,16405400
2023-07-10,68.16183471679688,68.8300891090896,68.07829937722711,68.28248900610171,11953600
2023-07-11,68.263916015625,68.36601080984849,67.85553683873103,68.21750671604525,9812500
2023-07-12,68.42169952392578,68.60732256884899,68.27319542313501,68.38457349872809,12680900
2023-07-13,68.70942687988281,68.83008824874577,68.26392867796707,68.54236328389784,10581500
2023-07-14,68.94145202636719,69.06211338257214,68.52379662075217,68.72798622565391,12475600
2023-07-17,68.73726654052734,68.96929890889916,68.48667469835479,68.6815810380592,9496300
2023-07-18,68.66302490234375,69.2477439498834,68.44955199739458,68.67230109916211,10124100
2023-07-19,69.35912322998047,69.43336821113121,68.83936587552688,68.88577518467919,14718700
2023-07-20,69.95311737060547,70.04592889697086,69.27557977411351,69.4240838811506,16106300
2023-07-21,70.1944351196289,70.38934147485202,69.98096928912733,70.06449754948017,13836800
2023-07-24,70.46358489990234,70.56567970408425,70.11089826431574,70.17586704142552,10692500
2023-07-25,70.44502258300781,70.4635820552618,70.08305268499963,70.38005380852084,8576600
2023-07-26,70.52854919433594,70.73273878972178,70.14801983289746,70.25939082596962,10506500
2023-07-27,69.90670776367188,70.82555390851529,69.90670776367188,70.65849032935598,10008500
2023-07-28,70.6306381225586,70.90907974423057,70.33363703060529,70.51926713874147,9672400
2023-07-31,70.30580139160156,70.75130661509826,70.03664301839433,70.53783373942863,10057100
2023-08-01,69.92527770996094,70.51000386513252,69.86959220225567,70.21300268892682,9376700
2023-08-02,70.17585754394531,70.61207945167305,69.64682412163107,69.64682412163107,11509700
2023-08-03,69.98095703125,70.31508417626856,69.94383100612957,70.13873732721285,8774900
2023-08-04,69.28486633300781,70.24083855387919,69.21989755336799,70.07377496608164,10022800
2023-08-07,69.85102081298828,69.9252657835766,69.39623230740831,69.41479886085443,8875600
2023-08-08,69.3498306274414,69.87886410774065,69.16420049685762,69.80461205550715,11413600
2023-08-09,69.45191955566406,69.81388942835997,69.27557271678893,69.3869507857203,11912200
2023-08-10,69.31270599365234,70.10161459155074,69.21989446702881,69.67467590423003,10357700
2023-08-11,69.42408752441406,69.60042730944268,69.17348860090435,69.34055218955551,7472500
2023-08-14,69.08067321777344,69.70251823155344,68.96001894200084,69.51689517943169,11483800
2023-08-15,68.33817291259766,68.99714401150294,68.31033016041472,68.88577300277123,13257500
2023-08-16,68.1803970336914,68.81152542149064,68.0968687717062,68.61661906245851,14814900
2023-08-17,67.52141571044922,68.37529308252081,67.41932090715092,68.19895330678649,11798000
2023-08-18,67.77202606201172,67.91124693011035,67.34508725929209,67.41005605359578,12334500
2023-08-21,67.3172378540039,67.72561713847925,67.02951994779635,67.5956795627038,12005400
2023-08-22,66.93668365478516,67.17799215996105,66.84386506549454,67.10374720201841,11496100
2023-08-23,67.3822021484375,67.3822021484375,67.05735823066141,67.16873632292734,10796800
2023-08-24,66.84387969970703,67.7534496740134,66.82532022642417,67.15016411686724,13797500
2023-08-25,67.21513366699219,67.38219725271978,66.79747824320611,67.12232213738038,13088500
2023-08-28,67.52141571044922,67.64206998659013,67.28938335405591,67.4378874610591,6914800
2023-08-29,67.76272583007812,67.79985185380805,67.17799980766306,67.55853624009603,9502800
2023-08-30,67.87409210205078,68.0875649533924,67.68846907736942,67.84624935645503,9679300
2023-08-31,67.53070831298828,67.86483551882084,67.52142503475223,67.6235198521492,7731300
2023-09-01,66.95525360107422,67.79057146794993,66.73250453026246,67.75344544263709,8346400
2023-09-05,66.37982940673828,67.08520992295264,66.37982940673828,66.83461803329435,8634200
2023-09-06,66.30558013916016,66.45407719132393,66.09210721790788,66.30558013916016,9050100
2023-09-07,66.4633560180664,66.7046716778689,66.19419760541486,66.42622998724553,10149000
2023-09-08,66.54686737060547,66.55615064621888,66.2869923019461,66.49118187905404,8323000
2023-09-11,67.122314453125,67.17799994830396,66.63969030575555,66.63969030575555,8450700
2023-09-12,66.54686737060547,67.17799557209158,66.49118187905404,67.15943610192929,13300200
2023-09-13,66.75106048583984,66.91812405041382,66.51902815065736,66.65824896797984,7863700
2023-09-14,67.42860412597656,67.47500634857587,66.90884683297907,66.93669666381733,9356000
2023-09-15,66.87173461914062,67.53070572733866,66.81604203292322,67.28939006990664,10891600
2023-09-18,66.84837341308594,67.11935592976495,66.56804470505794,67.0913244847732,6841200
2023-09-19,66.68951416015625,66.81098611390385,66.35312261079687,66.73623085203418,7733500
2023-09-20,66.75493621826172,67.2034536186242,66.5587089644712,66.87640819563998,10841700
2023-09-21,65.895263671875,66.77362033207432,65.88592460927467,66.69886505693918,11869900
2023-09-22,65.54017639160156,66.08214135660819,65.5027987599748,65.9139455788149,12243000
2023-09-25,65.30656433105469,65.47476009027962,65.0075504401052,65.3345957694166,9137600
2023-09-26,64.82067108154297,65.2131254867058,64.75526201401583,65.02623734444707,11541000
2023-09-27,64.28804779052734,64.93279223067591,63.95165628738323,64.72721885330415,14182700
2023-09-28,64.48429870605469,64.65249451951405,64.21331616608927,64.38151197954863,12094400
2023-09-29,64.29739379882812,64.79263491835195,63.951663198660746,64.68985534761183,11797500
2023-10-02,63.85823440551758,64.23200368516235,63.43774842157724,64.1479093399967,12642500
2023-10-03,63.40034866333008,63.99837645051575,63.35363197533175,63.671331118313205,15396200
2023-10-04,63.90494155883789,63.951665379993976,63.19478082577973,63.55920381782377,15125900
2023-10-05,62.64348220825195,63.85822324344728,62.615450764763146,63.78347510382873,15757300
2023-10-06,62.29773712158203,62.51265671151543,60.90545426905197,62.372492381476604,28723400
2023-10-09,62.35381317138672,62.38184461429916,61.62496001038992,62.06413829349727,15662900
2023-10-10,62.98920440673828,63.29755733793822,62.67149815794802,62.86772534291273,18809600
2023-10-11,62.559383392333984,63.38167712437931,62.279061816545436,63.26954421663083,18293200
2023-10-12,61.87725830078125,62.77430013441771,61.662338686394754,62.746268691031375,15185000
2023-10-13,62.41922378540039,62.51266430709508,61.87725877889442,61.98938455330612,15641000
2023-10-16,63.06397247314453,63.26019972017011,62.52201456047856,62.78365088984599,16172800
2023-10-17,63.334957122802734,63.45643622913166,62.81168444647978,62.81168444647978,13192200
2023-10-18,63.56855392456055,64.05445602992697,63.465767214927446,63.596585367359644,16617700
2023-10-19,63.101348876953125,63.77413207021077,63.082663623387155,63.521841937266736,18237000
2023-10-20,62.8583869934082,63.521831010285254,62.8583869934082,63.24150235163146,14730500
2023-10-23,62.73691940307617,63.19478292357731,62.55937743165445,62.78364322578329,13777300
2023-10-24,63.26955032348633,63.38168324205802,62.811686715166225,62.83037197040028,12055600
2023-10-25,63.484458923339844,63.76478047741451,62.99855682312313,63.16675260718976,11351100
2023-10-26,63.07331085205078,63.74609397512136,63.054625600434115,63.51248912011376,13662200
2023-10-27,62.213653564453125,63.21348216909602,62.02676538238354,62.96118490556588,17587700
2023-10-30,63.185455322265625,63.297581110611944,62.44726298974424,62.44726298974424,12224000
2023-10-31,63.40969467163086,63.475103737884744,62.923792640270406,63.24149891139894,8586400
2023-11-01,63.34429931640625,63.58725038467384,62.98922246974985,63.45643222385016,18709400
2023-11-02,64.16657257080078,64.26001307637462,63.32559376252907,63.56854478026392,21175900
2023-11-03,64.24134826660156,64.79265241523358,64.24134826660156,64.5403622570075,17201100
2023-11-06,64.3441162109375,64.62444486407199,64.21329807388908,64.26001476337564,14663200
2023-11-07,64.50296783447266,64.77395030668788,64.28805537209597,64.36280350345733,12567700
2023-11-08,64.25067138671875,64.71788102452113,64.07312944305679,64.62444052277132,10481700
2023-11-09,63.98904800415039,64.38150246788949,63.83953746802802,64.32543245231622,10336900
2023-11-10,64.43755340576172,64.50296247092278,63.79280181413601,64.13853951801784,9266200
2023-11-13,64.64314270019531,64.8300237526352,64.32543635618129,64.38150637515739,8540800
2023-11-14,65.30656433105469,65.52148390691846,64.94214137424294,64.97017281260483,13606200
2023-11-15,65.82984924316406,65.96066739950071,65.61493675592021,65.78313254678945,10618900
2023-11-16,65.01690673828125,65.42804644660367,64.88608858621667,65.14772489034583,16536300
2023-11-17,64.93280792236328,65.14772754038582,64.699203051452,65.1010037145816,10761100
2023-11-20,64.88609313964844,64.99821891839825,64.61511062591123,64.66182732403861,11651300
2023-11-21,65.08230590820312,65.12902259594144,64.5964038781608,64.87673252080472,11681400
2023-11-22,65.54952239990234,65.5869000314254,65.22247703539342,65.22247703539342,8862100
2023-11-24,65.79247283935547,65.84853572160087,65.5588679912607,65.5588679912607,4500800
2023-11-27,65.60558319091797,65.84853422354456,65.56820556058665,65.72705514270424,11746800
2023-11-28,65.90460205078125,66.0727978353686,65.57755667215433,65.58690286270212,8562300
2023-11-29,65.37197875976562,65.97000659072434,65.28788443778116,65.97000659072434,9873800
2023-11-30,66.02608489990234,66.06345540611203,65.00756394384142,65.4373960558026,11803600
2023-12-01,66.29705047607422,66.32508904516776,65.78312410755545,65.97935131688668,13490300
2023-12-04,66.38115692138672,66.60541558763627,65.93263245983316,65.93263245983316,11386300
2023-12-05,65.85787963867188,66.43721507935729,65.77377818915221,66.27836549910832,11565900
2023-12-06,65.68968200683594,65.84853158258262,65.41869954459256,65.70836725672518,11008700
2023-12-07,65.97001647949219,66.18493610520308,65.64297107432792,65.87657595359599,8460000
2023-12-08,65.51215362548828,65.90460811595803,65.4187130985748,65.84854522562098,8191300
2023-12-11,66.1382064819336,66.16623792434049,65.77378347253477,65.87657018072977,16192800
2023-12-12,66.35313415527344,66.35313415527344,65.97936490994884,66.27837888039744,8764500
2023-12-13,67.55852508544922,67.57721033655854,66.17558124457041,66.34377702077116,14052700
2023-12-14,66.56803894042969,67.71737798894833,66.5213222458407,67.61459128017616,16056700
2023-12-15,66.56803894042969,66.75492710594936,66.30640263775672,66.47459842219713,17434600
2023-12-18,67.26099395751953,67.50577962879136,66.71492035280603,66.8561472758319,11816000
2023-12-19,67.39279174804688,67.46811371789617,67.11033795266123,67.13858189558012,8283200
2023-12-20,66.0841064453125,67.10092435812578,66.0841064453125,66.95028759378627,16705400
2023-12-21,66.54544830322266,66.61135324172086,66.01820879523693,66.44188237371124,10971900
2023-12-22,67.05384826660156,67.17624107699693,66.6490016684037,66.71490659447785,7831800
2023-12-26,67.33631134033203,67.50578221784285,66.91263773810498,66.91263773810498,6915800
2023-12-27,67.64698791503906,67.64698791503906,67.260975427088,67.35512428880062,7566700
2023-12-28,67.67524719238281,67.75998621529685,67.45870547967904,67.55285436272848,6466000
2023-12-29,67.81648254394531,67.85414353846947,67.51520177085231,67.58110671549453,10412700
2024-01-02,68.5790786743164,68.69206162616621,67.57167069872494,67.57167069872494,12912000
2024-01-03,68.04242706298828,68.81445933112735,67.93886832863309,68.70148355434034,13979700
2024-01-04,67.94828033447266,68.40962204792264,67.80705342592876,67.99535836502027,10865000
2024-01-05,67.79764556884766,68.24015320990942,67.40220877662489,67.985943330402,12802800
2024-01-08,68.29663848876953,68.32488243361217,67.76939903010991,67.80705283450084,9409000
2024-01-09,68.47553253173828,68.47553253173828,67.79764906225473,68.0424347282686,7838600
2024-01-10,68.33428955078125,68.72971908734027,68.12715774122238,68.41902137300195,11113300
2024-01-11,68.32488250732422,68.36254349485466,67.86354798049935,68.25897757492066,9507800
2024-01-12,68.54143524169922,68.71090610356059,68.3060594437306,68.56026214497301,7712800
2024-01-16,68.16483306884766,68.58850663531099,67.8917962790671,68.55084564536546,11566900
2024-01-17,68.11775970458984,68.35313552055808,67.86355698390807,68.004783910109,9641400
2024-01-18,68.03300476074219,68.08007559809484,67.51517526818117,67.94826576055155,10548800
2024-01-19,67.83529663085938,68.10832619022867,67.48693792155309,68.08949929006799,11309600
2024-01-22,67.5057601928711,67.78821395760014,67.37395035149024,67.54342117370814,15078600
2024-01-23,68.24015045166016,68.3437091881598,67.84471367542085,67.8635477606745,13859600
2024-01-24,67.40221405029297,68.22132446165121,67.38338714590415,68.18366346977385,12290500
2024-01-25,68.05184173583984,68.05184173583984,67.4022023095402,67.68465610787008,12160900
2024-01-26,68.38138580322266,68.4849517464898,68.18367096146734,68.18367096146734,7432800
2024-01-29,68.77680969238281,68.80505363828988,68.32488500857224,68.5696778449321,9321900
2024-01-30,69.1628189086914,69.20047989577661,68.42844761827693,68.67324044278136,11058900
2024-01-31,68.65441131591797,69.34171180943696,68.56967947618102,69.14399700028476,17220600
2024-02-01,70.05724334716797,70.05724334716797,68.46610094066389,68.68264261328873,20588700
2024-02-02,69.831298828125,70.12316973893948,69.49235706163736,69.85013291687443,23158000
2024-02-05,69.39820098876953,69.8971965425111,69.37937408506772,69.85012569170686,14564700
2024-02-06,69.5582504272461,69.59591141537561,69.17223786934177,69.39819661501988,11224200
2024-02-07,69.49234008789062,69.88777684093954,69.42643515956554,69.85011585573972,7544100
2024-02-08,69.47351837158203,69.74655514733338,69.17223765059761,69.37936949310546,16287600
2024-02-09,68.83329772949219,69.29463227417948,68.72973180554823,69.29463227417948,20698800
2024-02-12,69.3228759765625,69.33229301955136,68.54143380286634,68.9086194653414,13422900
2024-02-13,68.5790786743164,69.4735108811563,68.16482221706359,69.27579610274282,21640600
2024-02-14,68.44728088378906,68.56026385554865,68.12717323845274,68.52260286496212,15191300
2024-02-15,68.88978576660156,68.98393464772198,68.64500011230831,68.72031490734513,14235700
2024-02-16,68.99333953857422,69.31345429771903,68.5320050741722,68.82386870916766,15568300
2024-02-20,69.71830749511719,70.11373707355284,69.36994876186752,69.4829317198914,15388700
2024-02-21,69.9725112915039,70.08549425133575,69.64298663753445,69.85011847234345,13776600
2024-02-22,70.18905639648438,70.26437118255915,69.37936318561933,69.66180979537097,11744900
2024-02-23,70.40560913085938,70.7633849490441,70.10432838997194,70.22672122176702,12548300
2024-02-26,70.12316131591797,70.44326895520564,70.01959538953682,70.42444205181786,11806000
2024-02-27,70.132568359375,70.17022934773735,69.93485355779694,70.05725356574935,8294300
2024-02-28,70.2078857421875,70.2737906717345,69.90660503810145,70.08549292534268,6768700
2024-02-29,70.09490966796875,70.52800745677854,69.96309979593075,70.42444153116307,14083400
2024-03-01,70.10432434082031,70.17964631746652,69.61474585881807,69.90660953944831,15512500
2024-03-04,70.16081237792969,70.21730745208157,69.81246080563855,69.8312877082898,15912700
2024-03-05,70.33027648925781,70.81986210842608,70.18905677516925,70.46208634447272,15708400
2024-03-06,70.9234390258789,71.04583185811325,70.59391433670991,70.65981927454371,11816200
2024-03-07,71.32827758789062,71.39418251823251,71.04582378179758,71.21529462883368,9174900
2024-03-08,70.76338195800781,70.97992366534625,70.50917207866371,70.84811379572308,13301600
2024-03-11,71.1493911743164,71.25295709315884,70.71630059692933,70.9234324346142,9316500
2024-03-12,71.5165786743164,71.73312756017415,71.21529795253542,71.30944683126091,10454900
2024-03-13,71.69547271728516,71.74254356913298,71.39419196968053,71.50716776059501,9739500
2024-03-14,71.13997650146484,71.8178599262509,70.90460071136407,71.64838907005439,14086100
2024-03-15,71.11174011230469,71.18706209708445,70.68806651834323,70.80104231241306,14248300
2024-03-18,71.56887817382812,71.77753495561485,71.02827071009986,71.02827071009986,10229000
2024-03-19,71.8344497680664,71.87238802840666,71.62579295418668,71.66373121452692,10245900
2024-03-20,72.0525894165039,72.0810413013656,71.67321406772119,71.93877464107422,10986100
2024-03-21,72.09051513671875,72.33710291995453,71.78701635767484,72.09051513671875,8936100
2024-03-22,71.73959350585938,72.2043244398786,71.72062799744265,72.09051691741455,10942300
2024-03-25,71.5404281616211,71.91031710773456,71.38867513963487,71.73959857599124,11003700
2024-03-26,71.57836151123047,71.78701828416928,71.52145774987692,71.62577890036447,7964400
2024-03-27,72.32762145996094,72.32762145996094,71.93875981769047,71.93875981769047,9848100
2024-03-28,72.42247009277344,72.65957875409447,72.32762807544145,72.54576399170682,9172700
2024-04-01,71.84391784667969,72.51730551527469,71.84391784667969,72.41297713490265,13205200
2024-04-02,71.47402954101562,71.9482468244693,71.3602147880334,71.84391844323096,16269200
2024-04-03,70.68682098388672,71.44557146600636,70.57301347675538,71.44557146600636,16094700
2024-04-04,70.38333129882812,71.12310913433843,70.28848928534919,70.999815240414,18289500
2024-04-05,70.49715423583984,70.7152901685519,70.17468266941934,70.32643569737785,11148900
2024-04-08,70.392822265625,70.64889644233072,70.32643212825816,70.37384952010174,10040700
2024-04-09,70.7342529296875,70.7532184375137,70.20312464279323,70.60147266695934,12629600
2024-04-10,70.47817993164062,70.59199470009396,69.96602432757432,70.1841674914476,15018400
2024-04-11,70.30745697021484,70.83858528690675,70.08932105605844,70.81961254203452,10551900
2024-04-12,69.59613037109375,70.20312795390326,69.52026110022904,70.02293029511985,14605900
2024-04-15,69.31160736083984,70.20313102940791,69.20727896835066,70.02293336273029,12119600
2024-04-16,69.34005737304688,69.54871415239774,69.16933884775818,69.45387213523337,12737600
2024-04-17,69.59613037109375,69.84272540035448,69.26417969861699,69.74788338478712,12731500
2024-04-18,69.91859436035156,70.07982649301127,69.68148572903512,69.82375235502123,11964200
2024-04-19,70.60147857666016,70.63941683146977,69.76685144281305,69.89015257993985,15843100
2024-04-22,71.27486419677734,71.46454822919647,70.43075795134284,70.74373588123619,12181600
2024-04-23,71.47402954101562,71.54041967125988,71.15155802555675,71.38866666728359,12821100
2024-04-24,72.01463317871094,72.09998881198597,70.64888515846168,70.98083579227752,15011000
2024-04-25,71.84391784667969,72.5267918869398,71.57835732790774,72.16638212347951,14352600
2024-04-26,71.69216918945312,72.0810308554975,71.54042341352054,71.58784803873928,13488200
2024-04-29,71.9197998046875,71.94825168586011,71.49299987915234,71.71114302811235,9244000
2024-04-30,71.60681915283203,71.86289333550657,71.43610061905486,71.84392782552354,12517400
2024-05-01,71.15156555175781,71.67320751312718,70.85755312043085,71.39816059131263,24867400
2024-05-02,71.74908447265625,72.00515865058047,71.11363497826677,71.38867466582222,22820400
2024-05-03,71.96721649169922,72.10948313215466,71.36970528496464,71.77753246174657,18088200
2024-05-06,72.0051498413086,72.21380660163607,71.5404189343856,72.1284509647647,12508400
2024-05-07,72.7923583984375,72.83029665223987,72.3086547074348,72.3086547074348,14641800
2024-05-08,72.57421875,72.92514218761856,72.47937672890868,72.78287553799036,12686000
2024-05-09,73.20018768310547,73.20018768310547,72.59319007680723,72.64060746843484,12851900
2024-05-10,73.61750793457031,73.70286358883865,73.12431781218798,73.19070795527989,10774900
2024-05-13,73.40884399414062,73.97790334188174,73.28554285754223,73.75976018665685,11755400
2024-05-14,73.26657104492188,73.59852169954722,72.9061685107546,73.47522780953825,10117600
2024-05-15,73.31401062011719,73.42781816149537,73.07690192760191,73.07690192760191,18143000
2024-05-16,74.35726928710938,74.55643967193424,73.81666188944722,73.97789402440335,17360400
2024-05-17,74.17707061767578,74.33830276612667,73.9873865884373,74.27191263229501,11265700
2024-05-20,73.6649169921875,74.15810705874442,73.57956134758076,74.15810705874442,9226400
2024-05-21,74.1011962890625,74.12965540666825,73.7123418469025,73.86408762755599,6595200
2024-05-22,73.80718994140625,74.05378499575203,73.46575286184523,73.59853314434311,9395100
2024-05-23,72.93463134765625,73.70286115463038,72.89669309057346,73.57956724609832,10751300
2024-05-24,73.12430572509766,73.40883899759265,73.08636747303288,73.19069585721559,6943200
2024-05-28,72.55525207519531,73.08637317356477,72.28969152601059,72.88720276167622,8840700
2024-05-29,72.03361511230469,72.42247682629723,72.00516322805797,72.16639539611123,10402400
2024-05-30,72.22330474853516,72.4224751696891,72.05258621097713,72.24227025893823,7404400
2024-05-31,73.3519287109375,73.3898669633692,71.82495565745661,72.1569063212568,11873900
2024-06-03,73.323486328125,73.67440978158669,72.8966935959544,73.11482953071442,12223400
2024-06-04,73.95892333984375,74.08221721629977,73.20965923834768,73.3329531148037,9097500
2024-06-05,73.79769134521484,73.96840985671979,73.20966654468342,73.8640814754678,9095100
2024-06-06,74.02533721923828,74.29089779896921,73.59853722811376,73.75029026566465,9759400
2024-06-07,73.65544128417969,74.21501427637858,73.57956477256486,74.00635748742903,7490500
2024-06-10,73.5985336303711,73.78822491803695,73.12431626518058,73.76925217127899,10033800
2024-06-11,73.56059265136719,73.56059265136719,72.95359502525862,73.49420251213601,8583700
2024-06-12,72.75442504882812,73.74079800623261,72.5742201401152,73.70285974987291,14172800
2024-06-13,72.84925842285156,72.91564855460337,72.42246575244454,72.72596453130727,8723500
2024-06-14,72.9820327758789,72.9820327758789,72.45091176487756,72.64059577281202,7246400
2024-06-17,73.67440795898438,73.80718823841855,72.55525472090883,72.70700774653791,8762000
2024-06-18,73.76924896240234,73.86409098411838,73.45626377835524,73.5605921730376,6567100
2024-06-20,73.60801696777344,73.98739229147499,73.4183329239139,73.63646885075413,9316300
2024-06-21,73.6649169921875,74.13913431373264,73.60801322911635,73.75975900930011,11594000
2024-06-24,74.45040893554688,74.54596697612321,73.68593002971387,73.83882143651377,9722600
2024-06-25,73.97262573242188,74.27841589570677,73.68594426469927,74.17329984358265,10705700
2024-06-26,73.8197250366211,74.00129044737703,73.30370278285083,73.45660150572161,8405200
2024-06-27,73.5043716430664,73.86750243866368,73.19858150975978,73.80061107483448,4592300
2024-06-28,73.1794662475586,73.58081439450923,72.98834287476457,73.49481434471032,8396900
2024-07-01,72.66345977783203,73.83883778938976,72.606126398911,73.56172159752961,9275300
2024-07-02,73.16991424560547,73.17947223768034,72.52010930613828,72.74945008165264,8233400
2024-07-03,73.04570007324219,73.30370757167638,72.85457665716791,73.04570007324219,5600600
2024-07-05,73.9439468383789,73.9917295100276,72.9405763492653,73.04569239440274,7202900
2024-07-08,73.82928466796875,74.08729215527373,73.62861055770654,74.00129208970958,4486800
2024-07-09,73.63816833496094,73.99174120545692,73.60950164368539,73.82929176115333,5635700
2024-07-10,73.96306610107422,73.99173278908901,73.59038457565718,73.77194269662162,7249100
2024-07-11,73.6859359741211,73.99172610300083,73.47570389352657,73.85794337727918,11414600
2024-07-12,74.01084899902344,74.40264654997367,73.76239948392701,74.07774037472065,10028200
2024-07-15,73.58082580566406,74.15418143174158,73.52349243024001,73.96306531991985,8481200
2024-07-16,74.2879638671875,74.29752185992356,73.50437614691312,73.60949219517293,7987300
2024-07-17,75.24356842041016,75.38690916694107,74.38353123183789,74.40264721970239,18297900
2024-07-18,74.87088012695312,75.63535917935718,74.86132213387961,74.96643818585049,14877200
2024-07-19,74.62242126464844,75.15755950268385,74.5077545134077,75.06200144644578,11816500
2024-07-22,74.67019653320312,74.85176192547868,74.31662374051169,74.7944212649323,9408200
2024-07-23,74.40263366699219,74.8804312079872,74.33574230287736,74.74664847975755,6937900
2024-07-24,74.33573913574219,74.46952185827192,73.84838362332013,74.13506505194759,10620400
2024-07-25,74.24974060058594,75.37734317470543,74.24974060058594,74.59375543951137,15686200
2024-07-26,75.00466918945312,75.09067655313886,74.36442212120242,74.54598755183983,10271900
2024-07-29,75.03333282470703,75.19578955158325,74.47909314271375,74.86132539495384,9115000
2024-07-30,74.52687072753906,74.65110277473363,73.81017429752646,74.13508047025098,11818400
2024-07-31,74.39307403564453,74.86131357413126,74.06817521442036,74.52685676092645,10474100
2024-08-01,75.08110809326172,75.2435575134961,74.3070783810526,74.53641916789009,16535000
2024-08-02,75.74047088623047,76.20871045139428,74.34530289265207,75.65446353472814,24086900
2024-08-05,74.24974060058594,75.82647406389209,74.00129110961615,75.60669126106401,29057400
2024-08-06,74.7657699584961,75.57802445896098,74.52687114714682,74.6128785103514,15801400
2024-08-07,74.84221649169922,75.87426106736548,74.79443381499485,75.08111529399532,14182300
2024-08-08,75.52068328857422,75.64491532365585,74.55553014889043,74.63197951038491,13889800
2024-08-09,75.63536071777344,75.76914346107338,75.04288907557884,75.36779523117353,10319800
2024-08-12,75.25312042236328,75.65446864820218,75.06200430261504,75.59713527040024,9735300
2024-08-13,75.59712982177734,75.61623851612987,74.87087549597564,75.25311499853507,7513900
2024-08-14,75.94115447998047,76.17049529497267,75.41557418456807,75.53980623109085,7264000
2024-08-15,76.72473907470703,77.22164536819392,76.49539826929868,77.01141325881429,7745200
2024-08-16,76.93496704101562,77.00185840943305,76.52406083770504,76.64828558173387,6976700
2024-08-19,77.19297790527344,77.3745433234841,76.99230379122554,77.02097048028772,7330000
2024-08-20,77.57522583007812,77.57522583007812,77.04964550503563,77.17387755856211,6931200
2024-08-21,78.10078430175781,78.63591518071098,77.88099423898123,78.22500902991153,7960700
2024-08-22,77.98612976074219,78.31102864968487,77.6516728778267,78.31102864968487,7632600
2024-08-23,78.2059097290039,78.22502571625073,77.71856141340491,78.11990965823219,6505100
2024-08-26,78.76013946533203,78.9225888682978,78.28234195735412,78.29189994888486,7270700
2024-08-27,78.95127868652344,79.0946121351913,78.65503921451321,78.87482932015868,5674600
2024-08-28,78.61681365966797,79.07550256215796,78.32058148155507,78.9703865072251,6666800
2024-08-29,78.22501373291016,78.52124587433892,78.06256431926289,78.52124587433892,6343700
2024-08-30,78.8461685180664,78.9130598959773,78.1676967447949,78.37792158207672,8884800
2024-09-03,79.40039825439453,79.667971023004,78.76970924063197,78.86526729840054,15503700
2024-09-04,79.77308654785156,79.83041992401226,79.18061492861216,79.25706429056802,19276700
2024-09-05,79.46730041503906,79.91642403539649,79.06594488975139,79.79219928388649,12775800
2024-09-06,79.3048324584961,79.80174597538654,79.20927441005155,79.45773116849678,12616500
2024-09-09,79.91641998291016,80.06931870681169,79.1806149233182,79.31439766142583,10061000
2024-09-10,79.89730834960938,80.26998986214895,79.68707625728199,79.80175029599116,14002500
2024-09-11,79.1519546508789,79.66797694995398,78.43525822837681,79.61063627853696,14556400
2024-09-12,79.63929748535156,79.72530484124852,78.90349241678321,79.17105789626261,8659100
2024-09-13,80.2031021118164,80.26999348142643,79.52463042273975,79.69663784325301,5953700
2024-09-16,80.5184555053711,80.77646300762814,80.14577395177038,80.41333944762597,7794600
2024-09-17,79.75398254394531,80.47067901607704,79.65842447245045,80.24133818636668,8404900
2024-09-18,79.44818115234375,80.13621083519521,79.12328229689307,79.69663793573179,12935600
2024-09-19,78.97994232177734,79.66797201122553,78.85571028358596,79.65841401814637,14934200
2024-09-20,79.36217498779297,79.41950836008665,78.76970340851452,78.90348613760773,12719100
2024-09-23,79.82234191894531,80.08172781743914,79.14026474743544,79.19791013007612,11985900
2024-09-24,79.63020324707031,80.00486521947488,79.438071533298,79.71666764881641,8985100
2024-09-25,79.428466796875,79.98565905630912,79.31318336512315,79.90880343514121,6100900
2024-09-26,79.61100006103516,79.97605328128859,79.28436732345621,79.28436732345621,8565600
2024-09-27,79.75508880615234,80.21621518422342,79.62059513949727,79.7166683265553,6432600
2024-09-30,79.73587799072266,80.19700436546475,79.42846285067961,80.04329313076569,8468900
2024-10-01,79.46688842773438,79.87036941345607,79.2267201272779,79.76469477490684,15725800
2024-10-02,78.79441833496094,79.26515351412485,78.64071442311455,79.2555447292109,10788300
2024-10-03,78.00666809082031,78.59267938312642,77.87217441678503,78.47740327929934,11507900
2024-10-04,78.26605987548828,78.36212574569512,77.766505623443,77.88178906530484,12463000
2024-10-07,77.48790740966797,78.29486941685549,77.39183422174595,78.29486941685549,9270800
2024-10-08,77.8721694946289,77.96824268088625,77.30537580835697,77.51672509115501,8218300
2024-10-09,78.34290313720703,78.45817923151682,77.8145299404374,77.93941481905799,9276300
2024-10-10,77.9970703125,78.48700843557592,77.80493124813661,78.32369572788394,9122600
2024-10-11,78.42937469482422,78.50623032479689,77.92021897262875,78.2660619781495,8741500
2024-10-14,78.74638366699219,78.78481147465644,78.26604706522144,78.39093194311408,6263000
2024-10-15,79.24593353271484,79.91840919847505,78.85206131549337,78.85206131549337,11287700
2024-10-16,79.18829345703125,79.29396809709824,78.79441392053516,78.97694417689725,7720300
2024-10-17,78.83284759521484,79.39964864587722,78.6214982993528,79.2939739979462,7716400
2024-10-18,79.00576782226562,79.03458684772336,78.42936532504464,78.65992485806196,8314200
2024-10-21,78.34290313720703,79.14986511479528,78.26604752143055,78.97694364397566,8704600
2024-10-22,78.7848129272461,78.88087878350048,78.15076508312816,78.22762069987367,8912400
2024-10-23,78.63111114501953,78.74639458399459,78.23723888822761,78.39094281083844,6926500
2024-10-24,78.52542877197266,78.77520586718562,78.29486924604424,78.6118931750428,6211500
2024-10-25,77.8721694946289,78.65031979305394,77.80492266186181,78.52542758266142,6546900
2024-10-28,78.01627349853516,78.3525076690675,77.97784568913785,78.17958619145726,5714200
2024-10-29,77.24774169921875,77.85296322498496,77.19970510364053,77.65122271639622,9459900
2024-10-30,77.12285614013672,77.37263326586584,76.90190537185624,77.14207371176916,8504800
2024-10-31,76.96914672851562,77.42065701871512,76.81543548383495,76.93071891734546,10905300
2024-11-01,76.99795532226562,77.27655141848629,76.90188947203373,77.21890604486352,7916100
2024-11-04,77.20931243896484,77.43987196882941,76.99796314935762,77.11323924961225,6958900
2024-11-05,77.69924926757812,77.69924926757812,76.87306969211886,77.01717214446272,5304800
2024-11-06,76.43115997314453,78.0162722714136,76.2390282585353,77.90098884503499,18487700
2024-11-07,76.70976257324219,77.15167141767682,76.53684108373683,76.59448646647577,17598100
2024-11-08,77.64160919189453,77.83374090376815,76.70975499766202,76.71936378206219,11530300
2024-11-11,77.37261962890625,78.24682842084438,77.31498158287984,77.53593231221764,9273800
2024-11-12,77.4590835571289,77.76649871208346,77.324589884921,77.66082406544076,13518000
2024-11-13,77.68965148925781,77.7664997820372,77.23813387090958,77.46869340795881,6781600
2024-11-14,77.49750518798828,77.94902276412012,77.43986714145396,77.49750518798828,7572200
2024-11-15,76.81543731689453,77.48791303438657,76.77700950480735,77.43026765157794,11359100
2024-11-18,77.3534164428711,77.49751891408471,76.90190611612415,76.98836320123863,8747600
2024-11-19,77.4590835571289,77.70886066095305,76.98835570440124,77.5551567481535,8020800
2024-11-20,77.06520080566406,77.06520080566406,76.40233399072754,76.75778569267332,7687200
2024-11-21,77.90099334716797,77.98745775428773,76.94032005989138,77.15166935578911,8185800
2024-11-22,78.62149810791016,78.6887522740257,78.23723465748449,78.33330052009092,7703800
2024-11-25,79.05380249023438,79.38042787659936,78.81363417813476,79.14025956449973,8243100
2024-11-26,79.38043212890625,79.45728775194044,78.90970426419416,79.0057701283091,6973600
2024-11-27,79.54374694824219,79.96643818852296,79.39964449683401,79.73587866388299,7067800
2024-11-29,79.94722747802734,80.02408309557325,79.41885426909315,79.52452891088,4982600
2024-12-02,79.85116577148438,79.94723163373276,79.27475593928308,79.87037601219185,10750100
2024-12-03,79.43807220458984,79.84155320453436,79.29396975336533,79.78391515578662,11053200
2024-12-04,79.21711730957031,79.33240074104017,78.82324507842029,79.22672609453166,10100900
2024-12-05,79.53414154052734,79.68784545369493,79.09223271230677,79.30358200609822,12639000
2024-12-06,79.1402587890625,80.01447495462983,79.1402587890625,79.5533485750005,7180600
2024-12-09,79.01537322998047,79.62059472679121,78.80402394651654,79.25554153767038,11614000
2024-12-10,79.3900375366211,79.58216925667706,78.64071356730541,78.95773750181752,8497200
2024-12-11,78.7848129272461,79.8415520047543,78.74638511887335,79.5149192982634,9046100
2024-12-12,79.01537322998047,79.37082496392937,78.89048834854955,79.28436056189635,5410800
2024-12-13,78.81363677978516,79.27475584979912,78.41975721684923,78.86166604617739,8154300
2024-12-16,78.40055084228516,79.23633927576398,78.38133327129621,78.8424596934049,6495000
2024-12-17,78.26605987548828,78.66954092797066,78.1315661913275,78.23724084736183,8535900
2024-12-18,77.07481384277344,78.22761874776874,77.0555962743891,77.968240209419,17223000
2024-12-19,76.52722930908203,77.39182931067347,76.52722930908203,77.00756590079048,15778400
2024-12-20,76.79621887207031,77.23812766983407,76.22941786602541,76.48880373756704,11035400
2024-12-23,76.39160919189453,76.69168262977735,75.65596290830094,76.51744906051174,11469000
2024-12-24,76.89495086669922,76.94334456544085,76.21737261959957,76.32384909578711,3932600
2024-12-26,77.1369400024414,77.18533370023391,76.68199641037529,76.7497534952595,4253700
2024-12-27,76.75944519042969,77.16598775270673,76.47873512077096,76.77880119507506,6601700
2024-12-30,75.8592300415039,76.47872550181101,75.61723939654118,76.4303244188311,7249300
2024-12-31,76.09154510498047,76.33353576938126,75.65596486304666,76.01410631997966,6125500
2025-01-02,75.8592300415039,76.604557978603,75.60755770295152,76.2560908590592,9321800
2025-01-03,75.82051086425781,76.17865229342493,75.54948252273617,76.00441873316554,6991300
2025-01-06,75.02678680419922,75.92699236091728,74.9396663258232,75.90762897240309,9275700
2025-01-07,74.76543426513672,75.65596553056528,74.6589577810634,75.22037789981924,11112800
2025-01-08,74.90094757080078,74.97838635557834,74.2136949720802,74.68800199011598,9277400
2025-01-10,73.8942642211914,74.85255254974332,73.79746943440999,74.42664662594247,13943200
2025-01-13,74.02010345458984,74.20401871737275,73.62323523173593,73.95234636592805,9490900
2025-01-14,74.03945922851562,74.19433679353085,73.69099209220015,74.1072163169676,7763700
2025-01-15,73.78779602050781,74.67831988565209,73.67163784397941,74.44601091756422,11426800
2025-01-16,74.33953094482422,74.41696234057187,73.38124264963994,73.64259668831515,11223400
2025-01-17,74.76543426513672,74.92031183650484,74.38792941613826,74.4750498962751,10524800
2025-01-21,75.11389923095703,75.40429097634129,74.83318917974394,74.91062796317559,8849500
2025-01-22,74.7460708618164,75.45267940256879,74.67831377729264,75.45267940256879,8357500
2025-01-23,75.01710510253906,75.04614280033857,74.33953420398757,74.63960026120768,7562500
2025-01-24,75.40428924560547,75.43332694248363,74.9493456345978,74.98806502542492,6685300
2025-01-27,77.4466781616211,77.59187400699447,76.15928632292726,76.1689680152768,17519900
2025-01-28,76.23674011230469,77.53380651393464,76.08186254406706,77.20470275888307,11664900
2025-01-29,76.42064666748047,76.75943949588,76.28513249010818,76.35288957879432,10195100
2025-01-30,77.1756591796875,77.34021104467313,76.64327681065355,76.79814698211992,8192000
2025-01-31,76.4496841430664,77.02077849303068,76.40128306240554,76.4980778387592,10269000
2025-02-03,76.749755859375,76.90462603603719,75.7237178609611,75.89795142531145,13340800
2025-02-04,76.10122680664062,76.56584474675202,75.7914790515767,76.48840596174378,9307500
2025-02-05,76.57551574707031,76.59487174813472,75.68499199874753,76.0915344858121,8847800
2025-02-06,76.92399597167969,77.60156689906937,76.6820052997592,77.58221089470219,9846300
2025-02-07,76.80783081054688,77.12726024084593,76.58520354819437,76.94334498370976,8104000
2025-02-10,77.2821273803711,77.29180907377909,76.52711776384952,77.01109904469344,7949600
2025-02-11,78.0274658203125,78.04682182293712,77.11757861261512,77.3982886529679,9157100
2025-02-12,77.96939086914062,78.0661856527492,77.31117600164623,77.35956970096622,10564000
2025-02-13,78.81151580810547,78.87927289701813,77.95971134963655,78.17266431049597,10132300
2025-02-14,78.0274658203125,78.8211948573564,78.0081024327193,78.77279377334199,10470300
2025-02-18,78.30818176269531,78.32753776677879,77.34021908920086,77.77579933828571,10432400
2025-02-19,78.9373550415039,78.9663927386658,78.29849616406702,78.49208573512554,6450800
2025-02-20,78.62760162353516,78.62760162353516,77.85322862523763,77.97906109884948,14264000
2025-02-21,79.54717254638672,79.61492963791385,78.38562029593064,78.62761096352308,18203300
2025-02-24,79.78915405273438,80.15697716665323,79.18901460742315,79.22773399598854,14114200
2025-02-25,80.92168426513672,81.19271265301282,80.0408420045394,80.0408420045394,18198000
2025-02-26,79.37293243408203,80.68936214817649,79.2277365684894,80.61192336853128,19969500
2025-02-27,79.3632583618164,79.78916430579723,79.00511689525908,79.02447289954493,16613700
2025-02-28,80.4183349609375,80.46672866018535,79.50844774944191,80.04083013594861,15163900
2025-03-03,80.84423828125,81.13463003383904,80.03115318995116,80.03115318995116,18918900
2025-03-04,79.4697265625,81.44437111739984,79.42133286434617,80.68936148449046,21845600
2025-03-05,79.79884338378906,80.09890944268034,79.1890221867275,79.31486205785141,13772700
2025-03-06,79.94402313232422,80.14730176576374,79.31485338537539,79.49876124734386,13729400
2025-03-07,80.20538330078125,80.75712169889796,79.4116542476139,79.43101025063172,19631100
2025-03-10,80.0311508178711,81.64764664311438,79.72140307060909,80.33121687100868,27412700
2025-03-11,78.85992431640625,79.9343635309873,78.80184891614874,79.86660643569702,27913700
2025-03-12,77.14661407470703,78.38561237088759,77.06918268148254,78.09522064514857,22000500
2025-03-13,76.78848266601562,77.55317408424222,76.64328678420588,77.24342631603379,18077400
2025-03-14,76.96271514892578,77.03047224147419,76.35289393102096,76.6142479915428,10251300
2025-03-17,78.08554077148438,78.31785711147727,77.03046508764865,77.09822217390445,12470000
2025-03-18,77.19502258300781,78.12426585580448,77.14662149573931,78.02747106623653,9461100
2025-03-19,77.19502258300781,77.2724613686498,76.60456476618353,77.02078900779787,12042700
2025-03-20,76.81751251220703,77.35956920491414,76.70135434164041,77.07885916477122,10954500
2025-03-21,76.78848266601562,76.9820722517824,76.45937150824892,76.75944496664754,11926200
2025-03-24,77.26334381103516,77.34119278911454,76.83518185568576,76.90329785548342,9586600
2025-03-25,76.56270599365234,77.22440735662683,76.31943354291299,77.12709986114828,12703200
2025-03-26,77.74989318847656,77.92504968702528,76.72814570959444,76.72814570959444,11491900
2025-03-27,78.63539123535156,78.79108918052148,77.91530679915728,77.97368981655268,9253000
2025-03-28,78.24616241455078,78.91758939710304,77.95423247494597,78.7424329181575,12493200
2025-03-31,79.47225952148438,79.71553202455547,78.36293750140719,78.36293750140719,14299100
2025-04-01,79.58902740478516,79.80310838030331,79.13167394328492,79.65714340389665,11201000
2025-04-02,79.3554916381836,79.85176218764087,78.99544566928449,79.62795564747483,9219000
2025-04-03,79.81283569335938,80.59131063529331,79.16086719833989,79.55010466930685,20746100
2025-04-04,76.34864044189453,79.83230442060862,76.34864044189453,79.3846839118932,35619500
2025-04-07,75.46312713623047,77.24387606806839,74.11053272575295,74.53868724711333,45133500
2025-04-08,74.29541778564453,76.84491618180792,73.57533328599813,76.59191071065587,26842500
2025-04-09,77.1757583618164,77.78880975633676,73.78940963358338,73.92564162701305,39358900
2025-04-10,77.21468353271484,77.99315843699391,75.8718221181247,77.16603349125171,25968000
2025-04-11,78.18778228759766,78.68406028076576,76.78653769525202,77.50662223743572,19009500
2025-04-14,79.52090454101562,79.84202597657199,78.16831022964524,78.51862317314556,12388100
2025-04-15,78.84947967529297,79.73499511822628,78.80082963087882,79.63768018122329,8920200
2025-04-16,78.00289154052734,79.29709549165148,77.67203710724556,79.18032945268243,13657300
2025-04-17,79.6668701171875,80.04637457154887,78.2266938468288,78.34346730358864,13663600
2025-04-21,78.9078598022461,79.82256672307493,78.04181034813298,79.7349921918911,13804400
2025-04-22,80.02691650390625,80.48426997451612,79.07329249735088,79.20952449828737,11258800
2025-04-23,79.56956481933594,80.48427178108743,78.94678782276522,80.16315030420606,17717300
2025-04-24,78.86894989013672,79.14141391064469,78.50890390641534,79.03437341343259,12480700
2025-04-25,78.66458892822266,79.24844884442305,77.84719692408167,79.014901908308,14378000
2025-04-28,78.40184783935547,79.03435771797449,77.98341891264624,78.73270224433048,12088900
2025-04-29,79.05382537841797,79.11221582373751,77.64284792199564,78.0710098752657,10065700
2025-04-30,79.62794494628906,79.93933340421553,78.49915714625159,79.49171295995164,10565800
2025-05-01,78.93706512451172,79.35549413023128,78.65486812771594,79.10248864619237,13203000
2025-05-02,79.3652114868164,79.65714143240454,79.02463149968818,79.38467744270197,14859700
2025-05-05,79.2970962524414,79.48198571469882,78.8202842658737,79.3846782065954,10236300
2025-05-06,79.16087341308594,79.43333743692719,78.79110186988535,79.1414148788492,10506300
2025-05-07,79.2873764038086,79.64741495210745,78.97598790101868,79.23871893421212,10474900
2025-05-08,79.19005584716797,79.74471681041963,78.88840034451319,79.37494530961419,11018500
2025-05-09,78.73271942138672,79.15114101529637,78.64513745645854,78.84948547584042,9231500
2025-05-12,78.84947967529297,79.04410212521162,78.16831966079607,78.79109665236105,18914800
2025-05-13,77.78881072998047,78.70351020815897,77.50661376174779,78.58674416895023,13148500
2025-05-14,77.3703842163086,77.75962168219792,77.2244192385892,77.65258119347618,10352000
2025-05-15,78.95651245117188,79.00516991491862,77.1271061452285,77.43849461058241,13370000
2025-05-16,79.86148834228516,79.86148834228516,78.91758994497506,79.03436340644501,11973300
2025-05-19,80.09503173828125,80.1534221839007,79.413871740114,79.64741125033032,13601400
2025-05-20,80.37723541259766,80.61077494227172,80.05611391924096,80.05611391924096,12719300
2025-05-21,79.44306945800781,80.114503954439,79.31657042677504,79.98799749911849,10989100
2025-05-22,79.1122055053711,79.54035997871112,78.79108408230145,79.37493649073689,11871600
2025-05-23,79.40414428710938,79.56956780901984,78.58675223243104,79.07329724328844,10693100
2025-05-27,80.12422943115234,80.1728869022416,79.52091836453688,79.69607486673539,14433600
2025-05-28,79.57929992675781,80.3577749053399,79.49172538931332,80.09503644483121,9963800
2025-05-29,79.9004135131836,79.9490709785675,79.20952056443608,79.60848356905393,13321300
2025-05-30,80.60104370117188,80.95135668301363,79.76418573611515,79.76418573611515,17778900
2025-06-02,80.64969635009766,80.65942932882078,79.85176284881464,80.36749935982729,15827900
2025-06-03,80.57185363769531,80.69835266293263,80.00745966524434,80.51346319028104,13265600
2025-06-04,80.00745391845703,80.61076491373292,79.9393379214392,80.59130638205077,10804100
2025-06-05,79.23871612548828,79.9490750663446,79.02463514539221,79.84203457629657,16474500
2025-06-06,79.49171447753906,79.7447125003749,79.23870903061663,79.60848051143665,10948900
2025-06-09,79.38467407226562,79.62794654189814,79.00516961356581,79.36520811720654,13027300
2025-06-10,79.5598373413086,79.74471938563826,79.25817440482513,79.39440640552583,12364900
2025-06-11,79.2873764038086,79.51118294614234,79.02463794652765,79.51118294614234,11204000
2025-06-12,79.75444793701172,79.77391389265259,78.90785704471779,79.25817000538515,10709900
2025-06-13,78.78135681152344,79.94906913705867,78.59646735622752,79.51117423095045,15635100
2025-06-16,79.03437042236328,79.64741444530544,78.7910979241039,78.97598739848901,12728200
2025-06-17,78.36292266845703,78.9370495275566,78.33373116146804,78.81054309848936,15059900
2025-06-18,78.265625,78.66458801909977,78.21696753284989,78.57701348713414,11117700
2025-06-20,78.8397445678711,79.05382554495712,78.4407815484639,78.54782203700691,16771500
2025-06-23,79.75289154052734,79.82147480790493,78.84170957393043,78.90049309596394,17771400
2025-06-24,79.6843032836914,79.83126955458835,79.33158722354477,79.74308680204416,12580900
2025-06-25,78.6163558959961,79.51774554198614,78.50858112826919,79.51774554198614,12880400
2025-06-26,78.54777526855469,79.00826611429399,78.35182521611962,78.69474154538867,13783200
2025-06-27,78.92008972167969,79.16503102128141,78.54777416227532,78.62615717215152,15135300
2025-06-30,79.33158874511719,79.47855501883292,78.7633231400911,78.88089765406674,12080000
2025-07-01,80.32115173339844,80.81103431722615,79.41976209814403,79.41976209814403,23302100
2025-07-02,80.5562973022461,80.60528107806527,79.89005665597905,80.26236474726946,16429100
2025-07-03,80.51710510253906,80.66407137876055,80.12519752428685,80.60528038326277,10898400
2025-07-07,80.44851684570312,80.49750809307584,80.02721753334835,80.4387171012256,14365100
2025-07-08,79.70389556884766,80.25256915039209,79.63531230553149,80.1349946382722,15712800
2025-07-09,79.18461608886719,79.89984790995902,78.74372477827242,79.81166516283132,22179000
2025-07-10,79.46875762939453,79.77248245573175,78.93968351334506,79.2238163242799,16687900
2025-07-11,79.1748275756836,79.37078511097808,78.77312770960731,79.15523555966197,16936700
2025-07-14,79.24340057373047,79.29239181995835,78.6555429940692,79.19441680251725,13694000
2025-07-15,78.44979858398438,79.21401423734785,78.43999883906517,79.0670479636206,17681600
2025-07-16,78.72412872314453,78.79271198500605,78.06768786318223,78.4889871789072,15633600
2025-07-17,79.46875762939453,79.51774888042362,78.84170848630228,79.02786627019434,17079000
2025-07-18,79.25321197509766,79.84106964122516,79.1552369432457,79.50795303792536,12755000
2025-07-21,79.24340057373047,79.67449962048892,79.15522530053788,79.32178357768922,13430900
2025-07-22,79.96843719482422,80.10560372290159,78.79271448628434,78.85150548047119,20413700
2025-07-23,79.9978256225586,80.20357540610533,79.74308459173245,79.9978256225586,13808900
2025-07-24,79.71369171142578,80.15458303067555,79.64510845120883,80.0664077568315,11462600
2025-07-25,79.85086059570312,79.87045260991022,79.40016951879052,79.66470282316848,9284900
2025-07-28,79.02786254882812,79.55692916494881,78.92008778165149,79.42956238329236,12113200
2025-07-29,79.5471420288086,79.7822835928166,78.74373483301702,79.16503418416477,18872900
2025-07-30,78.84171295166016,79.8410702441217,78.62616339494873,79.58633665438623,16485500
2025-07-31,78.16566467285156,78.92988031537642,78.03829789076912,78.28323918516888,18339700
2025-08-01,78.53797912597656,79.02786170792497,78.43020435994671,78.59676264380558,28529200
2025-08-04,78.92008972167969,79.05725625145543,78.43999939244934,78.43999939244934,14441900
2025-08-05,78.84171295166016,79.27281206508302,78.72413842754051,78.88090445970003,15062900
2025-08-06,79.96843719482422,80.23297050611198,78.87109749519003,79.0670475424391,16043200
2025-08-07,80.57588195800781,80.69345646426264,79.84105811269825,80.10559888301792,15984100
2025-08-08,80.81102752685547,81.11475231130252,80.61507002478125,80.64446178133878,14135200
2025-08-11,80.7424545288086,80.95799659595487,80.25257192390141,80.85022182487407,12970500
2025-08-12,80.95799255371094,81.02657581597295,80.59548422818952,80.85021778801134,16449500
2025-08-13,80.95799255371094,81.12455831207437,80.27215993109074,80.52690096592751,17683900
2025-08-14,80.23297119140625,80.73265353367901,80.17418767173247,80.68366228394072,12826500
2025-08-15,80.36034393310547,80.60528524992488,79.99783556822284,80.37014367878265,12217700
2025-08-18,80.25257110595703,80.62487919088635,80.2035798559595,80.3995299059191,11892100
2025-08-19,81.0755615234375,81.20292829464434,80.3897289476861,80.40932096055852,13215600
2025-08-20,81.53605651855469,82.20229711579292,80.96779094076021,81.04617394632113,24835800
2025-08-21,80.80123901367188,81.01678855840585,80.51710620243304,80.97759705254371,18125200
2025-08-22,80.80123901367188,81.57525443566414,80.59548921415728,81.04618031904859,16491500
2025-08-25,79.41976928710938,80.56610031804189,79.3413937476139,80.42892630513953,20490600
2025-08-26,78.9004898071289,79.36098064390461,78.75352353315567,79.31198939424179,17724000
2025-08-27,79.13562774658203,79.16502698004626,78.72412817826114,78.8123109286241,11764700
2025-08-28,78.63595581054688,79.23361317116584,78.40080678422734,79.18462192192882,14505000
2025-08-29,79.14543151855469,79.20421503844474,78.65554891943017,78.81231493915733,15675800
2025-09-02,79.01806640625,79.55693279168324,78.704541835175,79.28259972636953,16662400
2025-09-03,78.95927429199219,78.99846579719852,78.29304112853052,78.62615771026135,14723100
2025-09-04,79.00826263427734,79.40996994159549,78.81231259047314,79.11603740087416,12717400
2025-09-05,79.23361206054688,79.63531189360228,78.7927132486392,78.98867076782541,20657300
2025-09-08,78.93968963623047,79.15523919745273,78.42041522511286,79.14543945148371,18019800
2025-09-09,79.09645080566406,79.2140178499955,78.6947434708236,78.78292622908769,13459600
2025-09-10,78.32243347167969,78.91029110411976,77.93052589171452,78.7633248272559,19041800
2025-09-11,78.95927429199219,79.18462357817475,78.4106081691342,78.52818268475319,16717500
2025-09-12,78.69474029541016,79.00826485933548,78.48899050111683,78.82210707996833,10261000
2025-09-15,77.79336547851562,78.85151378514153,77.75417396993512,78.6653559881381,14871900
2025-09-16,78.14607238769531,78.32243041805303,77.74436507826351,77.92072310862125,16171000
2025-09-17,78.6163558959961,79.10623848565837,78.26363983343805,78.26363983343805,14408700
2025-09-18,77.9305191040039,78.4008021789884,77.9207193597291,78.09707738160196,21046100
2025-09-19,77.77375793457031,78.13627374514573,77.70517467040904,78.11668173039186,13348900
2025-09-22,76.90663146972656,77.53798341660396,76.85731156762267,77.47879652355574,11993700
2025-09-23,77.29136657714844,77.32096002568268,76.67974857061576,76.97569058226755,9703700
2025-09-24,77.45906829833984,77.76488482987104,77.14339230144044,77.2716406143214,10634100
2025-09-25,76.71920013427734,77.86353029952492,76.71920013427734,77.79447641205718,12046100
2025-09-26,76.90663146972656,76.95595889813934,76.44298073735841,76.64028292470064,11547800
2025-09-29,77.05461120605469,77.07433766290872,76.53177354686521,77.03487722289128,11490300
2025-09-30,77.31110382080078,77.4788050537735,76.89677294491975,76.95596737079401,12306100
2025-10-01,77.19271850585938,77.42947361819125,76.74880172944845,77.21244496259148,10125300
2025-10-02,76.88690948486328,77.14339105385842,76.69947427756665,76.85731603661841,8422100
2025-10-03,76.97569274902344,77.29136875279015,76.75866408525077,76.85731895155442,8426600
2025-10-06,76.41339111328125,76.86717487740482,76.33447023439648,76.80798798139587,10740000
2025-10-07,77.12366485595703,77.24204617564314,76.11744998070783,76.51203932704284,12084200
2025-10-08,76.73893737792969,77.07433983807937,76.61069658898592,77.06448037252879,9503000
2025-10-09,76.98555755615234,77.10393887657143,76.64028811281673,76.98555755615234,9315600
2025-10-10,77.04474639892578,77.70569185376137,77.04474639892578,77.24204860460702,20763500
2025-10-13,76.78825378417969,77.0743363246065,76.39366444347576,76.67974698390258,12692100
2025-10-14,78.0213623046875,78.06082274301582,76.73893192740793,76.86717270724317,12884100
2025-10-15,78.15948486328125,78.64286210666974,77.89312876139697,78.01151008737995,9111200
2025-10-16,77.61690521240234,78.67244746670261,77.41961054902825,78.35677148951866,13600000
2025-10-17,78.65272521972656,78.7020451250548,77.9523118167576,77.9917722568058,13983900
2025-10-20,78.58367156982422,78.92894101340767,78.4554232577008,78.82042668452294,13002500
2025-10-21,78.21867370605469,78.7711048550781,78.0016450328498,78.7217849460924,17471400
2025-10-22,78.66258239746094,79.16569358555815,77.92271610226881,78.33704694757135,13294700
2025-10-23,78.2778549194336,78.78096612291358,77.94245246798653,78.75137267441053,10809500
2025-10-24,78.0213623046875,78.82042300979506,77.99176885751852,78.8006890274764,12735500
2025-10-27,78.14961242675781,78.25812675310492,77.80434299124849,78.22853330524829,13984700
2025-10-28,77.37029266357422,77.93259080248916,77.35056620532717,77.84381045091254,8927500
2025-10-29,75.5452880859375,76.84745255230615,75.45650021084141,76.83758556033777,19894100
2025-10-30,75.46636199951172,75.91027876545579,75.43676855195667,75.574876324753,17364800
2025-10-31,75.24933624267578,75.4564979098365,74.78568547632631,75.16055589659666,14658200
2025-11-03,74.65744018554688,75.15068437083026,74.44041153981274,75.09149747701512,16185500
2025-11-04,74.9632568359375,75.1704185117788,74.52920702640276,74.97312382801844,18147000
2025-11-05,74.91393280029297,75.18028136132426,74.48974247990289,74.87447236045327,15782900
2025-11-06,74.57852172851562,74.90406470767569,74.14447194927808,74.67716906351009,15452200
2025-11-07,75.67352294921875,75.81163072072023,74.85473578509631,75.10135788082168,16959500
2025-11-10,75.39730834960938,75.57487656180581,74.904064151987,75.44663577989529,16805900
2025-11-11,76.38379669189453,76.49231101740095,75.57487650940705,75.63406340466176,19801200
2025-11-12,76.27528381347656,76.67974767554834,76.25555735678712,76.4429850374193,10978200
2025-11-13,76.27528381347656,76.73893457192594,76.07798914134501,76.28515080497593,15370800
2025-11-14,76.21609497070312,76.56136440127055,75.75244422409439,76.30487531300227,13138200
2025-11-17,75.73271179199219,76.55149897717787,75.68339188736381,76.235822987581,13887100
2025-11-18,76.0582504272461,76.33446596157238,75.60446668852308,75.93987664185417,16840000
2025-11-19,75.47622680664062,76.02865788183951,75.20001126904118,75.90041710404232,15122100
2025-11-20,76.018798828125,76.33447483638606,75.6636623780426,75.7129898118967,21590200
2025-11-21,76.84745025634766,77.3406944716948,76.16677083074957,76.3147456006156,22216000
2025-11-24,75.95960998535156,76.87704453687637,75.86096264647665,76.74880374896993,17869400
2025-11-25,77.00528717041016,77.03488062015096,76.15690648839515,76.15690648839515,18586300
2025-11-26,77.84380340576172,78.04109807561602,77.00528224310791,77.00528224310791,13275100
2025-11-28,78.29759216308594,78.31731862080629,77.73529403918481,77.73529403918481,8914300
2025-12-01,78.21867370605469,78.45542883759188,77.9720515821964,78.18908025540128,16939900
2025-12-02,77.7056884765625,77.98191155251118,77.11379693786239,77.98191155251118,20551000
2025-12-03,77.76488494873047,78.47515782441708,77.67609707611491,77.86353228672928,16832900
2025-12-04,77.3900146484375,77.84380595129821,76.95596485530253,77.62677729157599,14269500
2025-12-05,77.39988708496094,77.92272478763003,77.17299894387925,77.34070018316746,13343200
2025-12-08,76.75865936279297,77.26177055001197,76.63041858132148,77.25190355872674,14602000
2025-12-09,76.93622589111328,77.16312152785464,76.6008234578449,76.9263664263529,14040200
2025-12-10,77.16313171386719,77.32096596026712,76.87704914556296,77.13353826306157,13945300
2025-12-11,77.73529052734375,78.00163908923896,77.34069365397619,77.35056064554546,13753800
2025-12-12,78.34690856933594,78.3863690093229,77.73529056531139,77.863531350537,14506900
2025-12-15,78.5639419555664,78.8302980599354,78.24826594297673,78.55407496339835,14499400
2025-12-16,78.20880126953125,78.88948069241647,78.0312330516616,78.71191247454682,13055300
2025-12-17,78.57380676269531,78.80069489208257,78.27785721636192,78.31731765762702,14268400
2025-12-18,78.1200180053711,78.74150298154295,78.07069057535196,78.25812577785373,12117100
2025-12-19,77.71556091308594,78.09043135069815,77.69583445514783,78.05097090851214,13142000
2025-12-22,77.44408416748047,77.76229274700692,77.29492982292976,77.53358436090187,10983600
2025-12-23,77.07616424560547,77.38442669023698,76.94688702428924,77.37448053782234,7638500
2025-12-24,77.68274688720703,77.75235477742757,77.11593761349957,77.11593761349957,4697100
2025-12-26,77.79212951660156,77.97112231287403,77.53358268049892,77.60319056867762,8761300
2025-12-29,77.84185028076172,78.04073539357016,77.73246536538991,77.73246536538991,9242300
2025-12-30,77.71257781982422,77.89157062149336,77.60319290843246,77.66285464675849,5610900
2025-12-31,77.24520874023438,77.68274839393045,77.23526258809824,77.55347117623415,5872000
2026-01-02,77.2551498413086,77.53358138938684,76.86733338695808,77.2750345575896,15968600
2026-01-05,76.91705322265625,77.13582304729346,76.33035922630293,77.12587689525783,23429400
2026-01-06,77.03638458251953,77.25515440799593,76.70822984430494,76.90710736563378,17108100
2026-01-07,76.1911392211914,77.25514982929101,76.1712469182228,77.12587262006716,18977200
2026-01-08,78.0009536743164,78.28933138050598,76.08175607475124,76.18119483182227,26260100
2026-01-09,78.8064193725586,78.89591198007662,77.93134766783233,77.99100940617768,18234000
2026-01-12,79.73121643066406,79.82070904062931,78.81636767979347,79.08485309638047,26411200
2026-01-13,80.656005859375,80.73555989840534,79.76104188701039,79.76104188701039,26284200
2026-01-14,81.76974487304688,81.88906835252969,80.59634927575478,80.62618014562547,32494200
2026-01-15,81.9089584350586,82.04817421513968,81.39186474902222,81.6404654401229,29123700
2026-01-16,81.6504135131836,81.81946016630368,81.26259703287694,81.69019053509854,23754200
2026-01-20,81.89900970458984,82.09788721653241,80.99409957586236,81.49130094240957,19889000
2026-01-21,81.97856903076172,82.10783866319179,81.2029360627988,81.71007602696454,23029100
2026-01-22,81.80950927734375,82.1078331310871,81.59074704951482,81.87911716499177,15777300
2026-01-23,82.44593811035156,82.47576897987337,81.84929037315106,81.91889826426564,20185600
2026-01-26,82.31665802001953,82.86358256446441,82.17744224265009,82.58515100972552,13188000
2026-01-27,82.69453430175781,82.77408075392015,81.98850169030038,82.29677169418328,13532200
2026-01-28,81.85923767089844,82.93319450886074,81.49130590603416,82.53543187405717,16303200
2026-01-29,81.67029571533203,82.38626691436646,81.5509722399536,81.89901168762562,18799300
2026-01-30,83.0425796508789,83.0425796508789,81.5708601740762,81.72002211087309,18174800
2026-02-02,84.02703094482422,84.18613902372776,82.82380454820655,83.29117504662226,26041700
2026-02-03,85.38936614990234,85.85672906562037,83.58949202870923,83.64916135215326,33052500
2026-02-04,86.50309753417969,86.86108314947276,85.73741071555861,85.83684947831973,33748100
2026-02-05,86.43348693847656,87.1494581466716,85.98600872670018,87.08979640821903,38772900
2026-02-06,87.44778442382812,87.59693877407271,86.21471949273692,86.36388142967277,29568600
2026-02-09,86.94063568115234,87.72621479066738,86.39371111544847,87.41795235546583,21853900
2026-02-10,86.66220092773438,87.33839509923493,86.33404620038317,86.84119372568131,20908100
2026-02-11,87.90520477294922,88.21346719825382,86.24455399831533,86.50309325135555,25588300
2026-02-12,88.7106704711914,89.55591131092476,87.99469926074255,87.99469926074255,35282800
2026-02-13,89.00899505615234,89.49625029459384,88.1239771879522,88.5515706872718,25649700
2026-02-17,87.7063217163086,89.63546552746143,87.15940474209829,89.12831798796114,29819300
2026-02-18,87.5472183227539,88.0245273904034,87.12957099188787,87.4378334141903,20422200
2026-02-19,87.17929077148438,88.20352443123143,86.88097448652309,87.50744551296387,18447200
2026-02-20,87.39805603027344,87.45771776680854,86.69203099674166,87.17928621405694,17909400
2026-02-23,88.47201538085938,88.67089289955373,87.18923490121496,87.18923490121496,22070900
2026-02-24,89.23770141601562,89.27747843675519,88.26319096131448,88.46206847832137,20364000
2026-02-25,88.51179504394531,88.95927326771002,87.82565468659425,88.83994220091684,15215600
2026-02-26,88.36263275146484,89.1382657157704,88.0941397489337,88.76039538581651,15925900
2026-02-27,89.50619506835938,89.55591065463166,88.46206912965796,88.4819614335197,17314200
2026-03-02,88.21347045898438,89.28742729138915,88.19358574135815,88.93938783274628,27606700
2026-03-03,87.24889373779297,88.01458809135224,86.67214591808418,87.85548001233549,36852400
2026-03-04,86.67214965820312,87.46766732754314,86.44343368141958,87.31850539370092,22736400
2026-03-05,84.93194580078125,85.95617945898589,84.5838987554804,85.85673311079067,33738500
2026-03-06,85.29986572265625,85.36947361090647,84.14636249069687,84.44467876033029,25859700
2026-03-09,85.48880767822266,85.67774663298749,84.32535825367209,84.79272118454178,20729100
2026-03-10,85.24020385742188,86.00589062701864,84.68334075226059,85.21037298917264,18864900
2026-03-11,84.11652374267578,85.13081878129206,83.73865343444683,85.07115704491137,18432200
2026-03-12,83.77843475341797,84.49440597348988,83.22157162078035,83.45028001310315,17861800
2026-03-13,84.26568603515625,84.63361778004194,84.08669323854846,84.23585516683676,13103600
2026-03-16,84.50434875488281,84.9816578247642,84.3452406737951,84.7330571380828,12882500
2026-03-17,84.22591400146484,85.20043208217594,84.16625226129379,84.92200051245598,12224900
2026-03-18,82.17744445800781,83.55966370393156,82.13766743673123,83.53977898663881,19412700
2026-03-19,81.51119232177734,82.53542591138547,81.37197654765724,82.15755560830102,18581300
2026-03-20,80.83499908447266,81.84928653409537,80.60628311771467,81.65040902215077,20895800
2026-03-23,81.18000030517578,81.83000183105469,80.9800033569336,81.77999877929688,21027400
2026-03-24,81.11000061035156,82.02999877929688,80.62999725341797,80.80000305175781,14830000
2026-03-25,81.51000213623047,81.62999725341797,80.51000213623047,81.43000030517578,17648200
2026-03-26,81.13999938964844,82.2300033569336,81.06999969482422,81.4800033569336,14148400
2026-03-27,81.77999877929688,82.31999969482422,80.98999786376953,81.2699966430664,25942100
2026-03-30,81.87999725341797,82.61000061035156,81.62999725341797,81.91000366210938,15855700
2026-03-31,81.9800033569336,82.2699966430664,81.1500015258789,82.0,19522700
2026-04-01,81.45999908447266,81.87000274658203,80.91999816894531,81.72000122070312,29643400
2026-04-02,81.88999938964844,81.9800033569336,81.16000366210938,81.70999908447266,20709800
2026-04-06,82.66000366210938,82.69000244140625,81.61000061035156,81.86000061035156,9796700
2026-04-07,81.26000213623047,82.54000091552734,81.0999984741211,82.45999908447266,13331200
2026-04-08,82.77999877929688,82.80000305175781,80.97000122070312,81.25,12645900
2026-04-09,83.44999694824219,83.63999938964844,82.05999755859375,82.23999786376953,11716200
2026-04-10,82.37000274658203,83.41000366210938,82.13999938964844,83.37999725341797,12097000
2026-04-13,81.55000305175781,82.2699966430664,81.06999969482422,82.13999938964844,9981200
2026-04-14,81.47000122070312,81.75,80.70999908447266,81.05999755859375,11577400
2026-04-15,81.05999755859375,81.31999969482422,80.45999908447266,81.2300033569336,10893700
2026-04-16,81.43000030517578,81.80000305175781,80.87000274658203,80.98999786376953,13279000
2026-04-17,82.45999908447266,82.54000091552734,81.1500015258789,81.31999969482422,12251700
2026-04-20,82.38999938964844,82.94999694824219,82.08000183105469,82.55000305175781,9430800
2026-04-21,81.83999633789062,82.44999694824219,81.73999786376953,82.33999633789062,8710400
2026-04-22,82.11000061035156,82.51000213623047,81.8499984741211,82.08999633789062,9138500
2026-04-23,83.4800033569336,83.66000366210938,82.36000061035156,82.36000061035156,12354400
2026-04-24,83.2300033569336,83.86000061035156,82.94999694824219,83.76000213623047,10852700
2026-04-27,82.33999633789062,83.33999633789062,82.2699966430664,83.0999984741211,11125800
2026-04-28,83.08000183105469,83.6500015258789,82.62000274658203,83.5999984741211,10170400
2026-04-29,82.91999816894531,83.23999786376953,82.47000122070312,82.76000213623047,12096900
2026-04-30,84.30999755859375,84.44000244140625,83.18000030517578,83.29000091552734,15360200
2026-05-01,84.16999816894531,85.05999755859375,83.73999786376953,84.72000122070312,13320000
2026-05-04,83.54000091552734,84.3499984741211,83.13999938964844,83.54000091552734,12599100
2026-05-05,84.05999755859375,84.45999908447266,83.2699966430664,83.4800033569336,10891500
2026-05-06,84.23999786376953,84.51000213623047,83.83999633789062,84.33999633789062,11529800
2026-05-07,83.9800033569336,84.30000305175781,83.1500015258789,83.93000030517578,10116900
2026-05-08,84.18000030517578,84.80000305175781,84.16000366210938,84.52999877929688,10323400
