Price,Close,High,Low,Open,Volume
Ticker,XLRE,XLRE,XLRE,XLRE,XLRE
Date,,,,,
2018-01-02,24.837581634521484,25.057518166231297,24.807244962617176,25.019598772883047,1744200
2018-01-03,24.84515953063965,24.905832862664532,24.76932075867225,24.867913476680833,1715100
2018-01-04,24.42046356201172,24.837582692742608,24.42046356201172,24.837582692742608,1824100
2018-01-05,24.473556518554688,24.515268729839562,24.40530043582171,24.473556518554688,1400200
2018-01-08,24.64040184020996,24.670735622480883,24.481135741230794,24.50388969426473,990600
2018-01-09,24.359790802001953,24.640400696230724,24.344622465038412,24.625232359267184,1277200
2018-01-10,23.980592727661133,24.2536155628942,23.86683164590409,24.246031394341582,2174500
2018-01-11,23.828907012939453,24.07159456716032,23.77733525672815,24.041259346148678,1343200
2018-01-12,23.65447998046875,23.836495680501606,23.588499307288494,23.806159007230033,1657200
2018-01-16,23.76824188232422,24.15502582428611,23.715154145560646,23.798577111960974,5520200
2018-01-17,23.90475082397461,23.973006889662685,23.745486188525057,23.836494758286538,1713400
2018-01-18,23.677236557006836,23.87442063963037,23.639317153112227,23.86683646954494,2276600
2018-01-19,23.844087600708008,23.859254495742466,23.662071841500484,23.737910656270785,1641000
2018-01-22,24.07159996032715,24.07918412891225,23.83649652031798,23.859247579541034,2095700
2018-01-23,24.44321632385254,24.44321632385254,24.079184899314125,24.124688465748353,1873300
2018-01-24,24.374961853027344,24.46596899187742,24.276369098318636,24.374961853027344,2990100
2018-01-25,24.321870803833008,24.374958535358527,24.166398970137326,24.35979019877061,2115900
2018-01-26,24.39012908935547,24.395437862990665,24.200529204365747,24.329458630552377,1472300
2018-01-29,24.109521865844727,24.3522094851351,24.086769359086635,24.321872809457645,2092900
2018-01-30,24.01092529296875,24.101933858976757,23.92750089467242,24.003341125257077,2347200
2018-01-31,24.50389289855957,24.51147562185272,23.912340670952297,24.048851388216296,4213100
2018-02-01,24.05643081665039,24.58730958101926,24.01092725319756,24.42804638566826,3937800
2018-02-02,23.783405303955078,23.98817203963816,23.631724847529348,23.813740527321002,3719200
2018-02-05,23.169105529785156,23.957841751215078,23.123601962097226,23.699985790096246,7652400
2018-02-06,23.123598098754883,23.252526057773846,22.615470430448635,22.971919082959225,6741200
2018-02-07,23.017423629760742,23.419374413055642,22.994671125476593,23.070511359891604,10201500
2018-02-08,22.29694366455078,23.18427108384108,22.281775328298806,22.964335994316084,10497600
2018-02-09,22.82023811340332,22.99466962863066,22.122510605961903,22.41070174214046,9654500
2018-02-12,22.88091278076172,22.994672415500187,22.32728149757754,22.918832176830463,5294500
2018-02-13,23.047760009765625,23.116016079503968,22.744400503446457,22.82024074165931,3049300
2018-02-14,22.903663635253906,22.92717412201203,22.55479914113485,22.82782340205132,4055300
2018-02-15,23.116010665893555,23.153931499385294,22.820235397317425,22.91882667133217,2924100
2018-02-16,23.267696380615234,23.37387184539389,23.108431736915037,23.1160159053324,7702800
2018-02-20,23.0325927734375,23.389040007192747,23.01742443671629,23.146352405782178,12237200
2018-02-21,22.60788345336914,23.10842689170706,22.60788345336914,23.02500394967202,3924000
2018-02-22,22.86574363708496,23.062927672057274,22.698896275123243,22.698896275123243,2969600
2018-02-23,23.28286361694336,23.28286361694336,22.91124661471878,22.96433579113097,3106500
2018-02-26,23.366291046142578,23.389043554675332,23.212336600014964,23.351124153653167,2436200
2018-02-27,22.86574363708496,23.39662384251289,22.86574363708496,23.389039674260243,5371800
2018-02-28,22.835405349731445,23.17668419616225,22.835405349731445,22.987084354856695,3312500
2018-03-01,22.721649169921875,23.078097873946906,22.64581037432977,22.84299442524031,5627200
2018-03-02,22.645803451538086,22.69130700428944,22.45620362745363,22.638219284990885,4863200
2018-03-05,22.964332580566406,23.04396416425345,22.494124352378837,22.55479624183543,2574200
2018-03-06,23.055347442626953,23.123603522029615,22.82024397275803,22.956756131563353,11143400
2018-03-07,23.1539363861084,23.207024117669306,22.88091211347265,22.933999845033558,19120500
2018-03-08,23.33594512939453,23.33594512939453,23.12359281991955,23.222185531884698,2200900
2018-03-09,23.487628936767578,23.487628936767578,23.232048419543347,23.343534092028214,2277300
2018-03-12,23.601390838623047,23.65902791063734,23.457294542257028,23.487629767183915,3270400
2018-03-13,23.677236557006836,23.790997661755725,23.578645238961336,23.662069663368513,2837200
2018-03-14,23.722740173339844,23.787203445451517,23.631731584234153,23.737907066080417,3261600
2018-03-15,23.722740173339844,23.825124293634076,23.616563244961128,23.74549123571693,3602400
2018-03-16,23.847089767456055,23.885232322982514,23.637302801970094,23.702145437374114,2807500
2018-03-19,23.610597610473633,23.847084604638482,23.473282112234394,23.847084604638482,4095700
2018-03-20,23.602968215942383,23.793683857575623,23.514475296837993,23.625853161709653,3647200
2018-03-21,23.389360427856445,23.671620148355753,23.282560160391878,23.602962417830096,4715800
2018-03-22,23.305452346801758,23.66399870770469,23.2825673995407,23.35885395218249,5319800
2018-03-23,22.93927574157715,23.374107145131774,22.8782467981843,23.34359340095774,6203100
2018-03-26,23.252042770385742,23.294000430081876,22.985040671901185,23.129984917657552,4544100
2018-03-27,23.290189743041992,23.618219354878164,23.030816408998835,23.259674548427707,6480500
2018-03-28,23.717390060424805,23.80511905415535,23.36647263045819,23.36647263045819,7058300
2018-03-29,23.709760665893555,23.82418972200869,23.622031674370472,23.79367598606537,4264100
2018-04-02,23.419876098632812,23.793678497419695,23.25204544057514,23.740278362599362,6294600
2018-04-03,23.50379180908203,23.583893472615806,23.28256245396285,23.465649268385686,7277400
2018-04-04,23.778417587280273,23.831817714660396,23.305442328259716,23.35884391068418,5217200
2018-04-05,23.80130958557129,23.820380856263917,23.595336369983663,23.81656572909858,3365500
2018-04-06,23.557193756103516,23.908111268630574,23.503793613012277,23.73265323988943,5657600
2018-04-09,23.549564361572266,23.755536116274946,23.492349096072015,23.602964500015354,3302000
2018-04-10,23.389360427856445,23.709762685294663,23.29781775718525,23.709762685294663,6040300
2018-04-11,23.450395584106445,23.663997630773594,23.320708887030836,23.320708887030836,2896700
2018-04-12,23.175756454467773,23.580074004622936,23.122356325305553,23.51141627997311,2634500
2018-04-13,23.29781723022461,23.335959766300796,23.15287297405503,23.183386711907083,3011700
2018-04-16,23.404617309570312,23.49997510404865,23.259673054550788,23.358845975633162,2515300
2018-04-17,23.717390060424805,23.854705513235896,23.387834137713728,23.473274346558167,2845800
2018-04-18,23.65636444091797,23.801308711942184,23.65636444091797,23.747907118900375,2118000
2018-04-19,23.259672164916992,23.595331996054906,23.1223567133131,23.572445602439455,2723000
2018-04-20,23.05370330810547,23.348169431976036,23.023189565943902,23.2901917213199,3173400
2018-04-23,23.099475860595703,23.183389741939624,22.988860454455224,23.05370306526847,1929900
2018-04-24,23.122360229492188,23.2520469029455,23.007931154102707,23.122360229492188,3914000
2018-04-25,23.04607582092285,23.160506361916685,22.91105057623609,23.084219819602385,2337900
2018-04-26,23.34358787536621,23.483192114161895,23.10404827434253,23.122357098531037,2621900
2018-04-27,23.65636444091797,23.732650975933062,23.14524654787486,23.274933220887128,3408300
2018-04-30,23.564821243286133,23.74790806156313,23.534307501095643,23.602965239830105,2895500
2018-05-01,23.732654571533203,23.7517258444152,23.513712517529477,23.602967878872835,3077000
2018-05-02,23.625850677490234,23.747908558897734,23.489299095623778,23.648737075895912,3362800
2018-05-03,23.618223190307617,23.713581006395835,23.496165302118285,23.59533824567512,3260600
2018-05-04,23.885223388671875,23.953881126974128,23.587707492725237,23.59533629198601,1804100
2018-05-07,23.930992126464844,23.976763459223736,23.828005536474013,23.923363328497626,1737500
2018-05-08,23.763168334960938,23.89285502771859,23.683068115769558,23.854712481925983,1693200
2018-05-09,23.946250915527344,23.946250915527344,23.69450637494682,23.76316410920011,1498200
2018-05-10,24.167482376098633,24.217068842201595,24.00728050678315,24.03016690384097,1628800
2018-05-11,24.053054809570312,24.26665537532904,24.022539611579223,24.17511269144522,1206700
2018-05-14,23.885223388671875,24.07593900505709,23.763165510588912,24.060682861580233,1882900
2018-05-15,23.480907440185547,23.7326519980462,23.416063373364405,23.7326519980462,2371100
2018-05-16,23.419876098632812,23.618219040809898,23.37410330732006,23.534305166825607,1562100
2018-05-17,23.29781723022461,23.435131233125574,23.23678684443154,23.396988697049387,1758200
2018-05-18,23.313077926635742,23.4351358119811,23.21390644043442,23.313077926635742,1395300
2018-05-21,23.549564361572266,23.614406971097544,23.21390447772973,23.366476093989323,1477100
2018-05-22,23.580078125,23.610593321307427,23.43513385262902,23.54956438373722,1567200
2018-05-23,23.770795822143555,23.854711164306025,23.564822594132817,23.572451393878932,1543900
2018-05-24,23.67925262451172,23.86996824891644,23.561008413564686,23.778424108982488,1537500
2018-05-25,23.793676376342773,23.89284783859072,23.70213225692247,23.70213225692247,1713600
2018-05-29,23.854707717895508,23.93480792109005,23.64110572099882,23.740278648325503,3255100
2018-05-30,24.167482376098633,24.262840181272605,23.770793557364197,23.83182249447375,3589000
2018-05-31,24.091196060180664,24.167482596022975,23.984395783028216,24.060682318870526,3811900
2018-06-01,24.190366744995117,24.239953209923282,24.014908736842663,24.08356647134486,2424400
2018-06-04,24.426856994628906,24.426856994628906,24.163668507414368,24.243770173765803,3660700
2018-06-05,24.304800033569336,24.51458547776005,24.26665603504349,24.465000462243598,2623600
2018-06-06,24.373455047607422,24.38108239141405,24.194181912214948,24.28953971528846,2120300
2018-06-07,24.373455047607422,24.434482528328083,24.228510779523194,24.39633998911652,4379700
2018-06-08,24.457368850708008,24.47643866407683,24.312424591686547,24.350567128513216,2237300
2018-06-11,24.44974708557129,24.533662441776485,24.403975734479825,24.434489483525795,1788600
2018-06-12,24.587055206298828,24.648085596143197,24.346754593987225,24.350568265830205,1508900
2018-06-13,24.037796020507812,24.617571658232368,24.011095951109844,24.58705646175203,2002600
2018-06-14,24.26665687561035,24.3650659216397,24.129341386250395,24.129341386250395,2131100
2018-06-15,24.227415084838867,24.435144942281948,24.19894794412949,24.25819053073593,2439000
2018-06-18,24.204341888427734,24.273585198238354,24.06970293460405,24.15048630689826,2107100
2018-06-19,24.2351131439209,24.36975207440541,24.11201427391955,24.11201427391955,2535800
2018-06-20,24.49669647216797,24.51977805857468,24.219723305104065,24.265886477917483,3725000
2018-06-21,24.64287567138672,24.673651120205005,24.450534986089114,24.519778278476085,2827000
2018-06-22,24.858301162719727,24.881381282143433,24.56978646283573,24.72750697119919,2292900
2018-06-25,24.79674530029297,24.915996473320266,24.654411077554617,24.873683907816858,6956700
2018-06-26,24.92754364013672,25.03909950363951,24.74289388606468,24.827524901059853,2106700
2018-06-27,24.858301162719727,25.089111161681902,24.858301162719727,24.98909241933189,3679600
2018-06-28,25.1044979095459,25.142965752058227,24.850604866129665,24.850604866129665,2795800
2018-06-29,25.166048049926758,25.281454522366033,24.881382468793994,25.08141702812576,2923000
2018-07-02,25.019866943359375,25.196821367184196,24.739046116151734,25.135270471119078,6280200
2018-07-03,25.166048049926758,25.373777939372346,24.981401215914133,25.050644512395994,2916200
2018-07-05,25.49688148498535,25.51226921312771,25.16220793634349,25.212215851624364,2699600
2018-07-06,25.604585647583008,25.65844121390431,25.516109903587253,25.56611780519754,2440800
2018-07-09,25.3660831451416,25.64305630487401,25.242984289139223,25.64305630487401,2344600
2018-07-10,25.489181518554688,25.51995403079149,25.235288481970887,25.381470388455444,3077300
2018-07-11,25.412246704101562,25.535345576197304,25.369931191670968,25.46610227721166,2347300
2018-07-12,25.473791122436523,25.51995135340298,25.342996953246537,25.473791122436523,1660700
2018-07-13,25.38916778564453,25.585357631217146,25.37378005903994,25.48918654112001,2142700
2018-07-16,25.25067901611328,25.3583901582015,25.07680329671616,25.281454466683773,2759100
2018-07-17,25.081417083740234,25.31992242435295,25.050644567942236,25.258374457848436,1720400
2018-07-18,24.98909568786621,25.14297001893697,24.86599680999135,25.042951263504662,2092200
2018-07-19,25.22759437561035,25.33915316275901,24.896765678523415,24.94292591120012,2363400
2018-07-20,25.004484176635742,25.212214089676852,24.919853145221712,25.16605090847588,2041700
2018-07-23,24.93523597717285,24.996786873357564,24.783671444425817,24.996786873357564,2796900
2018-07-24,24.86599349975586,25.01986781034241,24.7275069137188,24.919849068224895,2104200
2018-07-25,25.11219024658203,25.15450575372117,24.86599253317697,24.881380257128317,2608800
2018-07-26,25.196819305419922,25.312225758644598,25.13526841439129,25.13526841439129,2256900
2018-07-27,24.96601676940918,25.277610177045208,24.943705591984255,25.27376251148298,2666300
2018-07-30,24.942930221557617,25.01602118247046,24.765975784265695,24.989093397119703,2941100
2018-07-31,25.427627563476562,25.496870843763684,25.096798883761185,25.135266720607845,4027300
2018-08-01,25.596895217895508,25.627670668129515,25.11988747890228,25.235291014917102,3776600
2018-08-02,25.473791122436523,25.631510136418363,25.42609006483875,25.496871237919752,2963100
2018-08-03,25.804624557495117,25.839244737092997,25.46610048191547,25.489183536555796,2721000
2018-08-06,25.750764846801758,25.904636200145987,25.69690928614969,25.827700523473872,2860800
2018-08-07,25.696914672851562,25.904641630392508,25.550732747660124,25.827705937592793,2122400
2018-08-08,25.53533935546875,25.73537680821058,25.508411575473644,25.73537680821058,2437300
2018-08-09,25.58150863647461,25.67383205639575,25.51995773325478,25.54304078941652,1937500
2018-08-10,25.33530616760254,25.635359427558576,25.319918444667866,25.535340695937215,2656000
2018-08-13,25.32761573791504,25.412246762972288,25.27376016468018,25.33531106832495,1652300
2018-08-14,25.427627563476562,25.485330786200468,25.319916446342777,25.381467333223696,1559100
2018-08-15,25.6507511138916,25.669986504259096,25.35839020277504,25.435328829336513,2608300
2018-08-16,25.85079002380371,25.873873083111267,25.62767530649668,25.643063034398715,4032200
2018-08-17,26.096982955932617,26.10467828590962,25.843092829952138,25.866172950066236,2608600
2018-08-20,26.12775993347168,26.262398866855786,26.089292086063168,26.13545526389856,1947100
2018-08-21,25.889253616333008,26.12006360090296,25.850782839814528,26.07390043002569,2117700
2018-08-22,25.727684020996094,25.87386592818713,25.619972890376296,25.87386592818713,1380300
2018-08-23,25.666133880615234,25.785385060111047,25.650746158275783,25.719989441349338,1233500
2018-08-24,25.84309196472168,25.850784359532682,25.619974361393854,25.635362085924225,3533100
2018-08-27,25.804624557495117,25.90464036627237,25.66613796928679,25.858480126808534,2515300
2018-08-28,26.12006378173828,26.12006378173828,25.735379493155712,25.804622782496903,1887900
2018-08-29,26.081594467163086,26.204693315162398,26.066206744299667,26.112366977981882,1468700
2018-08-30,25.9431095123291,26.13545165774101,25.900794005545823,26.12775632837593,1730100
2018-08-31,26.043132781982422,26.120071423152222,25.958504679059242,25.973889472384137,1579300
2018-09-04,25.812320709228516,26.073906198926256,25.758465132076818,25.98927516771392,2310700
2018-09-05,25.973880767822266,26.043124054215223,25.635359664850075,25.75845851455888,3257000
2018-09-06,26.05851936340332,26.104682546073597,25.97388832929561,26.012359115641978,1960400
2018-09-07,25.727684020996094,25.94310921714388,25.70460390297991,25.935413887866357,1899000
2018-09-10,25.866165161132812,26.004651709932652,25.812309607144826,25.843085047968696,1797100
2018-09-11,25.873870849609375,25.9585018783105,25.71230118803961,25.78154449016701,1534300
2018-09-12,25.896949768066406,25.973885462449555,25.781543291583073,25.904642163541276,1388600
2018-09-13,26.05851936340332,26.12776266995427,25.93542047785818,25.996971388085218,1576500
2018-09-14,25.835397720336914,25.99696441397659,25.67767575637332,25.981576690547836,1828300
2018-09-17,25.981576919555664,26.020044761012535,25.769999389180615,25.773847053798754,2338800
2018-09-18,25.827707290649414,25.99696934556632,25.773851715886526,25.943113770803432,1451800
2018-09-19,25.58150863647461,25.843094105341674,25.53919312423813,25.835401709893496,2033100
2018-09-20,25.773849487304688,25.789237212321947,25.489183911756587,25.58919972200607,1928400
2018-09-21,25.773853302001953,25.89436357698545,25.688328732957256,25.789400527377605,1954600
2018-09-24,25.268478393554688,25.696098203958872,25.17129193819486,25.68832459252399,2862000
2018-09-25,25.245153427124023,25.396764053209896,25.217161309103005,25.268477226246432,1710600
2018-09-26,24.96525764465332,25.291802717798603,24.93415726647892,25.268478917115456,2323300
2018-09-27,25.043001174926758,25.175176275737403,24.980803395523637,25.00412719206296,1599100
2018-09-28,25.354000091552734,25.369550278565313,25.011901909065852,25.05077885954475,3145400
2018-10-01,25.15962791442871,25.42242104035356,25.144077726976267,25.354000808741795,3654400
2018-10-02,25.081880569458008,25.221829310678846,25.081880569458008,25.167405129748012,2752400
2018-10-03,24.794212341308594,25.194620132684488,24.65426358390983,25.10521023906046,2625100
2018-10-04,24.67758560180664,24.794209056539223,24.467662493519384,24.794209056539223,2934700
2018-10-05,24.685365676879883,24.840864636527613,24.646491678441944,24.708690965711437,3406600
2018-10-08,25.00412940979004,25.11686604622051,24.700908164305694,24.763107432172934,3076200
2018-10-09,25.08965301513672,25.167400984834615,24.887503548490294,24.996354858320252,4429900
2018-10-10,24.693134307861328,25.136305781939303,24.693134307861328,25.019680851264912,4361500
2018-10-11,23.970069885253906,24.763111802739814,23.915645701632915,24.73978651706748,9558500
2018-10-12,23.95451545715332,24.31993745330296,23.830116921469727,24.110014368231575,5288200
2018-10-15,24.10223960876465,24.32771288466146,23.915641802650498,23.946740695529083,3894500
2018-10-16,24.553184509277344,24.627045676936707,24.047815269147822,24.133339819135788,3272200
2018-10-17,24.48320770263672,24.62704321811673,24.304385009559148,24.52208316827144,3449400
2018-10-18,24.490989685058594,24.704799615878272,24.389916411871255,24.475439494430447,3345200
2018-10-19,24.739788055419922,24.825312625255386,24.514316211691703,24.514316211691703,2999900
2018-10-22,24.38991355895996,24.875845837141007,24.38213846455535,24.801983181771007,4269600
2018-10-23,24.545408248901367,24.654256592478678,24.226636828755694,24.319936468213008,5159700
2018-10-24,24.833084106445312,25.043005728203756,24.537636444352056,24.584287011807408,5443600
2018-10-25,25.128528594970703,25.26070371092061,24.770883166227627,24.88750512817683,5413800
2018-10-26,24.475435256958008,25.050780347006498,24.343261625397822,25.019679971134668,8951600
2018-10-29,24.879732131958008,24.996357062684638,24.654258847697292,24.654258847697292,6143200
2018-10-30,25.29180335998535,25.46285247839237,24.848633340381145,24.91083409830929,7427400
2018-10-31,24.94970703125,25.291802287664517,24.895282853318037,25.291802287664517,4202400
2018-11-01,25.043001174926758,25.124637428709164,24.85640338787523,25.019677378387435,4848800
2018-11-02,24.833084106445312,25.097429907287342,24.55318663350384,25.089656295659108,6876800
2018-11-05,25.245153427124023,25.330677978433,24.89528161081236,24.89528161081236,4093100
2018-11-06,25.38509750366211,25.392871113313923,25.19849824717836,25.24514880277294,2958800
2018-11-07,25.664997100830078,25.68054728915545,25.36566413177844,25.517274760581827,3917900
2018-11-08,25.719425201416016,25.719425201416016,25.49783723394286,25.633900645386785,2665000
2018-11-09,25.75052261352539,25.8127233691454,25.60280026777077,25.680548246400512,3558700
2018-11-12,25.804943084716797,26.038192918888885,25.758295490598254,25.758295490598254,2861900
2018-11-13,25.859373092651367,25.92934746552014,25.66500016422649,25.804948909964043,6307600
2018-11-14,25.851600646972656,25.952675404764985,25.719428473309772,25.952675404764985,4369000
2018-11-15,25.649452209472656,25.797174563146207,25.400652139550495,25.75052399393041,7158900
2018-11-16,26.014869689941406,26.014869689941403,25.61057367925474,25.641674056821845,3738100
2018-11-19,26.0848388671875,26.248111368090427,25.898242570696915,26.022641090322193,4668200
2018-11-20,25.742746353149414,26.162592512697437,25.73496977654947,25.983766841638307,6593700
2018-11-21,25.72719383239746,25.937116893131527,25.610568921135854,25.77384439008104,3707500
2018-11-23,25.63390350341797,25.758302062631493,25.486178175298683,25.66500091879965,2543000
2018-11-26,25.688325881958008,25.797174242881454,25.540600564222995,25.696099493783084,3242200
2018-11-27,25.828275680541992,25.83604929268567,25.548378189041333,25.672776744608793,3227200
2018-11-28,26.038196563720703,26.069293975521138,25.71942510707798,25.828273463117654,3645700
2018-11-29,26.069293975830078,26.197580809404894,25.874921064072574,26.03041998665763,2600700
2018-11-30,26.31808853149414,26.345300617884188,26.018755581203646,26.147042402425992,4327200
2018-12-03,26.44249153137207,26.45804172134972,26.201471001457154,26.3569699353382,5321300
2018-12-04,26.092620849609375,26.53579085297171,26.053743894381405,26.403615730166216,6476800
2018-12-06,26.807918548583984,26.82346874144307,25.727205354993846,26.030426701005926,6368500
2018-12-07,26.40361785888672,26.730165920578024,26.325869873953103,26.722389342547356,5559900
2018-12-10,26.30254554748535,26.42694410043738,25.90213483195979,26.403617332705753,9157900
2018-12-11,26.34918785095215,26.543560736209564,26.33363766422417,26.42693878459203,4645200
2018-12-12,25.851600646972656,26.528017637961458,25.832162166894868,26.450269649441605,4298900
2018-12-13,26.03041648864746,26.248113171474944,25.874917586958603,25.874917586958603,4652700
2018-12-14,25.983774185180664,26.06152514367928,25.82050162117728,25.952676767677023,4138700
2018-12-17,25.011903762817383,26.077069407911626,24.95747958718718,26.01486865525132,7214000
2018-12-18,25.260705947875977,25.44730228987674,25.13630739791034,25.237379180704345,8109100
2018-12-19,25.02745819091797,25.486178438867178,24.949710202816327,25.284031890265528,12878000
2018-12-20,24.7242374420166,25.13242180348424,24.55318978821295,25.12075990159586,11333000
2018-12-21,24.345863342285156,25.250473566201347,24.321478040559732,24.857165490756334,15120000
2018-12-24,23.449125289916992,24.463865096499944,23.442046603107173,24.463865096499944,10641000
2018-12-26,24.1964168548584,24.204283230179218,23.221008820441916,23.527789956165496,10947900
2018-12-27,24.251482009887695,24.259348385866378,23.5435246757422,24.039094359536705,14151800
2018-12-28,24.33799934387207,24.57398451222088,24.131118102736306,24.47172467269829,10391000
2018-12-31,24.38519859313965,24.424528958469548,23.999755311549023,24.41666408568938,7807200
2019-01-02,23.826702117919922,24.26720855759994,23.685110387219133,24.22787668776226,10445000
2019-01-03,23.936832427978516,24.330142191171436,23.795240673171833,23.803107048478616,9743800
2019-01-04,24.18067741394043,24.400931360910793,23.96828984011443,24.133480675431517,9620900
2019-01-07,24.38519859313965,24.558254301091377,24.18854376577562,24.212142885187916,5141800
2019-01-08,24.809978485107422,24.865041607242524,24.45599912801383,24.534661374074354,7575900
2019-01-09,24.707717895507812,24.88077364202085,24.495330274543452,24.841443267927122,5100800
2019-01-10,25.101028442382812,25.132493942952365,24.58972606098874,24.636922811485423,7837200
2019-01-11,25.148221969604492,25.163954717872787,24.920103121144056,25.022362984173053,3095100
2019-01-14,25.069561004638672,25.219019111135097,24.967299642167323,25.053828256511164,2918300
2019-01-15,25.352741241455078,25.40780435579157,25.085290542942968,25.085290542942968,3925000
2019-01-16,25.470731735229492,25.576924011914265,25.2583441811457,25.329140032506963,7295900
2019-01-17,25.596599578857422,25.62806507943313,25.399944701332178,25.439275076694166,3397100
2019-01-18,25.69099235534668,25.69885722991116,25.481752483778134,25.69885722991116,7865600
2019-01-22,25.6437931060791,25.738189601464022,25.431408493250757,25.66739373028288,8116300
2019-01-23,25.659523010253906,25.777517116044656,25.494333662718663,25.777517116044656,3087500
2019-01-24,25.761783599853516,25.82078065098848,25.478600154977418,25.620191877415465,4578000
2019-01-25,26.06069564819336,26.084293264609546,25.690983653864098,25.848308098305115,3031400
2019-01-28,26.32028579711914,26.343886420854577,25.926976076298896,25.974174323054736,5276000
2019-01-29,26.52480125427246,26.540533998874206,26.178686874462482,26.22588510826772,2530000
2019-01-30,26.745058059692383,26.839451542055887,26.45400973865467,26.556268094250672,5118100
2019-01-31,27.004642486572266,27.051837724949028,26.477605985886875,26.721459053453493,7024500
2019-02-01,26.839454650878906,27.114773257341863,26.485475300120843,27.043977387190253,9829200
2019-02-04,26.99677848815918,27.012511236781233,26.58773602613071,26.807991506124484,6513600
2019-02-05,27.177698135375977,27.185566009332078,26.84731944637264,27.028241538071807,4186000
2019-02-06,26.965314865112305,27.130507236767915,26.874855305141917,27.09904173733683,3535200
2019-02-07,27.193431854248047,27.20523066488909,26.815854910160656,26.902383522481376,6325300
2019-02-08,27.193431854248047,27.272092592331532,27.036107377366264,27.083305620645245,2913100
2019-02-11,27.272098541259766,27.311431919596206,27.099044279584394,27.217035412447313,2971900
2019-02-12,27.083311080932617,27.295698717435442,26.97554338744497,27.295698717435442,8982900
2019-02-13,27.264225006103516,27.279957752297815,26.98104157603514,27.067570179746532,3751800
2019-02-14,27.36648941040039,27.468747771004693,27.11477144462621,27.27996079703148,4007000
2019-02-15,27.531673431396484,27.539538303491177,27.366484110979528,27.445144834783527,2674800
2019-02-19,27.563152313232422,27.626080322707416,27.43729329356671,27.492356427125728,3921300
2019-02-20,27.390094757080078,27.531686527852,27.187933540009862,27.429425137691013,3200300
2019-02-21,27.437280654907227,27.445145527200342,27.122631750324388,27.287821074908923,4484200
2019-02-22,27.59461212158203,27.70473836596515,27.342891133501205,27.468750127184066,3477800
2019-02-25,27.36648941040039,27.68113536726069,27.335023914499907,27.641804997742508,4075800
2019-02-26,27.311426162719727,27.492348262212662,27.26422791909403,27.44515001858696,2674700
2019-02-27,27.224895477294922,27.350754450001062,27.004643025237822,27.209162730617326,3252300
2019-02-28,27.303560256958008,27.626074109865826,27.130506019283235,27.217031637763096,5002100
2019-03-01,27.272098541259766,27.35076229721718,26.953518581599784,27.35076229721718,5897500
2019-03-04,27.38222885131836,27.41369135419429,27.063645878706524,27.350763347726843,6178600
2019-03-05,27.46088218688965,27.563143545562983,27.287824964629355,27.335023207258917,4066400
2019-03-06,27.390094757080078,27.571016908462934,27.342896499917536,27.468755518301947,3832300
2019-03-07,27.36648941040039,27.602474628224325,27.27996079703148,27.405819779918573,7592600
2019-03-08,27.390094757080078,27.51988771374029,27.261087987931887,27.311433995858206,3103900
2019-03-11,27.81486701965332,27.838464645289395,27.47819275704949,27.515950758496434,4124100
2019-03-12,27.964317321777344,28.0272483101866,27.83845834567352,27.854191092775835,4323800
2019-03-13,28.098047256469727,28.184575874674454,27.980053140606,27.980053140606,2726000
2019-03-14,28.168842315673828,28.176707189504867,28.011517832618715,28.105911322165813,4504400
2019-03-15,28.053335189819336,28.21156103826322,27.997956595550033,28.195738151628127,5436300
2019-03-18,27.910938262939453,28.140365641894736,27.784358160396486,28.08498703565142,3318300
2019-03-19,27.831815719604492,27.98212858827051,27.744791367990196,27.93466295495834,3464300
2019-03-20,27.958406448364258,28.108719374431743,27.647492549067966,27.855559173735113,8689800
2019-03-21,28.456811904907227,28.46472183945211,27.903022931644852,27.91884581864173,4798000
2019-03-22,28.32232666015625,28.723427751172625,28.32232666015625,28.456819727648142,5026000
2019-03-25,28.346050262451172,28.456807436129225,28.215513728656333,28.338137311241802,4370800
2019-03-26,28.52010154724121,28.53592443485517,28.361875689008876,28.448900061932022,2357500
2019-03-27,28.42516326904297,28.654590580538127,28.251114547507772,28.56756621977053,2939100
2019-03-28,28.662508010864258,28.666464487726717,28.393524924461385,28.48845924380722,3626500
2019-03-29,28.654590606689453,28.709969196699955,28.531963999174643,28.654590606689453,3565600
2019-04-01,28.567569732666016,28.709972700904576,28.29858668353842,28.69414981355505,6733100
2019-04-02,28.812814712524414,28.86423984690833,28.38560885876948,28.59921329460042,6604200
2019-04-03,28.78117561340332,28.90775570057439,28.55965819742345,28.804908436651854,3581300
2019-04-04,28.69415283203125,28.820732926235852,28.567572737826644,28.8128199727751,3507700
2019-04-05,28.91565704345703,28.944930735866087,28.64667406090786,28.725788478073163,2869900
2019-04-08,28.77326202392578,28.947310771651342,28.694150602909033,28.907755061142968,2918500
2019-04-09,28.686233520507812,28.820726538363925,28.64667781569372,28.781170833549833,2094500
2019-04-10,28.91565704345703,28.91565704345703,28.725788478073163,28.757431227032853,2606200
2019-04-11,28.876110076904297,29.034335941181133,28.757439924219835,28.923578741559552,3705500
2019-04-12,29.03433609008789,29.03433609008789,28.638772936320773,28.836554513204334,2691300
2019-04-15,28.860279083251953,29.042237719799502,28.77325473144519,29.042237719799502,2115300
2019-04-16,28.179920196533203,28.86820230502874,28.037517209803614,28.86820230502874,3994500
2019-04-17,27.887197494506836,28.322316284456782,27.79621665707128,28.266937693985344,4323500
2019-04-18,28.108713150024414,28.156181808858914,27.776441591903833,28.013778850262387,2756900
2019-04-22,27.800174713134766,28.0533348605104,27.55097104184822,28.0533348605104,4012600
2019-04-23,28.116628646850586,28.187830132593035,27.800176928460303,27.90302418962323,5469100
2019-04-24,28.31441307067871,28.425170277908315,28.124541416922565,28.195742909842675,3304200
2019-04-25,28.282766342163086,28.3697907214657,28.053338981802995,28.22738774040823,4198400
2019-04-26,28.472639083862305,28.492415432159152,28.251121650421606,28.39352463695221,2517000
2019-04-29,28.179920196533203,28.535927663357175,28.14432095880459,28.377701787223454,3256800
2019-04-30,28.5042781829834,28.539880433996274,27.99795785943232,28.19573942443866,4650200
2019-05-01,28.5042781829834,28.852375668855153,28.4488995862142,28.52801402296104,6051300
2019-05-02,28.55965232849121,28.8444582205761,28.5121866917482,28.5121866917482,5382600
2019-05-03,28.757434844970703,28.80490350124186,28.54383343651753,28.678323435758923,3223400
2019-05-06,28.638763427734375,28.749520591150613,28.456804799563933,28.630850477258154,3377200
2019-05-07,28.148269653320312,28.591298362518966,27.94257516584373,28.543832725337246,3711800
2019-05-08,28.148269653320312,28.417249645101357,28.13640022611814,28.203648241970143,3831500
2019-05-09,28.243207931518555,28.274853706043654,27.895110447556785,28.08498207680022,5684500
2019-05-10,28.567569732666016,28.638771216785297,28.160140191614037,28.179916537370563,3268400
2019-05-13,28.567569732666016,28.615035376807416,28.322319505609123,28.377698102378876,3392100
2019-05-14,28.670419692993164,28.789086832435416,28.559659471109946,28.622951026471785,3984400
2019-05-15,28.860279083251953,28.96312631883326,28.55965032734854,28.670410513770374,3478200
2019-05-16,29.026412963867188,29.145083075569012,28.836544406631834,28.860277221809675,2834200
2019-05-17,28.986865997314453,29.042244594681346,28.82864014002024,28.89193169010081,3403200
2019-05-20,28.52010154724121,28.93148757148239,28.417254286704107,28.884018908640517,3472100
2019-05-21,28.757434844970703,28.840505747921934,28.59921202654714,28.646677664911483,2353600
2019-05-22,28.891929626464844,28.91566244709631,28.725793846230584,28.789082373883492,1982800
2019-05-23,29.03433609008789,29.062025390135297,28.765353024809958,28.8128186718013,2521100
2019-05-24,29.073890686035156,29.26376232043539,29.065980751142636,29.16091505938913,1523600
2019-05-28,28.77326202392578,29.263762491532862,28.76535208898701,29.216293828178454,2496400
2019-05-29,28.440990447998047,28.820730701296185,28.32390168191502,28.74952921518358,2648700
2019-05-30,28.615034103393555,28.70601494712775,28.425165499463045,28.472634159399195,2656200
2019-05-31,28.852367401123047,29.010590193463162,28.512182965360438,28.551738663445466,4582100
2019-06-03,28.963132858276367,29.010598502410545,28.709972696536816,28.95521990564922,6621400
2019-06-04,28.804912567138672,28.97104838951616,28.559662292742548,28.97104838951616,3596800
2019-06-05,29.461538314819336,29.477358181610843,28.868193719217693,28.971037942895837,4495200
2019-06-06,29.516923904418945,29.572302505046338,29.33496521408502,29.540656728142856,2272500
2019-06-07,29.611862182617188,29.793820897317634,29.572306465144532,29.683063681231083,2114000
2019-06-10,29.50901222229004,29.675148031328238,29.374522191518405,29.651415206582072,3041400
2019-06-11,29.564388275146484,29.651412648919262,29.362653246390234,29.588124115752773,2472200
2019-06-12,29.675142288208008,29.817545244940366,29.572298055606698,29.603940809841827,2555500
2019-06-13,29.714696884155273,29.75820906032885,29.59998323950735,29.69887400028247,2511300
2019-06-14,29.841279983520508,29.940961445979084,29.714699917522932,29.714699917522932,1945900
2019-06-17,30.165637969970703,30.201237194615125,29.920387801207653,29.920387801207653,4130200
2019-06-18,30.078617095947266,30.450447358491893,29.959946964269292,30.32386729305857,4654400
2019-06-19,30.27640151977539,30.37529229962131,29.912484174240113,30.054887138650805,4654300
2019-06-20,30.458358764648438,30.553293063835994,30.395067219918765,30.418803058145873,4478800
2019-06-21,30.117870330810547,30.436829267850044,29.9663650638553,30.436829267850044,9512500
2019-06-24,29.966367721557617,30.293302410080727,29.918522507927232,30.189639301471797,5083600
2019-06-25,29.559690475463867,30.10989673394572,29.551717794259964,29.99826094600857,3829000
2019-06-26,28.98555564880371,29.55968594662903,28.881895599799286,29.55968594662903,7944600
2019-06-27,29.224773406982422,29.33640915784869,29.14503141218789,29.160979811146795,4578500
2019-06-28,29.320463180541992,29.487119856934964,29.224775820731562,29.272617979713615,5010600
2019-07-01,29.264652252197266,29.503872229472226,28.933729712012596,29.46400274023424,6775000
2019-07-02,29.806875228881836,29.81484790715692,29.320459724260566,29.344380800931788,5959000
2019-07-03,30.23748207092285,30.245457794275797,29.861111275277022,29.89460201292612,3519500
2019-07-05,30.070024490356445,30.172890623733316,29.607532976708885,30.014206601499787,5079200
2019-07-08,30.18165397644043,30.245447574319307,29.99825194530791,30.04609714371707,3435900
2019-07-09,30.34114646911621,30.37703114203285,30.078005382399283,30.117874875314293,3166600
2019-07-10,30.508596420288086,30.54846895015705,30.27735217302164,30.45277852868788,8591200
2019-07-11,30.117870330810547,30.468726074108055,29.986298286381405,30.460753393466984,5157600
2019-07-12,29.99826431274414,30.173693737389478,29.89858905634973,30.133824243201197,3620400
2019-07-15,30.038124084472656,30.237474532737583,29.958385121905263,30.062048206720025,2650100
2019-07-16,29.99028205871582,30.098726926621943,29.894594694834783,30.0062304596704,3533000
2019-07-17,29.838777542114258,30.165715240237578,29.683284415461227,30.070024822415068,3227300
2019-07-18,29.83080291748047,29.91851760717799,29.607531374138883,29.76701235160286,4028800
2019-07-19,29.34438705444336,29.89459626990293,29.312490250853635,29.862699466313206,4515800
2019-07-22,29.3125,29.416163125220972,29.18890364729075,29.384266311022575,3031000
2019-07-23,29.59955596923828,29.607531691212543,29.28059705274116,29.38425710363322,3084800
2019-07-24,29.57563591003418,29.67132328410849,29.471972813709726,29.63942647880146,2663600
2019-07-25,29.448055267333984,29.607536271175853,29.320471072629918,29.54374265290025,3237500
2019-07-26,29.543739318847656,29.623481332693164,29.320467763773834,29.4719730273101,2822300
2019-07-29,29.655378341674805,29.854728835333983,29.599560446798,29.61550885131239,3030900
2019-07-30,29.950410842895508,30.042110340766186,29.647397325998153,29.65537000509054,3455600
2019-07-31,29.83080291748047,30.213555438286036,29.65537353808543,29.9823081730556,6644000
2019-08-01,29.902570724487305,30.173687487396528,29.63145396157808,29.918519127228645,9956300
2019-08-02,30.133819580078125,30.337154881527013,29.874663345186868,29.934469098138226,4953600
2019-08-05,29.559690475463867,30.078002967283023,29.200858984346535,30.062054563028134,6359700
2019-08-06,29.926488876342773,30.04610036426336,29.519815292736467,29.623478379477877,6841500
2019-08-07,30.20558738708496,30.404937879002645,29.467991175358943,29.95041900077809,7396200
2019-08-08,30.68402099609375,30.68402099609375,29.982306558155805,30.245450613074965,5601800
2019-08-09,30.67604637145996,30.80363053010041,30.373032853996545,30.612252771216596,4695700
2019-08-12,30.652132034301758,30.76775569026407,30.464745117928967,30.668080439453174,3727900
2019-08-13,30.668075561523438,30.779711337979784,30.373037717767843,30.65212715890871,5176100
2019-08-14,30.18964195251465,30.588342975570896,30.149772458578507,30.588342975570896,5999600
2019-08-15,30.612258911132812,30.676052524171293,30.189636871216994,30.27735156822146,5501400
2019-08-16,30.827556610107422,30.90729558150058,30.59630933448177,30.68402402812231,3766700
2019-08-19,31.10664939880371,31.170443016259647,30.819587245793322,30.971092524480508,2930000
2019-08-20,30.875396728515625,31.218279724309188,30.851472607563938,31.14651344514667,3245400
2019-08-21,31.00299644470215,31.080344550593736,30.82756699830528,30.9471785375482,3480700
2019-08-22,31.15448760986328,31.18638441142238,30.811604597719032,31.034876124939874,2511100
2019-08-23,30.76377296447754,31.36820326417811,30.632200894407596,31.16247399486104,6048100
2019-08-26,31.050827026367188,31.05880274832249,30.771737594864938,30.91527017159371,3621000
2019-08-27,30.947160720825195,31.282067970937995,30.931212321984674,31.194353298238152,3042200
2019-08-28,31.034875869750977,31.090696792943614,30.879382765736967,30.963112629602723,3129500
2019-08-29,31.258155822753906,31.309985852406744,31.082726427241344,31.202337931790257,3070700
2019-08-30,31.266130447387695,31.409663045031248,31.1704430629077,31.353845150597323,3623100
2019-09-03,31.712663650512695,31.712663650512695,31.202327086599173,31.218275484452203,6160800
2019-09-04,31.97580337524414,32.00770016971803,31.776452972550985,31.86416763643129,3541500
2019-09-05,31.696731567382812,31.98379679280187,31.585095766797053,31.975821068847214,3925900
2019-09-06,31.73659896850586,31.885713361410208,31.648884261874215,31.712677881914402,2457600
2019-09-09,31.497365951538086,31.760509962611682,31.417627001310553,31.75253424248135,4618900
2019-09-10,31.034875869750977,31.345865119625397,30.81958006561342,31.345865119625397,5632900
2019-09-11,30.963115692138672,31.050827341610823,30.787686309500973,30.987036774554102,7353200
2019-09-12,31.146512985229492,31.345863419754355,30.90729003032267,31.194355142733873,5425200
2019-09-13,30.771738052368164,31.226256871484683,30.672062819371614,31.058803210093693,5653800
2019-09-16,31.09070587158203,31.10665123504017,30.731874356828214,30.763771167439064,4535700
2019-09-17,31.529264450073242,31.53723712878791,31.218278268816885,31.226250947531554,6054200
2019-09-18,31.433574676513672,31.664821907815355,31.124982422056743,31.609004030169597,4031700
2019-09-19,31.537246704101562,31.648882491078496,31.401689831871586,31.481428810613092,3941500
2019-09-20,31.403194427490234,31.660071035559668,31.387139256709556,31.60387946893265,5392500
2019-09-23,31.51557159423828,31.64802443144497,31.32291570576504,31.379107261753912,3196700
2019-09-24,31.475435256958008,31.7002045434876,31.330941809264036,31.595847484106365,6528700
2019-09-25,31.443321228027344,31.579788606913088,31.330938129068365,31.48346067383536,3912600
2019-09-26,31.74837303161621,31.810986054286648,31.515577647968144,31.539661935311177,2565600
2019-09-27,31.539655685424805,31.820613463663,31.290805180263746,31.804558296019376,3350700
2019-09-30,31.579782485961914,31.74835710172641,31.53161699765384,31.563727323192555,3492500
2019-10-01,31.306859970092773,31.627957194670064,31.18644774532377,31.5476813574207,6075600
2019-10-02,31.11420249938965,31.342983287539198,30.92957265826986,31.266725066296164,5305300
2019-10-03,31.483461380004883,31.547678982760498,31.066036244358905,31.114198680873155,6328400
2019-10-04,31.627954483032227,31.700201199257506,31.499516216655046,31.531623486591975,2653300
2019-10-07,31.571765899658203,31.71625628347661,31.42727245362969,31.547681617180046,3165800
2019-10-08,31.41923713684082,31.680128199684056,31.25868855492118,31.547675389934636,4616600
2019-10-09,31.51557159423828,31.644009873957152,31.4393133752306,31.539655876955038,2969000
2019-10-10,31.595848083496094,31.644010525500992,31.338971518769313,31.475435854063452,3373400
2019-10-11,31.491491317749023,31.764423053109542,31.459380981304204,31.68415027420772,4949200
2019-10-14,31.539655685424805,31.66006484943684,31.395162238842268,31.515571402854302,1794100
2019-10-15,31.56373405456543,31.603870438943837,31.29883146790008,31.5476788883721,3091100
2019-10-16,31.523601531982422,31.595848257598064,31.31890196570306,31.56373792127773,5929800
2019-10-17,31.73231315612793,31.820615051468973,31.523602090766598,31.603874870780125,4775600
2019-10-18,32.03734588623047,32.10156654127507,31.72427784841147,31.72427784841147,2313300
2019-10-21,32.254093170166016,32.278174390053614,31.957080230115444,32.04537905710665,1957300
2019-10-22,32.15776824951172,32.38253448880542,32.11762879631469,32.326342928981994,2226000
2019-10-23,32.21395492553711,32.294227695340716,31.941023221111003,32.1738185406353,2159900
2019-10-24,32.09354782104492,32.31831406206764,32.00123442728646,32.27817767077221,1781800
2019-10-25,31.7001953125,32.06945487698631,31.627948609691003,32.02128938771057,2842500
2019-10-28,31.363048553466797,31.690567201550184,31.298830951961893,31.6440063016941,3318300
2019-10-29,31.443321228027344,31.644006208228312,31.35502240899513,31.41121395847462,2167200
2019-10-30,31.67612648010254,31.67612648010254,31.266730339394503,31.50755177876457,2637400
2019-10-31,31.571765899658203,31.7724509011189,31.45135367389774,31.732311451058678,3263900
2019-11-01,31.491491317749023,31.720272106050473,31.162368024715185,31.611903548311986,3370000
2019-11-04,31.13828468322754,31.46740795385081,31.09814829650958,31.435297619592436,3045400
2019-11-05,30.600440979003906,31.041947266090684,30.41581118848432,31.041947266090684,6643600
2019-11-06,30.712827682495117,30.85651881266288,30.612485193505744,30.640580967934376,2425600
2019-11-07,30.383699417114258,30.63254985105567,30.2753308942969,30.62452380063593,3725800
2019-11-08,30.3275089263916,30.544249041731277,30.24723617058106,30.319482875694288,2612100
2019-11-11,30.383699417114258,30.49367559978296,30.303426664079865,30.311452714499605,2538700
2019-11-12,30.18301773071289,30.589204519288604,30.14288134986279,30.383702697172975,6213800
2019-11-13,30.48807144165039,30.560318179800234,30.21513965999663,30.231194830942233,2220800
2019-11-14,30.793102264404297,30.793102264404297,30.520170582914,30.560306964442947,2525100
2019-11-15,30.945632934570312,30.95366205110664,30.72086666692487,30.81719462988567,2615000
2019-11-18,31.11420249938965,31.250669898084414,30.96168299469336,30.985764215905874,2835500
2019-11-19,31.178421020507812,31.250667741369586,31.058008798334853,31.170394968060954,3345100
2019-11-20,31.194475173950195,31.266721892464318,30.99619708198269,31.15433878860011,5711400
2019-11-21,30.77704429626465,31.12222265795302,30.73771021723937,31.12222265795302,3556100
2019-11-22,30.600440979003906,30.82521021015724,30.451936072612817,30.809155046345616,3614400
2019-11-25,30.624530792236328,30.83324183510017,30.572350734862916,30.66466717791669,2712000
2019-11-26,31.049983978271484,31.049983978271484,30.624532750871435,30.64861397137781,4916300
2019-11-27,31.14630699157715,31.15433610528157,30.91351168950339,31.03392389739248,2605700
2019-11-29,31.025897979736328,31.2667193343437,30.993787649199433,31.122225909137345,2550800
2019-12-02,30.455951690673828,31.001815085341892,30.455951690673828,30.945623535497514,6651500
2019-12-03,30.704801559448242,30.76099310817503,30.431869867542538,30.43989591927076,3584000
2019-12-04,30.86534881591797,30.941607021764465,30.576361970873368,30.64057956854461,2283800
2019-12-05,30.913511276245117,30.913511276245117,30.692759647679043,30.817183348547367,3042200
2019-12-06,30.921546936035156,31.066040389276324,30.893451156916612,30.921546936035156,3855600
2019-12-09,30.96168327331543,31.049985168169567,30.837259546317465,30.96168327331543,2562300
2019-12-10,30.744935989379883,31.074059209104213,30.66466322835816,30.985757334654593,7303200
2019-12-11,30.51214027404785,30.817182273695916,30.40778629860232,30.817182273695916,6222900
2019-12-12,30.142887115478516,30.632559017257215,30.0545852233925,30.528201957318274,7621000
2019-12-13,30.17498779296875,30.287370869758227,29.91008220149998,30.134851417288107,6152000
2019-12-16,30.407794952392578,30.49609685075297,30.034520694366602,30.223165102280102,5093900
2019-12-17,30.078664779663086,30.50411594317394,30.018458675228043,30.463979560953803,4452000
2019-12-18,30.50411605834961,30.5603076061119,30.078664893232357,30.078664893232357,3504100
2019-12-19,30.793102264404297,30.817183480879738,30.415813541171048,30.472005087753494,3334500
2019-12-20,31.030872344970703,31.11607703242893,30.876689781013596,30.917262999488255,3691800
2019-12-23,30.844226837158203,31.128245528727632,30.78742371795188,31.08767231437138,3000600
2019-12-24,30.884811401367188,30.95784444494248,30.771202037053328,30.868581492179494,1120200
2019-12-26,31.071441650390625,31.087671554844167,30.88480239248153,30.94971891475794,1607200
2019-12-27,31.1850528717041,31.217512685800664,31.05115846020948,31.168822964655824,1828500
2019-12-30,31.160701751708984,31.209388365117334,31.014635720408982,31.120125446485392,2638400
2019-12-31,31.37980842590332,31.412268242959033,31.120136080534667,31.14448249109572,3675000
2020-01-02,31.014636993408203,31.525865028404144,30.892914263816255,31.477178412997446,4380100
2020-01-03,31.241853713989258,31.310828492246863,30.811772043044172,30.828001948905612,3499000
2020-01-06,31.24995994567871,31.37168266392888,31.120123824129276,31.18504343267265,3097200
2020-01-07,30.909147262573242,31.16070615100241,30.742793055175422,31.16070615100241,3550600
2020-01-08,31.063322067260742,31.112011775788755,30.82799621488562,30.941602439246875,5089000
2020-01-09,31.05521011352539,31.128243131958484,30.957833787460466,31.038980209924972,2885000
2020-01-10,31.3554630279541,31.364390560489856,31.051159228233214,31.120134013240747,6513200
2020-01-13,31.736858367919922,31.736858367919922,31.363579780207054,31.371693186227613,2988100
2020-01-14,31.582670211791992,31.704392949355714,31.408205701108624,31.704392949355714,3720200
2020-01-15,31.801767349243164,31.899146771590758,31.65570131125939,31.663817810890496,4468700
2020-01-16,32.08578872680664,32.08578872680664,31.793656626204548,31.874803056132738,4244500
2020-01-17,32.126365661621094,32.23997191488996,32.02898931532467,32.06956253498666,3014700
2020-01-21,32.450958251953125,32.47530156512425,32.077676575278964,32.13447970303711,2329500
2020-01-22,32.19127655029297,32.629474675110636,32.13447343361709,32.540211750180625,5815200
2020-01-23,32.4996452331543,32.52399164212955,32.12636664794266,32.207513089757946,2637800
2020-01-24,32.450958251953125,32.6254258859355,32.329235495020946,32.564564507469406,2397900
2020-01-27,32.3129997253418,32.434722460190436,32.22373679919116,32.256196607889166,6741600
2020-01-28,32.39414978027344,32.531291403946604,32.27243012732776,32.35357656262488,2904300
2020-01-29,32.22373962402344,32.57267485927135,32.19127981247991,32.49964183106742,5409600
2020-01-30,32.296775817871094,32.32355531979626,32.0614468044212,32.118253027959376,3847400
2020-01-31,31.834232330322266,32.25620060912635,31.757141048986114,32.215627390989795,7586200
2020-02-03,31.86668586730957,32.165309275381,31.83828431065349,31.964062190767912,6254800
2020-02-04,32.28054428100586,32.398208781791176,31.91943737314735,31.980298748800188,5309500
2020-02-05,32.256202697753906,32.39415226745823,32.175056256226455,32.31300582593079,3049300
2020-02-06,32.39414978027344,32.46718281025608,32.296773438809275,32.36169306347744,2676700
2020-02-07,32.41037368774414,32.44689174374553,32.3170556139781,32.41037368774414,3216600
2020-02-10,32.78365707397461,32.79988388249341,32.483408492236215,32.51586830034918,3489300
2020-02-11,33.18128204345703,33.40849453077307,32.89726643431198,32.89726643431198,10001700
2020-02-12,33.39226150512695,33.47340792248165,33.100129449790224,33.22184907582226,2539700
2020-02-13,33.59513473510742,33.67222291232059,33.303002644196226,33.343575857814386,2825500
2020-02-14,33.984642028808594,33.99275543304758,33.62759033153971,33.67628004358665,2235200
2020-02-18,33.95217514038086,34.02520814545211,33.74930602579817,34.02520814545211,3260100
2020-02-19,33.473411560058594,33.96029630817163,33.473411560058594,33.96029630817163,2606100
2020-02-20,33.84669494628906,33.871041354076326,33.40038334700614,33.562679318255796,3901800
2020-02-21,34.02520751953125,34.082010622926504,33.806108508348,33.84668171141075,2986900
2020-02-24,33.57079315185547,33.93190006733254,33.417424710762056,33.62759627818637,4703100
2020-02-25,32.72685623168945,33.773658804003105,32.605133490576335,33.66005256325107,9190200
2020-02-26,32.442840576171875,33.02304658487485,32.37061857476844,32.76743251921593,8641900
2020-02-27,30.608896255493164,32.03709361207447,30.600779756545553,31.907257488748897,15861500
2020-02-28,29.85422706604004,30.154472563506662,28.96403707091181,29.95971680305887,44499000
2020-03-02,31.339229583740234,31.34734608431827,29.92726184588329,30.000294873395752,19686200
2020-03-03,31.31488800048828,32.09796319041459,31.014642468836097,31.404150938542806,37983700
2020-03-04,32.5320930480957,32.57266625403725,31.680043341174507,31.728729950089484,13712900
2020-03-05,31.78553581237793,32.25619370959605,31.42848723539475,31.996521454419657,13348200
2020-03-06,31.241853713989258,31.371689865342756,30.219394409022705,31.095787656774316,16942300
2020-03-09,29.03463363647461,29.992176334087308,29.010290327471196,29.578324603340423,12791800
2020-03-10,30.44660758972168,30.495297308408983,28.726277771432233,29.781196912019023,18902400
2020-03-11,28.815542221069336,29.756855264141716,28.523413148837427,29.708168633205695,16089100
2020-03-12,26.34052848815918,28.060861030251946,22.721343760642903,26.98970911935578,9058600
2020-03-13,28.653244018554688,28.693817235335164,26.397336638211677,27.728157960054567,9694900
2020-03-16,24.068401336669922,26.502831693429002,23.88176204744965,25.804961162538607,5840100
2020-03-17,25.529054641723633,26.202581746439407,23.889872986591282,24.433562403483517,7267800
2020-03-18,23.73569107055664,25.05028387240575,23.02159232791373,24.019708196339288,12255800
2020-03-19,23.36241340637207,23.97102089152602,22.72134611241418,23.38675671520615,13526100
2020-03-20,22.039705276489258,24.019708698699525,21.88552428250798,23.492249195653812,16549800
2020-03-23,20.81500244140625,22.008636585240517,20.340819398904895,21.97593355364976,28171300
2020-03-24,22.629980087280273,22.703560348785377,21.436345946815788,21.771544222842866,15346800
2020-03-25,23.63558006286621,24.878267461852225,22.466472941410075,22.793495530783577,18863500
2020-03-26,25.450550079345703,25.556833368251315,23.676451232484602,23.839963264939556,17228600
2020-03-27,25.515960693359375,26.120954422762356,24.649350456211888,24.665701975248005,11840800
2020-03-30,26.178180694580078,26.308989715716237,25.09082973178167,25.65494305066891,10377700
2020-03-31,25.344270706176758,26.031018811351508,24.74745438315022,25.990141579120387,9015800
2020-04-01,23.807268142700195,24.216046773479366,23.284030434933484,24.199695254000186,11255400
2020-04-02,24.158811569213867,24.502185611996083,23.512942274079705,23.529293790251813,11021700
2020-04-03,23.954423904418945,24.36320247998491,23.52111961231359,23.98712693896015,7984100
2020-04-06,25.68764877319336,25.793930529223715,24.861915766275377,24.861915766275377,9514500
2020-04-07,25.695819854736328,26.97121005110951,25.67946833851878,26.71776622783678,19488600
2020-04-08,27.62525749206543,27.772418032000374,25.75305082635214,26.03102038859225,27207800
2020-04-09,29.04780387878418,29.39117949569129,28.083086214295424,28.123966565849166,49899800
2020-04-13,27.715192794799805,28.93335138475408,27.54759205688744,28.8842999443766,9877300
2020-04-14,28.639028549194336,28.769837580241468,28.279304493498042,28.279304493498042,6720300
2020-04-15,27.535324096679688,28.107614705373617,27.298231782991312,27.88687390836026,5378900
2020-04-16,27.355457305908203,27.81329036261684,27.196033935544023,27.576198076889195,4372800
2020-04-17,28.238420486450195,28.369229486138437,27.764235913372477,28.083082655191777,6540400
2020-04-20,27.191951751708984,27.846000022376952,27.191951751708984,27.739716710583416,5773900
2020-04-21,26.791343688964844,26.987555625585173,26.464319636287627,26.55425140671049,7839500
2020-04-22,27.257354736328125,27.50262125065813,26.995736705211726,27.20012598694222,5386000
2020-04-23,26.94668197631836,27.486269551762533,26.889453227311623,27.306409105769752,6367800
2020-04-24,27.044788360595703,27.168237153209194,26.746378668969577,27.085665588819563,5142700
2020-04-27,27.82964515686035,27.92775113816871,27.26552874718822,27.26552874718822,4024200
2020-04-28,27.854167938232422,28.630847745376194,27.829642225172197,28.320175198772166,5955000
2020-04-29,27.92775535583496,28.508220251109876,27.911403836692,28.41828845519028,6095100
2020-04-30,27.73153305053711,27.837816338026887,27.281877306325466,27.559846822176176,6837500
2020-05-01,26.881277084350586,27.23282687067327,26.71776504812774,27.052963318954866,5724300
2020-05-04,26.864933013916016,26.889458734589795,26.23541352717598,26.64419217165131,6816600
2020-05-05,27.03661346435547,27.395520363142854,26.99982489128002,27.093842212739204,4899400
2020-05-06,26.537906646728516,27.24100635582729,26.537906646728516,27.118371525176745,4609500
2020-05-07,26.77499771118164,27.110196031060845,26.61966296934162,26.799523428647657,4927700
2020-05-08,27.265531539916992,27.34728913165891,27.012090802350123,27.085671075551236,4428800
2020-05-11,26.938507080078125,27.347285630250077,26.79952075127859,26.971210112587762,4566400
2020-05-12,25.793928146362305,27.06931845710527,25.777578188045,27.044792739946036,16049400
2020-05-13,25.385147094726562,25.949261925093005,25.25842674340179,25.646766674156705,5131500
2020-05-14,25.41785430908203,25.41785430908203,24.551244085190294,25.0581286926232,8269300
2020-05-15,25.32792091369629,25.336096672572356,24.845562055574234,25.237990684792667,7482800
2020-05-18,26.562429428100586,26.774992884867885,26.088244851010522,26.088244851010522,6286400
2020-05-19,26.047367095947266,26.521548544709525,26.047367095947266,26.42344257578156,5799300
2020-05-20,26.292640686035156,26.36622096230721,26.08825137624983,26.325343724096818,4041700
2020-05-21,26.16183090209961,26.382571724584068,25.96561735745786,26.202708139137485,4289000
2020-05-22,26.734119415283203,26.75047093252293,26.063721242752948,26.186354503317887,4743200
2020-05-26,27.58438491821289,27.77242272462796,27.261449407608655,27.576207598649752,5756600
2020-05-27,28.17302131652832,28.17302131652832,27.469921601746865,28.148495597693305,5779800
2020-05-28,28.491867065429688,28.540921619989287,28.156668739438743,28.500044383889556,5281400
2020-05-29,28.32835578918457,28.467339004229913,28.050386240360936,28.303826954557255,7830900
2020-06-01,28.892465591430664,29.109117705582022,28.222069075714817,28.30382353129672,5275600
2020-06-02,29.080507278442383,29.19496477927394,28.745308975121535,29.072333079268553,4613100
2020-06-03,29.775426864624023,29.943027560246453,29.29307118937751,29.342122617378063,3685700
2020-06-04,29.219497680664062,29.644624708992836,28.990579528410002,29.628276308370015,3692400
2020-06-05,30.290489196777344,30.494878466821365,30.012519664768163,30.143328672847026,5313700
2020-06-08,30.952707290649414,30.952707290649414,30.560280320470643,30.609331742535282,4384200
2020-06-09,30.592988967895508,30.740149513590843,30.225090722390384,30.50306029551122,3636100
2020-06-10,30.02071189880371,30.60117696565536,29.84084825379953,30.46219057122459,3956600
2020-06-11,28.16485023498535,29.20314840331969,28.132147193762144,28.884301548227583,17916000
2020-06-12,29.055980682373047,29.178612378665147,28.336529546274377,29.03962916578752,7645100
2020-06-15,29.423887252807617,29.530167451456055,28.23025127919079,28.271131637306986,5146600
2020-06-16,29.914419174194336,30.413129583554102,29.423886083626257,30.33137198930387,6559300
2020-06-17,29.562870025634766,30.10245768570992,29.554695825380122,30.10245768570992,3553800
2020-06-18,29.194969177246094,29.391184293039032,29.055985939223422,29.350307053546096,2261000
2020-06-19,28.900646209716797,29.636448948341332,28.6799085068627,29.611923229964937,5057400
2020-06-22,28.818260192871094,28.921241398452857,28.431049854207846,28.81002307922883,2525400
2020-06-23,28.71116065979004,29.164280506957883,28.669968803521286,29.090133908579254,2444900
2020-06-24,27.977933883666992,28.48872293900284,27.401238489320207,28.381621602530863,6262800
2020-06-25,28.274518966674805,28.29099633635457,27.742312182692316,27.82963941353185,3520100
2020-06-26,27.7884521484375,28.33219286669105,27.722545801574537,28.192139915396357,4398900
2020-06-29,28.266281127929688,28.266281127929688,27.706063144139705,28.019123731811817,4052700
2020-06-30,28.678207397460938,28.81826032920092,28.24980520308575,28.32395179716486,3640600
2020-07-01,29.46086311340332,29.551487080854873,28.73175753090721,28.79354688532755,5182500
2020-07-02,29.362003326416016,29.92222138378036,29.254901983548265,29.897506898017514,2586000
2020-07-06,29.394954681396484,29.95517267419393,29.33975565063492,29.86454871319186,3206300
2020-07-07,28.917123794555664,29.271379424100278,28.908886680194346,29.14780385225695,2668600
2020-07-08,28.900650024414062,29.09837219959565,28.64525547683909,29.007748226496876,11063900
2020-07-09,28.801782608032227,28.91712105458563,28.34042882181861,28.842974461410304,6024700
2020-07-10,28.83473777770996,28.98303096627143,28.68644458914849,28.80178303742141,5978400
2020-07-13,28.381628036499023,28.991275167186597,28.307481424092398,28.933605928952307,10021700
2020-07-14,28.661731719970703,28.75235568950105,28.34043084089924,28.414577439357057,6206300
2020-07-15,28.793550491333008,29.13956589104132,28.63290003536308,29.040704797230017,7492500
2020-07-16,28.45576286315918,28.810018404295178,28.385736408983487,28.678202608249446,3339300
2020-07-17,28.851215362548828,28.991268295711848,28.431050277585694,28.579343467250677,8696300
2020-07-20,28.579343795776367,29.03246362648199,28.48048271577563,28.875930178515663,2792300
2020-07-21,28.587583541870117,28.908884403187695,28.50519669105983,28.842974922539465,5930700
2020-07-22,28.933595657348633,28.94183591287835,28.365140592528043,28.546388501341852,21831500
2020-07-23,28.785310745239258,29.040705313423683,28.472250085482617,28.884174983545364,9896100
2020-07-24,28.66996955871582,28.91712384557581,28.612300329873065,28.73587904467169,3388800
2020-07-27,29.00774383544922,29.02422120467631,28.389856631749147,28.686442992363077,3487800
2020-07-28,29.592676162719727,29.739322548241297,28.933597110393297,28.99950658699435,3591000
2020-07-29,30.15290069580078,30.15290069580078,29.683306572543536,29.69978394527471,3072600
2020-07-30,29.905744552612305,29.92222192433095,29.510297059576686,29.765691607109762,3104000
2020-07-31,29.87278175354004,29.92221385536589,29.44438277532852,29.864544641270626,4594400
2020-08-03,29.394954681396484,29.806879491233612,29.316687961851624,29.765687638797278,4743600
2020-08-04,29.83159828186035,29.926342384608265,29.362004182255124,29.403196040639603,4030600
2020-08-05,29.609155654907227,30.012843371191863,29.526771945985647,29.946933889864965,2729100
2020-08-06,29.666824340820312,29.716256450917584,29.448504687680433,29.551485893330337,2887800
2020-08-07,30.070510864257812,30.091108361670546,29.535007358895463,29.543247614955302,4065400
2020-08-10,30.02107810974121,30.210563139458547,29.897502556136065,30.136419692937533,2986400
2020-08-11,29.44439125061035,30.276478109733272,29.343056826930635,30.276478109733272,5520100
2020-08-12,29.81511116027832,29.889257738219044,29.52676510314013,29.65858089250849,4035200
2020-08-13,29.469104766845703,29.955176225793473,29.43615002389464,29.732736424979688,4096600
2020-08-14,29.54324722290039,29.765686992511153,29.421318462369882,29.452623263865988,2416800
2020-08-17,29.8068790435791,29.8068790435791,29.441089616802177,29.535007164655994,2824900
2020-08-18,29.7739200592041,29.876901245431416,29.584435053674206,29.864544005921964,2603600
2020-08-19,29.164281845092773,29.848075490192475,29.1230868441967,29.83159811838151,4328900
2020-08-20,29.477340698242188,29.613276650407048,28.97479188798697,29.048938485282612,3032800
2020-08-21,29.576202392578125,29.650348983529756,29.198055721545852,29.551484767103,2155700
2020-08-24,29.617395401000977,29.633872771048722,29.18899320797057,29.617395401000977,3438400
2020-08-25,29.70801544189453,29.74096703490171,29.445207238400755,29.70801544189453,3226600
2020-08-26,29.502058029174805,29.6668254501864,29.30186253276335,29.625633594933504,2231400
2020-08-27,29.89750862121582,29.98813259788587,29.54325297208968,29.57620771683105,3098400
2020-08-28,30.12818145751953,30.128181457519535,29.65035029460894,29.946933528792925,1583700
2020-08-31,29.864551544189453,30.08699133971602,29.757450203512846,30.08699133971602,3522700
2020-09-01,29.81511116027832,29.856306147929192,29.551479581541596,29.773919315363766,4280200
2020-09-02,30.482433319091797,30.51538805531517,29.625629033703778,29.856309044530782,4663200
2020-09-03,29.97164535522461,30.64720168626067,29.74920561558058,30.44123931356098,8943100
2020-09-04,29.864551544189453,30.25999902199095,29.345525354627473,30.07051396863214,9308100
2020-09-08,29.485578536987305,29.74096990682169,29.263138763342052,29.666823315606603,6823000
2020-09-09,29.8068790435791,30.210563591224094,29.62563112429703,29.68330034538917,4081600
2020-09-10,29.386722564697266,29.864556984970925,29.37024833334927,29.773932998868144,6048400
2020-09-11,29.28785514831543,29.543249677473703,29.073655616858584,29.46910308144305,5445000
2020-09-14,30.004600524902344,30.082043844503463,29.4855775465676,29.4855775465676,3205600
2020-09-15,30.400056838989258,30.68016587791946,30.06227856934437,30.08699305601142,2947800
2020-09-16,30.597780227661133,30.906723894164553,30.44948701632049,30.54835125237258,3545400
2020-09-17,29.922222137451172,30.531872324434122,29.71955643506921,30.334147005139364,3656800
2020-09-18,29.329042434692383,29.93869247850554,29.271373218178024,29.93869247850554,6254300
2020-09-21,28.544166564941406,29.041453613556307,28.3908389999829,29.00001381658519,6227100
2020-09-22,28.88397789001465,29.116046443477547,28.57731959917356,28.618759396046055,4578000
2020-09-23,28.05517578125,28.892274414889435,28.009591045672874,28.83425805354665,4330800
2020-09-24,28.187776565551758,28.552454340287312,27.964001045886818,28.071743877828123,4926400
2020-09-25,28.73478889465332,28.767941993123934,28.030302941246934,28.080032588952857,2765000
2020-09-28,29.23208236694336,29.35640177128716,29.05803330386953,29.107759800945374,2802800
2020-09-29,29.082895278930664,29.273520886567425,28.90884622347806,29.149198326013252,2217600
2020-09-30,29.23208236694336,29.50558758582307,28.941997433499452,29.22379250966126,4386100
2020-10-01,29.71278190612793,29.721071761220273,29.149191902675806,29.339820629959533,5842200
2020-10-02,30.193498611450195,30.28466806651706,29.248657280128167,29.26523383210887,4494600
2020-10-05,30.3592586517334,30.400698447694303,29.741793993796943,30.276375898157816,2185900
2020-10-06,30.102331161499023,30.52502536102759,29.994585147274496,30.442142595603254,4225600
2020-10-07,30.185203552246094,30.379974052383364,30.077460725421894,30.30123939611237,2158300
2020-10-08,30.690780639648438,30.83996643665981,30.334392698082794,30.375835656316703,2208700
2020-10-09,30.60789680480957,30.87311526015244,30.491035772618467,30.864828566646327,2617400
2020-10-12,30.765371322631836,30.83167752170809,30.46699975009587,30.665915185671043,2747100
2020-10-13,30.24321937561035,30.665910261054282,30.06916721181289,30.665910261054282,4258700
2020-10-14,29.895126342773438,30.29295409661419,29.853686544558474,30.28466740163277,7041600
2020-10-15,30.036027908325195,30.28466987961354,29.696216476511815,29.71278986783073,3691200
2020-10-16,29.92827796936035,30.118903561066965,29.828821826220764,30.060887214097725,2730500
2020-10-19,29.455854415893555,30.110613880067607,29.42270131758395,29.994578035983995,3782500
2020-10-20,29.654767990112305,29.866115049088833,29.571888402337077,29.621618051994382,5962200
2020-10-21,29.547029495239258,29.72936524743867,29.472436590631386,29.563602885904054,3566700
2020-10-22,29.339826583862305,29.58017868220776,29.285951999789393,29.538738883296748,3013900
2020-10-23,29.53045082092285,29.613330414907562,29.294240500247184,29.45585792167507,2194100
2020-10-26,29.174062728881836,29.30667197558182,28.900554379132828,29.30667197558182,3322600
2020-10-27,28.801097869873047,29.372974646216168,28.801097869873047,29.223788850360783,2760300
2020-10-28,28.162918090820312,28.651915330218472,28.038598687914842,28.33696715188047,5331500
2020-10-29,28.486143112182617,28.726498300983984,27.96399610959724,28.229214538049415,4989600
2020-10-30,28.30381202697754,28.486147750192483,27.93913425724051,28.312098720992665,5662400
2020-11-02,29.000009536743164,29.000009536743164,28.41984297980743,28.6187552405747,5349800
2020-11-03,29.455854415893555,29.63819013328943,29.14090630525926,29.232075744783934,4895700
2020-11-04,29.538738250732422,30.085751804943985,29.381265753581218,29.580178048756007,5642500
2020-11-05,29.646486282348633,29.93656805000547,29.514705375997625,29.770805684921214,4718500
2020-11-06,29.53045082092285,29.882693837838655,29.422704819419643,29.671346763027632,4562400
2020-11-09,30.309528350830078,32.41470282178328,30.234935455035554,30.955998006613463,11855500
2020-11-10,30.47528648376465,30.657625350891045,30.218354731145936,30.350963954059697,9593400
2020-11-11,30.707353591918945,30.88969246948705,30.392405483843167,30.632760702155036,6219300
2020-11-12,30.392404556274414,30.802667018281532,30.2100688459246,30.616183218736474,5034500
2020-11-13,31.088600158691406,31.16319303747647,30.558163314732262,30.558163314732262,3078700
2020-11-16,31.287521362304688,31.718502168415657,30.914556899165046,31.652195969789247,4066500
2020-11-17,31.30409812927246,31.420130816020606,30.864830626110606,31.096895999606893,4501200
2020-11-18,30.77365493774414,31.61489490759388,30.75707839133664,31.32895501495715,4579100
2020-11-19,30.823402404785156,30.8814187758917,30.400711249343885,30.7322360799428,4583900
2020-11-20,30.616191864013672,30.873123696055565,30.508449010727215,30.864837000285164,2799000
2020-11-23,30.51673698425293,30.848261738726578,30.46286555535407,30.790245380941844,4084700
2020-11-24,30.500150680541992,30.972571249575413,30.465340876998617,30.864828426219276,3201500
2020-11-25,30.574743270874023,30.64104946458958,30.30952481931845,30.558166722445133,3553300
2020-11-27,30.51673698425293,30.715652469267994,30.392414410911716,30.715652469267994,1791100
2020-11-30,30.251510620117188,30.500152540828537,30.106469763173365,30.500152540828537,4225200
2020-12-01,30.63276481628418,30.7388541119307,30.491868873170144,30.55817191650208,4491900
2020-12-02,30.309528350830078,30.7405091752369,30.28466510611647,30.549883588573948,3019100
2020-12-03,30.533309936523438,30.682495742273627,30.334394474971848,30.367547578839446,2953400
2020-12-04,30.93942642211914,30.95599981179221,30.674204762541738,30.707357865195647,3325500
2020-12-07,30.63276481628418,30.96428951790548,30.529163742234257,30.89798331291967,3027800
2020-12-08,30.49186134338379,30.69906344031629,30.475284796230817,30.5167245832867,2184100
2020-12-09,30.21007537841797,30.5498867923056,30.019449771764325,30.525023544984613,3443200
2020-12-10,30.044313430786133,30.33439519235278,29.953143973821163,30.09404308776359,2687300
2020-12-11,30.060890197753906,30.069176893148946,29.712788919734326,29.919991082805424,2340600
2020-12-14,29.845394134521484,30.496008711960766,29.828820745976575,30.317817911046806,3412600
2020-12-15,30.36754608154297,30.36754608154297,29.787379439081597,30.002871441941974,2593200
2020-12-16,30.375837326049805,30.587181248721798,30.200956758854225,30.425563820017807,2919300
2020-12-17,30.732223510742188,30.773663307204774,30.450428468481253,30.541594756037426,2124200
2020-12-18,30.2017822265625,30.773662145786034,29.98214846811148,30.757085595495845,4150700
2020-12-21,29.929780960083008,30.005340139270537,29.635938284304807,29.829033252759594,5463900
2020-12-22,30.139657974243164,30.139657974243164,29.829024109131094,29.95495710337751,1673100
2020-12-23,29.854215621948242,30.40663371754007,29.854215621948242,30.240405479186553,1965300
2020-12-24,30.148048400878906,30.148048400878906,29.954953514747334,29.971744792142516,1600000
2020-12-28,30.391517639160156,30.416702954379478,30.106072323775777,30.24879338016359,2955500
2020-12-29,30.156444549560547,30.651776058266787,30.156444549560547,30.525846272899457,2212200
2020-12-30,30.324363708496094,30.55104123686829,30.16904993723713,30.23201324849891,2365000
2020-12-31,30.693756103515625,30.735732698976573,30.097676918577978,30.332751617855383,4083800
2021-01-04,29.70309066772461,30.819683388897833,29.694693427748483,30.7609155194997,4967000
2021-01-05,29.669509887695312,29.954955214392225,29.64432457147787,29.719883722739077,4432400
2021-01-06,29.52678871154785,29.71568821076422,29.358882315723363,29.67790702987726,7383400
2021-01-07,29.619138717651367,29.71988639680373,29.396659864089273,29.59395339916786,3433700
2021-01-08,29.93816566467285,30.030516099614292,29.652720321494336,29.69469691848343,3419900
2021-01-11,29.43444061279297,29.91298087261723,29.346288796784197,29.77865383832637,4050000
2021-01-12,29.45962905883789,29.493211621628575,29.090230475968724,29.375675854470636,4372500
2021-01-13,29.86260414123535,29.91297797519355,29.44283179941016,29.44283179941016,3024400
2021-01-14,30.047306060791016,30.24040096055724,29.803837325282288,29.946558389306006,3792500
2021-01-15,30.509056091308594,30.56446443023633,29.91298009235427,29.980142006443263,4213000
2021-01-19,30.30756187438965,30.67696358578756,30.244598585045747,30.660172307759584,3317800
2021-01-20,30.93723487854004,31.058130215399043,30.232016884111317,30.383135254532494,4404200
2021-01-21,30.83647346496582,30.869216934901512,30.534236889773055,30.811288151235946,2669600
2021-01-22,30.912044525146484,30.987603698072224,30.660181682930624,30.68536700636927,2355200
2021-01-25,31.189090728759766,31.37378840774179,30.752527046658976,30.90364536748653,5784200
2021-01-26,31.50811195373535,31.592068346333395,31.16389875060566,31.231063864684096,3398900
2021-01-27,31.10512924194336,31.64243731588973,30.90364031551784,31.315015408491707,8415100
2021-01-28,31.189090728759766,31.55932837296079,30.89524812599096,31.16390220688233,11831200
2021-01-29,30.861663818359375,31.30662471676954,30.685360188242992,30.954014253927692,5590700
2021-02-01,31.55848503112793,31.57107768906288,30.660172468868023,31.054759498076912,3729300
2021-02-02,31.692808151245117,31.85232046979579,31.491316041268295,31.717993464014054,3017400
2021-02-03,31.56688117980957,31.67602289355901,31.138714768344915,31.65083757600493,3472200
2021-02-04,31.743188858032227,31.93628377052345,31.50811414501797,31.60886182314228,3040200
2021-02-05,31.85233497619629,31.91110286782723,31.718007909238434,31.83554369250032,2019400
2021-02-08,31.919490814208984,31.927884852307198,31.642439517833438,31.869116977792803,2590000
2021-02-09,32.06222152709961,32.16296923024518,31.885917850509752,31.986662351045396,1682200
2021-02-10,32.28050231933594,32.49458716738257,32.09664049866549,32.22173443204622,3329000
2021-02-11,32.22172546386719,32.41482035444839,32.05381588865478,32.322469927951126,2301000
2021-02-12,32.21333694458008,32.28889611375087,31.920336594090642,32.146175017878065,1826300
2021-02-16,31.869117736816406,32.2972873500292,31.709605388279527,32.26370479161858,3341300
2021-02-17,31.894306182861328,31.948875438195078,31.667628718029615,31.85232638364102,3277200
2021-02-18,31.877511978149414,31.92788260841658,31.751578997264012,31.768370274889314,2932100
2021-02-19,31.97825813293457,32.20493558895423,31.890106322695075,32.02863196847524,2448500
2021-02-22,32.16295623779297,32.28049197470682,31.801951787209777,31.92788156135663,4293100
2021-02-23,32.28050231933594,32.48199130358364,32.15876792349019,32.35606148908124,5986100
2021-02-24,32.43161392211914,32.54495105188983,32.16295986385402,32.28049561401889,3779900
2021-02-25,31.90268898010254,32.658280263306025,31.684408833070368,32.43999691366595,6790200
2021-02-26,31.34859848022461,32.00344230580902,31.329289951797985,32.00344230580902,8008400
2021-03-01,31.38217544555664,31.919483432637687,31.377976826174006,31.70120006125587,4505600
2021-03-02,31.189090728759766,31.415765007391833,30.937224725641,31.39897692961923,7482600
2021-03-03,30.802892684936523,31.189085665809955,30.756717472034364,31.189085665809955,7743400
2021-03-04,30.576215744018555,31.163897661225914,30.282376386719275,30.90364085979192,11162900
2021-03-05,30.9288330078125,31.063160058338774,30.131264744171087,30.811297238928198,9431800
2021-03-08,31.07994270324707,31.466132465866536,30.78610016008204,31.004383558159905,5381500
2021-03-09,31.43255615234375,31.646640973028592,31.239461232698126,31.239461232698126,4163400
2021-03-10,31.743188858032227,31.93628377052345,31.382184351276287,31.466137547104076,4908400
2021-03-11,32.21333694458008,32.44841169456123,31.755786510930584,31.835541098726125,4092700
2021-03-12,32.76743698120117,32.76743698120117,32.16296682066302,32.17975810326265,3621600
2021-03-15,33.136837005615234,33.22918745362652,32.60960100877955,32.79262373741559,4585700
2021-03-16,33.136837005615234,33.29634937779231,32.98571867298032,33.187207648087195,3814700
2021-03-17,33.086463928222656,33.120046492389505,32.79262449828668,33.078069888485736,4914800
2021-03-18,32.87657165527344,32.9689220884307,32.624708875595715,32.90175697245851,4147000
2021-03-19,32.44001388549805,33.001668338205015,32.389643242003714,32.884971650282424,5718700
2021-03-22,32.79783630371094,32.899586699096794,32.35691361092323,32.458664006309085,4371700
2021-03-23,32.89958953857422,33.12853037389174,32.730003375236755,32.86567165898932,4453800
2021-03-24,32.75544357299805,33.094612666854296,32.6494526246829,32.882630770224,10398000
2021-03-25,33.035247802734375,33.07340621434069,32.40778339365888,32.755433467494235,5725300
2021-03-26,33.840789794921875,33.857748734775804,33.103093701504626,33.187885166187236,4550900
2021-03-29,33.764469146728516,33.91709633902102,33.357464378810626,33.722073423222014,5335600
2021-03-30,33.62032699584961,33.76447311965005,33.535532304272806,33.71359630470397,4534600
2021-03-31,33.484657287597656,33.82891434033109,33.29811220871724,33.577926592451256,5083900
2021-04-01,34.01884460449219,34.01884460449219,33.46769376404711,33.64575773244077,6082700
2021-04-05,34.19691467285156,34.2308293116353,33.86622025937204,34.2308293116353,5235600
2021-04-06,34.28170394897461,34.28170394897461,33.98493066226068,34.12059891255651,4270100
2021-04-07,34.32411193847656,34.4038186408741,34.01462014808614,34.29867514326293,3063200
2021-04-08,34.15451431274414,34.510645499348705,34.12483698340928,34.36649616073205,4042700
2021-04-09,34.20539093017578,34.24778665261994,34.05276374170777,34.2138687808301,1887000
2021-04-12,34.408897399902344,34.41313470824097,33.99341152707419,34.281706988840156,2946900
2021-04-13,34.61239242553711,34.64631029413005,34.32409701166902,34.40889168315139,7557800
2021-04-14,34.400421142578125,34.77350810769526,34.358025411135465,34.595444094883916,3027900
2021-04-15,35.05332565307617,35.06180350550466,34.51065252921765,34.59544399185043,3786400
2021-04-16,35.10419845581055,35.23138563521068,35.01092591683183,35.20594884624797,3173700
2021-04-19,35.21442413330078,35.22714252685595,34.90493244150385,35.11267375027308,3291600
2021-04-20,35.60447311401367,35.714701347621705,35.10419581631468,35.14659153959364,5042100
2021-04-21,35.76557922363281,35.833411735986154,35.55359736632564,35.663828837809575,4182600
2021-04-22,35.61295700073242,35.92668928767359,35.55360233116482,35.7231884876095,4074600
2021-04-23,35.81645584106445,35.91820622634005,35.595992899283175,35.706224370173814,3551700
2021-04-26,35.89277648925781,36.09627729978364,35.799503936688865,35.96060901457073,2893600
2021-04-27,35.89277648925781,36.011485834495716,35.799503936688865,36.011485834495716,3715200
2021-04-28,35.76557922363281,36.01995680548413,35.740142435823614,35.95212429313079,2246200
2021-04-29,36.028438568115234,36.1047521675632,35.78253883271774,35.96060281990082,4261900
2021-04-30,36.26586151123047,36.29977938935323,35.86733452975519,35.90125240787796,4592300
2021-05-03,36.070838928222656,36.35065333909439,36.019962110524645,36.35065333909439,5074000
2021-05-04,35.85036849975586,36.22345861613804,35.62990880473696,35.994517835972495,4892400
2021-05-05,35.32466125488281,35.80797969484443,35.172034038622634,35.79950184264636,5972400
2021-05-06,35.49424743652344,35.536643166719045,35.19747085598043,35.34162022014975,4116400
2021-05-07,35.92668533325195,35.943644270488456,35.46032588030108,35.46032588030108,3863600
2021-05-10,36.087791442871094,36.408306603923656,36.00723730450342,36.10475037908462,3873100
2021-05-11,35.66383743286133,35.7978075665575,35.33738348256386,35.706233167622926,5546200
2021-05-12,34.798946380615234,35.61295602780714,34.78198744197539,35.51968348258137,5443800
2021-05-13,35.239864349365234,35.441670193282704,34.858296367673866,34.86677421856195,10719300
2021-05-14,35.57054901123047,35.70621724271212,35.290731464345065,35.417921846490394,3828600
2021-05-17,35.587528228759766,35.67656025317388,35.460337774118095,35.53665139998557,3583400
2021-05-18,35.65535354614258,35.86648797611031,35.33738070851125,35.570562083275675,4545500
2021-05-19,35.51968002319336,35.51968002319336,35.044842725870915,35.38401176187459,7500900
2021-05-20,35.960601806640625,36.09627006466023,35.39672929519591,35.46032449870838,5260700
2021-05-21,35.90125274658203,36.09627569574751,35.841898076600664,36.045398878083375,4565100
2021-05-24,36.29130172729492,36.456647355513255,36.04540193957994,36.104759849189755,9873000
2021-05-25,36.3930549621582,36.527875801487426,36.13019944796109,36.37609925476722,4333800
2021-05-26,36.47783660888672,36.71525524238736,36.36760514279587,36.46087767298149,4738200
2021-05-27,36.43544387817383,36.613507867920354,36.37947906163261,36.5965489306226,4288000
2021-05-28,36.681339263916016,36.808529672477135,36.58806996350251,36.65420755273625,3534100
2021-06-01,37.30881118774414,37.30881118774414,36.69830233324055,36.86788848555675,5512300
2021-06-02,37.826045989990234,37.834523841704275,37.2918507635786,37.40208224338122,4599000
2021-06-03,37.749732971191406,37.78365084774653,37.508073761262956,37.683595376119634,3447300
2021-06-04,37.78364944458008,37.9277955627061,37.597104365041346,37.87691874976282,3061300
2021-06-07,38.13978576660156,38.28393515081703,37.83453129140395,37.83453129140395,5659700
2021-06-08,38.34328079223633,38.468773047177585,38.16097625887694,38.21609037934873,5577200
2021-06-09,38.38566589355469,38.553553828126525,38.351748028227924,38.478938405910455,2401800
2021-06-10,38.775718688964844,38.843554431948256,38.30511873442277,38.40263180631486,3818400
2021-06-11,38.52981948852539,38.81811493089326,38.3856733846346,38.81811493089326,4478100
2021-06-14,38.750282287597656,38.76724122351199,38.478945782140975,38.538300440547985,2746000
2021-06-15,38.39415740966797,38.75028865319881,38.36024276685436,38.75028865319881,2948300
2021-06-16,38.04649353027344,38.58492912739654,38.012578899692066,38.47893822468883,6093100
2021-06-17,38.19065475463867,38.21609154415687,37.87691925584318,37.96171394521493,4558600
2021-06-18,37.588626861572266,38.19489190651377,37.588626861572266,37.978672727322596,9034600
2021-06-21,38.335365295410156,38.429241380727106,37.60996450880682,37.75504661943763,4818200
2021-06-22,38.16468048095703,38.36096533785798,38.15614451666939,38.352429373570345,2428600
2021-06-23,38.045196533203125,38.27049777030793,37.996549358304165,38.14760529856459,5049300
2021-06-24,37.86599349975586,38.18175915074169,37.70384594651905,38.18175915074169,3267900
2021-06-25,38.13908386230469,38.14761982838699,37.806252806472884,37.94279896413509,3278500
2021-06-28,38.15614700317383,38.21588573501419,37.848917379128125,38.21588573501419,3260700
2021-06-29,38.13054656982422,38.384864286931816,38.062271871438675,38.11347789522783,2851400
2021-06-30,37.83185577392578,38.33536706290087,37.78918245643829,38.11348078734434,6087600
2021-07-01,37.98546600341797,38.275626972285856,37.69104030736569,37.82331847145415,6332000
2021-07-02,38.16468048095703,38.297811573092226,37.97692833282721,38.113474461780754,3992900
2021-07-06,38.506046295166016,38.540183643162635,37.90012301805109,38.14761390775156,5002400
2021-07-07,38.70233154296875,38.847413645620904,38.28416042021168,38.48044528984494,4634400
2021-07-08,38.66819381713867,38.770602596995936,38.378032894612744,38.463373001907726,5252900
2021-07-09,39.18025588989258,39.20585728072557,38.70234264273168,38.85595749876491,4090400
2021-07-12,39.521610260009766,39.56428031619215,39.12903727878862,39.163174625941174,3406600
2021-07-13,39.00956344604492,39.461875199076786,38.88155326559647,39.385067788600956,4764500
2021-07-14,39.350929260253906,39.46613874476026,38.92422216049928,39.04369962754789,3942900
2021-07-15,39.41065979003906,39.47039851112813,39.269845695107925,39.31678372675164,4138400
2021-07-16,39.453338623046875,39.72216292779276,39.41066856355787,39.53868199754174,4107200
2021-07-19,38.8388671875,39.188766774576,38.514572232513544,39.09489397530046,8124900
2021-07-20,39.53868103027344,39.66669120560882,38.97542453893733,39.03516652738065,4986200
2021-07-21,39.41920471191406,39.65816292582792,39.355201244855756,39.60695689666414,4280500
2021-07-22,39.13758087158203,39.28265974198258,38.93276000426199,39.28265974198258,4127600
2021-07-23,39.49600601196289,39.530143359452595,39.15464230361576,39.26558379968235,4995800
2021-07-26,39.49600601196289,39.512221740348,39.15464230361576,39.402129934124524,3699600
2021-07-27,39.811771392822266,39.84590548462373,39.338126279212844,39.47893713974586,3937400
2021-07-28,39.572811126708984,39.854439343931475,39.444800964303134,39.837370671174064,6457100
2021-07-29,39.453338623046875,39.888581694178534,39.41066856355787,39.675228141216664,7659100
2021-07-30,39.581356048583984,40.050733261330734,39.4874799549312,39.538685984791954,4998700
2021-08-02,39.598419189453125,40.01659031387993,39.54721316675083,39.78616809499472,6819300
2021-08-03,39.760562896728516,39.824569605086324,39.502830172692576,39.70935687893899,6669700
2021-08-04,39.63254928588867,39.939778880088156,39.44480039927953,39.76909541047551,4374600
2021-08-05,39.94831085205078,39.96537952285801,39.60694394693843,39.84589882720743,5469000
2021-08-06,39.88003921508789,40.11899411360963,39.79640500060528,39.98244799223773,3452600
2021-08-09,39.70083236694336,39.88004858293265,39.60695627603932,39.88004858293265,3556200
2021-08-10,39.27412414550781,39.76910271725893,39.24852275979291,39.752037297126996,6752900
2021-08-11,39.48747634887695,39.57281646866763,39.29972417871718,39.461874964043126,4074400
2021-08-12,39.624027252197266,39.63255996299425,39.350934929451874,39.572821220863524,3733000
2021-08-13,39.888580322265625,39.905645741060795,39.585615422625,39.75203418328702,4763300
2021-08-16,39.93125534057617,40.09340288340636,39.769104542228824,39.828843281982955,4879200
2021-08-17,40.008060455322266,40.020861148030775,39.65816074738277,39.7947068954685,4916800
2021-08-18,39.58988571166992,39.93125270676355,39.53868294126774,39.914184031457175,5431500
2021-08-19,39.922706604003906,39.98244532464864,39.35945348398497,39.47039821754637,5385100
2021-08-20,40.1104736328125,40.312732412935574,39.624027723664454,39.90565276055775,4420700
2021-08-23,39.956851959228516,40.24701291291539,39.87151184276869,40.22994423852007,4653700
2021-08-24,39.65816116333008,40.059263646310505,39.55574910955393,40.059263646310505,4291800
2021-08-25,39.61549377441406,39.81604667367277,39.47894760446393,39.65816709763144,4543600
2021-08-26,39.641090393066406,39.764835843202796,39.49174355859725,39.658159067793854,2861300
2021-08-27,39.965389251708984,40.07633075568853,39.71789834803115,39.803238467325706,2530500
2021-08-30,40.45183181762695,40.46463250893272,39.914179994168485,39.99952010655134,6169800
2021-08-31,40.690792083740234,40.74199811120871,40.21287892725227,40.31529098218921,4855300
2021-09-01,41.390586853027344,41.433256910019914,40.74199352239693,40.75052623158878,9196200
2021-09-02,41.58686828613281,41.58686828613281,41.08335384195137,41.45885812572381,6576100
2021-09-03,41.58686828613281,41.65087499409551,41.09615453244063,41.45885812572381,5537900
2021-09-07,41.12602233886719,41.47592197290156,40.73686768955368,41.43325192104689,7162300
2021-09-08,41.37351989746094,41.501533329272,40.88707406540579,40.972414182935296,6704200
2021-09-09,40.494503021240234,41.18576641547163,40.485967056450114,41.14309635807114,4573200
2021-09-10,39.982452392578125,40.55424157691971,39.96538697410526,40.53717290293016,6203600
2021-09-13,40.204341888427734,40.54144087472082,40.03451134946523,40.3920940467471,5495200
2021-09-14,40.118995666503906,40.44329393813347,39.91417810427631,40.3920911753348,5234500
2021-09-15,40.27261734008789,40.485970902877014,39.96539094430585,40.20434589286422,4885700
2021-09-16,40.349422454833984,40.519253001039374,39.982454087295814,40.27261504638374,4685700
2021-09-17,39.982452392578125,40.392094057293995,39.91673978825253,40.12753449373097,8711800
2021-09-20,39.70869064331055,40.004769022582884,39.236683957716714,39.53705095570695,13017800
2021-09-21,39.71726608276367,40.189275981838456,39.70010178881965,39.871741454505546,6982600
2021-09-22,40.051971435546875,40.27510403769069,39.77734921271997,39.991898028913184,6432400
2021-09-23,39.854576110839844,40.26650933338356,39.794502720495196,40.14636255269426,4571500
2021-09-24,39.399742126464844,39.92324173057544,39.28817583204252,39.777346841907026,5211600
2021-09-27,38.74750900268555,39.597120294881464,38.70888852190151,39.365407231440464,6701100
2021-09-28,38.51579666137695,38.687436334598104,38.21542641480132,38.507212877150934,12068800
2021-09-29,38.764671325683594,38.944894785806724,38.618779729219824,38.66168882972361,5975800
2021-09-30,38.14678192138672,38.957776221847844,38.14678192138672,38.94490381608739,6342800
2021-10-01,38.55870819091797,38.83333037587461,38.10386581091254,38.395652291648304,8294700
2021-10-04,38.601619720458984,38.75609511842864,38.31841700668453,38.48147291620589,10456400
2021-10-05,38.301246643066406,38.67027078268037,38.12960697542548,38.67027078268037,5480300
2021-10-06,38.67027282714844,38.704598143487885,37.717675731444864,38.155353797002284,8996300
2021-10-07,38.71318054199219,39.23668006404377,38.66168765869461,38.876236428469554,7269800
2021-10-08,38.292659759521484,38.7646663520117,38.23258637177295,38.713176747515305,5464400
2021-10-11,38.34416198730469,38.512367514014464,38.05237548691319,38.27550479956321,4151900
2021-10-12,38.85906982421875,39.03070948458718,38.326989823455435,38.404227506933516,5663300
2021-10-13,39.08220291137695,39.12511200863057,38.492622683125155,38.79041646679635,9279200
2021-10-14,39.631446838378906,39.67864782703772,39.22809412575059,39.32249610306822,4392500
2021-10-15,39.648616790771484,39.99189288830239,39.408319921369674,39.88891038641859,5210100
2021-10-18,39.71726608276367,39.88032523835472,39.416899123129106,39.50271731909489,4251300
2021-10-19,39.897483825683594,40.07770397568709,39.828826659727675,39.923228626040135,3509700
2021-10-20,40.50681686401367,40.51539737614814,39.91466004032754,39.974736720289194,5596400
2021-10-21,40.635536193847656,40.66986478314185,40.35662540865717,40.489644599979066,5528800
2021-10-22,40.92732620239258,41.01743630178355,40.68703260401665,40.75568978855534,5378000
2021-10-25,41.04747009277344,41.146160688489616,40.63982548692249,40.961648625026484,4933100
2021-10-26,41.23627853393555,41.38131569590624,41.047477816873226,41.09896743345619,9546200
2021-10-27,40.93590545654297,41.46798548280812,40.93590545654297,41.44224067833292,7158300
2021-10-28,41.5366325378418,41.5366325378418,40.91186612970591,40.927311699125404,6690300
2021-10-29,41.03888702392578,41.5023131365684,40.858666849149536,41.38216635338423,7925200
2021-11-01,41.1332893371582,41.21481891516121,40.45960634847396,41.14186984727488,6766900
2021-11-02,41.51948165893555,41.66365781344005,41.12470940772677,41.33925819205027,6617300
2021-11-03,41.75978088378906,41.84559909959475,41.330683257250435,41.570976880510436,4814500
2021-11-04,41.28776931762695,41.79410458863861,41.1161296323467,41.69112208697234,4620600
2021-11-05,41.382171630859375,41.922832224138645,41.311798999232785,41.69112241202166,5731400
2021-11-08,41.37358856201172,41.553808762890526,40.99598386391972,41.50231914764217,5791700
2021-11-09,41.528053283691406,41.605290960470754,41.36499742104788,41.45939938975085,4410400
2021-11-10,41.32209396362305,41.67395381165916,41.317802071618324,41.39933165093607,5063100
2021-11-11,41.339256286621094,41.373584876231675,41.03030880138931,41.373584876231675,4191900
2021-11-12,41.356422424316406,41.493733515123,41.20194703793967,41.47657249330748,3902800
2021-11-15,41.588138580322266,41.588138580322266,41.201950085812506,41.37358978045627,3591500
2021-11-16,41.33066940307617,41.691112990899406,41.249139833761184,41.61387531306257,4936700
2021-11-17,41.60530090332031,41.65679379139698,40.72994144854536,41.244860508047836,15340000
2021-11-18,41.596717834472656,41.691119819931224,41.407913863555514,41.648207445628586,5484700
2021-11-19,41.37358856201172,41.69970364485536,41.270606057760226,41.63963024456242,5099600
2021-11-22,41.167625427246094,41.553810654205044,41.064639644552436,41.38217423055882,5416900
2021-11-23,41.60530090332031,41.721159083054125,41.10325752115305,41.29635012236977,9784700
2021-11-24,42.16312789916992,42.218909404393216,41.48515295681931,41.59671924102053,5086700
2021-11-26,41.021728515625,41.69970348635956,40.9616551155604,41.59672098249949,6829200
2021-11-29,41.5366325378418,41.845579937521066,41.02943644224558,41.33924483911802,7173400
2021-11-30,40.66986083984375,41.4508181649163,40.65269654686089,41.34783568077325,11022100
2021-12-01,40.137786865234375,41.56239065868353,40.11204205878045,41.10754828463944,12299600
2021-12-02,41.23627853393555,41.48515592660277,40.31800993565082,40.41241193105942,10097200
2021-12-03,41.03030776977539,41.48515011253894,40.678447919499845,41.2877656378726,11826500
2021-12-06,41.622459411621094,41.96573873688875,41.31350867363106,41.33067296726987,8711100
2021-12-07,42.360511779785156,42.424877068737835,41.84559274191833,41.94857851374445,7763600
2021-12-08,42.540733337402344,42.652299623589855,42.21461826364522,42.360513141545,6931400
2021-12-09,42.000057220458984,42.45490274353583,41.9614400213672,42.446318961235164,3572400
2021-12-10,42.21461868286133,42.24894727491449,41.95029572631233,42.17170957967223,3683700
2021-12-13,42.78103256225586,42.97412846073452,42.03440359990169,42.09447700642701,5105600
2021-12-14,42.30902099609375,42.781027682275145,41.99148970157241,42.68662896404267,8920600
2021-12-15,42.935508728027344,42.99558213561112,42.403428572104545,42.44633768127078,8196000
2021-12-16,43.09856033325195,43.38176302286023,42.82822677299564,43.02990315167746,7161500
2021-12-17,42.952659606933594,43.46328668561788,42.89258621811828,43.05564209150924,8626500
2021-12-20,42.671363830566406,42.84447347466078,42.21262608023939,42.454977600896406,9760200
2021-12-21,42.913719177246094,43.18203599216786,42.73628088188904,42.9656497598545,6024000
2021-12-22,43.337833404541016,43.36379869528261,42.9959427686789,43.04354800289969,4530000
2021-12-23,43.20800018310547,43.44169770426741,42.95699466937608,43.42438640990818,5264600
2021-12-27,44.09085464477539,44.09085464477539,43.24262106539652,43.32917753377701,5183100
2021-12-28,44.28127670288086,44.298587996998506,43.94371472206606,44.090855769378464,5592700
2021-12-29,44.54959487915039,44.67942462672098,44.16009903285541,44.367827949685,4404700
2021-12-30,44.74867630004883,44.89581736235976,44.52363275537177,44.592877938900735,3665900
2021-12-31,44.84387969970703,45.155473071038685,44.714046651975174,44.76598053142623,3979100
2022-01-03,44.42842483520508,44.99102708387318,43.75329751429453,44.99102708387318,8441200
2022-01-04,44.25531005859375,44.74001307189129,44.21203347551956,44.54959544600653,7440700
2022-01-05,42.818511962890625,44.10817215654748,42.79254336781975,44.10817215654748,14980800
2022-01-06,42.87043380737305,42.99593820228118,42.30783165637513,42.8531225147866,9807100
2022-01-07,42.6453971862793,42.930160214014684,42.44632225751531,42.7319503546839,6141100
2022-01-10,42.39439010620117,42.39439010620117,41.762542706034736,42.28186834124796,6870600
2022-01-11,42.32515335083008,42.39872388605964,41.69763122206899,42.3078420539892,7442400
2022-01-12,42.437660217285156,42.714634287378736,42.27320789497689,42.27320789497689,4686800
2022-01-13,42.290531158447266,42.67136978718375,42.217825692100995,42.58481660395028,5481200
2022-01-14,41.79716873168945,42.10010816016997,41.3124623443285,42.04817757345453,5737300
2022-01-18,41.51152801513672,41.65001505173084,41.096066905354355,41.537496604479706,8948300
2022-01-19,40.97489547729492,41.97892742381343,40.97489547729492,41.727918611735866,7152500
2022-01-20,40.61137008666992,41.59895923632033,40.568093496738996,41.052799888624946,7586800
2022-01-21,40.58539962768555,41.083088603029694,40.485863813691765,40.81044314955207,10920600
2022-01-24,40.67195510864258,40.75417962650801,39.25505725089078,40.22187137765328,19972200
2022-01-25,40.5594367980957,40.85372221253475,39.80641361771623,40.18725220625243,10908900
2022-01-26,39.88430404663086,41.260517042584375,39.594344043244064,40.76715679450524,12858500
2022-01-27,39.16590881347656,40.433932291664114,39.010110459025455,40.18725211408185,8783800
2022-01-28,40.52480697631836,40.52480697631836,38.77640609685409,39.252455073024095,6455400
2022-01-31,40.97489547729492,41.03548335582513,40.17859245665377,40.30842551167092,4557200
2022-02-01,40.69792556762695,41.035487583297055,40.42960543378534,40.97489969852509,8057400
2022-02-02,41.399017333984375,41.489899159254975,40.88834567166007,40.92296496095933,6716600
2022-02-03,40.97489547729492,41.29514616406769,40.92296159492971,41.15665911288554,4484000
2022-02-04,40.41229248046875,40.94027542764943,40.109353069033254,40.680612603305875,5447900
2022-02-07,40.42095184326172,40.68926867800984,40.299776072499064,40.41229454432603,5403300
2022-02-08,40.05742263793945,40.433935911872325,39.97086945629137,40.308431487228034,4876000
2022-02-09,41.02684020996094,41.048476856991506,40.516168454584296,40.533479753284325,4927400
2022-02-10,39.858341217041016,40.86670179855181,39.62897235124493,40.3603588342331,8187100
2022-02-11,39.313053131103516,40.10070226717206,39.07070158264686,40.00549178690917,9040100
2022-02-14,38.88893508911133,39.546747802069035,38.715825437767094,39.34767285865036,6979200
2022-02-15,39.079349517822266,39.41691146565682,38.94086248020318,39.252455838502556,5395100
2022-02-16,39.1832160949707,39.2784265575817,38.76775495958855,39.13993951245432,5675200
2022-02-17,38.84566116333008,39.22649978094791,38.75477933305056,39.07935871338836,5008400
2022-02-18,38.67254638671875,39.113972832822796,38.55223569847674,38.724480269351126,6226000
2022-02-22,38.56867980957031,38.836996600653656,38.334982303219554,38.6032990943029,6832300
2022-02-23,38.0666618347168,39.12262760074295,38.014727955443014,38.9062413897895,5917600
2022-02-24,38.724483489990234,38.841330608391324,37.218433786313696,37.356920849725974,11608800
2022-02-25,39.69389343261719,39.72418737493826,38.69851538185282,38.88027903577923,6193400
2022-02-28,39.010108947753906,39.40825881513023,38.59464778591011,39.18321859063677,8591800
2022-03-01,38.93220901489258,39.416915345161,38.71582279095356,39.20052912122198,9027900
2022-03-02,39.6246452331543,39.80208352595221,39.055119160867136,39.07069701470823,5481500
2022-03-03,40.05742263793945,40.208895658511956,39.52943964522632,39.849693681267155,5774900
2022-03-04,40.39497756958008,40.42960015687139,39.66792304721244,39.75447621364906,6193600
2022-03-07,39.65926742553711,40.4382591635544,39.65926742553711,40.31708340470544,7882200
2022-03-08,39.30439758300781,40.083389389158945,39.26977499122508,39.66792819314237,10469300
2022-03-09,39.96220016479492,40.34304197406105,39.85833571762745,39.97951145628804,6229300
2022-03-10,40.1006965637207,40.16128444221756,39.35632742585448,39.572713649569465,5638500
2022-03-11,39.702545166015625,40.57674739765311,39.689562520302815,40.299773283140134,4363500
2022-03-14,39.46018981933594,40.02279529220703,39.3043914822883,40.00548399900267,4846100
2022-03-15,39.77179718017578,40.08339393799759,39.41692382861037,39.9189382592625,4988500
2022-03-16,40.21320724487305,40.394105775938044,39.38228509895141,40.08337751683029,6868200
2022-03-17,40.78447723388672,40.80178852915031,40.048765345040046,40.09204193230303,4499700
2022-03-18,40.87968826293945,41.061451912991316,40.62002543403793,40.931622149436556,4727800
2022-03-21,40.66989517211914,41.10514660736629,40.46967991039004,40.87011043384824,3979300
2022-03-22,40.69601058959961,40.97457125204314,40.63507565223416,40.81788046433053,2853300
2022-03-23,40.234642028808594,40.73953194549486,40.1858940826555,40.58284116980142,3976800
2022-03-24,40.54801940917969,40.54801940917969,40.12147160351267,40.295572816452356,3758900
2022-03-25,41.026798248291016,41.052912269891166,40.56542950222538,40.70470981860065,4003200
2022-03-28,41.54910659790039,41.575220624524455,41.05292016781117,41.05292016781117,3705400
2022-03-29,42.76780700683594,42.82874194218489,41.8624832235016,41.8624832235016,5108100
2022-03-30,42.532772064208984,42.645938370577746,42.29773588361464,42.602410569178595,3881400
2022-03-31,42.06269836425781,42.84615227463669,42.03658434081349,42.74168953944956,5624200
2022-04-01,42.898372650146484,42.92448998962524,42.045280389570195,42.26290606790204,6746700
2022-04-04,42.76780700683594,43.02895720414644,42.389137062277506,42.880969989224035,5056000
2022-04-05,42.8026237487793,43.35974836488155,42.60240849078991,42.60240849078991,5239100
2022-04-06,43.438087463378906,43.4903155018176,42.437007997715156,42.61981277365934,6810900
2022-04-07,43.08118438720703,43.272692742256645,42.77650641935219,43.19434735860307,6015900
2022-04-08,43.237876892089844,43.37716054217248,42.872267272737886,43.08118942715685,5033700
2022-04-11,42.64593505859375,43.34233665773075,42.524061873128105,43.14212140552291,5041300
2022-04-12,42.51536178588867,42.88097141009697,42.33255697378452,42.55888626676513,6728900
2022-04-13,42.68946838378906,42.746049883953845,42.32385539302418,42.576302062754046,8415000
2022-04-14,42.445716857910156,42.98543100759104,42.423086254759504,42.785215753627405,5098900
2022-04-18,42.34125900268555,42.62852654329782,42.11492971793141,42.36737302612124,5247900
2022-04-19,43.22917556762695,43.3423418788392,42.5675947989276,42.57629836715693,5908900
2022-04-20,44.047447204589844,44.1693204049427,43.27270012336797,43.35104552038508,6241800
2022-04-21,43.76018524169922,44.369537992377985,43.73407121490188,44.221550758880625,6083100
2022-04-22,42.976722717285156,43.69924164213445,42.94190512868765,43.69924164213445,8511100
2022-04-25,42.776512145996094,43.04636924153061,42.080110487348186,42.924499366355356,8143800
2022-04-26,42.106224060058594,42.98543384274115,42.09752049222733,42.69816629373447,8830300
2022-04-27,41.85377502441406,42.53276612642611,41.8102472290916,42.19327057542009,13001300
2022-04-28,42.61981964111328,42.74604295551948,41.592625990715526,42.158454183473665,9532500
2022-04-29,40.56543731689453,42.36737820994016,40.46968477901298,42.323853725320305,11520500
2022-05-02,39.51211929321289,40.81787341827983,38.70081142087783,40.67859311110087,17231300
2022-05-03,39.990901947021484,40.269462608783286,39.36414211840995,39.71234128525969,13431300
2022-05-04,40.46097183227539,40.52190676576171,39.307554898647396,39.98219593172362,14707100
2022-05-05,39.425079345703125,40.548028946555505,39.13781177867824,40.23464735369389,13591600
2022-05-06,39.02464294433594,39.242268648944446,38.58939153511892,39.08557787596994,16154900
2022-05-09,37.205291748046875,38.66773342117014,37.083418564640624,38.66773342117014,18005000
2022-05-10,36.37831497192383,37.927808985427,36.14327880346467,37.657951905928364,27771000
2022-05-11,36.326087951660156,37.14435953476213,36.26515301040284,36.482778749380465,25360800
2022-05-12,36.59593963623047,36.59593963623047,36.01270101549861,36.30867210944356,20802700
2022-05-13,37.509971618652344,37.536085644088296,36.665582708701336,37.005078322189426,8949200
2022-05-16,37.205291748046875,37.5534908813792,37.16611739463298,37.396800109133004,7445500
2022-05-17,37.60572052001953,37.69276946918187,37.0747132962974,37.6492449946007,7254800
2022-05-18,36.50889587402344,37.58832109207597,36.387025981165436,37.54479660472748,9546400
2022-05-19,36.43925094604492,36.86579549598716,36.20421477087668,36.256446138926826,8204600
2022-05-20,36.86579895019531,36.935440780787395,36.29126713063167,36.83098135560453,9859500
2022-05-23,37.34457778930664,37.431626755805496,36.65687966356794,37.153066078162894,8100200
2022-05-24,37.77983093261719,37.840765876000006,36.68299531031568,37.109543234700794,9706200
2022-05-25,37.98875045776367,38.11932723628327,37.48386044361242,37.6144339014266,7668000
2022-05-26,37.94521713256836,38.40310245483813,37.86687174784807,38.22377776252834,7131100
2022-05-27,39.01593780517578,39.03334826080933,38.1541418358967,38.1541418358967,4540800
2022-05-31,38.49363327026367,38.780897455494625,38.27600757935663,38.606796238628085,15462000
2022-06-01,38.07579803466797,38.66773694738386,37.65795372343732,38.64162292319632,9317800
2022-06-02,38.650325775146484,38.66773290898353,37.34892169396745,37.89298594575327,8401500
2022-06-03,38.162845611572266,38.57198301943071,38.075796653634455,38.30212593669569,6905100
2022-06-06,38.049678802490234,38.493637115887836,37.94521939021632,38.43270218200265,7605400
2022-06-07,38.49363327026367,38.51974729054707,37.60572005287838,37.866870217825934,4812800
2022-06-08,37.57090377807617,38.33694723432387,37.483854819261516,38.27601229901263,5418800
2022-06-09,36.709102630615234,37.727592665248146,36.70039906345296,37.44032513832189,5533800
2022-06-10,35.83860778808594,36.32609067540132,35.82120064988315,36.221631242657125,8566800
2022-06-13,34.11500549316406,35.04644327692898,33.96702160261489,34.907162953768946,13192800
2022-06-14,33.87126541137695,34.29781326458834,33.62752567851605,34.2281714433682,9800800
2022-06-15,34.64601135253906,35.133494124106846,34.097593649613394,34.21075994529434,9429200
2022-06-16,33.81903076171875,34.21946455344387,33.653636433437484,33.88867257617685,8398000
2022-06-17,34.01924514770508,34.5067245063365,33.72675421182215,33.975717358652346,14302000
2022-06-21,34.65281295776367,34.942389028951894,34.34568296703933,34.38078411125286,6031800
2022-06-22,35.21442794799805,35.701445584119114,34.2930444071364,34.32814221395975,5776400
2022-06-23,35.90765380859375,36.026119355712545,35.34604878538904,35.38114993619683,7414500
2022-06-24,36.688636779785156,36.70618735395925,36.06560311260905,36.16212959685168,6781800
2022-06-27,36.55701446533203,37.00454245587144,36.39028900756838,36.618439810162336,4743000
2022-06-28,36.056827545166016,37.0133120275247,35.99540221260047,36.7412831637133,3487300
2022-06-29,35.82868194580078,35.907654515528115,35.337275867107074,35.75847964280309,4473000
2022-06-30,35.855003356933594,36.29375767437541,35.3899248516228,35.67072734699118,4305200
2022-07-01,36.49557876586914,36.60087884892644,35.73214730570246,35.78479567351647,4894100
2022-07-05,36.34640884399414,36.34640884399414,35.46451500829601,36.13580862999431,4563400
2022-07-06,36.32007598876953,36.82025556197264,36.22354951895328,36.49557835685098,5866400
2022-07-07,36.34640884399414,36.71496423963892,36.223558161255895,36.4955870640549,3019300
2022-07-08,36.17967224121094,36.420988398926134,35.99539627391698,36.205996422987496,3067500
2022-07-11,36.17967224121094,36.284972315746195,35.8286708769504,36.07437216667568,3716600
2022-07-12,35.951534271240234,36.35079900863434,35.69705593239157,35.977858462352096,3978300
2022-07-13,35.75847625732422,36.056829321957366,35.31094833408937,35.530325489042276,5314500
2022-07-14,35.407466888427734,35.56541868734802,35.09156663801645,35.13544139384336,4305800
2022-07-15,35.97785186767578,36.192840533019414,35.653174629564845,35.846224241383176,3126600
2022-07-18,35.62685012817383,36.241106857438176,35.495225838107814,36.23233324373906,4191200
2022-07-19,36.609657287597656,36.67108261748186,35.89887416652833,35.96907645635566,3414900
2022-07-20,36.42538070678711,36.94311091743682,36.31130699832999,36.51313357571144,3630300
2022-07-21,36.80271530151367,36.81149226346289,36.17968490032663,36.48681496737573,5243600
2022-07-22,37.08351516723633,37.30289233619104,36.802712658768684,37.00453925251543,3791600
2022-07-25,37.10983657836914,37.33798732355404,36.912395150441846,37.083509046187864,3131300
2022-07-26,37.18003845214844,37.42135465616852,37.039637210017574,37.14494065218797,3006400
2022-07-27,37.381858825683594,37.460834720492,36.943104598398904,37.23268399517277,5156000
2022-07-28,38.75954818725586,38.8121999014461,37.62756478531411,37.77673962104262,5375700
2022-07-29,38.908729553222656,39.08423193411733,38.60160289722909,38.76832831799282,3523300
2022-08-01,38.557716369628906,38.820971557185274,38.408541554280475,38.73321871219024,4102700
2022-08-02,38.04877471923828,38.6718050429398,38.0224505315249,38.59282913236991,3477300
2022-08-03,38.206722259521484,38.57527423593356,38.19794529964726,38.28569816124256,3208100
2022-08-04,38.241825103759766,38.39538843408969,38.00489738806666,38.28569986279267,3236400
2022-08-05,38.364681243896484,38.39977904767466,37.82062344245946,37.961024699862236,3320200
2022-08-08,38.64547348022461,39.05790018122338,38.44364693560199,38.72444937572295,4055100
2022-08-09,38.95260238647461,38.95260238647461,38.557722885834686,38.785876973950785,2368400
2022-08-10,39.47911071777344,39.54930966036402,39.15443014757502,39.39135785524842,3617200
2022-08-11,39.294837951660156,39.759919832247164,39.167598790292104,39.68094391648182,2815500
2022-08-12,39.96174240112305,39.98718956134597,39.479113341167675,39.540538675302194,2392600
2022-08-15,40.137237548828125,40.24692610391109,39.83010758613838,39.92663405020004,3296500
2022-08-16,39.97929000854492,40.20305227453458,39.86521296186058,39.94418886380675,3279000
2022-08-17,39.86521530151367,40.10302004781278,39.5844128219871,39.61073700837097,3331300
2022-08-18,39.59318542480469,39.99684190782627,39.365034671296414,39.93541322878186,1654800
2022-08-19,39.20708084106445,39.55808558713798,39.07984170429854,39.505433870998154,3202300
2022-08-22,38.3910026550293,38.93505706966023,38.35590150636155,38.90873288187431,3430400
2022-08-23,37.81184768676758,38.355902109960184,37.67144643731691,38.29447677253988,2800000
2022-08-24,38.11019515991211,38.31641019698935,37.81184213024427,37.88204107093882,3277100
2022-08-25,38.698123931884766,38.70690089154061,38.12774540913925,38.28569720865138,1713900
2022-08-26,37.7153205871582,38.72445685254187,37.69777001283338,38.72445685254187,2725600
2022-08-29,37.39064407348633,37.76797306039116,37.29411758649721,37.50472113514891,2492900
2022-08-30,36.85536575317383,37.52227089869536,36.741288683800256,37.46084555690115,3539400
2022-08-31,36.723731994628906,37.25901275324024,36.6359824773675,37.05718618559539,4646700
2022-09-01,36.85536575317383,36.86413936738869,36.188460607652296,36.442935589044026,5343200
2022-09-02,36.22355270385742,37.245850991443895,36.14019166594701,37.16248660610393,3911300
2022-09-06,36.60087966918945,36.785155655526864,36.20600016458832,36.320077209790725,6399500
2022-09-07,37.302886962890625,37.36431564098499,36.587718700189555,36.60965775289679,4618500
2022-09-08,37.4081916809082,37.513491773166635,36.97821100408944,37.08351109634787,4505200
2022-09-09,37.767974853515625,37.90398762940519,37.31166993263098,37.54859768082666,2909100
2022-09-12,38.0838737487793,38.14968421440096,37.829395456943566,37.90837136311915,2802400
2022-09-13,36.635982513427734,37.484532463875624,36.50435488997655,37.34676565469102,4139500
2022-09-14,36.18844985961914,36.58332598318019,35.93397160637783,36.504350088982164,4143900
2022-09-15,35.39869689941406,36.225311175208475,35.35482213909643,36.144577867102825,6227200
2022-09-16,35.407466888427734,35.43379441986732,34.981878074734546,35.126664434220395,6045400
2022-09-19,35.34017562866211,35.34017562866211,34.77345824156899,35.08338075704114,4129400
2022-09-20,34.41040802001953,35.030256488592514,34.24216145720689,35.01254614630158,6259200
2022-09-21,33.90566635131836,34.90185004766727,33.88795601359064,34.684900943928845,9215800
2022-09-22,33.586891174316406,33.8082653563892,33.4496402623599,33.790555016475146,6380200
2022-09-23,33.17070770263672,33.42750257283312,32.77666191605005,33.241549064581406,7329900
2022-09-26,32.2763557434082,33.00246277511347,31.926584137736466,32.97589895475168,10027200
2022-09-27,31.851308822631836,32.812071673313106,31.791094360605705,32.577415651321,10794400
2022-09-28,32.45345687866211,32.58627936294752,31.80704128577886,32.09040335030546,7304200
2022-09-29,31.550247192382812,32.17009553488988,31.364290325099493,32.17009553488988,7684000
2022-09-30,31.886734008789062,32.116965037562544,31.629942538405707,31.69192703586739,7700800
2022-10-03,32.480018615722656,32.674828966989494,31.869027120251797,32.39147029854779,11620000
2022-10-04,32.99361038208008,33.294679439237,32.7456723507399,32.84307754245278,8889900
2022-10-05,32.38261413574219,32.61284516998558,31.86017094622292,32.55971415179822,7074300
2022-10-06,31.320018768310547,32.39147239161131,31.275744606862215,32.27635686952406,8933000
2022-10-07,30.576200485229492,31.22261268177224,30.40352889605241,31.018948842689063,6487600
2022-10-10,30.230852127075195,30.92153836544029,30.186577974495616,30.65589007206151,7805100
2022-10-11,30.51421546936035,30.75329998369335,29.850092944402643,30.14230847677692,8847600
2022-10-12,30.106887817382812,30.4876516688348,29.95635499968878,30.461087848748054,8899300
2022-10-13,30.673606872558594,30.824143076533407,29.332079837078062,29.478187611491318,14575700
2022-10-14,29.90322494506836,31.12521137695771,29.841240444267633,31.05437001724148,9011700
2022-10-17,31.018951416015625,31.138495374072118,30.39024950696249,30.443380530310062,7687600
2022-10-18,31.42628288269043,31.84689251105325,31.13406731762826,31.594526058455113,7743400
2022-10-19,30.638181686401367,31.231466178030583,30.46108506480605,31.142914489331393,7615200
2022-10-20,30.487646102905273,30.95695818756842,30.394669371673963,30.647035750130723,7603500
2022-10-21,30.700170516967773,30.70902737603979,30.071468638935208,30.549637691763643,9826900
2022-10-24,30.68246078491211,31.120780688153225,30.44337628008013,30.992383266415583,6076300
2022-10-25,31.89558982849121,31.931010505287713,30.709024179021686,30.726734517419935,7176700
2022-10-26,31.833600997924805,32.13466995389196,31.629937200932496,31.913295820913202,8945000
2022-10-27,31.851308822631836,32.223215715321,31.714054574033845,31.99298812145165,8435500
2022-10-28,32.60398864746094,32.6925369674509,31.576812597228724,31.762766095948773,5460300
2022-10-31,32.5242919921875,32.73681267735912,32.161238495858164,32.302917826672015,7154700
2022-11-01,32.47116470336914,33.02902861031072,32.378187948529224,32.85192858199093,6000900
2022-11-02,31.62108612060547,32.71910350704509,31.563530051560942,32.294065499427056,13999400
2022-11-03,31.603370666503906,31.860165476806237,31.018943078378662,31.37314304968541,10969400
2022-11-04,32.04612731933594,32.20109195848252,31.399715073929073,31.886737628369627,7524100
2022-11-07,32.03727722167969,32.37376698013888,31.842466828166074,32.249794580146805,6479800
2022-11-08,32.23208236694336,32.55971521167585,32.023990094646386,32.12582032710961,6225500
2022-11-09,31.877885818481445,32.533154957693924,31.815901310733253,32.14176417056761,7752900
2022-11-10,34.32184982299805,34.41040151771969,32.931620305935,33.068874588278106,11979200
2022-11-11,34.30414581298828,34.71147351004314,34.21116568105645,34.42811481836132,7291400
2022-11-14,33.392086029052734,34.153613874799134,33.392086029052734,34.10933970704928,6304100
2022-11-15,33.808265686035156,34.02078301127209,33.42750181892517,33.87910366848014,9588700
2022-11-16,33.56917190551758,33.923371853783074,33.48062360740173,33.763982214853705,7771200
2022-11-17,33.268104553222656,33.37436319162151,32.98917436071271,33.10163144783401,4402600
2022-11-18,33.69314956665039,33.82597542599341,33.356659866776155,33.710859906422925,5865600
2022-11-21,33.932228088378906,33.97650224103273,33.49833666330951,33.63824258034745,4836700
2022-11-22,34.1004753112793,34.11818565004612,33.84279883366151,34.065058011647366,5547200
2022-11-23,34.15360641479492,34.29528574738962,33.843683930338315,34.04734775982433,3604500
2022-11-25,34.357269287109375,34.39268996374669,34.162462321407446,34.25986411530759,2254100
2022-11-28,33.392086029052734,34.30415009863161,33.31681960608773,34.153613874799134,7298200
2022-11-29,33.94994354248047,33.99421770180798,33.33895203679635,33.4611476356117,4954300
2022-11-30,34.746891021728516,34.77345484105642,33.65772713866006,33.86139434651313,8120200
2022-12-01,34.676048278808594,35.27818626409355,34.39268962430998,35.09223278043539,9814100
2022-12-02,34.50780487060547,34.684901494892756,34.082766892093126,34.25101003632668,5460800
2022-12-05,33.923377990722656,34.3749797974526,33.85253663709352,34.189026311028606,7165500
2022-12-06,33.66658401489258,34.05620133614936,33.507194343037135,33.99421683908354,5249500
2022-12-07,33.737422943115234,34.09605140384654,33.50719528722638,33.560326305309275,6159800
2022-12-08,33.9853630065918,34.255439760110484,33.75513198167339,33.85253715545412,4461000
2022-12-09,33.914520263671875,34.28200217592934,33.79055127589865,33.887956445692346,6077000
2022-12-12,34.19788360595703,34.21559394633985,33.63116622531487,33.9499455964016,4945000
2022-12-13,34.950557708740234,35.41986990404012,34.52551967523999,35.260480219239774,10763800
2022-12-14,34.61405944824219,35.34016633167506,34.47680856719731,34.90627154625727,10786500
2022-12-15,34.2155876159668,34.52551344847242,34.003070326495745,34.17131346215211,6033200
2022-12-16,33.20613098144531,33.77284840973094,32.87318466122262,33.75513806785922,8016200
2022-12-19,32.81298065185547,33.18015634193471,32.615958383335574,33.13537948534069,4543900
2022-12-20,32.7413330078125,32.93835182784337,32.347288535241525,32.651775893021544,4333900
2022-12-21,33.07268524169922,33.41299543973415,32.92043985721468,33.03507227898914,4082400
2022-12-22,32.9114875793457,32.983133273742475,32.3249029755548,32.77715361047913,4206200
2022-12-23,33.20702362060547,33.22493162939318,32.665212407764216,32.80402509778161,3935100
2022-12-27,33.180145263671875,33.30373166966157,32.8846153758194,33.2249221053157,4259700
2022-12-28,32.65177917480469,33.43986478290136,32.62043503554115,33.26075395157189,4730900
2022-12-29,33.37717819213867,33.46225660997965,32.79506881494646,32.8855210021122,4143200
2022-12-30,33.07268524169922,33.29657290057005,32.714463621004064,33.17119635820311,5087800
2023-01-03,33.19806671142578,33.636888091095834,32.78611417786128,33.34135469772018,7060300
2023-01-04,33.95927429199219,34.2637616073557,33.37716850008681,33.49359102496954,7586900
2023-01-05,32.96522521972656,33.69061916023986,32.91149094343647,33.69061916023986,6581100
2023-01-06,33.9234619140625,34.03988104687422,32.98313435007517,33.23388745613717,6329600
2023-01-09,33.905548095703125,34.30854657074211,33.789125554857506,34.08465890863763,3965600
2023-01-10,34.00407028198242,34.02198171073152,33.55629481202218,33.85182484574297,5196700
2023-01-11,35.239925384521484,35.24888280632874,34.21899793884366,34.21899793884366,4733100
2023-01-12,35.63396072387695,35.70560299850068,34.98020916775808,35.32051595066627,5102300
2023-01-13,35.42798614501953,35.57127411722745,35.15036420425524,35.230963902138114,3796000
2023-01-17,35.43693923950195,35.66530561368693,35.347385540265115,35.44589665917842,5463200
2023-01-18,34.89065170288086,35.66082579079556,34.8405010862728,35.62500294571708,7466700
2023-01-19,34.72050094604492,35.15931887464165,34.69363551832609,34.73841236994242,7253700
2023-01-20,35.123504638671875,35.159324075510575,34.281684672239365,34.74737151369547,4262500
2023-01-23,35.222015380859375,35.45396203196497,34.87274769149958,35.15036967547626,7002200
2023-01-24,35.3742561340332,35.50859011876577,34.514528197259196,35.1951452931415,7089700
2023-01-25,35.410072326660156,35.47276059674556,35.060808131540185,35.15036182701805,8163100
2023-01-26,35.813072204589844,35.813072204589844,35.41902772989899,35.60709254758982,4497400
2023-01-27,36.135467529296875,36.28771291695835,35.69664962185569,35.70560362524537,3519900
2023-01-30,35.69664764404297,36.26532077478153,35.66978221910783,35.84888960701468,3806400
2023-01-31,36.35040283203125,36.399658393536754,35.60709411567891,35.687693814846575,4274800
2023-02-01,36.61907196044922,36.86982509326795,35.813078283708215,36.198161987856174,7921000
2023-02-02,37.46088790893555,37.80119471966645,36.93251285240038,36.99520112891685,7014400
2023-02-03,36.681758880615234,36.95042342954573,36.18920663820013,36.92355799952921,7467200
2023-02-06,36.44891357421875,36.488316656509554,35.99218081162239,36.16233762822897,5384400
2023-02-07,36.30562973022461,36.498173286108155,35.83098548999126,36.172190804499174,7056600
2023-02-08,36.20711135864258,36.36831074140031,36.03247926336412,36.162334511488645,4347800
2023-02-09,35.85785675048828,36.58325075049282,35.759345610671524,36.46683160003244,3476900
2023-02-10,35.92949295043945,36.0280040735549,35.477242308870956,35.66978584507257,4253400
2023-02-13,36.26084899902344,36.319058564114464,36.01904990238763,36.063826753708014,2943000
2023-02-14,35.88471984863281,36.38622952041835,35.692176292311636,36.13368285870115,4544900
2023-02-15,35.98322296142578,35.996655673668336,35.571270510133765,35.66978162158498,3873000
2023-02-16,35.651878356933594,35.95905094025815,35.15932268698158,35.40112181143389,4807200
2023-02-17,35.4727668762207,35.58918943395493,35.141414044790324,35.499632306368945,7192500
2023-02-21,34.774234771728516,35.28469838936808,34.617510668699296,35.28469838936808,4220800
2023-02-22,34.46078872680664,34.90856405342771,34.29958933592269,34.88169862703192,7049600
2023-02-23,34.792144775390625,34.86379047417245,34.45183795494183,34.66676821877739,9331700
2023-02-24,34.14735794067383,34.46975682229399,33.98078472966932,34.36228825091681,8159000
2023-02-27,34.201080322265625,34.720501372914455,34.04883834164742,34.630944252325946,4816100
2023-02-28,34.218990325927734,34.639900234584346,34.09361377856314,34.22794774574218,4202100
2023-03-01,33.690616607666016,34.039880836451864,33.47120764121808,34.00406140456075,7279000
2023-03-02,34.129432678222656,34.18316352587651,33.4040354886069,33.44881233373655,5067200
2023-03-03,34.70258712768555,34.77870811180647,34.29063465523218,34.389145771743756,4420200
2023-03-06,34.568260192871094,34.890659033808056,34.50557190893949,34.890659033808056,4248500
2023-03-07,33.6995735168457,34.63094364073407,33.67270467301624,34.56825536555662,5385900
2023-03-08,34.174217224121094,34.3801934911353,33.69061898873726,33.71748783487308,4473000
2023-03-09,33.39508056640625,34.29063110935356,33.323434883168446,34.25480826773466,5683500
2023-03-10,32.32938003540039,33.439864445432306,32.19504947545015,33.35926474296019,11736200
2023-03-13,32.84879684448242,33.332394996674616,32.0741440590493,32.12339961619413,16936000
2023-03-14,33.18910598754883,33.502547326529914,32.79954025231144,33.35925936924508,7719000
2023-03-15,33.20702362060547,33.31896746493126,32.64282568865207,32.64282568865207,14961500
2023-03-16,33.20702362060547,33.35926560908614,32.61595684296047,32.965224506911156,8068700
2023-03-17,32.445804595947266,33.09955626036335,32.427893170260575,33.08164483467666,8692500
2023-03-20,32.7939453125,32.913900638085906,32.35200119872299,32.523368898616376,4962800
2023-03-21,32.60454177856445,33.04648244651281,32.25639781353247,33.01942583761638,4952600
2023-03-22,31.414005279541016,32.39709884580798,31.390554381692386,32.370042234792486,8042000
2023-03-23,31.22459602355957,31.950644842261468,31.12538387085759,31.513211318384034,7494000
2023-03-24,32.02730941772461,32.03633058153856,30.972060328843074,31.035194713277054,8241100
2023-03-27,31.919078826904297,32.324945175368626,31.873983330534003,32.22573301901448,5108800
2023-03-28,31.81085205078125,31.991237494425608,31.567332217946298,31.666544383979,5117800
2023-03-29,32.56845474243164,32.58649362342012,32.126510759625766,32.126510759625766,4108600
2023-03-30,32.992366790771484,33.07894862095529,32.85707687515505,32.92021125162526,4383800
2023-03-31,33.71390914916992,33.731948036187546,33.10511133473033,33.13667852686969,6971500
2023-04-03,33.39823913574219,33.87175053422855,33.21334653519244,33.63274126395948,6452000
2023-04-04,33.40725326538086,33.56508921811377,33.19530065432564,33.416270988151716,5639900
2023-04-05,33.23588943481445,33.57862142960297,33.20883282278798,33.34412276405259,4476400
2023-04-06,33.461360931396484,33.465871512316404,33.055498103297936,33.35313107327455,4053400
2023-04-10,33.632728576660156,33.64174629792839,33.109611288408615,33.26294007448981,3814600
2023-04-11,33.79507827758789,34.06565466855091,33.56057621567192,33.713905016242435,9963400
2023-04-12,33.69587326049805,34.164874042991364,33.637246012332504,34.13781398977411,6764800
2023-04-13,33.58763885498047,33.742767083267076,33.27106207913466,33.74096422681698,4650800
2023-04-14,33.010398864746094,33.76801474560413,32.77590026759331,33.64174600555531,4853400
2023-04-17,33.75900650024414,33.75900650024414,33.02844701845977,33.02844701845977,4601000
2023-04-18,33.70488739013672,33.8221384333976,33.51728709714565,33.8221384333976,3479300
2023-04-19,33.9033088684082,33.9934998537962,33.425290452833806,33.48842483071852,5605700
2023-04-20,33.49744415283203,33.722925067636304,33.35674565841666,33.69586845884082,4243600
2023-04-21,33.53352737426758,33.677835045570255,33.26295092064585,33.57862287644349,3252700
2023-04-24,33.44333267211914,33.70488793204601,33.18628111294922,33.59665805067745,3709700
2023-04-25,33.13666915893555,33.4072455065745,33.11863027701762,33.253916730554636,3664000
2023-04-26,32.8661003112793,33.3801965750964,32.775909312231626,33.05550691418513,4446300
2023-04-27,33.659793853759766,33.736456546270574,32.95629443435976,32.95629443435976,4278800
2023-04-28,34.04761505126953,34.164866079705064,33.59665326251099,33.659787637691956,5256200
2023-05-01,33.73195266723633,34.11978018994512,33.69136430573285,33.939394735569756,4381900
2023-05-02,33.15470504760742,33.72291779371091,32.94726306359995,33.65978342642886,6376400
2023-05-03,32.94727325439453,33.58764172721313,32.92021664306629,33.217853129941055,6140700
2023-05-04,33.253929138183594,33.46137119679259,32.82100613231706,32.93825718824952,4887800
2023-05-05,33.76802444458008,33.840179997084256,33.40725700375752,33.470391391915626,3265600
2023-05-08,33.53352737426758,33.81312499266426,33.416276316157195,33.65979615658664,3358700
2023-05-09,33.425289154052734,33.54704732365202,33.055500623425644,33.425289154052734,2995000
2023-05-10,33.740962982177734,33.88527062587476,33.40725220123442,33.7229240966449,3770000
2023-05-11,33.389217376708984,33.56058164926485,33.177264746626236,33.53352503795762,3419800
2023-05-12,33.45234680175781,33.515481179154506,33.17725982571555,33.515481179154506,2950200
2023-05-15,33.389217376708984,33.5831311190649,33.273769183370455,33.48842953892355,3003600
2023-05-16,32.496315002441406,33.3621645076212,32.496315002441406,33.3621645076212,3240300
2023-05-17,32.92021179199219,32.97883558808667,32.42415449419856,32.721787496648524,3220400
2023-05-18,32.7127685546875,32.88864337697893,32.451209891589585,32.79394181425012,4111000
2023-05-19,32.65864944458008,33.037459107563286,32.514341820721036,32.90216920494818,4578700
2023-05-22,32.8751220703125,33.08256412432813,32.52156605364888,32.721793240478085,3943200
2023-05-23,32.46925735473633,33.06452693528384,32.433179576384035,32.811989367950446,3152000
2023-05-24,31.756731033325195,32.37906055658097,31.70261781604431,32.36552881169505,3991400
2023-05-25,31.82889175415039,32.085939899741064,31.603410803963268,31.919082757998737,5230700
2023-05-26,32.19867706298828,32.27533975243074,31.774771819256735,31.91006175168005,4403100
2023-05-30,32.297882080078125,32.73982267255524,32.23474770972425,32.44218970382486,4540300
2023-05-31,32.50532913208008,32.5684635122578,32.117501687807966,32.31592599154691,6945100
2023-06-01,32.514347076416016,32.69473249553903,32.18063628740615,32.478269304478275,5485000
2023-06-02,33.19981384277344,33.33059319689657,32.74885197637613,32.90217735947954,4350000
2023-06-05,33.046485900878906,33.40725677984955,32.965312625138814,33.27196684009404,3970500
2023-06-06,33.244903564453125,33.3125485207715,32.929228248489174,33.22686468006386,3260600
2023-06-07,33.858219146728516,33.93939242363963,33.181776319324555,33.38741551687047,4415600
2023-06-08,33.65077590942383,33.74096690701361,33.2764767323508,33.70488913175129,4027000
2023-06-09,33.479408264160156,33.7499846980366,33.29451568656157,33.67783258793369,4261700
2023-06-12,33.461360931396484,33.50645985946535,33.168238542339786,33.461360931396484,3819100
2023-06-13,33.70488739013672,33.74096516353481,33.34411997785331,33.461367580548355,4358200
2023-06-14,33.88526916503906,34.089105466263355,33.57861500533242,33.81311706658393,7845400
2023-06-15,34.029579162597656,34.10173470662253,33.515482953400415,33.74998159034983,4383300
2023-06-16,33.99349594116211,34.32721011793159,33.94840045365858,34.0385948692308,6076400
2023-06-20,33.62834930419922,33.88331536640164,33.40070004190361,33.81046940876612,4026500
2023-06-21,33.48265838623047,33.60558747587796,33.20947992972851,33.446233665722865,4543300
2023-06-22,33.00914764404297,33.53729567370088,32.80426466881683,33.50997539632552,5103500
2023-06-23,32.654014587402344,33.13207601036645,32.63580222743431,32.89987623649209,5414100
2023-06-26,33.38249206542969,33.40980886892174,32.60848586149955,32.64490710827145,2988900
2023-06-27,33.74673080444336,33.824130726624425,33.282324324052226,33.473548887200394,4012700
2023-06-28,33.837791442871094,33.888784663199466,33.52090400978692,33.746733113328325,3963100
2023-06-29,34.14738845825195,34.14738845825195,33.5463945603328,33.70119438732392,3727400
2023-06-30,34.320411682128906,34.52074420375844,33.89243330453823,34.429685861373976,6437000
2023-07-03,34.59358215332031,34.78025273523155,34.12007128833901,34.18381280154304,3628200
2023-07-05,34.766597747802734,34.99333692716025,34.293086836350696,34.49341931102525,6300600
2023-07-06,34.57537841796875,34.62090758537461,33.9288517356554,34.37504591299959,5046400
2023-07-07,34.41146469116211,34.630006046414266,34.268499587081735,34.34772317307588,4617200
2023-07-10,34.52983856201172,34.557158835669,34.23389729888319,34.32040165678367,4345300
2023-07-11,34.9213981628418,34.948718438525624,34.49341987852168,34.60269056029997,4772800
2023-07-12,35.08531188964844,35.39491510205456,35.067099527312436,35.30385676402749,7247700
2023-07-13,35.32206344604492,35.3402758054521,34.84855252241542,35.07620180452658,4708100
2023-07-14,35.32206344604492,35.34573986063949,35.03067264283482,35.24010956553881,3901500
2023-07-17,35.02156448364258,35.340275560581304,34.99880163978061,35.20368460280008,4556400
2023-07-18,34.73017501831055,35.13083999059869,34.434230247502946,35.112627630617176,6513800
2023-07-19,35.11262512207031,35.34937883761054,34.94871736759929,34.98513861130778,6610700
2023-07-20,34.99424743652344,35.00335187927401,34.49341971758627,34.93961035906304,6665000
2023-07-21,35.1490478515625,35.25832200826379,34.98514009016294,35.11262660631445,4801800
2023-07-24,35.48596954345703,35.5041819020104,35.15815403680073,35.24921235591538,5157000
2023-07-25,35.221900939941406,35.604350107077764,35.212793022446114,35.43133788484742,4383300
2023-07-26,35.34938049316406,35.42222993129734,35.13994356900949,35.149048011949944,5117900
2023-07-27,34.602699279785156,35.695416793877435,34.59359483469789,35.6043549747387,7511200
2023-07-28,34.502525329589844,35.11262722412349,34.466100610048514,35.00335306549952,5870000
2023-07-31,34.77570724487305,34.93506454033607,34.507082727200476,34.60269502028662,4940900
2023-08-01,34.71195602416992,34.85310091863781,34.56626064581571,34.684639226244705,6124600
2023-08-02,34.5662727355957,34.63001426881645,34.343177369323094,34.50253120237496,6503700
2023-08-03,34.09275817871094,34.19292442726285,33.618337117243485,34.15649970530713,6268000
2023-08-04,33.755828857421875,34.30036544768008,33.65111215280007,33.93794894322486,5874700
2023-08-07,34.183815002441406,34.19291944477733,33.83778714158942,33.85599949991344,3606100
2023-08-08,34.01080322265625,34.106418983199354,33.682991156311225,33.919744894280285,4094200
2023-08-09,34.09275817871094,34.24756151019645,33.80136735037045,33.937958320878096,5354500
2023-08-10,33.983489990234375,34.411471820614125,33.878773248962474,34.18382250209773,4901600
2023-08-11,34.04722595214844,34.092755113673554,33.737622790664304,33.83778903021099,3643000
2023-08-14,33.865108489990234,34.001699458937054,33.755837799024356,34.001699458937054,3069500
2023-08-15,33.519081115722656,33.734892187749715,33.44167772082859,33.64656415627431,3931200
2023-08-16,33.10931396484375,33.56916651259229,33.07288924402845,33.55550463704713,4804500
2023-08-17,32.86345291137695,33.391597478256024,32.84524055063593,33.136631375187,5679300
2023-08-18,32.95450973510742,33.045571534650165,32.59027295789385,32.63580212083899,4503900
2023-08-21,32.6722297668457,32.92719588109572,32.394497332257885,32.89987907561259,3958300
2023-08-22,32.77238845825195,32.88621308637728,32.635797515040764,32.799705257433395,5446600
2023-08-23,33.2550048828125,33.2823216829081,32.91808494490906,32.92718938705689,5105800
2023-08-24,33.1002082824707,33.71486419835454,33.0911038384785,33.30964870447208,5086900
2023-08-25,33.19126510620117,33.36427730529347,33.00914499083164,33.18215718992394,4985900
2023-08-28,33.45534133911133,33.614695148106286,33.300538014907296,33.300538014907296,4212900
2023-08-29,33.837791442871094,33.86055776208309,33.318751322441564,33.46444673390156,3808200
2023-08-30,33.95616912841797,34.06543981563353,33.805919762463745,33.88331968783925,3051300
2023-08-31,33.710304260253906,33.99259060508147,33.67387954344025,33.937953529860984,4084700
2023-09-01,33.69209289550781,33.969825290511615,33.58282221549637,33.919742171828815,3927600
2023-09-05,33.35517501831055,33.68754103721136,33.35426492135446,33.63745791540672,5000000
2023-09-06,33.29143524169922,33.43804075332887,33.00914885613865,33.34606885115097,3974900
2023-09-07,33.56460952758789,33.69664652339826,33.21858165834873,33.264110818436244,3861000
2023-09-08,33.346065521240234,33.63290583682903,33.29143191724415,33.628351878611916,4369000
2023-09-11,33.36428451538086,33.464450774162835,33.19127227890028,33.38249687821877,3336700
2023-09-12,33.36428451538086,33.40981368564911,33.07744761640313,33.30054298227469,3225000
2023-09-13,33.02735900878906,33.38249134109016,32.93629720970387,33.38249134109016,4274000
2023-09-14,33.62834930419922,33.69209081974982,33.28232145288732,33.30053381070921,3686900
2023-09-15,33.50086975097656,33.62835279531237,33.37793719132958,33.50086975097656,4755300
2023-09-18,33.208072662353516,33.50821164856869,33.13464240816954,33.50178667639496,3812000
2023-09-19,33.0336799621582,33.30903640349672,32.94189214748062,33.20807155802493,3937100
2023-09-20,33.097930908203125,33.478838973851516,33.070392812105865,33.272322510531936,3873400
2023-09-21,31.95061492919922,32.91436442577394,31.932257362430917,32.89600685900564,5749900
2023-09-22,31.73032569885254,32.151621851711965,31.675253001898266,31.941432451822465,8497400
2023-09-25,31.675254821777344,31.69361238848349,31.441203724306625,31.5742934569153,5017200
2023-09-26,31.115365982055664,31.5449218550774,31.009810844799595,31.436614658316795,7143100
2023-09-27,30.84000587463379,31.372364823721295,30.710589051370967,31.243865353623747,9007100
2023-09-28,31.161256790161133,31.253041121845545,30.913434892995838,30.996042192050936,7431500
2023-09-29,31.271390914916992,31.702784869561743,31.106176357876322,31.638535153084476,7305700
2023-10-02,30.70232391357422,31.30810952302051,30.514161507703957,31.152071978963786,8673300
2023-10-03,30.14242935180664,30.68396521765024,30.05064503610998,30.537108211727258,9197900
2023-10-04,30.463680267333984,30.500395396934653,29.94050192524061,30.34436134815302,9241000
2023-10-05,30.6839656829834,30.716090544099135,30.307644380764508,30.48203598377176,7857600
2023-10-06,30.803287506103516,30.99695402206967,30.124071668080543,30.43614324208885,10218500
2023-10-09,31.207141876220703,31.28974915653517,30.601356321030302,30.628890914019447,6258000
2023-10-10,31.317291259765625,31.58347072698365,31.02357719295535,31.17961476045648,4979700
2023-10-11,31.95061492919922,31.959791961909445,31.519220863513798,31.574293563818696,5178300
2023-10-12,31.528396606445312,31.895540924096295,31.3677722804784,31.849648759726847,5970000
2023-10-13,31.519214630126953,31.803751606742466,31.372357626371528,31.69360622791553,5688400
2023-10-16,31.840471267700195,31.941436139766573,31.38154257746979,31.71197179465137,7719300
2023-10-17,31.675254821777344,32.09747185332301,31.459561291012772,31.59264752227361,7239500
2023-10-18,30.977685928344727,31.578881379263475,30.968508895329432,31.464149209158492,8313200
2023-10-19,30.21586036682129,30.95932603369921,30.192916035333837,30.729861710738486,10377000
2023-10-20,30.05982208251953,30.504983366705222,30.050645051484054,30.35353609451576,8556300
2023-10-23,29.802825927734375,30.2066818558915,29.71103810223444,29.802825927734375,6709100
2023-10-24,30.179141998291016,30.252568744544178,29.894605040861073,29.903785572484544,5749200
2023-10-25,29.54582405090332,29.968041053127823,29.46321675713631,29.86707619392952,8454400
2023-10-26,30.169965744018555,30.376485718662998,29.646787410408503,29.674325507836212,10663200
2023-10-27,29.69268035888672,30.25257383635888,29.58712873687984,30.25257383635888,10350600
2023-10-30,29.784467697143555,30.032289568434866,29.362252462646467,29.867074987573993,7071900
2023-10-31,30.38106918334961,30.41778430836642,29.766106595379714,30.050643562239433,8490800
2023-11-01,30.537111282348633,30.573826412858025,30.20209184380866,30.41778885886689,8343100
2023-11-02,31.482501983642578,31.620181967347346,30.96850418068596,31.03275390605554,8882200
2023-11-03,32.22596740722656,32.69866331315198,31.978145538796774,32.06075282827337,8575200
2023-11-06,31.78539276123047,32.189248629927626,31.624768466938818,32.170891067530434,7431300
2023-11-07,31.519214630126953,31.803751606742466,31.482499503851308,31.739501886433665,6579300
2023-11-08,31.70279312133789,31.77621988727514,31.53757852129426,31.66607798769534,7298000
2023-11-09,31.216320037841797,31.812928584101986,31.161250849868157,31.794571020995058,7336200
2023-11-10,31.565109252929688,31.611001413685422,31.156663069913037,31.436609802274667,5969000
2023-11-13,31.298931121826172,31.418253545837143,31.111689557553902,31.31728868716229,4313800
2023-11-14,32.98779296875,33.249382181932916,32.225973164234915,32.38200723815019,10526900
2023-11-15,33.06121063232422,33.34666492487226,32.92353067732068,32.92353067732068,7168900
2023-11-16,33.052040100097656,33.23102549628718,32.96025576989338,33.153004964131014,5026800
2023-11-17,33.01532745361328,33.34575663434449,32.87764746119273,33.33657610079771,4417300
2023-11-20,33.27232360839844,33.27232360839844,32.69407259013729,32.96025201932784,4228100
2023-11-21,33.10711669921875,33.231029411074616,33.0153323582018,33.1438318361648,3300600
2023-11-22,33.208072662353516,33.478838846625656,33.07957321887879,33.37328723292023,4951400
2023-11-24,33.336570739746094,33.3457512718165,32.987784049359426,33.152998613155894,2620300
2023-11-27,33.455894470214844,33.65323390136718,33.21724964580646,33.35492962153032,4648900
2023-11-28,33.63946533203125,33.68535748842144,33.20807135899987,33.345751329517526,6450900
2023-11-29,33.89646530151367,34.16264471904273,33.85057314364419,33.88728476913145,7941600
2023-11-30,34.17182540893555,34.20395027301859,33.75878894119104,33.86893433348797,5804100
2023-12-01,34.887752532958984,34.915290631376145,34.0616831087426,34.16264796646125,7274200
2023-12-04,35.080501556396484,35.09885911964342,34.65828460441125,34.694999730905124,10359500
2023-12-05,34.93364715576172,34.97035878364495,34.72254041470655,34.942824187395665,7758300
2023-12-06,34.814327239990234,35.29069609717436,34.79596967405478,35.144756424133035,4832200
2023-12-07,34.86021041870117,35.01624793825897,34.694995869214935,34.851033388772734,5663100
2023-12-08,34.78678512573242,34.906104026511315,34.42881791935494,34.795962156043515,4873800
2023-12-11,34.90611267089844,34.96577563741016,34.61698887631478,34.70418644192558,4871000
2023-12-12,34.89692687988281,34.99421880678263,34.69499720024247,34.915284441790746,5580500
2023-12-13,36.16357421875,36.27371609974803,34.81432304647191,34.933645460005685,7112400
2023-12-14,37.164039611816406,37.402680943501124,36.806072362268296,36.87950261900043,8647400
2023-12-15,36.71427917480469,37.08142336709134,36.397617396491114,36.98045853914518,8011100
2023-12-18,36.61317825317383,36.9146520517479,36.55751975538318,36.85435799975129,6638700
2023-12-19,36.8636360168457,36.96567128777566,36.733766189261154,36.74304437481268,4681400
2023-12-20,36.39983367919922,37.11409842288651,36.376641748903815,36.86364397637326,6513500
2023-12-21,36.70594024658203,36.807979060375104,36.33489065798744,36.68738741329319,6684700
2023-12-22,36.85435485839844,37.114087415433964,36.678108271637285,36.81724919636745,4929100
2023-12-26,37.12336730957031,37.22540611555853,36.821889984220824,36.90073686572413,2537600
2023-12-27,37.336727142333984,37.34600179085489,37.02597510730573,37.19758264437934,4006300
2023-12-28,37.56863021850586,37.56863021850586,37.2532391072266,37.33672509370027,3764800
2023-12-29,37.16047668457031,37.4851424282386,37.123371017125024,37.31817046332599,5777300
2024-01-02,37.50369644165039,37.522249275956625,36.90074171176751,37.07699186838104,6591500
2024-01-03,36.61317825317383,37.22540757450691,36.54360601558327,37.22540757450691,7424500
2024-01-04,36.520416259765625,36.789427040515086,36.39518905553602,36.53896909346468,7180300
2024-01-05,36.44621276855469,36.76160390150989,36.10113639045636,36.31634645591283,5770300
2024-01-08,36.94711685180664,36.984218973076196,36.35343690981741,36.41837004527724,4812700
2024-01-09,36.68738555908203,36.863635697122646,36.44620581569876,36.659558079850754,4134500
2024-01-10,36.743045806884766,36.919292414732304,36.61317951282962,36.743045806884766,4498600
2024-01-11,36.39983367919922,36.65956631326732,36.24213633809234,36.55752748171435,5151900
2024-01-12,36.67811584472656,36.86364065459692,36.47403820001003,36.78015466708483,4393500
2024-01-16,36.455482482910156,36.6873875922653,36.34231479946462,36.501862797062955,11100100
2024-01-17,35.78759765625,36.43692912217361,35.41654807121557,36.01022457639778,9752000
2024-01-18,35.555694580078125,35.94529348187397,35.33120988678996,35.80614899489471,6142100
2024-01-19,35.8989143371582,36.038055290086454,35.370170931129735,35.67628385844502,7967800
2024-01-22,36.065887451171875,36.455486377991406,35.93138204874374,36.01950713206357,5850600
2024-01-23,35.87107467651367,36.31633552670346,35.741208402954385,36.214296729309574,4549800
2024-01-24,35.37943649291992,36.2514018104639,35.35160901719933,36.23284898045334,7349500
2024-01-25,35.86180877685547,36.010227916919256,35.68556215383954,35.88036161168737,6601700
2024-01-26,35.7041130065918,35.99167308404409,35.62990167138396,35.90818710123089,4398000
2024-01-29,35.96384048461914,36.000946146942546,35.611343769728215,35.69482974066052,5724200
2024-01-30,35.62990188598633,35.93601833767558,35.55569408892276,35.759768184791014,6931500
2024-01-31,35.370174407958984,36.065889856762155,35.28204931876122,35.8339847071611,11580700
2024-02-01,35.99167251586914,36.005586256353155,35.15217714648258,35.29595718293897,10887000
2024-02-02,35.53713607788086,35.76904116013085,34.924906802284525,35.583516386612715,12844000
2024-02-05,34.832149505615234,35.12898778626339,34.720836035020035,35.09188565512594,8668200
2024-02-06,35.36088562011719,35.41190502082251,34.76720918128146,34.90635364476701,7866800
2024-02-07,35.34233474731445,35.53713771470594,35.12898248644844,35.488899643617664,6679000
2024-02-08,35.53713607788086,35.61783717812795,35.20319219326636,35.22174502447725,4517700
2024-02-09,35.62990188598633,35.65772936756126,35.19855822861864,35.52786306875658,5515700
2024-02-12,35.51858901977539,35.866446699690314,35.44716255422889,35.71338847126584,5376400
2024-02-13,34.86925506591797,34.87852971402537,34.39153107008002,34.804321913391924,21419000
2024-02-14,35.101158142089844,35.3052357744422,34.80431987971797,34.98984467834819,14186400
2024-02-15,35.94529342651367,35.987965298898054,35.407271852186554,35.407271852186554,8637600
2024-02-16,35.57423400878906,35.76625207366945,35.31450147963123,35.46292057323433,7683100
2024-02-20,35.51858901977539,35.70411382344828,35.22175074933529,35.44437768286971,6929300
2024-02-21,35.77831268310547,35.82283876640646,35.50930196191751,35.666999244148194,5653100
2024-02-22,35.87107467651367,36.065877625443164,35.77367497134421,35.889627506820794,6144400
2024-02-23,35.917457580566406,36.10483656159141,35.8061406016401,35.93601041038746,5263400
2024-02-26,35.50930404663086,36.01485895155024,35.45364909318,35.84324792169859,6427800
2024-02-27,35.53713607788086,35.86180177759455,35.42581909061554,35.722657312808266,9466100
2024-02-28,35.99167251586914,36.140091645350594,35.314510016448054,35.37016851697528,7497600
2024-02-29,36.279232025146484,36.47403144707836,36.130812912447325,36.22357353091276,12860800
2024-03-01,36.67811584472656,36.71522151441892,35.815428486632115,36.1864745677814,9655500
2024-03-04,37.09554672241211,37.12244709511381,36.34417281576098,36.59463078464469,8697600
2024-03-05,36.62245178222656,37.192939866744986,36.469393571917855,36.94712103487451,6913800
2024-03-06,36.82653045654297,36.95639674590583,36.631731022498684,36.86363612167264,5483600
2024-03-07,36.82653045654297,37.10945496062248,36.622452836920765,37.03060453757418,5077000
2024-03-08,37.262508392333984,37.35063345942619,37.03988148617276,37.0955399820085,7551200
2024-03-11,37.07698440551758,37.4109282786308,36.90073428437971,37.132639358642706,4594600
2024-03-12,36.98422622680664,37.12337070927702,36.65956048583067,36.98422622680664,5669000
2024-03-13,36.7523193359375,37.11872981935347,36.63173123146466,36.91929129138252,6245300
2024-03-14,36.23284912109375,36.678106427304066,35.88962707245183,36.57606763114515,10442800
2024-03-15,36.21429443359375,36.29592263546179,35.880350586416235,35.880350586416235,9639600
2024-03-18,36.20869445800781,36.43283707387578,36.15265702269949,36.27406968452619,4971000
2024-03-19,36.20869445800781,36.339444911044566,35.96586913435443,36.227373603110586,5255100
2024-03-20,36.35812759399414,36.444048819681385,35.77908829019507,35.9004974011529,8678200
2024-03-21,36.49821853637695,36.70368202219126,36.27874301869728,36.51689412016496,6263500
2024-03-22,36.068603515625,36.582267548874235,36.03124878720673,36.49821673792108,4402500
2024-03-25,35.92851257324219,36.22737175426915,35.900492075676716,36.115296889372196,5661600
2024-03-26,35.77908706665039,36.01723816570409,35.75106656588658,35.95653361230111,6160300
2024-03-27,36.685001373291016,36.685001373291016,36.068603815726775,36.17133733576794,6711000
2024-03-28,36.91848373413086,37.00253810478582,36.769054137708984,36.769054137708984,5695400
2024-04-01,36.274070739746094,37.00253960653227,36.22737465697209,36.99320181505056,8064400
2024-04-02,35.872474670410156,36.049921193479854,35.751062016371726,36.049921193479854,7393500
2024-04-03,35.89115905761719,35.96587208146776,35.6530043913953,35.83512161771706,5392200
2024-04-04,35.61097717285156,36.3861421239675,35.50824365293291,36.246053875364325,6667800
2024-04-05,35.84446334838867,35.929451150718165,35.44287059826564,35.51758362289996,6055700
2024-04-08,36.15265655517578,36.1806770538089,35.872476507622764,35.947193087067625,5588500
2024-04-09,36.61029052734375,36.61962831940988,36.21336845489838,36.33011045048131,7565200
2024-04-10,35.106651306152344,35.65767364037422,34.877838003754256,35.65767364037422,14873300
2024-04-11,35.14400863647461,35.40083886933281,34.84047875883974,35.34013431887891,9441800
2024-04-12,34.77977752685547,35.02259931452229,34.63968570452416,35.01326152228562,9246200
2024-04-15,34.1727180480957,35.05061659693874,33.94390472788612,34.99458271760427,7757100
2024-04-16,33.64971160888672,34.098000443632145,33.542310968237615,34.051304358015884,11776100
2024-04-17,33.369529724121094,33.71508501417439,33.36485904700769,33.556317619146554,11722700
2024-04-18,33.378868103027344,33.57406034931169,33.22009715946923,33.51895633979719,10327600
2024-04-19,33.509620666503906,33.66838805741182,33.37887021218382,33.52829981179002,10629100
2024-04-22,33.780460357666016,33.86451473257858,33.42556727486435,33.64970989950932,7762900
2024-04-23,34.08866500854492,34.19700264230439,33.78046440933863,33.86451879433278,10804900
2024-04-24,34.21941375732422,34.28478899094808,33.7617871219572,33.92989588347084,10758500
2024-04-25,34.023292541503906,34.098005577201626,33.640378881508894,33.91122120661557,8374300
2024-04-26,34.05130386352539,34.39686272997005,33.985928632075414,34.04196607161093,6950900
2024-04-29,34.4342155456543,34.518269918942416,34.21193977108363,34.22875207081434,6987400
2024-04-30,33.79914474487305,34.3408293700181,33.78046559614218,34.144703652369024,9796800
2024-05-01,33.81781768798828,34.42301059522788,33.69173791054493,33.7898007513748,15601300
2024-05-02,34.303462982177734,34.35015906165008,33.75244069396603,34.16337474376069,13264300
2024-05-03,34.574302673339844,35.09730798771685,34.49024831143429,34.863824044943904,11887700
2024-05-06,34.58364486694336,34.863828484091954,34.41553612172728,34.8077910481257,9739000
2024-05-07,34.947879791259766,35.03193416506374,34.71906649250334,34.84514983455067,13276100
2024-05-08,34.621002197265625,34.76576111614309,34.54161850386073,34.75175264821076,8182100
2024-05-09,35.442867279052734,35.47088421533146,35.0225954214587,35.0319332126574,8914600
2024-05-10,35.3121223449707,35.50824805493877,35.20004745697478,35.489568906939446,6882900
2024-05-13,35.40550994873047,35.61564410188287,35.209384264097196,35.46154738548972,6846500
2024-05-14,35.65766906738281,35.83138189542195,35.484889662115805,35.63898992389321,9703800
2024-05-15,36.26473617553711,36.37680749670473,36.115302997069534,36.244186619619676,10083500
2024-05-16,36.1993522644043,36.430969383086705,36.16199753774791,36.29274798775167,7195600
2024-05-17,36.1993522644043,36.29274798775167,36.06860181440054,36.25538969841272,6153000
2024-05-20,35.97521209716797,36.22737522330892,35.933183128136406,36.1433208479286,4067100
2024-05-21,35.94719314575195,36.02657683952976,35.807101340405445,35.89115571107683,3621500
2024-05-22,35.63899612426758,36.007901256332936,35.52692480651449,35.89115926122426,7027100
2024-05-23,34.882503509521484,35.6483306420803,34.85915725025382,35.6483306420803,5597300
2024-05-24,34.882503509521484,35.12532883214704,34.83580742830353,35.09731189595279,4686100
2024-05-28,34.67704391479492,35.19537866840828,34.63034782835867,35.10665361030128,4696100
2024-05-29,34.350162506103516,34.41553773645679,34.20073289919849,34.368841652302,6076400
2024-05-30,34.845149993896484,34.85448778539174,34.53227875722259,34.59298687133142,5867800
2024-05-31,35.53626251220703,35.54560386689548,34.88717730599442,35.05995674090134,7949600
2024-06-03,35.39617919921875,35.667017957397334,35.20845784581393,35.60164271618007,5826300
2024-06-04,35.732383728027344,35.87247552932463,35.29343630514869,35.330794593852296,5647500
2024-06-05,35.68569564819336,35.76041224234989,35.480232139629514,35.76041224234989,4541200
2024-06-06,35.741722106933594,35.774409716158196,35.37748772909312,35.5549342416435,3888600
2024-06-07,35.46155548095703,35.55494766752675,35.15335485244658,35.265426188866954,5140400
2024-06-10,35.63899612426758,35.769746588760015,35.162690351804706,35.349474693832214,4148800
2024-06-11,35.52692413330078,35.713712034471726,35.400840785870166,35.517582778766645,3492400
2024-06-12,35.77908706665039,36.44685140481472,35.75106656588658,36.30208891180319,7600800
2024-06-13,35.9565315246582,36.077944187097806,35.68568926332473,35.90983544300687,3704300
2024-06-14,35.984554290771484,36.09195850238391,35.685695044567204,35.82578687489938,4975400
2024-06-17,35.79776382446289,35.98454814945049,35.573617646722084,35.78842247060393,4880900
2024-06-18,35.93785095214844,36.0779427542212,35.82577964809974,35.89115487235169,4893400
2024-06-20,35.84446334838867,35.947196874608466,35.713712883266375,35.82578420155935,4503300
2024-06-21,35.93785095214844,35.98454703194518,35.64832955711657,35.89115487235169,5287100
2024-06-24,36.1803092956543,36.5671129952829,35.8689812441859,35.96332220550918,5891800
2024-06-25,35.670867919921875,36.152012646344545,35.51992020193854,36.152012646344545,4429900
2024-06-26,35.623695373535156,35.736908866073584,35.40670824448629,35.49161656445129,3639300
2024-06-27,35.944454193115234,36.00106093065219,35.60482456452474,35.7274670975392,3571700
2024-06-28,36.236915588378906,36.387863283975335,35.94445285365216,36.1520072846761,5569800
2024-07-01,35.887855529785156,36.26522303045921,35.67086840715013,36.152013140144746,5700100
2024-07-02,36.03880310058594,36.11899328927337,35.830305730896605,35.88785538116591,3985500
2024-07-03,36.00106430053711,36.26522190268192,35.972762728557996,36.12371044390895,2359100
2024-07-05,36.13314437866211,36.17088220855297,35.868986767181184,36.104842805682736,3785800
2024-07-08,36.21805191040039,36.2803196882566,36.052953406808115,36.14257985113426,4443200
2024-07-09,36.22748565673828,36.34541366525777,35.85954724710061,36.16144625987754,3679200
2024-07-10,36.482208251953125,36.49636263652266,36.104840770944236,36.39730353779993,3935600
2024-07-11,37.45393753051758,37.633186814116726,37.001094393890256,37.03882862278453,8693400
2024-07-12,37.727535247802734,37.97282395568732,37.59450993111424,37.69923007463619,5322200
2024-07-15,37.88791275024414,37.95018052759355,37.58601731788183,37.78413552058008,4828400
2024-07-16,38.24641036987305,38.2841481941424,37.85960666830473,38.133196897065,5753700
2024-07-17,38.58604431152344,38.812464063616176,38.265279996994494,38.32188313557914,7445800
2024-07-18,38.26528549194336,39.015305976910525,38.175659044477754,38.33132489569351,6016200
2024-07-19,38.218109130859375,38.42094545856141,38.048296101945404,38.33132261530519,5259100
2024-07-22,38.595481872558594,38.633219702328326,38.067163052414955,38.27471751727094,5233000
2024-07-23,38.529441833496094,38.79831756812864,38.36811495316558,38.57661232049036,4351500
2024-07-24,38.001121520996094,38.78888337808059,37.9633872922177,38.52000765406891,5606900
2024-07-25,37.7935676574707,38.61434554980588,37.711488068798666,38.208672932000404,8353400
2024-07-26,38.4256591796875,38.557737964181875,37.9067766982266,37.9539471785636,5702800
2024-07-29,38.670955657958984,38.80303445687448,38.133200606995764,38.42566337522105,5418100
2024-07-30,38.953983306884766,39.03889162279152,38.68038944464328,38.83133716193557,4674000
2024-07-31,38.859642028808594,39.28418364433511,38.722845086090175,38.89737986105045,8786900
2024-08-01,39.46343231201172,39.53890436951645,39.04832339966488,39.265310513447375,9813900
2024-08-02,39.49173355102539,39.90683886099787,39.142667640392226,39.482297294618434,8818200
2024-08-05,38.350189208984375,39.506825140625104,38.288864342234035,38.935111114387304,14134700
2024-08-06,39.19926834106445,39.58607205547145,38.23697538351793,38.378490429786616,11389400
2024-08-07,38.91624450683594,39.85023595850604,38.87379214938053,39.30304824767606,9907700
2024-08-08,39.24644088745117,39.2926684665396,38.73699461162242,38.83133558151141,10383100
2024-08-09,39.44456481933594,39.548338452284845,38.98228540453032,39.41625964773396,5454900
2024-08-12,39.20870590209961,39.31247952742375,38.922847082626866,39.274745299522806,4924500
2024-08-13,39.482295989990234,39.53890272992947,39.23700731467469,39.482295989990234,3707000
2024-08-14,39.623809814453125,39.8124953428688,39.40682271638209,39.548334163536005,3300600
2024-08-15,39.51060104370117,39.70871923459249,39.34172732908929,39.65211249481902,6282100
2024-08-16,39.49173355102539,39.62381234970403,39.29361535300743,39.472864637088826,4212300
2024-08-19,39.72758865356445,39.76532648056049,39.46814559156331,39.491732633155145,3971100
2024-08-20,39.765323638916016,39.86438272854386,39.57191998853999,39.7087169024671,4828200
2024-08-21,39.89740753173828,39.95401067655508,39.567206925171256,39.793630301070856,4214800
2024-08-22,40.14269256591797,40.14269256591797,39.83136450115832,39.95400703633904,4953100
2024-08-23,40.91630554199219,40.99178120360088,40.23232445333211,40.29364572923096,6135200
2024-08-26,40.887996673583984,41.19932472498239,40.82290018666739,41.11442001913672,4047800
2024-08-27,40.99177551269531,41.034227867298306,40.576666629232484,40.64270962341013,3717600
2024-08-28,40.85026168823242,41.11442287621357,40.614405669710436,40.99177673889651,5035000
2024-08-29,40.68988037109375,40.85026073247527,40.50119484091532,40.784221336744395,5339900
2024-08-30,41.08612060546875,41.10498952014702,40.56723804788755,40.88800239966315,5611600
2024-09-03,41.18046188354492,41.378580073496835,40.80309081793224,40.82195973110059,7580900
2024-09-04,41.274803161621094,41.69934471391607,41.06253418491222,41.274803161621094,5855600
2024-09-05,41.16159439086914,41.6050012695573,41.05309903612621,41.5861359546151,5539200
2024-09-06,41.16159439086914,41.2229156616246,40.78705562868879,41.18989596215977,6671700
2024-09-09,41.65217208862305,41.75405989660917,41.10498442738037,41.1615911644018,5070000
2024-09-10,42.38804244995117,42.41634401954044,41.7559464710664,41.83142212180726,7884500
2024-09-11,42.27483367919922,42.331436819859256,41.520091547544844,42.01067249356931,5792200
2024-09-12,42.35030746459961,42.41634686398792,41.869162754930905,42.340874807063,4263300
2024-09-13,42.652198791503906,42.69936927240892,42.43049357248562,42.567290486324076,3707500
2024-09-16,42.7937126159668,43.00126704469807,42.666348362381015,42.850315751892126,4130200
2024-09-17,42.45408248901367,42.93522717371654,42.31728556912826,42.81258463771761,5919400
2024-09-18,42.33143615722656,42.9352269739969,42.27483301745256,42.51068903018329,6234400
2024-09-19,42.2276611328125,42.68050786782797,41.97293979282263,42.68050786782797,4552400
2024-09-20,42.15218734741211,42.194639702710184,41.88802976188494,41.98237072846545,4839800
2024-09-23,42.61865234375,42.647152288649586,42.33364202244556,42.45714419974567,4013700
2024-09-24,42.61865234375,42.77065809005256,42.24813856364394,42.41914548124718,4103800
2024-09-25,42.43814468383789,42.818160876469086,42.32414127568973,42.70415746832093,3457000
2024-09-26,42.02013397216797,42.48565367347613,41.86812820473939,42.45715010051221,4552700
2024-09-27,42.07713317871094,42.4143958273514,42.01063088878763,42.314642392466446,3613700
2024-09-30,42.43814468383789,42.46664825395218,41.84912284695224,41.925127535119685,4929900
2024-10-01,42.181640625,42.6376579109223,41.99163251650656,42.56165321788363,6453100
2024-10-02,42.029640197753906,42.062891349153006,41.735127411002075,41.75412858667352,4022000
2024-10-03,41.62112045288086,42.005884261326244,41.497614633537836,41.89662841650292,3504500
2024-10-04,41.34560775756836,41.41211005294771,40.946590361188974,41.38361010467179,5386100
2024-10-07,41.04159927368164,41.12710274895591,40.83258997321042,41.07960162360433,3793500
2024-10-08,41.16510009765625,41.31710585477599,40.97983957031667,41.21260121723683,4039700
2024-10-09,41.18409729003906,41.21830157498027,40.927590521701596,41.07959627750677,3338800
2024-10-10,40.84209060668945,41.29810791373239,40.699583612693296,40.956094027424335,3659600
2024-10-11,41.26010513305664,41.26960390797525,40.94184362378439,41.06059824283553,2312100
2024-10-14,41.54511642456055,41.60211994765917,41.051096763349456,41.15560141031188,3542900
2024-10-15,42.06763458251953,42.409648461093404,41.69712075543228,41.725620703945665,5176300
2024-10-16,42.48565673828125,42.547407839968145,42.03913817870389,42.1626440061813,3662700
2024-10-17,42.210140228271484,42.40014833521386,42.048632068934346,42.362145989004745,2934000
2024-10-18,42.50465774536133,42.51985723590947,42.129392688664055,42.295648441858134,3950800
2024-10-21,41.630615234375,42.44764752009412,41.573611717660974,42.25763942181709,5938700
2024-10-22,41.697120666503906,41.858628830643035,41.44061025812057,41.54511490125118,4497400
2024-10-23,42.10563659667969,42.1768900915025,41.55461705986338,41.59261578287936,4849500
2024-10-24,42.20064163208008,42.457152055949216,42.124640556917115,42.14364173173374,3188600
2024-10-25,41.868125915527344,42.7326593500269,41.849124742624774,42.55215364360723,4820700
2024-10-28,42.00113296508789,42.4191515452547,41.92038069359326,42.23864220414507,3129100
2024-10-29,41.62112045288086,42.091387732547815,41.554618155720014,41.86812846746352,4557100
2024-10-30,41.77312469482422,42.07713622048012,41.602117758629866,41.65911765462582,5513800
2024-10-31,41.04159927368164,41.697123501382,41.03209687414919,41.326609649894685,5866200
2024-11-01,40.604576110839844,41.369352432387394,40.576072541267656,41.317103740394735,6141400
2024-11-04,41.06060028076172,41.12710258080274,40.73283635619986,40.77558628161043,6509900
2024-11-05,41.62112045288086,41.63061922785953,40.73283459208471,40.956093857169,4747500
2024-11-06,40.50957107543945,41.47860910621365,40.08205376420039,41.25059866551849,12721600
2024-11-07,41.013092041015625,41.127099080614805,40.585578326880025,40.66157939584291,10597900
2024-11-08,41.71612548828125,41.83488011602335,41.15560350037438,41.2031046266505,7348100
2024-11-11,41.35511016845703,41.85863225159157,41.317111442115845,41.65912172380819,7899300
2024-11-12,40.832584381103516,41.40260867956716,40.818334407859965,41.250599300694404,4972000
2024-11-13,41.155601501464844,41.4691154430465,41.08434800345961,41.28860609821944,5095000
2024-11-14,40.78508758544922,41.08909912721362,40.732835261948765,41.08909912721362,4860400
2024-11-15,40.832584381103516,40.907635931434335,40.47632055360239,40.59507516276943,5875700
2024-11-18,41.193599700927734,41.20309847512336,40.547574332532506,40.652078969199835,3810800
2024-11-19,41.36460876464844,41.4881109560826,40.89433787536855,41.07009601193709,3693100
2024-11-20,41.29810333251953,41.355103224512256,40.975090656183106,41.12709640833536,3198700
2024-11-21,41.573612213134766,41.71136799542481,41.155597291225824,41.3361029934836,3070100
2024-11-22,41.88712692260742,41.963127989813664,41.69711881843708,41.73512116409178,3333900
2024-11-25,42.447654724121094,42.63766285464546,42.10564081399796,42.14364316492357,4625700
2024-11-26,42.656654357910156,42.73265541842483,42.24338703953387,42.40014398348034,3183800
2024-11-27,42.951171875,43.2095813299989,42.84666722520478,42.85616962469719,3531500
2024-11-29,42.75166320800781,43.1601793908126,42.72791083436201,42.97967367305601,3737500
2024-12-02,42.10563659667969,42.590157462192195,41.95363083230588,42.51415276795365,4837300
2024-12-03,41.85862350463867,42.22913728379232,41.8301199357095,42.143633825210486,4164900
2024-12-04,41.74462127685547,41.88712826557802,41.50711204505339,41.85862831747482,3315800
2024-12-05,41.64012145996094,41.66862140888604,41.374108648280895,41.49761446712865,2971300
2024-12-06,41.5831184387207,41.87763120287215,41.388359121111655,41.75412538253723,3624700
2024-12-09,41.668617248535156,41.796870629996214,41.502361522899335,41.659114850439956,5211000
2024-12-10,40.99409484863281,41.60211790204059,40.86583783399329,41.60211790204059,4090500
2024-12-11,40.889591217041016,41.22210270005626,40.77558417363291,41.10809928075152,4988900
2024-12-12,40.861083984375,41.30760247080549,40.785082919680065,40.84208643627854,3418100
2024-12-13,40.69008255004883,40.91808937869988,40.604579083278885,40.82308713744581,3833300
2024-12-16,40.4810791015625,40.9845975761254,40.462077925753974,40.70908596305736,3642900
2024-12-17,40.30056381225586,40.66633005055734,40.15806045082023,40.281566263346996,5319100
2024-12-18,38.72350311279297,40.36707016716081,38.67600199179983,40.16755966042445,9802600
2024-12-19,38.0584831237793,39.03702006375851,38.01097837499686,38.76150846687583,8386500
2024-12-20,38.75200653076172,39.16052269306605,38.143983486616634,38.2389857282256,9792600
2024-12-23,38.92869186401367,38.986304750504615,38.486975973220346,38.61180633600255,6917200
2024-12-24,39.18796157836914,39.21676802215558,38.75584660618369,38.78465304997012,2812100
2024-12-26,39.245574951171875,39.31279242955649,38.89028204212781,39.08233355026006,4044800
2024-12-27,38.92869186401367,39.360806828084414,38.794256911431155,39.01511485682782,4588800
2024-12-30,38.74624252319336,38.84227010886764,38.33813535754176,38.82306459173278,4493500
2024-12-31,39.053524017333984,39.13034608694771,38.6790255856618,39.053524017333984,7590600
2025-01-02,38.68863296508789,39.14955442676586,38.573399852359785,39.101542461334894,9786400
2025-01-03,39.216766357421875,39.27438290562674,38.65021645417912,38.77505047708418,5128600
2025-01-06,38.67902374267578,39.36080675723925,38.62141085628853,39.23597273160401,5980200
2025-01-07,38.39094924926758,39.01991436137953,38.2997239595129,38.813459632987986,8867700
2025-01-08,38.55419921875,38.573401075068524,38.04046347989001,38.4197605829724,6312800
2025-01-10,37.62274932861328,38.045259739758414,37.589140587534445,37.94923581184117,8343100
2025-01-13,38.102874755859375,38.111515956622725,37.49791377778899,37.57473584748334,5769300
2025-01-14,38.429359436035156,38.51578242887715,38.131679424451,38.227707007096406,5022100
2025-01-15,38.59260177612305,39.51444827668418,38.54458981516455,39.428025281727756,6511000
2025-01-16,39.45683670043945,39.4904454436556,38.558997898696184,38.68863423901439,5600900
2025-01-17,39.44723129272461,39.66808924636176,39.42802577548513,39.572061660164394,4913400
2025-01-21,40.167415618896484,40.205822984477805,39.600865766952275,39.62006761820428,6105700
2025-01-22,39.4664306640625,40.09059711430671,39.428023295077615,40.09059711430671,5837100
2025-01-23,39.78331756591797,39.79291849272829,39.1735543157464,39.5528550286149,3916200
2025-01-24,39.8985481262207,40.17702263157028,39.620073620871125,39.64888372826865,4038800
2025-01-27,40.29225158691406,40.33546491595124,39.764112689969835,39.85053568496637,11135800
2025-01-28,39.802520751953125,40.234635694670004,39.66808580601399,40.234635694670004,4366300
2025-01-29,39.34160232543945,39.927357773711186,39.15915174530888,39.85053570563983,3945600
2025-01-30,39.860137939453125,40.15781796837256,39.50868758942979,39.94656093732794,4481500
2025-01-31,39.77370834350586,40.167415895350565,39.648877994122124,39.735300977660195,4730300
2025-02-03,39.70649719238281,39.86013766944418,39.0631288394002,39.44723186359257,7439600
2025-02-04,39.70649719238281,39.80924652794706,39.29358772345329,39.43762727329491,4559300
2025-02-05,40.33066940307617,40.43149563701445,39.764119376843155,40.167427975674705,4356900
2025-02-06,40.44589614868164,40.57073019031373,40.15782069059683,40.56112926237812,3680600
2025-02-07,40.301856994628906,40.58513013431723,40.11940641089131,40.55152139464102,5337100
2025-02-10,40.35947036743164,40.42188921549115,39.98977422656275,40.38828047541216,3907600
2025-02-11,40.58032989501953,40.58993448574382,40.10500522035359,40.16742407082721,3276300
2025-02-12,40.234642028808594,40.378677923671425,39.78332149946652,39.78332149946652,6834300
2025-02-13,40.5515251159668,40.657153639807575,40.013781568722045,40.148220202841905,7069100
2025-02-14,40.388282775878906,40.80119227069842,40.37867818497902,40.66675363964707,4528100
2025-02-18,40.53231430053711,40.70035799238124,40.2538398037224,40.282649910236934,5622200
2025-02-19,40.6091423034668,40.70228705814475,40.29705902266229,40.359474213591874,4405400
2025-02-20,40.887611389160156,40.954828866761225,40.38347664407433,40.60913688876841,3947300
2025-02-21,40.5515251159668,40.95483369216992,40.34987265940435,40.89721713468998,5072100
2025-02-24,40.73396682739258,40.95002614291428,40.397879442906934,40.61873739029432,4435200
2025-02-25,41.16608428955078,41.36774039553797,40.85880332995256,40.86840792042137,5698200
2025-02-26,40.96442794799805,41.33412405814709,40.8443962201074,41.242902435842986,5472200
2025-02-27,41.14687728881836,41.36773890470566,40.897212891796585,40.97403129738873,4040600
2025-02-28,41.43495559692383,41.52617722289098,40.98363510974715,41.3485326028491,5771500
2025-03-03,41.790252685546875,42.007268087308255,41.45416160244971,41.57899564263312,9874300
2025-03-04,41.31012725830078,42.11770048623308,41.21409966106113,41.82866529416005,9765700
2025-03-05,41.69422149658203,41.80465230396753,40.849200723950254,40.858801650946546,5564100
2025-03-06,40.5515251159668,41.43496068193473,40.48910992600553,41.34853767725394,7954300
2025-03-07,40.781982421875,40.942344639941744,40.2730453874847,40.628341951493226,7083600
2025-03-10,40.388282775878906,41.18529165589643,40.196231251740834,40.743575714533556,9447900
2025-03-11,39.96577072143555,40.63314696284946,39.740110443834894,40.49390969234952,7103500
2025-03-12,39.82173156738281,40.153016681658386,39.69689753107771,40.032984940655254,6013500
2025-03-13,39.043922424316406,40.05218826079532,38.98918871534289,39.8313303090392,6167200
2025-03-14,39.802520751953125,39.836129488437905,39.17835431657568,39.41361547196916,4548100
2025-03-17,40.503509521484375,40.64274677561331,39.81212554596907,39.81212554596907,4422800
2025-03-18,40.253841400146484,40.70516190163626,40.100200923927524,40.50350946342598,4860300
2025-03-19,40.301856994628906,40.606255104531144,39.96096730274799,40.282651477231376,3919100
2025-03-20,40.253841400146484,40.484303946013874,40.08099906959331,40.301857025215696,3452800
2025-03-21,39.860137939453125,40.138612450725056,39.605671241010064,40.07139497049776,6237900
2025-03-24,40.414852142333984,40.49699526658708,39.9219897102916,40.10560440330271,4457800
2025-03-25,39.93165588378906,40.42452204918992,39.699721900738,40.41485598275701,4660800
2025-03-26,40.13459396362305,40.323041683460254,39.954846439779736,40.11526551972644,3717700
2025-03-27,40.03795623779297,40.51149021997268,39.93648467018303,40.19258010555913,3586700
2025-03-28,40.01863098144531,40.250568644832924,39.781863971494275,40.21191175318097,4905600
2025-03-31,40.443843841552734,40.6999429718955,40.07661444757895,40.13459609582538,7736800
2025-04-01,40.47283935546875,40.666120122970504,39.97997321401307,40.57914396192091,5903000
2025-04-02,40.66612243652344,40.757927949253606,40.2022470935191,40.40519393853008,4657000
2025-04-03,39.448455810546875,40.6467936788395,39.3904704714842,40.26023212480338,11584800
2025-04-04,37.65094757080078,39.25517161318172,37.607461335185924,39.25517161318172,15419700
2025-04-07,36.74253463745117,38.15347799058124,35.921092287035734,37.013125503387336,25297200
2025-04-08,35.8341178894043,37.6751089213768,35.41373251392387,37.58329973113393,16319500
2025-04-09,37.89255142211914,38.06167072188914,34.558469953910105,35.234950839514354,27138900
2025-04-10,37.09043884277344,37.93120594226051,36.17235796164322,37.51565358223867,19936700
2025-04-11,37.61228942871094,37.699265583567616,36.47194072334655,36.89715543235491,10742800
2025-04-14,38.443397521972656,38.65600673872334,37.7959111786306,37.91187816662003,6543600
2025-04-15,38.501380920410156,38.80096628469767,38.30810015914479,38.578691013001965,4272300
2025-04-16,38.4820556640625,38.994246590308,38.24045561409399,38.646345615033674,6021900
2025-04-17,39.090885162353516,39.408829412211674,38.62701355222653,38.62701355222653,4793500
2025-04-21,38.279109954833984,38.84928618220769,37.79590988711131,38.762310022556655,4364300
2025-04-22,39.0618896484375,39.24550802387936,38.636674938379066,38.82995569259609,4213200
2025-04-23,39.1102180480957,39.84468059256789,38.87828037343254,39.39047130988651,8046200
2025-04-24,39.2261848449707,39.53059958531927,38.93143248469423,39.12954629815269,5093400
2025-04-25,39.16819763183594,39.39046922810714,38.92176824327765,39.2455114148124,4511000
2025-04-28,39.409793853759766,39.516098451785986,39.05222685846371,39.15853145648993,4403400
2025-04-29,39.72871017456055,39.90266249393513,39.35181471142361,39.419462426011066,4088100
2025-04-30,39.912322998046875,40.05728448622304,39.25517064162281,39.47744222004216,5100700
2025-05-01,40.028289794921875,40.36653203695585,39.77219436196075,40.028289794921875,6986300
2025-05-02,40.52116012573242,40.64679318223787,40.33754541739688,40.51632709257186,4073900
2025-05-05,40.47283935546875,40.690277914830716,40.231239317722554,40.51632559273154,3018300
2025-05-06,40.19258499145508,40.51632817792605,40.00897027820085,40.28922353811009,2531600
2025-05-07,40.16359329223633,40.508596656554495,40.10560795358846,40.22157494436002,3892500
2025-05-08,39.97031021118164,40.39552494383448,39.897829463683415,40.37619649873336,3841000
2025-05-09,40.211910247802734,40.34623980771901,39.90266249921235,39.99930103820036,2540300
2025-05-12,40.25056838989258,40.72410240679537,40.04762155326731,40.695111581502076,5525700
2025-05-13,39.709381103515625,40.269891256479674,39.56925264364364,40.17325271902777,6501800
2025-05-14,39.37113952636719,39.61273953805286,39.17785877971393,39.61273953805286,4416300
2025-05-15,40.09593963623047,40.11043504711487,39.47744050848139,39.5450882169577,4703800
2025-05-16,40.59846878051758,40.617797225948586,40.03795860911442,40.17325404060746,3421200
2025-05-19,40.68544387817383,40.71926773516293,40.23123832525218,40.27955759430462,3023400
2025-05-20,40.47283935546875,40.59846872079948,40.337543924174724,40.356868683053285,2311800
2025-05-21,39.40013122558594,40.35686522871597,39.38080278183778,40.26988907511108,3708700
2025-05-22,39.26483917236328,39.49677314417941,38.95075838594343,39.467782319333395,3599300
2025-05-23,39.27450180053711,39.390468787179614,39.039666532834715,39.23101556299268,3751400
2025-05-27,39.921993255615234,40.03505895189809,39.47744636557086,39.61274548912082,3626800
2025-05-28,39.921993255615234,39.960646461533905,39.63497154333958,39.960646461533905,3491900
2025-05-29,40.28921890258789,40.45350883682794,39.87366656403954,39.921989518331436,4811800
2025-05-30,40.327877044677734,40.434181648985415,39.9219907589836,40.13459628107503,6882700
2025-06-02,40.385860443115234,40.40035585454866,39.661060379253975,40.037955822618024,4756500
2025-06-03,40.240901947021484,40.29888728358925,39.9171587791972,40.19258267647703,6276900
2025-06-04,40.36653137207031,40.53081761446249,40.033122168184924,40.14425979832129,2969700
2025-06-05,40.35687255859375,40.564648758469545,40.158762425609495,40.42452396726146,5412000
2025-06-06,40.47283935546875,40.69511094781237,40.274725554985345,40.55014945055505,3533600
2025-06-09,40.45350646972656,40.71926427016232,40.17324957193734,40.4196826156157,4581000
2025-06-10,40.81107711791992,40.82074318369,40.49216699146222,40.559814705757,4832800
2025-06-11,40.588809967041016,40.99469629717974,40.41872479343874,40.81108157923951,4809300
2025-06-12,40.81107711791992,40.8787248322147,40.540486260740785,40.58880553001935,4151500
2025-06-13,40.48249816894531,40.75308900769796,40.19257888649267,40.588802766033474,6375700
2025-06-16,40.52116012573242,40.99469415279088,40.36653624331193,40.58880784388363,6304400
2025-06-17,40.35687255859375,40.60813868643276,40.202248667048345,40.501834069771974,5610100
2025-06-18,40.434181213378906,40.7337665780618,40.22157200705402,40.42451883423864,5529900
2025-06-20,40.42451858520508,40.8062433865384,40.37619563022974,40.60813327993021,5834600
2025-06-23,41.01448059082031,41.0583602024839,40.48302617926003,40.5366592956525,6057900
2025-06-24,41.209503173828125,41.36065272761072,40.86332817753047,41.1217402367476,5292600
2025-06-25,40.205108642578125,41.01447837727598,40.16122903328271,40.926715438813225,10960100
2025-06-26,39.951576232910156,40.20511156250916,39.46887817637267,40.19536177747051,14023700
2025-06-27,40.09784698486328,40.497655145670414,39.893068011738926,40.019837541713585,6608200
2025-06-30,40.390380859375,40.43914093648537,39.65902434117884,40.1270957863114,6959500
2025-07-01,40.66342544555664,40.95596732533467,40.27824387789804,40.322123485922425,9438400
2025-07-02,40.74143600463867,40.81554701301899,40.40988753975238,40.6146702091468,6737400
2025-07-03,40.76094055175781,40.92183989701025,40.58541466964097,40.751190767138894,5758100
2025-07-07,40.448890686035156,41.00472134180799,40.205105180174385,40.67317290504248,6417800
2025-07-08,40.390380859375,40.56298290224356,40.21485871728981,40.27336485802767,5768600
2025-07-09,40.370887756347656,40.487903776430976,40.20998840381297,40.429393906453214,4867800
2025-07-10,40.57566452026367,40.84870312560334,40.2636193370549,40.40988842425601,6045300
2025-07-11,40.536659240722656,40.643925473362245,40.13685110443917,40.27337041148151,5802500
2025-07-14,40.80970001220703,40.82920330279728,40.48790501714873,40.52691159832923,7270600
2025-07-15,40.283119201660156,40.86820294047265,40.17585298157447,40.81944658221689,6427500
2025-07-16,40.72193145751953,40.75606128138508,40.317250323077104,40.60491544996219,8487900
2025-07-17,40.68292999267578,40.84870236572771,40.49277757894119,40.67317648845394,7848700
2025-07-18,40.79994583129883,40.941341882940705,40.61467017046047,40.721932677342515,5608100
2025-07-21,40.955970764160156,41.23876288363438,40.85845803600387,41.009603880607756,5336600
2025-07-22,41.667823791503906,41.721456907560416,41.0778632347544,41.13149635081091,6165500
2025-07-23,41.78483581542969,41.84334567822886,41.589810379175965,41.726329672502274,5625700
2025-07-24,41.72633361816406,41.887232966172675,41.63857067560228,41.716580113506026,6727900
2025-07-25,41.72633361816406,41.775089981837915,41.277769120569225,41.736083402949994,4698000
2025-07-28,41.00472640991211,41.60931349760857,40.965719831384064,41.53130406042454,4776600
2025-07-29,41.68732452392578,41.72633110046011,40.99497452986492,41.22900654932713,9447100
2025-07-30,41.10224151611328,41.70682858409746,40.829199195191435,41.59956235657873,9908200
2025-07-31,40.380638122558594,41.0534848975614,40.32212825173877,40.82920263922713,10320700
2025-08-01,40.26362228393555,40.82920282494409,40.01983673421911,40.80482650189581,9602600
2025-08-04,40.604915618896484,40.72193162694066,40.29774720282859,40.33187702683613,6584500
2025-08-05,40.74143600463867,40.853578983589706,40.41964104394217,40.585413416449356,6265300
2025-08-06,40.40013885498047,40.86820663228754,40.385512318169624,40.86820663228754,7569500
2025-08-07,40.55615997314453,40.64392291069131,40.28312137627541,40.64392291069131,6429600
2025-08-08,40.224613189697266,40.67317768037672,40.15147678537795,40.63417110209015,7161600
2025-08-11,39.990577697753906,40.263620027648756,39.95157483908785,40.06859085483017,6054800
2025-08-12,40.058841705322266,40.13685114376341,39.68243528421776,40.04908820059704,8099800
2025-08-13,40.32212829589844,40.370888381571156,39.961326725128366,40.12710283269663,4962700
2025-08-14,40.039337158203125,40.117346594194174,39.75654504800753,40.063713479506326,7988300
2025-08-15,40.3026237487793,40.434266292172104,40.01983165423557,40.039334942121876,5689600
2025-08-18,39.92231750488281,40.39038528138868,39.91256772031628,40.39038528138868,4496900
2025-08-19,40.63417053222656,40.653673821096326,40.08809332336104,40.12709990110058,6803400
2025-08-20,40.79019546508789,41.141243493267574,40.68292923986416,40.741435384624836,7026700
2025-08-21,40.64392852783203,40.80970092173524,40.483029166780746,40.61467545123085,5851800
2025-08-22,41.28751754760742,41.52642632566323,40.887709426834206,40.97059561434124,6488900
2025-08-25,41.082740783691406,41.37528269157166,41.009604376753295,41.23876338255235,6213400
2025-08-26,40.96571731567383,41.15099669236798,40.80969473101508,41.04373046793912,4318200
2025-08-27,41.14124298095703,41.29726556482908,41.01447718897286,41.07298333300499,5171300
2025-08-28,41.03398132324219,41.18025040621105,40.81944887104157,41.170500621961885,4199700
2025-08-29,41.258262634277344,41.277765922210115,41.043730186888645,41.121739618747924,4810600
2025-09-02,40.55615997314453,40.97547137254891,40.41281470978824,40.88770843500214,8204200
2025-09-03,40.448890686035156,40.62929329952591,40.31237139793258,40.43914090254423,5668000
2025-09-04,40.72193145751953,40.79019482512244,40.34162664305432,40.60491544996219,5991100
2025-09-05,41.13149642944336,41.336275389393094,40.887710890492116,40.93646725430794,5298300
2025-09-08,40.858455657958984,40.87795522655762,40.517153689532165,40.62441991618425,7678500
2025-09-09,40.83895492553711,40.848704710446654,40.626371671813146,40.68780536039807,4308300
2025-09-10,40.8194465637207,41.1314917202622,40.75118691821923,40.84869963468656,4006500
2025-09-11,41.4825439453125,41.56055337544096,40.87308016045496,40.877953192426176,3604900
2025-09-12,41.297271728515625,41.5215577136866,41.25826886663023,41.365531386655526,2515100
2025-09-15,41.24850845336914,41.50204747246209,41.13636919943599,41.346024891432485,3844000
2025-09-16,41.00472640991211,41.33627488765637,40.92671697272809,41.20950536737625,5432500
2025-09-17,40.98522186279297,41.58981265180633,40.94621900533401,41.12174116357922,7312900
2025-09-18,41.01448059082031,41.20950604693243,40.90233760567092,40.99985033372698,5162000
2025-09-19,40.80970001220703,41.12662197452201,40.80970001220703,41.05348556477666,5331000
2025-09-22,40.94430923461914,41.032742021771696,40.61023398122481,40.826400101170336,4786500
2025-09-23,41.2685661315918,41.33243280122995,40.9541392609265,40.96396346076931,3002000
2025-09-24,40.84605407714844,41.22926158921436,40.83622987736436,41.22926158921436,3990500
2025-09-25,40.747798919677734,41.03765967964935,40.723232796716296,40.89518441265405,3559500
2025-09-26,41.150657653808594,41.23515851791287,40.792012507424204,40.885359274619596,3436200
2025-09-29,41.2292594909668,41.31769227757869,41.01309337234284,41.18995519730289,3891100
2025-09-30,41.39630126953125,41.42577761593542,41.08187441367421,41.28821633503093,3940800
2025-10-01,41.39630126953125,41.597729217066025,41.27838838738702,41.37664912250721,6818800
2025-10-02,41.18013381958008,41.30787090860811,40.96396393788095,41.26856661225118,6391600
2025-10-03,41.34717559814453,41.6566885013046,41.22926270795247,41.22926270795247,4820800
2025-10-06,40.934486389160156,41.36682239161425,40.905010041888985,41.36191216591165,4921700
2025-10-07,40.8067512512207,40.98361683981575,40.624975436688736,40.98361683981575,5191500
2025-10-08,40.600406646728516,40.757620076455616,40.51197385824053,40.58566847335782,6809300
2025-10-09,40.41371536254883,40.728142210272736,40.310544404539144,40.69375189093618,4517100
2025-10-10,39.971553802490234,40.590583335451925,39.91259735945353,40.492322597057424,10153200
2025-10-13,40.197547912597656,40.2329202791442,39.9027731936912,39.98137803620976,6720700
2025-10-14,40.580753326416016,40.629881818986114,40.0698087575068,40.13858939675768,7769100
2025-10-15,41.17030715942383,41.288216293184774,40.688838928482326,40.70849107548644,7393900
2025-10-16,41.04256820678711,41.415951486314285,41.00326391457086,41.25873806571288,9443200
2025-10-17,41.30786895751953,41.36583960588349,40.905009309549186,41.07204693878048,9458500
2025-10-20,41.740203857421875,41.75003180492113,41.41595280695733,41.55154624737897,4826100
2025-10-21,41.61246871948242,41.85418676216182,41.5092977555085,41.64194881509204,6887700
2025-10-22,41.79916000366211,41.86794064261826,41.55351379360053,41.79916000366211,7755300
2025-10-23,41.75986099243164,41.976030884072294,41.37173948165146,41.84829378916971,9446300
2025-10-24,41.907249450683594,42.13324353849605,41.897421502194646,41.976030097049815,7820300
2025-10-27,41.99568176269531,42.03105413066761,41.710731232019214,41.926897368856196,6851400
2025-10-28,41.062225341796875,41.86794468880378,41.04257319330109,41.7942500690106,17438000
2025-10-29,39.94207763671875,40.79692544918639,39.8241647501092,40.62988406728815,13140800
2025-10-30,40.16807174682617,40.42354217149663,39.87329702658675,39.96664004323314,14353400
2025-10-31,40.18772506713867,40.343952712295206,39.78486539646259,39.873298189940954,9788100
2025-11-03,40.11894226074219,40.15824280707668,39.57851758067468,39.77503530540251,10847400
2025-11-04,40.22702407836914,40.29089449515748,40.03051009882811,40.21719987869765,8413000
2025-11-05,40.217201232910156,40.403891019066,39.99612112435024,40.344938322524165,6925600
2025-11-06,40.02068328857422,40.33019618858747,39.99120694045791,40.158244577469,8171900
2025-11-07,40.55127716064453,40.570929307412605,40.08946108225415,40.20737021459885,7674200
2025-11-10,40.52180099487305,40.683924646969274,40.236850487864075,40.47266875360245,6823600
2025-11-11,40.973793029785156,40.98853120426439,40.590585500268766,40.600409700500215,5743700
2025-11-12,40.6495361328125,40.91974847874943,40.644625907078314,40.75762107118727,5801500
2025-11-13,40.11894226074219,40.60040675064836,40.06489979273544,40.46284546781803,8032500
2025-11-14,40.23685073852539,40.31545557817328,40.001028723054176,40.29580343119537,6434600
2025-11-17,39.971553802490234,40.39406560692682,39.853644664680736,40.38423765895542,5861900
2025-11-18,40.11894226074219,40.2417653701641,39.83399174730001,40.01085732472868,6634200
2025-11-19,39.80451202392578,40.13859103460368,39.676778687684134,40.13859103460368,7201800
2025-11-20,39.66695022583008,40.26632759736204,39.652212052475,40.11894211554745,7477000
2025-11-21,40.18772506713867,40.364590654095394,39.735733151435916,39.94207883506145,7858600
2025-11-24,40.24667739868164,40.32037201728878,39.92242632437981,40.22702525050214,6796900
2025-11-25,40.57093048095703,40.737968110921734,40.32528426164622,40.354760608519086,5898100
2025-11-26,40.747798919677734,40.95905483304814,40.4431962369708,40.453020437196905,6814100
2025-11-28,40.94430923461914,41.05730814252776,40.698663020113585,40.75761946096988,3771900
2025-12-01,40.37441635131836,40.66919109108914,40.359678176569446,40.51197764666045,6008700
2025-12-02,40.27615737915039,40.53162780822059,40.12385416826362,40.52180360829112,5411600
2025-12-03,40.354759216308594,40.45301620133758,40.15234547916296,40.227022137159935,4501400
2025-12-04,40.285980224609375,40.570930740415555,40.22702378222276,40.27615602501021,7427000
2025-12-05,40.27615737915039,40.47758533794851,40.17298266443897,40.27615737915039,4553300
2025-12-08,40.03050994873047,40.290894344083505,40.00102985329873,40.25650402296638,6046300
2025-12-09,39.7946891784668,40.36950045590574,39.765212830371674,40.12876820051288,6325000
2025-12-10,39.87329864501953,40.16610553858061,39.82809832845417,39.90277499376072,7956300
2025-12-11,40.08946228027344,40.212285390046496,39.91259670233912,39.96172519659558,10300400
2025-12-12,40.04033279418945,40.403888140598305,39.89785754059026,40.256502661479786,7441900
2025-12-15,40.197547912597656,40.27124252939025,39.90768716768108,40.266328555400364,7820400
2025-12-16,39.84381866455078,40.30563478692194,39.79567221227611,40.23685414081527,7722200
2025-12-17,40.02068328857422,40.158244577469,39.83399350339759,39.848731677455746,8811800
2025-12-18,39.7750358581543,40.27615625058752,39.72590736335556,40.16807131307196,9482100
2025-12-19,39.627647399902344,39.90866596739542,39.612905479131534,39.66694794383369,8338000
2025-12-22,39.921669006347656,39.97133821136863,39.45977343994228,39.58393887403805,6797800
2025-12-23,39.911739349365234,39.96140476753524,39.72797313398483,39.96140476753524,8384200
2025-12-24,40.17000198364258,40.23953432724869,39.931606459629755,39.931606459629755,3242600
2025-12-26,40.24946975708008,40.26933668232174,40.03987615877905,40.08060278714019,5973000
2025-12-29,40.358734130859375,40.46800032014567,40.24946794157308,40.41833111466763,9519300
2025-12-30,40.44813537597656,40.46800230129471,40.28920376265995,40.35873610665919,7967100
2025-12-31,40.08060073852539,40.41833087191444,40.07066917102645,40.408399304415504,6082600
2026-01-02,40.11040496826172,40.23457040878697,39.78260638644535,40.07067111787879,9211900
2026-01-05,40.16006851196289,40.32893168436504,39.782604529402064,39.97630230444141,12232000
2026-01-06,40.42826843261719,40.55740155251323,39.971340518189415,39.99120365427014,9052600
2026-01-07,39.872005462646484,40.71633272767797,39.86207389471298,40.60706653426684,12482300
2026-01-08,40.17000198364258,40.36369976786369,39.63361015999946,39.7230094288114,8785000
2026-01-09,40.2296028137207,40.482901373902195,40.14020354478774,40.14020354478774,7050200
2026-01-12,40.34880065917969,40.54746612268844,40.18490515682137,40.279268315335905,8398900
2026-01-13,40.65673065185547,40.701428389969216,39.981270377128446,40.33886743895197,8778300
2026-01-14,41.1136589050293,41.11862658349469,40.62693251381674,40.62693251381674,9738100
2026-01-15,41.421592712402344,41.57058897107581,41.16829414666025,41.26266109628015,23308300
2026-01-16,41.928184509277344,42.057317626751015,41.26265957542936,41.33219191809322,9540900
2026-01-20,41.12359619140625,41.7195888014498,41.083862340275715,41.65005645658567,9263900
2026-01-21,41.27259063720703,41.48118766264085,40.939828174363306,41.371925260672015,9950200
2026-01-22,40.86532974243164,41.40669304097941,40.84546281696645,41.28252759874342,9731900
2026-01-23,40.97459411621094,41.054061814538684,40.65673090135679,40.85539635794773,7587100
2026-01-26,40.94479751586914,41.2378261412286,40.91499523300497,41.13352762427548,6462100
2026-01-27,40.97459411621094,41.0739249498922,40.795795584201926,41.01432796537481,6453200
2026-01-28,40.57726287841797,41.09379154573093,40.472964367118486,40.95969454241113,8519200
2026-01-29,41.09379196166992,41.17325966016629,40.56733172143098,40.775928746141304,8650900
2026-01-30,41.15339279174805,41.163324359459445,40.61501163815366,41.034195033069125,10617900
2026-02-02,40.68653106689453,41.3073582760057,40.676599498809324,41.22292668498144,9386900
2026-02-03,40.537532806396484,40.8057306021824,40.25939965378791,40.597129790418876,8709700
2026-02-04,41.18319320678711,41.366959426468924,40.62693444749706,40.77593070549463,9573700
2026-02-05,40.95472717285156,41.22789264919243,40.72129554565635,41.06399336338791,9894800
2026-02-06,41.70965576171875,41.76428506856009,41.193127082931355,41.30239327507098,8181400
2026-02-09,41.967918395996094,41.99771688881292,41.411655864968324,41.6401198180971,5638900
2026-02-10,42.553977966308594,42.65827647683339,41.93811847068332,41.9927515651337,10547700
2026-02-11,42.514244079589844,42.782441873225,42.43478017178777,42.653308760164734,13760200
2026-02-12,42.583778381347656,43.45790414280405,42.57384681337557,43.04071008186282,17848900
2026-02-13,43.209571838378906,43.368503445295765,42.58377697835636,42.74767626370986,10767600
2026-02-17,43.64663314819336,43.671467751340536,43.12017290668348,43.35857221351968,9757700
2026-02-18,43.06057357788086,43.63173536637949,42.956275061773404,43.52743685027203,10995700
2026-02-19,42.91157531738281,43.25426934309271,42.7228414300935,43.00097458261765,6655300
2026-02-20,43.26917266845703,43.26917266845703,42.86687407758852,42.96124102186594,7468400
2026-02-23,43.31884002685547,43.65657018078638,43.14997305527572,43.219505399682504,8647500
2026-02-24,43.43803787231445,43.50260253817745,43.14997313681141,43.22944083869994,10590000
2026-02-25,43.14997100830078,43.507568070702376,43.04070860743665,43.39830188060984,8744800
2026-02-26,43.338706970214844,43.42810624009319,43.125142258240366,43.36850546376476,8774100
2026-02-27,43.54730224609375,43.73106845710209,43.224471351826516,43.25923752264124,10826300
2026-03-02,43.626766204833984,43.77576624519634,43.08043903888607,43.26917292857551,13308300
2026-03-03,43.40823745727539,43.557233707878254,42.633442555072484,43.02084190078815,12288100
2026-03-04,43.46783447265625,43.51253600032871,42.97614040362972,43.25923744812723,7850700
2026-03-05,43.05064010620117,43.11024087958223,42.66324455229528,42.991039332820115,9182400
2026-03-06,42.60364532470703,42.712911518589294,42.38511293694252,42.66324610025059,11703200
2026-03-09,42.69304275512695,42.83707511456739,41.69971927420945,42.136780241690936,10771000
2026-03-10,42.63344192504883,43.00593822989399,42.37021180923478,42.563909584616,10506900
2026-03-11,42.12685012817383,42.494378767814815,42.00765236733349,42.46458027491185,7164700
2026-03-12,41.85865020751953,42.146714921775356,41.699718604693615,41.78911786810996,6487100
2026-03-13,41.967918395996094,42.42484630225364,41.918252978225226,42.325515466711906,7916200
2026-03-16,42.29571533203125,42.57285191430938,42.206316067822655,42.275848407848414,9002800
2026-03-17,42.43478012084961,42.77251025436679,42.39504627238209,42.653308708964246,5654600
2026-03-18,41.73945236206055,42.30067875442704,41.70965387072925,42.26591258479776,6351100
2026-03-19,41.64011764526367,41.80898460394711,41.37688753450812,41.630186077919134,9645500
2026-03-20,40.319000244140625,41.65998542775875,40.14020171442776,41.570586162902316,15901300
2026-03-23,40.619998931884766,41.11000061035156,40.59000015258789,40.91999816894531,15314800
2026-03-24,40.290000915527344,40.72999954223633,40.220001220703125,40.41999816894531,9942800
2026-03-25,40.27000045776367,40.58000183105469,40.09000015258789,40.459999084472656,9903600
2026-03-26,40.290000915527344,40.599998474121094,40.029998779296875,40.189998626708984,14478400
2026-03-27,40.0099983215332,40.45000076293945,39.939998626708984,40.220001220703125,6122400
2026-03-30,40.209999084472656,40.75,40.040000915527344,40.459999084472656,12617000
2026-03-31,40.83000183105469,41.13999938964844,40.35499954223633,40.689998626708984,13395200
2026-04-01,40.95000076293945,41.125,40.75,40.869998931884766,11565600
2026-04-02,41.61000061035156,41.689998626708984,40.70000076293945,40.88999938964844,7354700
2026-04-06,41.7599983215332,41.869998931884766,41.404998779296875,41.52000045776367,5149600
2026-04-07,41.720001220703125,41.875,41.35499954223633,41.59000015258789,5421400
2026-04-08,42.439998626708984,42.51499938964844,42.119998931884766,42.310001373291016,5836500
2026-04-09,42.72999954223633,43.11000061035156,42.22999954223633,42.290000915527344,5202000
2026-04-10,42.81999969482422,42.959999084472656,42.6150016784668,42.77000045776367,4989700
2026-04-13,43.02000045776367,43.03499984741211,42.54999923706055,42.65999984741211,4079300
2026-04-14,43.43000030517578,43.474998474121094,42.85499954223633,42.970001220703125,4873600
2026-04-15,43.40999984741211,43.42499923706055,43.130001068115234,43.345001220703125,3029500
2026-04-16,43.810001373291016,43.83000183105469,43.470001220703125,43.529998779296875,4316700
2026-04-17,44.47999954223633,44.560001373291016,43.880001068115234,43.93000030517578,3840300
2026-04-20,44.63999938964844,44.650001525878906,44.321998596191406,44.400001525878906,3628800
2026-04-21,43.779998779296875,44.64500045776367,43.75,44.58000183105469,5080900
2026-04-22,43.459999084472656,44.13999938964844,43.29999923706055,43.90999984741211,5116300
2026-04-23,43.959999084472656,44.0099983215332,43.5,43.650001525878906,4159300
2026-04-24,43.83000183105469,44.18000030517578,43.79999923706055,44.0,3581000
2026-04-27,43.4900016784668,43.970001220703125,43.43000030517578,43.65999984741211,4082400
2026-04-28,43.90999984741211,43.95000076293945,43.32500076293945,43.75,6136400
2026-04-29,43.63999938964844,44.029998779296875,43.47999954223633,43.75,9108500
2026-04-30,44.400001525878906,44.474998474121094,43.5,43.540000915527344,7471300
2026-05-01,44.31999969482422,44.57500076293945,44.16999816894531,44.4900016784668,7212400
2026-05-04,44.08000183105469,44.439998626708984,43.900001525878906,44.15999984741211,4220400
2026-05-05,44.16999816894531,44.27000045776367,43.849998474121094,44.119998931884766,5810800
2026-05-06,44.7400016784668,44.90999984741211,44.415000915527344,44.439998626708984,5308700
2026-05-07,44.400001525878906,44.7400016784668,44.17499923706055,44.564998626708984,6956200
2026-05-08,44.40999984741211,44.720001220703125,44.3849983215332,44.52000045776367,3267100
