Price,Close,High,Low,Open,Volume
Ticker,XLU,XLU,XLU,XLU,XLU
Date,,,,,
2018-01-02,20.132587432861328,20.344754223802532,20.070866585916907,20.3177499736946,24540000
2018-01-03,19.97442626953125,20.205880532993767,19.90499013764659,20.059292979954936,41615800
2018-01-04,19.808549880981445,20.043861037293702,19.76997490880013,19.912704071720025,29943600
2018-01-05,19.80082893371582,19.908839994162584,19.700531687694966,19.877978850297605,46832600
2018-01-08,19.986000061035156,20.001429168127274,19.79697915163226,19.83555412667401,28601000
2018-01-09,19.789262771606445,19.989855868157736,19.75840308758211,19.98214057926643,30877400
2018-01-10,19.573238372802734,19.704395326158064,19.530805024431785,19.673534174055295,31124000
2018-01-11,19.49994468688965,19.642673842475304,19.434366943243003,19.553950233784718,33091000
2018-01-12,19.38806915283203,19.54622883567609,19.330206715620005,19.442076154386378,37270600
2018-01-16,19.345638275146484,19.51922706718512,19.233768830668836,19.465221534413953,54585600
2018-01-17,19.465225219726562,19.519230762722493,19.34949884594376,19.376501617441726,46903200
2018-01-18,19.34178352355957,19.469083564571456,19.241487725538036,19.465225184912544,42659400
2018-01-19,19.283920288085938,19.461367485119826,19.26077442569606,19.418934139842023,37263800
2018-01-22,19.31092643737793,19.49994586291023,19.280065282124806,19.3765041849795,41073000
2018-01-23,19.49608612060547,19.634958355978306,19.326352734465036,19.38421665638394,53347800
2018-01-24,19.376495361328125,19.480649505566475,19.34563569166873,19.46521893496667,39062800
2018-01-25,19.677387237548828,19.692817810585247,19.37264151355197,19.384213707559063,52570000
2018-01-26,19.68896484375,19.789260645479576,19.492228677010935,19.731398192322768,47900000
2018-01-29,19.438220977783203,19.631098743344126,19.415076587701858,19.596380686681538,36121800
2018-01-30,19.47294044494629,19.553948759179885,19.415077994011153,19.422791810236628,26178200
2018-01-31,19.68896484375,19.708252328135604,19.388074495479795,19.496087056812495,54822800
2018-02-01,19.380361557006836,19.742971283123108,19.322497629687703,19.66581987054453,57039200
2018-02-02,19.24148941040039,19.426651918643422,19.21834354504221,19.283922761119985,43612800
2018-02-05,18.925172805786133,19.415082660124007,18.890454738264832,19.2106311640359,66944600
2018-02-06,18.64356231689453,18.801721998573527,18.273235952380027,18.70142475368032,83343200
2018-02-07,18.55484390258789,18.85187589327315,18.54713008548928,18.631995317441607,55760400
2018-02-08,18.346540451049805,18.751583615895488,18.327251490047676,18.500841838279,52083800
2018-02-09,18.732288360595703,18.875017489285348,18.342674465916264,18.39668000263448,72845000
2018-02-12,18.875017166137695,18.97917133011417,18.60113110801834,18.770863002161217,53008800
2018-02-13,18.959888458251953,19.033181492998384,18.67057175627379,18.86730646614097,50134400
2018-02-14,18.747716903686523,18.925165553877427,18.693711368579038,18.797865531232244,40682200
2018-02-15,19.164342880249023,19.172058170667512,18.767014988714635,18.79401776940875,33008200
2018-02-16,19.334070205688477,19.380361937067914,19.10261743495461,19.175910468994143,40133000
2018-02-20,19.08332633972168,19.337924927988155,18.990744366015438,19.26848881559361,33546600
2018-02-21,18.83258628845215,19.222200227431706,18.82872938033681,19.09490018651541,44922800
2018-02-22,18.929025650024414,19.07175479849977,18.824871469826487,18.894307589958437,40257800
2018-02-23,19.422788619995117,19.44593447949181,18.959883202384695,18.983027590340953,41284800
2018-02-26,19.364927291870117,19.53465918998261,19.326350857157834,19.49994113451181,27209800
2018-02-27,19.05632972717285,19.496090933385283,19.048614437576365,19.380364532520066,36402400
2018-02-28,18.925172805786133,19.175913096514602,18.925172805786133,19.125765921293524,23892200
2018-03-01,18.929025650024414,19.23377290265456,18.840302045753745,18.963743710090387,43182600
2018-03-02,18.87887191772461,19.10646770082024,18.720712236016823,18.91744834712914,33714200
2018-03-05,19.26463508605957,19.30706843960262,18.794014231455215,18.832589204744767,31000800
2018-03-06,19.006174087524414,19.283918524641773,18.963740746126987,19.241485183244347,41416000
2018-03-07,18.863439559936523,19.02931449887993,18.790145092495447,18.948304746890315,33357600
2018-03-08,19.0023193359375,19.044752685435498,18.87502075898427,18.905880440365962,24517600
2018-03-09,19.05632972717285,19.06018663620058,18.9097421679217,18.963747723556065,26197000
2018-03-12,19.137331008911133,19.160475397631327,19.04089213180236,19.064036520522556,32463600
2018-03-13,19.179767608642578,19.295493986525198,19.03318007850287,19.206770381097165,37745000
2018-03-14,19.376495361328125,19.442074550607177,19.226050976830578,19.237623169010327,38264600
2018-03-15,19.364927291870117,19.542374476925065,19.249200930814304,19.364927291870117,42135600
2018-03-16,19.534814834594727,19.585353079250062,19.352100669053055,19.363764253495503,39512600
2018-03-19,19.414302825927734,19.589241779148544,19.30156570760621,19.523154554028107,43379200
2018-03-20,19.324886322021484,19.499825242737423,19.278236437488268,19.418187574061015,29936400
2018-03-21,19.25880241394043,19.523154276612576,19.19271370678572,19.34044009662565,38471800
2018-03-22,19.34432029724121,19.65532342814921,19.22380799283855,19.278233095855605,50664800
2018-03-23,19.07219886779785,19.51926336904569,19.033322726619897,19.344324441177775,34668600
2018-03-26,19.270458221435547,19.297670773441357,19.09551932784616,19.134395461406502,27519200
2018-03-27,19.546480178833008,19.748631708018145,19.2354783966149,19.297678753058523,42912000
2018-03-28,19.5387020111084,19.64755373074813,19.410414444033368,19.569802926140678,46346200
2018-03-29,19.643667221069336,19.736968491961736,19.562029535896855,19.597017327109832,30929000
2018-04-02,19.49205207824707,19.771954381023008,19.3521009268591,19.678653119106613,35585200
2018-04-03,19.55814552307129,19.65144532463565,19.406530750325388,19.457069007907354,27597600
2018-04-04,19.600900650024414,19.65143889106095,19.394862296297724,19.55425076451468,32714600
2018-04-05,19.756404876708984,19.81471835359178,19.379314420939764,19.59701638726577,28572600
2018-04-06,19.600900650024414,19.826377815438857,19.558139120041478,19.7836148024828,28624000
2018-04-09,19.63977813720703,19.775840930512945,19.550365232609828,19.616452451366065,23512200
2018-04-10,19.48816680908203,19.666992635916692,19.445403788975185,19.643666947774765,28182400
2018-04-11,19.46095085144043,19.550363749253552,19.394862154725356,19.480388180013176,16048200
2018-04-12,19.204374313354492,19.5153760203253,19.16549817312494,19.46483777951344,24157600
2018-04-13,19.355987548828125,19.441512091369276,19.239362094109747,19.239362094109747,20874600
2018-04-16,19.620336532592773,19.631998631485892,19.387084173920094,19.39874775578611,30795200
2018-04-17,19.818605422973633,19.888581002736792,19.585354479078653,19.666992161144563,26389000
2018-04-18,19.744741439819336,20.016868508588306,19.740853084037557,19.84192957273874,28240000
2018-04-19,19.733076095581055,19.77972746296255,19.573687631126997,19.67476411081382,30335400
2018-04-20,19.554248809814453,19.756400270779814,19.492048474361496,19.709750389933337,28160000
2018-04-23,19.565916061401367,19.678653171007234,19.492052129655548,19.581465035950735,23874000
2018-04-24,19.698089599609375,19.818603415432463,19.550364708827356,19.581464139475553,33808800
2018-04-25,19.701980590820312,19.771956172855834,19.55425419730384,19.628118135548767,26815000
2018-04-26,19.900243759155273,19.92745632073838,19.632005016561777,19.72141793075961,23534200
2018-04-27,20.10239028930664,20.17625420925818,19.8380384855257,19.87691462312467,34314600
2018-04-30,20.044086456298828,20.19958662099432,20.024647638109975,20.1334993846678,25492000
2018-05-01,19.981882095336914,20.0790702349388,19.946894305761305,20.044082445363188,21942600
2018-05-02,19.962440490722656,20.05574174420724,19.88469117628747,19.98576617483708,25960600
2018-05-03,19.935232162475586,20.028533435750013,19.709756433436986,19.92357005943132,32960200
2018-05-04,20.024641036987305,20.11405541885444,19.97021592313644,19.97021592313644,23486800
2018-05-07,19.919677734375,20.05574050923133,19.89246369643071,20.012977499141332,17044000
2018-05-08,19.422077178955078,19.87303008081404,19.387089389889585,19.838042291748547,46295800
2018-05-09,19.286014556884766,19.460953503828634,19.212150622078845,19.425965714439858,44301000
2018-05-10,19.55814552307129,19.562032396897465,19.34433038829128,19.44929377728139,27922800
2018-05-11,19.585350036621094,19.63977514565336,19.507599245300852,19.57757480919177,12957800
2018-05-14,19.511486053466797,19.651437180789127,19.425961517971036,19.616449398958544,17025600
2018-05-15,19.34821128845215,19.484274064535054,19.2549100398717,19.39486117125585,22141400
2018-05-16,19.196598052978516,19.38319906712621,19.122734132001092,19.355986511915486,27082600
2018-05-17,19.041099548339844,19.25491315230589,19.002224886881752,19.200488033075253,22552000
2018-05-18,19.04499053955078,19.157727666568142,18.89726413621704,19.095527309844485,23620800
2018-05-21,19.14217185974121,19.19659696708399,18.982783409820374,19.06830794294205,21484000
2018-05-22,19.212146759033203,19.32488533361426,19.134397449778834,19.134397449778834,22051400
2018-05-23,19.3870906829834,19.429853703912716,19.231590541299894,19.278240435507605,27165800
2018-05-24,19.546480178833008,19.562030638687283,19.348217006098178,19.41430423601863,25795200
2018-05-25,19.632003784179688,19.682542030935842,19.534815646634243,19.573690308463107,27743200
2018-05-29,19.632003784179688,19.764179710560423,19.492052628838522,19.597015995344396,34561400
2018-05-30,19.79138946533203,19.82637724920838,19.527037650038075,19.577575889631262,27771800
2018-05-31,19.82248878479004,19.939114227353805,19.647549879457912,19.768062194152186,30216400
2018-06-01,19.51926612854004,19.779731120848982,19.425966342469195,19.771955891514185,34360000
2018-06-04,19.36376953125,19.63978354972178,19.348219069737148,19.558145851239754,28729000
2018-06-05,19.262680053710938,19.425956823789672,19.18881763568284,19.398744275938654,29829200
2018-06-06,18.803958892822266,19.282124312320672,18.803958892822266,19.258800110328124,52255800
2018-06-07,18.93613624572754,19.122737290698026,18.796185091256355,18.83506123581684,43051600
2018-06-08,18.928361892700195,19.013887931717587,18.87004989762108,19.0061127024457,22482400
2018-06-11,18.889484405517578,19.041097646221246,18.835059291723763,18.971122076208303,34670400
2018-06-12,19.1071834564209,19.13050765425199,18.86226899838409,18.873931097299636,33322600
2018-06-13,19.056642532348633,19.243243503516922,18.99832908005799,19.13050495334045,33451400
2018-06-14,19.29378890991211,19.33655192644261,19.064424852772085,19.087749055989995,32277200
2018-06-15,19.431068420410156,19.43891319748047,19.117284818788804,19.270254231064325,43422400
2018-06-18,19.493825912475586,19.556582635284332,19.380078884810263,19.41930127547637,34453400
2018-06-19,19.68601417541504,19.75661566288716,19.493822401037168,19.52912314477323,33294800
2018-06-20,19.701704025268555,19.752694321711253,19.615412984556,19.717393577441392,24635400
2018-06-21,19.76838493347168,19.870364035585116,19.658559558613216,19.721316274430283,25407400
2018-06-22,19.905668258666992,19.956658566749244,19.740932411962106,19.780154805109444,25953400
2018-06-25,20.235139846801758,20.2782853735921,19.909588323738802,19.909588323738802,42932400
2018-06-26,20.2586727142334,20.37634137209557,20.13708091990753,20.18022644357923,39817400
2018-06-27,20.356727600097656,20.395949982337733,20.18022388754137,20.235135821172666,43529400
2018-06-28,20.348886489868164,20.541078292197405,20.317507381433373,20.376342461629484,30075600
2018-06-29,20.380260467529297,20.46262836812409,20.199835114920326,20.313582118353885,28741400
2018-07-02,20.525390625,20.537157042767944,20.29789657323125,20.392032404089626,31405600
2018-07-03,20.584228515625,20.70582034420046,20.43910384659135,20.53323820090128,21211200
2018-07-05,20.694047927856445,20.709737482242634,20.50970090065262,20.595990457300147,22062000
2018-07-06,20.854860305786133,20.901928964850722,20.701890904421543,20.73719165060092,24793400
2018-07-09,20.211605072021484,20.854861830553524,20.14100357450082,20.85094019013048,55873600
2018-07-10,20.40380096435547,20.513624865023722,19.960580728283915,20.019415815778153,54218200
2018-07-11,20.588146209716797,20.6234469573092,20.38026336445568,20.395952918105234,43544600
2018-07-12,20.60383415222168,20.64697967639824,20.49401026976366,20.588146094897805,34273400
2018-07-13,20.60775375366211,20.678355236342142,20.470472427900745,20.631286583730173,21918600
2018-07-16,20.588146209716797,20.64305815125205,20.486165607232884,20.592067850010093,20986400
2018-07-17,20.572460174560547,20.65482810095075,20.552848977263608,20.619527347320886,22107000
2018-07-18,20.466552734375,20.584221384617667,20.38026169261928,20.548920639921057,20722600
2018-07-19,20.654827117919922,20.776418929355494,20.486168135964096,20.486168135964096,22238800
2018-07-20,20.509700775146484,20.646980634589934,20.372419419464784,20.592068690812553,27657000
2018-07-23,20.364578247070312,20.552849939402098,20.293978232744035,20.513626046733595,29527400
2018-07-24,20.43517303466797,20.49792974605273,20.074322318265096,20.309659611898446,31397600
2018-07-25,20.494014739990234,20.59599386791127,20.368501276592724,20.43125800829148,26937400
2018-07-26,20.713661193847656,20.772494780071355,20.55676863810786,20.5920693883374,38142000
2018-07-27,20.6469783782959,20.815637327888723,20.56461047163096,20.72542464493597,31495800
2018-07-30,20.52146339416504,20.61952084597058,20.454785045131498,20.61952084597058,18952800
2018-07-31,20.7058162689209,20.760728214167123,20.53715729638561,20.61168043690002,30439600
2018-08-01,20.572460174560547,20.631293766451357,20.395956406411223,20.588149730893473,39970800
2018-08-02,20.674440383911133,20.7371971162999,20.44302465268282,20.564616476290414,34583800
2018-08-03,20.90584945678711,20.960761393108438,20.61167708686167,20.682278575342817,30833200
2018-08-06,20.921539306640625,21.043131093252306,20.88231692192102,20.92546094661736,24398200
2018-08-07,20.890167236328125,20.925467992958,20.72543136954775,20.88232395373355,26216400
2018-08-08,20.780336380004883,20.850937869668435,20.70581325035472,20.81956026106134,34012000
2018-08-09,20.874473571777344,20.886239988749438,20.70581461273252,20.77641610704143,17362200
2018-08-10,20.784265518188477,21.047058864083354,20.776420739711817,20.901934202861383,26601000
2018-08-13,20.81171417236328,20.850936554708117,20.713656720263216,20.819558948079845,34546800
2018-08-14,20.854860305786133,20.9372297110301,20.79602672631259,20.819561055844886,19887600
2018-08-15,21.04705810546875,21.172571564094344,20.878399114895895,20.921544646843156,38545400
2018-08-16,21.27454948425293,21.290237542411194,20.956842740795476,20.99998826726679,26545800
2018-08-17,21.384374618530273,21.478508957917715,21.22356041719157,21.26278280922995,28230200
2018-08-20,21.309850692749023,21.439285778714,21.25886038798062,21.427519360782174,19149200
2018-08-21,21.156879425048828,21.290237645589055,21.094122703396856,21.278471227853768,23701600
2018-08-22,20.999988555908203,21.180413945233372,20.921542279085607,21.17649230469947,25305200
2018-08-23,20.984296798706055,21.13334455940055,20.945074412530825,20.992141575188725,22336200
2018-08-24,21.074514389038086,21.09412558669025,20.878399420039514,20.96076734792168,15692600
2018-08-27,20.945077896118164,21.14903613363746,20.839175640345623,21.090202544589406,24768200
2018-08-28,20.90192985534668,20.972531350713307,20.839173136825032,20.8940850785017,20132200
2018-08-29,21.054903030395508,21.054903030395508,20.921544792646625,20.952922409402472,23822400
2018-08-30,21.062744140625,21.17649116106294,20.988219508361013,21.090200111594406,26951400
2018-08-31,20.9725284576416,21.180409778523547,20.894082196251325,21.094118741370444,24265000
2018-09-04,21.06666374206543,21.180410751494666,20.97645106100578,20.996062253194737,25930200
2018-09-05,21.360837936401367,21.37260584970938,21.043132705610518,21.043132705610518,29669600
2018-09-06,21.4824275970459,21.54910594879823,21.309847013476897,21.372603725341808,24705600
2018-09-07,21.219640731811523,21.376533317961727,21.1725735544619,21.27455418433111,32367000
2018-09-10,21.325536727905273,21.41182777452027,21.24709045791329,21.262780011159318,19864800
2018-09-11,21.27062225341797,21.403980447643455,21.227476735251198,21.317689411309914,18093400
2018-09-12,21.251014709472656,21.38437292658544,21.20394754350292,21.26670426354198,19619800
2018-09-13,21.41183090209961,21.419675679868494,21.145114442911073,21.243171920664555,17548400
2018-09-14,21.298078536987305,21.345145695579305,21.117653182186302,21.325534504185804,26135000
2018-09-17,21.36867904663086,21.400058148417106,21.235320856515173,21.258855182854855,28518200
2018-09-18,21.32946014404297,21.40006163833778,21.22747954284461,21.337304920768855,19535000
2018-09-19,20.86663055419922,21.321617169081716,20.768573081196628,21.321617169081716,51020000
2018-09-20,20.909770965576172,20.92938215613062,20.66658741473962,20.83916948258981,35629000
2018-09-21,20.998815536499023,21.07400863885839,20.781148511820287,20.87613062347005,40685200
2018-09-24,20.81281280517578,21.002775546954613,20.793025302640633,20.92758243344518,27053600
2018-09-25,20.527868270874023,20.765322834219212,20.492250161856727,20.75344912475365,40048000
2018-09-26,20.326032638549805,20.634721899796073,20.318117335737128,20.626806596983393,48164400
2018-09-27,20.53577995300293,20.64659115721152,20.32998663826595,20.37747844837486,32913600
2018-09-28,20.83656120300293,20.852390301108063,20.551616301452576,20.579319110248875,30854800
2018-10-01,20.76532554626465,20.812815861260255,20.686174014812035,20.773240850378897,25157400
2018-10-02,21.04631233215332,21.101717952009345,20.80490083733214,20.80490083733214,31666400
2018-10-03,20.793020248413086,21.12149693778372,20.61492974950645,21.010685742770395,49352600
2018-10-04,20.903837203979492,20.94737061678549,20.587232624058224,20.741577262414236,48151800
2018-10-05,21.224397659301758,21.29167546402277,20.85634440725627,20.872175011786936,60780000
2018-10-08,21.402496337890625,21.544967303862727,21.21253203054759,21.30751418421911,42978600
2018-10-09,21.489553451538086,21.58453556885552,21.351039436376762,21.38269913568955,36227600
2018-10-10,21.370832443237305,21.723055180843975,21.362917138947388,21.453940873746536,61168000
2018-10-11,20.979028701782227,21.481639094129246,20.872175890923447,21.430191891771937,85789600
2018-10-12,20.95528793334961,21.01860885541765,20.7811542653951,20.951329526519807,43738200
2018-10-15,21.054222106933594,21.188779223969643,20.927580292039607,20.951324688776282,36706000
2018-10-16,21.27189064025879,21.39061716980136,20.967158258296035,21.030479174698055,35875000
2018-10-17,21.232309341430664,21.33520523395702,21.11753974268602,21.244181537959665,28517000
2018-10-18,21.263975143432617,21.394575381523406,21.153163918160224,21.287721053000865,33038000
2018-10-19,21.596410751342773,21.711180385299503,21.200654642269694,21.267933965850784,59579200
2018-10-22,21.457895278930664,21.643899611139936,21.40644656548614,21.620155212388344,24500000
2018-10-23,21.339174270629883,21.635991430245255,21.25210893039867,21.497477359634136,37849200
2018-10-24,21.85761070251465,21.96050814091136,21.34312803960053,21.43415176760389,58326800
2018-10-25,21.51725959777832,21.715137655719204,21.410405265327473,21.715137655719204,59822400
2018-10-26,21.121503829956055,21.695350509378937,20.975074487379942,21.632029590181986,73786000
2018-10-29,21.418317794799805,21.513299914573253,21.16899256106246,21.16899256106246,49946400
2018-10-30,21.501432418823242,21.632031163677308,21.248147213921893,21.501432418823242,50131000
2018-10-31,21.248151779174805,21.453945203172147,21.121509904359556,21.323346430258397,50286000
2018-11-01,21.15316390991211,21.29167794144859,21.014648368685915,21.279805741513954,54054800
2018-11-02,21.03443717956543,21.267933337406582,20.895921639668988,21.21252621563418,48273200
2018-11-05,21.331256866455078,21.406449990682678,21.077971664956564,21.12942038663328,42506600
2018-11-06,21.473726272583008,21.521218093662515,21.28376351733431,21.3114663247858,26136200
2018-11-07,21.71909523010254,21.750754933121303,21.46185316076012,21.632028404843926,41450800
2018-11-08,21.6834774017334,21.810119234829553,21.501429955368888,21.73888301500175,41168200
2018-11-09,21.715139389038086,21.810121528694758,21.56475313997571,21.608285048058043,40030200
2018-11-12,21.70326042175293,21.92884123471188,21.398528102037112,21.556831115550846,55327800
2018-11-13,21.794286727905273,21.841777033752955,21.533087781208618,21.69930611620991,47516000
2018-11-14,21.56870460510254,21.750752024765077,21.493511499508756,21.60827960600674,55155600
2018-11-15,21.390621185302734,21.477688027833565,21.200658400436385,21.4579005208102,68562400
2018-11-16,21.71909523010254,21.821991152025674,21.556835289195853,21.71909523010254,42812800
2018-11-19,21.814077377319336,21.833864881803752,21.596411808611112,21.687435536991284,29144000
2018-11-20,21.723052978515625,22.031742266077156,21.592454245197196,21.877397622296392,48856800
2018-11-21,21.402496337890625,21.6755675764498,21.343132303134663,21.647864762814383,37819400
2018-11-23,21.414365768432617,21.465814491247343,21.27189331121641,21.43019637694329,16235800
2018-11-26,21.541004180908203,21.55287638055239,21.32333863252328,21.438106751692995,32202000
2018-11-27,21.70326042175293,21.727006326686816,21.43810310057083,21.52516990897233,26366800
2018-11-28,21.687435150146484,21.790332587133754,21.612242030571014,21.727011668099202,24124400
2018-11-29,21.679521560668945,21.71909808175082,21.457899081370105,21.71909808175082,34979200
2018-11-30,22.000089645385742,22.019877155630635,21.675569646360664,21.730975278922468,36333600
2018-12-03,22.221702575683594,22.221702575683594,21.802200623644772,21.928842437526395,35813000
2018-12-04,22.23754119873047,22.482911139243164,22.182135570127652,22.27711772608259,44536000
2018-12-06,22.261276245117188,22.336469345834725,21.80615621578569,22.32855404422929,49395800
2018-12-07,22.34438705444336,22.47498728046761,22.079231215700183,22.229617433335306,39458800
2018-12-10,22.387924194335938,22.459160418641616,21.956549951458136,22.344390778405817,42296200
2018-12-11,22.478952407836914,22.554147053877635,22.296904913710144,22.41563147467586,52186800
2018-12-12,22.336475372314453,22.601632763724314,22.32460317154783,22.455203418739963,36594800
2018-12-13,22.5303955078125,22.62933453550896,22.348348059176562,22.352304956020927,36144000
2018-12-14,22.48686408996582,22.601633734605983,22.35626534685348,22.550185012924207,50311200
2018-12-17,21.76262855529785,22.546225450408013,21.67556173038904,22.53039484411737,60421600
2018-12-18,21.616191864013672,22.03965065475075,21.552870965670447,21.885306059394715,47270800
2018-12-19,21.580575942993164,21.83385956193616,21.453934133521667,21.65972745133521,55856800
2018-12-20,21.56870460510254,21.87739383928593,21.323336278179575,21.600365813577508,78047600
2018-12-21,21.47650909423828,22.11908686679204,21.41265036741564,21.731944001528845,71291600
2018-12-24,20.578500747680664,21.59625016212538,20.494684907834277,21.43660253838353,45330600
2018-12-26,20.857879638671875,20.885819264059926,20.279160488380295,20.5824891149639,61678200
2018-12-27,21.033489227294922,21.061427326074504,20.51463686387269,20.865859112105227,59461200
2018-12-28,21.085372924804688,21.296904659119278,21.005549140483996,21.081380898207026,42175200
2018-12-31,21.12129783630371,21.181166071632706,20.90178351095151,21.09335973248684,32604400
2019-01-02,20.758094787597656,21.05743283014961,20.63436937108387,21.03747726514855,50347800
2019-01-03,20.754114151000977,20.929725338020244,20.658325261936906,20.75810465689364,43175000
2019-01-04,21.061426162719727,21.07339919796043,20.630378623908992,20.65831672114538,38007000
2019-01-07,20.91774559020996,21.021515457783842,20.802001163772445,20.929718626561343,32535400
2019-01-08,21.177169799804688,21.20111586940568,20.8219540347654,20.93769844621038,33287000
2019-01-09,21.049455642700195,21.253004878675053,20.989587414318727,21.16519854971885,36149400
2019-01-10,21.324844360351562,21.36475549425995,21.045461855456363,21.07339995369467,50916200
2019-01-11,21.245023727416992,21.340812594550105,21.113315747935403,21.29690942721878,49685000
2019-01-14,20.76607894897461,21.24901218599496,20.57051226508847,20.99357575737971,46979600
2019-01-15,21.021516799926758,21.13726123375411,20.65831995646107,20.678277048337225,54186200
2019-01-16,21.097349166870117,21.105331698766925,20.86186980470727,20.981604738134823,36696400
2019-01-17,21.185157775878906,21.233051449903392,21.049457764049155,21.08138637256133,41571800
2019-01-18,21.209104537963867,21.28094581258161,21.113317186815202,21.21309656572735,28309400
2019-01-22,21.249011993408203,21.36475488746007,21.0414707534524,21.205108833848612,33828800
2019-01-23,21.464534759521484,21.476509317652397,21.21708238082359,21.25300301019201,28422200
2019-01-24,21.576290130615234,21.596245698830604,21.28892507627465,21.448572667022145,43848200
2019-01-25,21.280946731567383,21.608222986731157,21.249018120643203,21.508443603510187,36308200
2019-01-28,21.181167602539062,21.36476130446592,21.085380246104435,21.284939014941255,28367600
2019-01-29,21.24103546142578,21.340814844055537,21.169194184131356,21.28094660547266,25237000
2019-01-30,21.404666900634766,21.496463721272793,21.153222508662378,21.18515263193408,37157800
2019-01-31,21.85567283630371,21.919531573083887,21.300899775054877,21.39668864148133,46163200
2019-02-01,21.771860122680664,21.855674435365813,21.58427592607759,21.763877589685055,31124800
2019-02-04,21.807777404785156,21.819750441180275,21.524404378344123,21.676069436902075,36131400
2019-02-05,21.8516845703125,21.891595713947325,21.68405594003119,21.807781398806668,24592200
2019-02-06,21.839712142944336,21.927516965900818,21.73195022509937,21.819755048055853,18408400
2019-02-07,22.1270751953125,22.1270751953125,21.739932228616798,21.80778147754348,32150800
2019-02-08,22.222862243652344,22.23483528129851,22.02729400119467,22.07518919680415,29267400
2019-02-11,22.21487808227539,22.3306225127434,22.139046311888922,22.2228606142917,29458200
2019-02-12,22.266767501831055,22.37851992371827,22.091154813136793,22.21887230172577,29506600
2019-02-13,22.20290756225586,22.258783770191403,22.1111107174314,22.198915534539047,26763600
2019-02-14,22.1669864654541,22.282730906640573,22.087162660411277,22.218870644596358,38188000
2019-02-15,22.23483657836914,22.318650891806424,22.15501277020923,22.238828606159014,18689000
2019-02-19,22.366540908813477,22.390486979955387,22.182947258335435,22.25079648992039,28978600
2019-02-20,22.466327667236328,22.506238813963783,22.238830781362,22.358565744057017,28716800
2019-02-21,22.629961013793945,22.66588164724887,22.322640377015667,22.39847214874836,38200000
2019-02-22,22.769651412963867,22.773643440280228,22.566102172686854,22.66987204522738,30495000
2019-02-25,22.62197494506836,22.805568588464027,22.530178123370526,22.78960352664386,26160200
2019-02-26,22.594045639038086,22.701807564484138,22.478301179576103,22.66987742842041,27405400
2019-02-27,22.62197494506836,22.69381620074703,22.51820356574935,22.542151158479605,23912600
2019-02-28,22.753684997558594,22.80956271908324,22.51421513821621,22.6339500678874,25616200
2019-03-01,22.80158233642578,22.81754587871082,22.610006126393873,22.76166967443223,26836000
2019-03-04,22.841495513916016,22.88938919006916,22.61798915434714,22.829522475505858,24675200
2019-03-05,22.81355857849121,22.897372896682878,22.773647433403543,22.8414966845551,24091000
2019-03-06,22.81355857849121,22.897372896682878,22.733734765803277,22.83750617905137,22608600
2019-03-07,22.889389038085938,23.033071588103855,22.82553029613492,22.85346840058146,30257000
2019-03-08,22.969215393066406,22.989170966667754,22.753691544141432,22.917329683692763,36031800
2019-03-11,23.132848739624023,23.14083127191316,22.96122810168843,22.97719316626671,28917600
2019-03-12,23.29249382019043,23.316439891954584,23.128855732249225,23.17275889383309,34204200
2019-03-13,23.316442489624023,23.37232021582746,23.23262818408741,23.248593248716965,31775200
2019-03-14,23.312450408935547,23.44415989945802,23.224644081920566,23.304467877160345,30310800
2019-03-15,23.396886825561523,23.473282524531726,23.21595319575666,23.348637959867148,35429800
2019-03-18,23.308435440063477,23.441120230431725,23.20791605525562,23.408954824871337,30017600
2019-03-19,23.043058395385742,23.308429441633013,22.958620968186025,23.272242411062763,45271600
2019-03-20,23.103374481201172,23.288329776692176,22.98677162951178,23.087291011905247,37761000
2019-03-21,23.34864044189453,23.396889312717903,23.083269351660064,23.11945638822858,30743600
2019-03-22,23.51751136779785,23.682363065448932,23.34863803660682,23.437095568840398,40905000
2019-03-25,23.537616729736328,23.60999080093897,23.441117456864834,23.537616729736328,27526000
2019-03-26,23.70648956298828,23.722573031461547,23.517514176741308,23.54967957988387,31399400
2019-03-27,23.541641235351562,23.75072175419711,23.43308010823152,23.730618182612847,34647000
2019-03-28,23.264205932617188,23.618034585461913,23.183790120542835,23.53761877338756,49497600
2019-03-29,23.388845443725586,23.41699227742431,23.175744877720145,23.232035477509974,43670200
2019-04-01,23.228015899658203,23.38884596927101,23.091309496895203,23.38884596927101,53363800
2019-04-02,23.26017951965332,23.304408283897683,23.115432928222297,23.276262985524674,49956200
2019-04-03,23.223995208740234,23.320494481468305,23.051103298684115,23.21193337482569,30901000
2019-04-04,23.143583297729492,23.28430982043,23.00687687547583,23.26420625058765,32529200
2019-04-05,23.360700607299805,23.372763974496824,23.07120586923665,23.1435799372034,30838600
2019-04-08,23.19584846496582,23.340596598156864,23.135537765338757,23.30843119844986,29363400
2019-04-09,23.252138137817383,23.27626180159366,23.147597148774704,23.215951108349323,25987800
2019-04-10,23.17976951599121,23.457202451119326,23.12749900920916,23.300392464577172,33782400
2019-04-11,23.296367645263672,23.304409378577095,23.147599413474847,23.175744713169927,34840000
2019-04-12,23.404930114746094,23.429055316098996,23.095330266168045,23.21193310533456,31853200
2019-04-15,23.400911331176758,23.505450808645758,23.34059909130358,23.425035000082847,30506200
2019-04-16,23.11141014099121,23.45317687157769,23.035015982621918,23.400906377007306,39377400
2019-04-17,23.022951126098633,23.14759567160185,23.00284756296677,23.08728344840272,30389600
2019-04-18,23.035015106201172,23.19584514935479,23.022951740957048,23.079243866554584,32078800
2019-04-22,23.01491355895996,23.103369553613174,22.966663161363236,23.02697539145728,21371000
2019-04-23,23.079246520996094,23.151620585570527,22.910373192387834,23.022954388924163,34136400
2019-04-24,23.228015899658203,23.30843170136653,23.09935123044642,23.135538264524975,32856800
2019-04-25,23.32451820373535,23.416997390788293,23.099355755409288,23.123479426984712,30506600
2019-04-26,23.360700607299805,23.59390627826018,23.33657694051345,23.453179775993636,29034800
2019-04-29,23.223995208740234,23.34863978313818,23.12749746981607,23.340598049260514,41551800
2019-04-30,23.60597038269043,23.622053851297885,23.187809401720454,23.2280180732391,44033400
2019-05-01,23.364721298217773,23.60194705946938,23.344617732105693,23.53761472762846,52825400
2019-05-02,23.31245231628418,23.445138622104942,23.139558875622875,23.320494050013064,46927600
2019-05-03,23.44111442565918,23.48132308990782,23.276262736749025,23.312449767670948,32142600
2019-05-06,23.31245231628418,23.505449324365753,23.264203447714756,23.441116988338564,26779000
2019-05-07,23.240076065063477,23.33255369355927,23.131514970619616,23.276263096544763,25084400
2019-05-08,22.922433853149414,23.236055294870496,22.902330288196396,23.21193009664466,57384800
2019-05-09,22.894287109375,23.022951757511848,22.78170592570616,22.922432405292213,32347600
2019-05-10,23.304410934448242,23.316474302125663,22.846042841607733,22.8902716108825,50316000
2019-05-13,23.55369758605957,23.60596654984103,23.199869003165816,23.232034401354117,40192600
2019-05-14,23.396886825561523,23.577821989170175,23.352659593393888,23.557718422947833,35218800
2019-05-15,23.356685638427734,23.49741217160905,23.32854033179147,23.408956150954012,29155000
2019-05-16,23.513490676879883,23.585864745462583,23.268223170438926,23.332555505423123,27816600
2019-05-17,23.63411521911621,23.72659286107683,23.376785861694675,23.408952798274345,20954200
2019-05-20,23.666276931762695,23.815045146095695,23.605964705890703,23.68638049578549,18237400
2019-05-21,23.710508346557617,23.90350534362301,23.64617601420249,23.702466613287754,23008800
2019-05-22,23.88742446899414,23.911549671421447,23.67432388253345,23.746697956011413,18515800
2019-05-23,24.09248161315918,24.09650324684724,23.887422775379562,23.911547976096394,30329000
2019-05-24,24.056299209594727,24.233212769547656,24.028152371566446,24.108568183837427,17424800
2019-05-28,23.662261962890625,24.10856826539048,23.622054823521147,24.088464695705742,32795800
2019-05-29,23.34864044189453,23.742676210193952,23.292349836966608,23.718552541684243,40238200
2019-05-30,23.31245231628418,23.481325656982982,23.240078246528107,23.352660984928598,33645200
2019-05-31,23.4210147857666,23.485347125542727,23.215955932043933,23.320495409003655,36514000
2019-06-03,23.654220581054688,23.686385984183513,23.376786118323224,23.497409064213265,40670800
2019-06-04,23.674325942993164,23.70649134855842,23.236061363812443,23.67834604351229,37057800
2019-06-05,24.18093490600586,24.26135069381551,23.67833814945002,23.762774036438543,63510600
2019-06-06,24.3297119140625,24.373940690041035,24.1447566088833,24.21311059006943,51022400
2019-06-07,24.14877700805664,24.60312351269462,24.13671363916784,24.454355256034574,37986200
2019-06-10,23.983924865722656,24.124651385281854,23.863300381753024,24.07640251197642,27400600
2019-06-11,23.839170455932617,24.040209164718416,23.70246407260613,23.975876839259104,36072200
2019-06-12,24.14877700805664,24.184964047114928,23.93165477370692,23.95980007810736,24700400
2019-06-13,24.197019577026367,24.269393636283965,24.03618799338645,24.20506130958873,32424000
2019-06-14,24.45033073425293,24.494557966167395,24.217125072758105,24.225166805961766,28485400
2019-06-17,24.381980895996094,24.522708950175147,24.229191006871766,24.450334872895414,22924200
2019-06-18,24.281461715698242,24.530749354057026,24.116609990263623,24.49054221470382,46290600
2019-06-19,24.466413497924805,24.570954499319633,24.16485539466129,24.172897128138114,43191800
2019-06-20,24.623226165771484,24.679516768970398,24.34177161597301,24.595079330368126,38275600
2019-06-21,24.71846580505371,24.763046096203404,24.426658540522503,24.60093215172332,30116400
2019-06-24,24.726572036743164,24.799523858329984,24.63335616383734,24.763047947536574,19774400
2019-06-25,24.57662010192871,24.746841561327376,24.51988013081191,24.746841561327376,24290800
2019-06-26,24.041635513305664,24.568508540712507,24.033529584139664,24.51582232020536,33777000
2019-06-27,24.07406234741211,24.18754227833527,23.980844922955963,24.11864264452613,28271000
2019-06-28,24.16727638244629,24.301020355683164,24.033530863161428,24.082164894697744,32266400
2019-07-01,24.106489181518555,24.207811009725702,23.8876336615395,24.18349321437856,35846800
2019-07-02,24.434768676757812,24.475296783343865,24.191595399097004,24.19564913738451,42719000
2019-07-03,24.604991912841797,24.754949328830435,24.487458223352878,24.50772382543939,31573200
2019-07-05,24.592824935913086,24.629300842071093,24.215907754296282,24.45097504865851,31892800
2019-07-08,24.629301071166992,24.70630507552892,24.47529151639531,24.60903702223468,18836400
2019-07-09,24.661724090576172,24.669830019638155,24.45502831066325,24.588772275066226,34965400
2019-07-10,24.71846580505371,24.85220977059858,24.604984343264963,24.6900942800706,22972000
2019-07-11,24.726572036743164,24.819789455697002,24.51582404776792,24.690096125949754,39996000
2019-07-12,24.5644588470459,24.746838406706843,24.47529516320098,24.718468424764925,22490600
2019-07-15,24.661724090576172,24.698199998331145,24.475292360294258,24.568508225435217,18690600
2019-07-16,24.519878387451172,24.68604609649941,24.39018659239148,24.600936145875515,28749200
2019-07-17,24.613096237182617,24.754947712283144,24.519880348655672,24.60499030608702,26709400
2019-07-18,24.827896118164062,24.831949856428736,24.479350383761822,24.617148109845743,29466400
2019-07-19,24.46718978881836,24.84005484659764,24.455031666580894,24.771155213139775,30616600
2019-07-22,24.41450309753418,24.552300815781695,24.272651641252526,24.52798302572105,26353000
2019-07-23,24.260498046875,24.45908795826397,24.21591619646774,24.44287764124635,33581200
2019-07-24,24.28076171875,24.39018947364251,24.094329934584234,24.32939576113056,27121400
2019-07-25,24.219961166381836,24.37802446506526,24.098375321742807,24.20375085419842,28296600
2019-07-26,24.30912208557129,24.40233794076501,24.187536254711993,24.24022401496852,27758000
2019-07-29,24.434768676757812,24.471244591104526,24.240230982258065,24.378028709118073,33243400
2019-07-30,24.24833869934082,24.49151044886974,24.126751278528083,24.378030505229347,37991200
2019-07-31,24.13485336303711,24.373972881917243,23.988949718154583,24.256439218423203,48762000
2019-08-01,24.38207244873047,24.519870127819626,24.013261240881203,24.094318972000877,58986200
2019-08-02,24.378028869628906,24.58067249598975,24.325341093881597,24.418556976481803,29878600
2019-08-05,24.029476165771484,24.4955554736619,23.899784397832605,24.43070958969246,53153600
2019-08-06,24.329387664794922,24.422603525857422,23.78630280978675,24.053792272937173,54071800
2019-08-07,24.390182495117188,24.536086126561223,23.993001246212813,24.33749472908509,49909400
2019-08-08,24.641460418701172,24.70630630614323,24.24427916486257,24.378024677363765,34115000
2019-08-09,24.66983413696289,24.77926187849099,24.58067199449596,24.661728206548055,23627000
2019-08-12,24.621196746826172,24.738730402759643,24.495557161581985,24.673884514321855,27249600
2019-08-13,24.63741111755371,24.726573256966958,24.47124341486091,24.617147065234704,35494400
2019-08-14,24.434768676757812,24.795474081937435,24.36992277859123,24.66983447784361,40581000
2019-08-15,24.750892639160156,24.836002592002437,24.37397536680355,24.519879026560712,44171600
2019-08-16,24.876529693603516,24.95353370788864,24.72657231087476,24.763048222072563,32243000
2019-08-19,25.034591674804688,25.119701619646772,24.783314032202707,24.82384213563759,28468000
2019-08-20,24.994064331054688,25.095386145037004,24.88869032477428,25.091333952738914,31048800
2019-08-21,25.160234451293945,25.160234451293945,24.933273023628516,24.953537077908877,28795800
2019-08-22,25.184545516967773,25.216969233984628,24.96974380289883,25.144017416744624,29834200
2019-08-23,24.91706085205078,25.314242185991898,24.791421243397156,25.233184423829822,42595800
2019-08-26,25.20481300354004,25.212918933899427,24.917059432998354,24.977853137669698,25701400
2019-08-27,25.249393463134766,25.42772082916782,25.221023481456424,25.326399024302873,38448800
2019-08-28,25.18049430847168,25.36692605045358,25.091330629242083,25.277762371223982,31791600
2019-08-29,25.35477066040039,25.36287659084427,25.11970331567232,25.32234693862487,35467000
2019-08-30,25.362869262695312,25.45203137971989,25.28586371875191,25.4317673324892,24166000
2019-09-03,25.812746047973633,25.816799786520047,25.326402553685515,25.35477253931738,42728200
2019-09-04,25.83705711364746,25.95053702662699,25.674941627064257,25.88569114120328,31633200
2019-09-05,25.55741310119629,25.723580802489376,25.46824941648602,25.66684083805487,58664800
2019-09-06,25.456090927124023,25.678998589635487,25.37908536560417,25.62225862601963,25326400
2019-09-09,25.330446243286133,25.44797988490644,25.281812219392393,25.403398052150617,33649800
2019-09-10,25.362869262695312,25.362869262695312,25.144013842089375,25.289917455826668,38336000
2019-09-11,25.614147186279297,25.634411233776294,25.212912243228757,25.326393692097845,45377000
2019-09-12,25.670894622802734,25.84516826497748,25.553360948582895,25.768164243616987,47199400
2019-09-13,25.508773803710938,25.695207076033846,25.431769798348938,25.52498566148647,49998200
2019-09-16,25.529043197631836,25.569571302053326,25.387191740060462,25.54930724984258,23926000
2019-09-17,25.751951217651367,25.812743375118348,25.56146572294899,25.57362384523277,34658200
2019-09-18,25.86137580871582,25.94243355485422,25.68710219563503,25.849216141863916,41925400
2019-09-19,25.98296546936035,26.007281714538106,25.845167744509883,25.94243736336533,30041400
2019-09-20,26.08588981628418,26.114479206559658,25.885764084355824,26.016458885045136,36989200
2019-09-23,26.0899715423584,26.187993409243468,26.02462415043659,26.077717835244815,17616600
2019-09-24,26.396284103393555,26.48613734448225,26.163483940577024,26.183906264827797,53815800
2019-09-25,26.37995147705078,26.408543982402037,26.237004530343185,26.375869504294663,32467600
2019-09-26,26.518814086914062,26.592330098097012,26.39628636293932,26.44529807573111,26746800
2019-09-27,26.424875259399414,26.57190727903703,26.2778432397618,26.555570041742918,33229600
2019-09-30,26.44121551513672,26.575995401192134,26.36769949692556,26.44530060392894,21670400
2019-10-01,26.37995147705078,26.424878105445988,26.237004530343185,26.351362087709262,47566800
2019-10-02,26.02871322631836,26.367702407259163,25.963365820474046,26.32277577361525,29720600
2019-10-03,26.0899715423584,26.102223691467263,25.90209642732907,26.036876299545455,59569200
2019-10-04,26.453468322753906,26.510650219236418,26.085889780570316,26.122647790589166,37167000
2019-10-07,26.35135841369629,26.46163398293118,26.286012582602055,26.428959509379414,25731800
2019-10-08,26.10630989074707,26.355447334795365,26.09405774038564,26.335028122862898,43191800
2019-10-09,26.232925415039062,26.33503083323926,26.114481198000586,26.17574351411768,17954000
2019-10-10,26.204328536987305,26.261507305564777,25.97561034666824,26.1716540646547,31210600
2019-10-11,26.10630989074707,26.26967916625559,26.016458191421776,26.179825908925416,32154600
2019-10-14,25.938852310180664,26.192073238406955,25.861252775499675,26.17982109030064,19892000
2019-10-15,25.8571720123291,26.01645618677389,25.79182461876189,25.955192323677544,31726600
2019-10-16,25.914350509643555,25.92660265892981,25.722391861466907,25.84083449791653,32355000
2019-10-17,25.979698181152344,26.032793425303492,25.853086924485687,25.914350787583533,25999600
2019-10-18,26.06546974182129,26.122648523899077,25.853090295528823,25.91843769761843,29105800
2019-10-21,26.167572021484375,26.175739082513257,25.987867076758246,26.06955170909004,22924800
2019-10-22,26.2778377532959,26.396280361941912,26.151228085712702,26.228829167655306,31182600
2019-10-23,26.384031295776367,26.449380238938087,26.26967376125247,26.339104676354964,25821800
2019-10-24,26.473888397216797,26.518815023193095,26.35544575746198,26.396287294892364,22922400
2019-10-25,26.204328536987305,26.53106391228582,26.098138059910927,26.494307467918528,33850200
2019-10-28,25.844919204711914,26.138983265004757,25.81224628579316,26.0695523385494,50137200
2019-10-29,25.869426727294922,25.92660550758623,25.755069166712303,25.82858518651682,39544800
2019-10-30,26.098140716552734,26.163486551860593,25.885761298785553,25.889844829240513,39360600
2019-10-31,26.24108123779297,26.273755705464225,26.03687048886073,26.12263862949122,34491800
2019-11-01,26.175737380981445,26.339106635025356,26.13081231622381,26.25742356600807,31381800
2019-11-04,25.84083366394043,26.16757061773516,25.746896887099737,26.15123338054425,48685600
2019-11-05,25.575359344482422,25.79590737540756,25.505928422527127,25.714222746397727,43993800
2019-11-06,25.673385620117188,25.77957456546387,25.57944882592455,25.620290368441356,35543800
2019-11-07,25.326221466064453,25.66929565525664,25.158768680744735,25.538600874421967,45689400
2019-11-08,25.220029830932617,25.358893215398822,25.1097558293267,25.248619213792907,31943000
2019-11-11,25.064830780029297,25.25678941239633,25.040326483474942,25.22820002774651,18546400
2019-11-12,25.126100540161133,25.175110702788142,25.052584517218133,25.068921757428797,25337000
2019-11-13,25.497758865356445,25.554937636157394,25.18327406794656,25.215948541549764,33593800
2019-11-14,25.587617874145508,25.71831268199197,25.50593322974022,25.579449253904478,33672000
2019-11-15,25.669300079345703,25.681553788289094,25.522269594069588,25.59986914668795,19931600
2019-11-18,25.722389221191406,25.934768615713708,25.677462601080304,25.722389221191406,32981600
2019-11-19,25.65704345703125,25.799990386417488,25.52226514618204,25.648874838494226,36104800
2019-11-20,25.812238693237305,25.848996689961705,25.632532239027174,25.693796086235963,39359000
2019-11-21,25.722389221191406,25.832663227462866,25.6366210689818,25.808157373401013,28418000
2019-11-22,25.730560302734375,25.7918241647523,25.546770274685326,25.779570457545876,22970400
2019-11-25,25.644792556762695,25.828582587782005,25.587613782224413,25.755066575374283,40797400
2019-11-26,25.730560302734375,25.767318308344183,25.62845490470765,25.68563367832186,32300200
2019-11-27,25.77548599243164,25.804075378201986,25.648874742588195,25.66929550985206,25056400
2019-11-29,25.750978469848633,25.922516331370392,25.72647417392022,25.82449447364302,10243000
2019-12-02,25.58353042602539,25.693804452103674,25.53043517835699,25.62845705420597,37401200
2019-12-03,25.65296173095703,25.701971887621422,25.591697866622948,25.64887664239887,25801800
2019-12-04,25.8490047454834,25.88984628434745,25.624373165721444,25.64479393515347,39195400
2019-12-05,25.893930435180664,25.898013965717233,25.742813319246366,25.808160713864925,24899400
2019-12-06,25.816329956054688,25.9674470756364,25.7959091868694,25.7959091868694,19164400
2019-12-09,25.72648048400879,25.877596058649132,25.68155385311451,25.87351096965604,23166400
2019-12-10,25.722389221191406,25.775484459323128,25.657041835031052,25.722389221191406,25197600
2019-12-11,25.791818618774414,25.836743675522026,25.66112386204369,25.755060621068623,23980200
2019-12-12,25.681554794311523,25.86125976646965,25.571280757530964,25.759154349969688,48234200
2019-12-13,25.881675720214844,25.926602344392396,25.595780295634267,25.69380216274936,38669200
2019-12-16,26.204328536987305,26.220662657144423,25.881673575718885,25.881673575718885,41547800
2019-12-17,26.290096282958984,26.453462410075215,26.19615795545893,26.220662251324534,33694600
2019-12-18,26.396284103393555,26.433043663843108,26.171654116681008,26.31051595035685,25615800
2019-12-19,26.404457092285156,26.44121354064107,26.241087828903307,26.396286915310824,33803200
2019-12-20,26.58597755432129,26.73004404974673,26.396636696167004,26.396636696167004,45942200
2019-12-23,26.339008331298828,26.643601390574695,26.26903359233885,26.63125041342538,32956000
2019-12-24,26.376054763793945,26.388402601231085,26.23610684887347,26.367820778605704,9025600
2019-12-26,26.421340942382812,26.44603662537119,26.3102040882426,26.400759112994994,13317000
2019-12-27,26.499536514282227,26.499536514282227,26.37193800583623,26.42133249636948,20603400
2019-12-30,26.495420455932617,26.499534307875585,26.355470981246853,26.388400638860563,23868600
2019-12-31,26.59832191467285,26.63124843025052,26.45837244717465,26.491302103097148,21616800
2020-01-02,26.264925003051758,26.651839168576558,26.166137572400245,26.643608322014128,38215400
2020-01-03,26.31842613220215,26.413096543412614,26.223755720991687,26.28549804447232,35978600
2020-01-06,26.343124389648438,26.421331545090652,26.244336982311324,26.285499056273693,20889000
2020-01-07,26.30608367919922,26.318431518353364,26.157903328658122,26.27727100772432,26140600
2020-01-08,26.293733596801758,26.40898584304147,26.252571519511612,26.318429273003147,25482800
2020-01-09,26.437803268432617,26.466615942633002,26.256693236118213,26.260808659501276,23286200
2020-01-10,26.50777816772461,26.602447043200954,26.462500656724213,26.474848497843197,21165800
2020-01-13,26.66830062866211,26.746507792668915,26.499538462193843,26.499538462193843,25342200
2020-01-14,26.74650764465332,26.754738490129046,26.548932809435744,26.668300481079317,22990000
2020-01-15,27.12107276916504,27.166350270844084,26.800016404783072,26.80413339775722,31771800
2020-01-16,27.289838790893555,27.318651465090166,27.13342443924398,27.14165842635499,21797600
2020-01-17,27.479175567626953,27.516219083058445,27.207510559747366,27.281600730955844,26517600
2020-01-21,27.73026466369629,27.742612504806218,27.429786921854692,27.54092377253636,47753000
2020-01-22,27.816696166992188,27.89490018912653,27.742605997365413,27.783766504859084,21683200
2020-01-23,28.063661575317383,28.071892420450066,27.78376573562615,27.812578404108542,25938600
2020-01-24,28.13775062561035,28.2406534575822,27.94429279904804,27.98957029634327,28803000
2020-01-27,28.06777572631836,28.31885887210614,27.989568573921993,28.12128406512665,22544400
2020-01-28,28.183034896850586,28.302402587470027,28.0266205448374,28.09659687405981,35056800
2020-01-29,28.257116317749023,28.298276819599444,28.088354177713818,28.19949098708944,21599600
2020-01-30,28.520551681518555,28.53701651285831,28.170682651498815,28.240655829433667,28808600
2020-01-31,28.392955780029297,28.582296647363034,28.244775424664496,28.467045957711694,40949000
2020-02-03,28.483505249023438,28.51643491196088,28.372371562041447,28.438227747570828,27095800
2020-02-04,28.199499130249023,28.553485201004047,28.170686456599004,28.467047180053992,41384200
2020-02-05,28.314741134643555,28.384714300554116,28.076005831759936,28.13774815358776,32610200
2020-02-06,28.32297134399414,28.483499492942,28.252998179651712,28.343553164257145,29908200
2020-02-07,28.232421875,28.429996710951396,28.224191029493706,28.388836202728953,21392800
2020-02-10,28.339445114135742,28.33944511413574,28.174799921115486,28.277702774209914,16279600
2020-02-11,28.44234848022461,28.53702048853119,28.37237529254135,28.388840126174927,20539400
2020-02-12,28.46292495727539,28.549362962344773,28.30651063733004,28.397065635120438,16094800
2020-02-13,28.779865264892578,28.796330095978067,28.442344078503652,28.487621578902388,27175200
2020-02-14,28.973318099975586,28.998013772165265,28.79220812966489,28.833371770440873,21108200
2020-02-18,29.216169357299805,29.26556069993147,29.002129738080004,29.08445387637407,30069600
2020-02-19,28.89923858642578,29.142090966996204,28.89923858642578,29.100927311059966,22391000
2020-02-20,29.002134323120117,29.018599153381906,28.76751598749382,28.907465474546406,28810200
2020-02-21,28.948619842529297,29.13796063987918,28.919807180766153,28.948619842529297,23457200
2020-02-24,28.61111068725586,28.985675446525192,28.598762847109583,28.825147243931777,40884200
2020-02-25,28.010154724121094,28.68931096602796,27.96076022965611,28.639919611908486,56276600
2020-02-26,27.72614288330078,28.261238934891747,27.722025890192835,28.010155741182437,52384600
2020-02-27,26.478960037231445,27.76730248757923,26.47072605128414,27.615005151009253,87206200
2020-02-28,25.593994140625,25.902702656405932,24.98480952457135,25.873889987213527,180526200
2020-03-02,27.100482940673828,27.137529585808597,25.66396057082607,25.725702885820958,84351600
2020-03-03,26.767086029052734,27.676746750698637,26.660066196992794,27.116955054248013,126558000
2020-03-04,28.285926818847656,28.322970325575238,27.10460135002252,27.12106617757192,62856400
2020-03-05,27.84962272644043,28.228304377746507,27.520332422485968,27.82080692002522,67070200
2020-03-06,27.62323760986328,27.734371291243974,26.594209247524002,27.112840421439696,70997800
2020-03-09,26.120851516723633,26.857636086591825,25.709240235703067,26.15789659482238,74339400
2020-03-10,26.36370849609375,26.853523872220887,25.186498201527556,26.548932349369792,81616800
2020-03-11,25.03831672668457,25.791564607064704,24.684330749059107,25.775099777832697,64307800
2020-03-12,22.511028289794922,24.095733219683865,22.231132394909938,23.66765696042766,77766400
2020-03-13,23.737627029418945,23.778789108653008,22.08295069852889,23.778789108653008,54277200
2020-03-16,21.04157066345215,23.26015547180418,20.959248083756044,21.593129906191656,56293400
2020-03-17,23.73350715637207,23.935197381368628,21.420252123044545,21.654870435081317,77946000
2020-03-18,22.700368881225586,23.05435335915645,21.498462800923978,22.3134531681016,85692800
2020-03-19,21.379091262817383,22.589229541015346,21.31323351483313,22.49044213395268,65459000
2020-03-20,19.68325424194336,21.576665786412207,19.54330632290539,21.576665786412207,56358400
2020-03-23,18.678848266601562,19.618402360613665,18.0594065777517,19.618402360613665,64018000
2020-03-24,20.686830520629883,20.77413547502111,19.260870744136504,19.39390490162797,54902800
2020-03-25,21.214811325073242,22.104477881475013,20.09233577724959,20.715934008659314,61255000
2020-03-26,23.023244857788086,23.2726834911857,21.22728225682722,21.443463145854825,61794400
2020-03-27,23.147964477539062,23.983585337663925,22.2167238346047,22.32897169687082,50186200
2020-03-30,24.00437355041504,24.149879159536127,23.247739625308782,23.347516032914815,59519000
2020-03-31,23.035720825195312,23.81729779461294,22.960888903341896,23.81729779461294,67456400
2020-04-01,21.65133285522461,22.42875159350524,21.235600672160164,22.125267290175287,53420600
2020-04-02,22.32897186279297,22.482793889574097,21.297956391888903,21.418519087725297,53121600
2020-04-03,21.530773162841797,22.358079435132588,21.3644796319238,22.083696219242743,31872000
2020-04-06,23.19370460510254,23.426513670176192,22.32066585339791,22.32066585339791,41379600
2020-04-07,22.902685165405273,23.85471220936143,22.873584040558786,23.817296250859894,49163200
2020-04-08,24.14988136291504,24.349432610441493,22.848639251325668,23.039875665301977,64925600
2020-04-09,25.288986206054688,25.683930460480568,24.424262615215394,24.515724191217455,87722800
2020-04-13,24.48662757873535,25.160113308707402,24.241345513649684,25.160113308707402,27830400
2020-04-14,25.205839157104492,25.24325511175204,24.77347736693112,25.01460117452137,34175600
2020-04-15,24.37437629699707,24.81089473549991,24.237183926840363,24.511567081261486,25671600
2020-04-16,24.3785400390625,24.582249548988234,24.137416147324494,24.478316481573476,20800000
2020-04-17,25.16426658630371,25.297300747719333,24.561456236217047,24.898198263472466,21555000
2020-04-20,24.212242126464844,25.006290502740068,24.174826167964234,25.006290502740068,28761000
2020-04-21,23.813140869140625,24.09999711368365,23.54707250415018,23.77572490619556,40783200
2020-04-22,24.507413864135742,24.706965132735164,24.099996492508694,24.26213179912744,31190800
2020-04-23,24.095836639404297,24.64876119698573,23.958645845424346,24.582244111987972,24830400
2020-04-24,24.245498657226562,24.349431693852498,23.825609887050394,24.137408996928198,23973800
2020-04-27,24.499101638793945,24.677866633307083,24.3619092349567,24.386853740897838,25481000
2020-04-28,24.59055519104004,25.110220333827087,24.478307329890978,24.844150448570705,28643400
2020-04-29,24.36606216430664,25.002131861959512,24.266285748060927,24.98966040463842,23575600
2020-04-30,23.804824829101562,24.22887185904247,23.584487272855856,24.191455897992025,38733800
2020-05-01,23.231115341186523,23.542914485296265,23.098081166571095,23.526284816996224,26918600
2020-05-04,23.40572166442871,23.463923916501642,22.969203187989297,23.110552194120316,24027600
2020-05-05,23.596956253051758,23.879654243322967,23.459765467536428,23.488866591309144,23653600
2020-05-06,22.79459571838379,23.696733769065485,22.76133638344448,23.68010410159583,48150400
2020-05-07,22.88605308532715,23.26021263089665,22.848637130770197,23.056503192554988,42266200
2020-05-08,23.347517013549805,23.438978592205856,23.056504197192403,23.16459544212997,26553200
2020-05-11,23.24773597717285,23.335040914837432,22.836162126877905,23.164590834089555,31326400
2020-05-12,23.044031143188477,23.409875846562816,22.998300357030164,23.30594281834562,43734400
2020-05-13,22.84864044189453,22.99830428181096,22.586730307933212,22.99830428181096,39645000
2020-05-14,23.09391975402832,23.16043683211186,22.308186273575203,22.619985374446582,46233200
2020-05-15,22.786279678344727,22.940100129564847,22.43706460943128,22.931785296270206,69347600
2020-05-18,23.7216796875,23.871341945991198,23.322575573846056,23.322575573846056,45994600
2020-05-19,23.330890655517578,23.688420601805426,23.326734031303936,23.62190351313972,32655800
2020-05-20,23.459766387939453,23.721678098061847,23.368304803412695,23.572014263706194,23583200
2020-05-21,23.222797393798828,23.563697618786488,23.177066605050587,23.397404129864206,33868200
2020-05-22,23.48055648803711,23.501342782648905,23.147971016570533,23.22280294588709,23838000
2020-05-26,23.634376525878906,24.0916829281842,23.609433607171816,23.90460310841806,35071800
2020-05-27,23.917076110839844,24.09168448251772,23.588648834830664,24.050110305502656,32984600
2020-05-28,24.623815536499023,24.72774857603476,24.203926754567284,24.224713045295964,42582000
2020-05-29,24.815053939819336,24.94393149010617,24.42010962660662,24.56561525927526,29511800
2020-06-01,25.1102237701416,25.26404422940697,24.66539047391217,24.806737889637056,29112800
2020-06-02,25.272357940673828,25.288987607394287,24.935614326099888,25.205840859684294,27998600
2020-06-03,25.57583999633789,25.754604933296932,25.388760226742132,25.409546515387845,25682800
2020-06-04,25.118534088134766,25.492693632859513,24.794263539968114,25.438648012867674,43679200
2020-06-05,25.438648223876953,25.92505563605379,25.32224373606023,25.347188234546188,44260000
2020-06-08,26.120452880859375,26.203598045758824,25.30146000228241,25.48438158531051,31919000
2020-06-09,25.59662628173828,25.895953913053546,25.313928315694348,25.883480871153964,37283600
2020-06-10,25.44696617126465,25.767080137832913,25.363819418693655,25.596630008713955,25052000
2020-06-11,24.4533634185791,25.081119814220898,24.27459847830168,25.01044452844294,69420400
2020-06-12,24.391002655029297,24.948083757799996,24.091676607823135,24.9189826363479,46404800
2020-06-15,24.55729866027832,24.736063616648174,23.750778837648348,23.958644918460514,33434000
2020-06-16,24.669546127319336,25.288987735715033,24.53651196466523,25.15179536341356,34226600
2020-06-17,24.59471321105957,24.777634780787075,24.357746019363297,24.773478157201282,24374400
2020-06-18,24.59055519104004,24.657072265881094,24.312013849842256,24.440891376174623,26507600
2020-06-19,23.900442123413086,24.889883503626233,23.863026166286215,24.78595046559518,58531600
2020-06-22,24.13351821899414,24.284431565091477,23.664011274905604,23.886188368252988,25906400
2020-06-23,23.890378952026367,24.410189760811626,23.82330653801754,24.380845679628546,25244400
2020-06-24,23.67239761352539,23.819118046754,23.387339401138846,23.710125953374572,28538400
2020-06-25,23.378952026367188,23.63466611796495,23.10646943060144,23.622088940272675,43502400
2020-06-26,23.13162612915039,23.609517385456417,22.976521436993647,23.34541899676467,57463400
2020-06-29,23.567594528198242,23.58017010719964,23.068741906041048,23.316071754241868,29730600
2020-06-30,23.655628204345703,23.785581725340744,23.4334510998977,23.571787274643505,33743800
2020-07-01,24.208972930908203,24.313773679526854,23.634665276235104,23.676584936029556,39777400
2020-07-02,24.2718563079834,24.531761741303367,24.20897521323103,24.380848393203816,24295200
2020-07-06,23.974220275878906,24.519185484316612,23.777195942756894,24.359887888044085,30775400
2020-07-07,23.8778076171875,23.965839882275624,23.596942314535045,23.710127340705295,22681000
2020-07-08,24.09160041809082,24.171248423962272,23.79396502955483,23.84007762210827,24359400
2020-07-09,23.768810272216797,23.98679602275896,23.437639520481635,23.974218845426943,35750400
2020-07-10,24.217361450195312,24.284433877165227,23.760430041733787,23.768814294996627,27166400
2020-07-13,24.24251365661621,24.481459272188072,24.129328638850684,24.21736089740184,35531600
2020-07-14,24.4688777923584,24.611406871256698,24.217356640953152,24.246700721979348,67894200
2020-07-15,24.372459411621094,24.879694600544386,24.326346830967637,24.699437202971257,26940400
2020-07-16,24.68267250061035,24.749744915049543,24.330541925021464,24.393421414046177,30126400
2020-07-17,25.240215301513672,25.30728772566743,24.79586109116982,24.816820923880478,45901600
2020-07-20,24.909042358398438,25.223444619328873,24.867122696594084,25.152180874434954,24255200
2020-07-21,25.022226333618164,25.311477425205403,24.892274427897547,24.97192242169833,30216000
2020-07-22,25.407894134521484,25.500119306420522,24.665904631204548,24.909041540121276,29694200
2020-07-23,25.437238693237305,25.61749611489042,25.286325354259574,25.399510358492872,38277400
2020-07-24,25.269561767578125,25.747453034583533,25.127032652933277,25.48754756639571,35397000
2020-07-27,24.96354103088379,25.294711820503704,24.783283593451824,25.277943314897776,22638600
2020-07-28,25.340822219848633,25.554615050870684,24.879697950360413,24.90065938012141,37792000
2020-07-29,25.45819664001465,25.525269052471312,25.269554980251392,25.38693290139989,18205600
2020-07-30,25.45819664001465,25.462389565305195,25.147987332077253,25.27374790554194,25475800
2020-07-31,25.5001220703125,25.56719449374546,25.143798521529575,25.391128382775996,24228000
2020-08-03,25.22344398498535,25.487542325282245,25.08929915162591,25.483350998860253,19303800
2020-08-04,25.5001220703125,25.61330548556029,25.143798521529575,25.20667961811854,41663600
2020-08-05,25.173139572143555,25.571382737887987,25.072531748689027,25.55461423426806,23658600
2020-08-06,25.319862365722656,25.361782026940606,25.018035687729206,25.147989196116956,27576000
2020-08-07,25.776798248291016,25.87740609258344,25.21506605373762,25.21925738094445,30942200
2020-08-10,25.76841163635254,25.96962890565431,25.684570707693624,25.86063521865791,21208600
2020-08-11,25.21086883544922,25.84805760431207,25.14379641762853,25.797753690729696,50996000
2020-08-12,25.575576782226562,25.74744996476505,25.27794300743867,25.286327260139654,34570600
2020-08-13,25.53365707397461,25.588153916871022,25.336631133671755,25.47077597839162,31627200
2020-08-14,25.311479568481445,25.512696832331596,25.244407147198064,25.479159822123574,17336600
2020-08-17,25.27794647216797,25.500125201365368,25.18152995159031,25.33244332262766,19020400
2020-08-18,25.16475486755371,25.361780783711552,25.034802964668742,25.261171362934732,24294600
2020-08-19,25.089303970336914,25.240217336634203,25.03900004794877,25.227641755820382,18042800
2020-08-20,24.867122650146484,25.11445249224843,24.800050231905242,24.98869190793767,25932000
2020-08-21,24.909042358398438,24.955154945862784,24.657521189307126,24.888082527496262,18933400
2020-08-24,25.12702751159668,25.135411763581768,24.749745767062933,24.980307099688982,14985800
2020-08-25,24.888084411621094,25.177335537019392,24.80424348253271,25.17314261104198,23573200
2020-08-26,24.61141014099121,24.816820334596713,24.519186559427634,24.800051829173267,23329800
2020-08-27,24.691059112548828,24.867123617607195,24.54014576585157,24.68267486005091,38907200
2020-08-28,24.76232147216797,24.78747422825193,24.506607382278315,24.74136164166428,16995800
2020-08-31,24.837778091430664,24.98869142936639,24.720401761539573,24.72459308797887,19975600
2020-09-01,24.55272102355957,24.774898114881175,24.456304519794863,24.75813120923752,26620400
2020-09-02,25.315671920776367,25.428856936114787,24.506609906756818,24.6072193423241,37298400
2020-09-03,25.030609130859375,25.588149852462138,24.795856489453946,25.324051531748594,38871400
2020-09-04,24.888084411621094,25.223446528841926,24.56529787406707,25.080919028264198,35792200
2020-09-08,24.74974822998047,24.94258124742925,24.514993948434537,24.913237162127597,28990800
2020-09-09,25.076719284057617,25.39950573384769,24.909037471472654,24.934190223100085,30869400
2020-09-10,24.64495086669922,25.00965711940346,24.615606777351346,24.980313030055587,36280400
2020-09-11,24.703636169433594,24.783284174229184,24.51080314784464,24.699443243367497,25332600
2020-09-14,25.04318618774414,25.173138085291672,24.800047697013724,24.82520045095797,20927200
2020-09-15,25.21086883544922,25.583959259522597,25.076723999807836,25.298901084001518,23342600
2020-09-16,25.177335739135742,25.353400252415305,25.01384520649121,25.1228388949209,23082200
2020-09-17,24.971921920776367,25.1102596746966,24.77489600427149,25.018034505416445,22775400
2020-09-18,24.531763076782227,24.984501546594732,24.477266231638943,24.967734639662975,31969600
2020-09-21,24.379125595092773,24.493284025338564,24.062019382038557,24.353756517409618,30371200
2020-09-22,24.531341552734375,24.696236557169758,24.374902909152848,24.391814017974642,21247400
2020-09-23,24.155040740966797,24.603216545875846,24.13390064669698,24.56093635733621,21576400
2020-09-24,24.425634384155273,24.598985713410833,23.98168601536768,24.129668267335017,31328200
2020-09-25,24.827301025390625,24.852668488214693,24.23114145574278,24.319930801397984,22576000
2020-09-28,24.890722274780273,25.14017921730774,24.84844209315279,24.937231442301833,20359600
2020-09-29,24.882274627685547,25.1359606449279,24.768117774745512,24.966836633432997,18435800
2020-09-30,25.10635757446289,25.228970756982804,24.89495342219904,25.038708310253885,24208200
2020-10-01,25.360044479370117,25.423466376624113,25.119043850422287,25.169780400493973,26142000
2020-10-02,25.660234451293945,25.79130560138242,25.102127639442422,25.15709316856154,33890000
2020-10-05,25.98157501220703,26.0534516618987,25.55453764948681,25.727889019027486,22076800
2020-10-06,26.201431274414062,26.497395798706176,25.884325044484772,25.9984834808056,32776800
2020-10-07,26.362096786499023,26.472027847409137,26.16760535613271,26.336729320816428,24403600
2020-10-08,26.844099044799805,26.886379228650327,26.4593435653718,26.47625467118063,27235600
2020-10-09,26.839874267578125,27.004769268493046,26.658066545316576,26.992085533926016,17091200
2020-10-12,27.008995056152344,27.19080114399372,26.789134543345526,26.856783807833338,14970200
2020-10-13,26.822961807250977,26.894840067230668,26.52276825841355,26.822961807250977,20210400
2020-10-14,26.789133071899414,26.970940762640335,26.64960556430892,26.85678233267146,22338800
2020-10-15,26.772220611572266,26.92020286691093,26.467798128720595,26.53544739014479,19124000
2020-10-16,27.059730529785156,27.1612036160559,26.77644974998657,26.80604620122267,16081000
2020-10-19,26.83141326904297,27.190799664665835,26.75530764902403,27.04704639672517,26603000
2020-10-20,26.992084503173828,27.140068389976914,26.83987324263846,26.94134795395731,24979400
2020-10-21,26.920202255249023,27.0977809576206,26.844098249150903,26.93288760033669,14200000
2020-10-22,27.300735473632812,27.347244650949516,26.88215610355423,26.958260123934615,15212000
2020-10-23,27.376842498779297,27.48254459336918,27.224631224508116,27.43603541368788,14485000
2020-10-26,27.36838150024414,27.41911642956656,26.98785340147003,27.165432105640885,20763200
2020-10-27,27.347238540649414,27.62629031642825,27.21616901155413,27.419115171071276,19601800
2020-10-28,26.552364349365234,27.313419065155834,26.49739881165285,26.96671634337472,34026600
2020-10-29,26.624238967895508,26.949801550005617,26.11263970293067,26.455115004006785,29847800
2020-10-30,26.374780654907227,26.641148706968483,26.12109472209125,26.476253737725163,34824600
2020-11-02,26.954030990600586,26.992083804749807,26.467800766792305,26.734170465836847,29911800
2020-11-03,27.343015670776367,27.63898345611531,27.182349656407297,27.292280732434435,30157400
2020-11-04,26.93288803100586,27.60515326752131,26.903291580137335,27.182344983244562,36662200
2020-11-05,27.17388343811035,27.668571517255135,27.15274496213868,27.21616684159527,31525200
2020-11-06,27.114696502685547,27.431802743882685,27.042819862199355,27.19080212960372,18955400
2020-11-09,27.617835998535156,28.721365838546436,27.592468534645135,27.90111676454405,46072200
2020-11-10,28.015274047851562,28.095605417525153,27.651658714263387,27.765815516310475,31172000
2020-11-11,28.12097930908203,28.37043464327783,28.011048254226882,28.159030505510078,19459000
2020-11-12,27.668577194213867,28.019505644437356,27.45294405012679,27.956086977739496,53020200
2020-11-13,27.94339942932129,28.019505053525158,27.753136981697306,27.803875139757015,26324800
2020-11-16,28.2266845703125,28.307015958225087,27.892665607770454,28.290106463969863,27375000
2020-11-17,27.67280387878418,28.180175809707947,27.630523690983424,28.044877273282587,16811200
2020-11-18,27.13160514831543,27.850381122553955,27.123150402492605,27.816555687720633,25581400
2020-11-19,26.861013412475586,27.123155745416078,26.67075094915809,27.102014038037847,26996200
2020-11-20,26.865243911743164,27.051279011791145,26.729945363910833,26.814505746641604,18632200
2020-11-23,26.869468688964844,27.021679943787465,26.746853887814872,26.970943396475178,16930600
2020-11-24,27.156982421875,27.22463008217265,26.94980561550207,27.085102548983265,21807000
2020-11-25,27.228853225708008,27.237307971766413,26.886377946462865,27.123151158236915,22985200
2020-11-27,26.95825958251953,27.245771001329107,26.848330121612623,27.22040030690204,12073200
2020-11-30,26.56927490234375,26.899064875932375,26.46357282230783,26.882153768919792,26889400
2020-12-01,26.755306243896484,27.131605338180215,26.73839513924699,26.767991588490506,30174800
2020-12-02,26.93288803100586,26.94557176341077,26.459343204223874,26.628465550203206,24397600
2020-12-03,26.653839111328125,26.915979840066303,26.581960852209956,26.89061075810356,18753600
2020-12-04,26.387468338012695,26.742627406824294,26.239486064710285,26.679205510902797,21005000
2020-12-07,26.535451889038086,26.666523060907082,26.294451253549145,26.29868024035331,17391400
2020-12-08,26.45511817932129,26.628469537315436,26.25217036602711,26.362099826729263,21005400
2020-12-09,26.408601760864258,26.518532804305327,26.231023077762316,26.47625101341053,22969800
2020-12-10,26.273305892944336,26.48048265691062,26.150691106370115,26.395920679518554,21602800
2020-12-11,26.31559181213379,26.34941564065998,26.138011470492373,26.16338055155138,13351400
2020-12-14,26.1802921295166,26.72148791162682,26.154924660887865,26.50162737715796,27208800
2020-12-15,26.69611358642578,26.76376284429107,26.171832241191183,26.302901771057066,22357200
2020-12-16,26.387468338012695,26.88215493269726,26.353644509637494,26.746854780539014,24312800
2020-12-17,26.565046310424805,26.759537741678102,26.476255341473806,26.480484327697297,25389800
2020-12-18,26.336729049682617,26.666519003246485,26.209886883918486,26.569273289064462,20877400
2020-12-21,26.01779556274414,26.12865402104569,25.719328230602283,26.12865402104569,27915400
2020-12-22,25.966625213623047,26.077483650441884,25.889876439473163,26.009262698588188,24177000
2020-12-23,25.915464401245117,26.294943637223984,25.911201302347948,26.090280733320196,11543400
2020-12-24,26.098812103271484,26.111604654733267,25.83019292031999,25.97089797426843,7272400
2020-12-28,26.21393394470215,26.384487192184952,26.115866396680246,26.23525269400842,11739000
2020-12-29,26.20966911315918,26.401539470750564,26.13718341848911,26.277890082340075,15165000
2020-12-30,26.341842651367188,26.427119257576347,26.184081987115626,26.226719476962217,11847200
2020-12-31,26.734115600585938,26.77248999379292,26.277887607189637,26.34610856994471,18184000
2021-01-04,26.060434341430664,26.78102004874077,25.911201481256718,26.78102004874077,25260600
2021-01-05,26.056171417236328,26.192613355029252,25.84298068612036,26.115864561706207,16666600
2021-01-06,26.704275131225586,26.879091489876863,26.145714752843983,26.205407905576163,35961800
2021-01-07,26.35463523864746,26.900402916770503,26.32905176879195,26.849237603575464,24758800
2021-01-08,26.576356887817383,26.63178530591107,26.341845786204967,26.38874800652745,26930600
2021-01-11,26.329051971435547,26.58488016589573,26.132916913915007,26.478284813784654,16657200
2021-01-12,26.188350677490234,26.375959576513694,25.872829281613857,26.28641985280686,24619000
2021-01-13,26.700008392333984,26.785285015458257,26.222461579960886,26.269363804005053,26687400
2021-01-14,26.59767723083496,26.729854448927988,26.44417963748643,26.70853570018875,26067000
2021-01-15,26.857769012451172,26.93878090470164,26.44417847374277,26.542246014840558,27564800
2021-01-19,26.755434036254883,27.02831788411117,26.717059643492842,27.002736039947166,18993200
2021-01-20,26.91319465637207,27.032582559476847,26.589145494267175,26.746906163547454,44796200
2021-01-21,26.755434036254883,26.904666882265033,26.708531819932826,26.849238468898996,13975600
2021-01-22,26.793811798095703,26.883351516960598,26.576357962778633,26.678688605333875,18760000
2021-01-25,27.331050872802734,27.369426895691685,26.670159936619477,26.70000650862983,37848600
2021-01-26,27.058168411254883,27.32252610073619,26.94730994179092,27.292679527168346,19473600
2021-01-27,26.329051971435547,27.04110814280985,26.20966569755626,26.840709986871904,39287400
2021-01-28,26.644577026367188,27.049638095056114,26.35037279041554,26.418593756075204,25465800
2021-01-29,26.49960708618164,26.76822622167753,26.333316958687284,26.50813328362802,27760600
2021-02-01,26.627521514892578,26.866294082667974,26.405802968732477,26.670159008705003,16109400
2021-02-02,26.844974517822266,27.258565026568856,26.606201957322032,26.717060413766273,28698600
2021-02-03,26.759700775146484,26.938781841236747,26.70000762862181,26.815130822569216,16266800
2021-02-04,26.968624114990234,27.006998506854814,26.67015680343418,26.746905587163337,22702200
2021-02-05,27.113597869873047,27.26283073446838,26.977155928952673,27.088014396006887,11920000
2021-02-08,26.904672622680664,27.181821254707764,26.80234197115917,27.173293429328243,21531400
2021-02-09,26.943042755126953,27.041110291680337,26.721324209934735,26.95157057915544,12386800
2021-02-10,27.049638748168945,27.160498836615186,26.86629459355999,27.100805693536206,19621200
2021-02-11,26.896142959594727,27.126387709120753,26.85350383818904,27.036847993943066,17422600
2021-02-12,26.700008392333984,26.938782611778684,26.559303346717794,26.815131589574307,20216000
2021-02-16,26.401535034179688,26.70426705890712,26.36316227032262,26.670155766790707,31723200
2021-02-17,26.4228572845459,26.469759501284297,26.243776241228012,26.431385108181612,20358200
2021-02-18,26.58062171936035,26.695744914969975,26.380221901834386,26.380221901834386,15419600
2021-02-19,26.1840877532959,26.597678327254595,26.16276900367785,26.5848857762707,17935400
2021-02-22,25.672426223754883,26.14144678570559,25.429388932018547,26.111600214896992,35602800
2021-02-23,25.8856201171875,25.975159840587143,25.642582795664854,25.77476164438551,26213200
2021-02-24,25.582887649536133,25.868562447561512,25.557304176340764,25.8216618531443,23673600
2021-02-25,25.352642059326172,25.655372515569738,25.228991041474714,25.531723124234528,31360400
2021-02-26,24.883623123168945,25.59567940517396,24.87509529849319,25.437918714963097,38014800
2021-03-01,25.433652877807617,25.71932765436783,25.19487869214058,25.19914179076139,31427400
2021-03-02,25.35690689086914,25.5402510556174,25.21620022310205,25.472030084537785,29306200
2021-03-03,25.058439254760742,25.318532212405806,24.845248519184945,25.318532212405806,45849800
2021-03-04,25.037118911743164,25.50613784952881,24.900676979786756,25.075493306763164,44172600
2021-03-05,25.446443557739258,25.56582983617726,24.921994600508818,25.143713136548005,33606600
2021-03-08,25.80460548400879,26.030587131452872,25.450708100674852,25.518929067441906,38423800
2021-03-09,26.145709991455078,26.230986605478382,25.911200522778085,25.94531019247773,22224400
2021-03-10,26.324792861938477,26.405804756272637,26.064699903133754,26.13718397282491,27421200
2021-03-11,26.256574630737305,26.58915169393194,26.243782079179997,26.277893381310935,17168800
2021-03-12,26.61046600341797,26.691477892684063,26.248042424602748,26.37169180790023,20043800
2021-03-15,26.95157241821289,27.01979338857974,26.648841963867252,26.648841963867252,24417200
2021-03-16,26.98567771911621,27.05389867432103,26.815124517846236,26.887610197666532,29243400
2021-03-17,26.546510696411133,26.968629084708525,26.520928848131245,26.964365985500642,34407000
2021-03-18,26.44843864440918,26.62751968444635,26.26509450589028,26.520924330726803,29627600
2021-03-19,26.520923614501953,26.75116996268198,26.17555409223191,26.456965753391064,38712600
2021-03-22,26.482694625854492,26.602972354714215,26.293684893462178,26.46121505541998,25641000
2021-03-23,26.877897262573242,26.980993642438005,26.418262581276462,26.474106521980765,26117200
2021-03-24,26.886489868164062,27.079794564184862,26.6974817424223,26.791984985962465,22058400
2021-03-25,27.174297332763672,27.264507281770946,26.852123391247215,26.972402777036447,28309600
2021-03-26,27.264507293701172,27.290280160290468,26.90796734504281,27.17000241311001,20770200
2021-03-29,27.556608200073242,27.685475793514303,27.19577336699022,27.20865979860209,32775600
2021-03-30,27.307462692260742,27.47069794537371,27.10556650127,27.47069794537371,22111200
2021-03-31,27.509357452392578,27.560906459322613,27.264505404789432,27.320347704305032,22259200
2021-04-01,27.48358154296875,27.530832338912166,27.2988683742386,27.466398541537757,21046600
2021-04-05,27.784276962280273,27.960396988140474,27.556607933149543,27.582380796123633,29288200
2021-04-06,27.93033218383789,27.934628754152996,27.552315929180793,27.754212128793217,17258600
2021-04-07,27.895965576171875,28.046312743075728,27.754208271381483,27.908852008003286,15798400
2021-04-08,27.874488830566406,28.054905449140023,27.814349957708533,27.96899371000671,19909800
2021-04-09,27.84441566467285,28.016242397247872,27.78857336944796,27.90025795989774,15751200
2021-04-12,27.870187759399414,28.067787349352066,27.77568617254381,27.848711466745875,14201400
2021-04-13,28.20095443725586,28.252500160848324,27.706953829787455,27.758502830702124,18250800
2021-04-14,28.325536727905273,28.325536727905273,28.059205063976133,28.132230377895645,15125400
2021-04-15,28.639110565185547,28.65199699657447,28.31264337892505,28.329823102562063,23863400
2021-04-16,28.871076583862305,28.98276445306824,28.68636341750426,28.746502283079217,22376000
2021-04-19,28.72502899169922,28.93551504321011,28.65629697967452,28.88826260427381,21503400
2021-04-20,29.090152740478516,29.163178030069165,28.70784001577215,28.72502301520325,29548800
2021-04-21,28.845300674438477,29.23190996753619,28.737909386207,29.12022211012529,19230200
2021-04-22,28.639110565185547,28.92262516503118,28.613337702407698,28.823823728845554,17983600
2021-04-23,28.600454330444336,28.746504938238456,28.527429026547278,28.65200006151394,16881600
2021-04-26,28.437213897705078,28.63052019708764,28.351302171749893,28.613337196432152,12578400
2021-04-27,28.218137741088867,28.40714419183129,28.170885309072702,28.39425776079456,20942000
2021-04-28,28.179479598999023,28.30835048426256,28.046315420930053,28.23102860856899,15158200
2021-04-29,28.437213897705078,28.454396898360567,28.17947544251726,28.17947544251726,19223600
2021-04-30,28.660594940185547,28.669184803444,28.325534558616937,28.49735804236903,20484600
2021-05-03,28.656293869018555,28.92262547071976,28.60904143521153,28.72502587358236,21544000
2021-05-04,28.54890251159668,28.677773381229542,28.359892776754442,28.626224377911925,23445600
2021-05-05,28.067790985107422,28.54890522991464,27.908853945058848,28.54890522991464,23562800
2021-05-06,28.282573699951172,28.30834984281346,27.956106478707184,28.145112954868786,23305400
2021-05-07,28.368486404418945,28.583269005956954,28.256798533968905,28.265391673330978,18110800
2021-05-10,28.656293869018555,28.944101764154176,28.428624839215082,28.428624839215082,26442000
2021-05-11,28.30405044555664,28.664886913681453,28.106450849071148,28.626224341911275,28210000
2021-05-12,27.642520904541016,28.273982294385934,27.629634472474383,28.273982294385934,29553800
2021-05-13,28.175174713134766,28.34270812545997,27.65110801846768,27.672584308124502,28222800
2021-05-14,28.312646865844727,28.493063482154007,28.24391485354249,28.24391485354249,18910600
2021-05-17,28.0806827545166,28.462995580925927,28.03772360584983,28.299758681567177,25124000
2021-05-18,28.07638168334961,28.170886551550076,27.94751081265399,28.020539387286778,19532400
2021-05-19,28.029129028320312,28.05490189132734,27.702658561834443,27.94321730008199,26238000
2021-05-20,28.27397918701172,28.445805909435155,28.072083033963345,28.080676172611692,25679600
2021-05-21,28.420034408569336,28.527425705559416,28.21813824585642,28.34271254364359,20487800
2021-05-24,28.368486404418945,28.604745299717308,28.351303403017216,28.557496142515564,19343000
2021-05-25,28.02483367919922,28.398556595688586,27.960398241553122,28.398556595688586,20427400
2021-05-26,28.029129028320312,28.149406758782906,27.947510592368257,28.042015459823826,16841600
2021-05-27,27.840120315551758,28.127931498094,27.831530453341493,28.127931498094,16996200
2021-05-28,27.990474700927734,28.093569448573124,27.904559680120794,28.007654427766184,19565000
2021-06-01,27.81864356994629,28.11933790226326,27.754208133786243,28.054902466103215,22052200
2021-06-02,27.964698791503906,28.11934255293565,27.749916153662365,27.861604042990397,20491400
2021-06-03,28.132225036621094,28.2224333385691,27.741322394846403,27.835827266598365,23707200
2021-06-04,28.08927345275879,28.248213786510494,28.054907443733068,28.205257913889845,14469600
2021-06-07,28.14081382751465,28.18376968694853,28.06778526142285,28.11503768999672,13822400
2021-06-08,27.900259017944336,28.22243292474426,27.779981283777293,28.200956630684406,18363600
2021-06-09,28.1494083404541,28.200957346686966,27.908852866012477,27.968991734622882,18760800
2021-06-10,28.33411979675293,28.364189229233446,28.102154198765074,28.17088620290474,16654400
2021-06-11,28.3985538482666,28.420033417844756,28.200954261971866,28.334118416854317,18198400
2021-06-14,28.45870018005371,28.531725492071413,28.28687341029444,28.402857872744242,13733000
2021-06-15,28.544607162475586,28.699250901718205,28.411442994864302,28.493061434276377,32781000
2021-06-16,28.11504364013672,28.720732201502226,28.102157207311528,28.61763746157801,46277600
2021-06-17,28.26968765258789,28.4243314025792,28.011949161709953,28.093567606795013,25708800
2021-06-18,27.53512954711914,28.127931639606558,27.492173681206754,28.106452067989117,36079800
2021-06-21,27.8918399810791,27.961102494208895,27.46759676698446,27.623441549996357,27886600
2021-06-22,27.723011016845703,27.974094666474777,27.71002450096423,27.891842328857216,16608600
2021-06-23,27.428638458251953,27.7056951454847,27.346386118900398,27.7056951454847,25666400
2021-06-24,27.40266227722168,27.471926445245145,27.281450396027623,27.46326821781871,15215800
2021-06-25,27.69703483581543,27.71867957824335,27.3853452604118,27.41564988147648,18273600
2021-06-28,27.874521255493164,28.013049573239396,27.770625842877394,27.80958538406745,16735200
2021-06-29,27.424304962158203,27.9524452358227,27.342054284861234,27.787943881228763,24688000
2021-06-30,27.372358322143555,27.506558365343146,27.268462899540232,27.402661291351855,19077400
2021-07-01,27.671062469482422,27.766301325800104,27.3160833795196,27.424308752103098,22993200
2021-07-02,27.71434783935547,27.744650807064502,27.5758211665341,27.744650807064502,18629400
2021-07-06,27.83123207092285,27.848548523671916,27.394000721642083,27.71002020445507,18156400
2021-07-07,28.013051986694336,28.017381925902594,27.688375904369032,27.84422068810725,24199200
2021-07-08,27.93079948425293,28.099634084580067,27.813917548554322,27.85720703204359,20513000
2021-07-09,27.965431213378906,28.043353601485418,27.73599398805855,27.969761152378084,21484200
2021-07-12,28.05634307861328,28.077989473119416,27.80093279787659,27.935131196041556,17323000
2021-07-13,27.844221115112305,28.09963468790191,27.744652328450876,28.008722477013844,22493200
2021-07-14,28.08664321899414,28.20785839212723,27.72300760792215,27.852876053543962,20720000
2021-07-15,28.40266990661621,28.4243163044243,27.982754890241424,27.991414770475295,28574600
2021-07-16,28.68838119506836,28.835569423760276,28.402667920089083,28.432970893235012,33106600
2021-07-19,28.233837127685547,28.800937051247967,27.91349093373497,28.571499778441076,45585000
2021-07-20,28.355045318603516,28.640761864398257,28.25980647000527,28.25980647000527,33779200
2021-07-21,28.043354034423828,28.43729592003731,28.021710944645285,28.372360045150103,22456800
2021-07-22,28.08664321899414,28.21218502837159,27.99573431622614,28.073656704709535,22875400
2021-07-23,28.445959091186523,28.471932126053485,28.1039664867398,28.15591585925028,16216800
2021-07-26,28.454614639282227,28.541193610842004,28.255477059697842,28.389678759224367,17936800
2021-07-27,28.94379234313965,28.991411768724,28.268467111617717,28.4329684800516,34285800
2021-07-28,28.723012924194336,28.982753155136447,28.510892120915504,28.93080709061376,24948200
2021-07-29,28.80093002319336,28.88318234725142,28.63642867785285,28.774956995712127,30247800
2021-07-30,28.558509826660156,29.026044195831986,28.493573947145844,28.78361713249695,25265200
2021-08-02,28.7792911529541,28.883186580883407,28.58881344943695,28.62344635967209,23564200
2021-08-03,28.94379234313965,29.0779907409995,28.68837876020758,28.822580460843515,25994400
2021-08-04,28.900503158569336,28.935132766175236,28.54119414460218,28.826907398313523,32378000
2021-08-05,29.216516494750977,29.25547934077281,28.865867394433455,28.939459844637614,31790800
2021-08-06,29.199203491210938,29.411327594310418,29.11695445593727,29.18621697526121,20000800
2021-08-09,29.19054412841797,29.298769488036488,29.03036940718325,29.22084709700012,16865200
2021-08-10,29.220849990844727,29.3204187847758,29.0866515885159,29.216520051253937,15834200
2021-08-11,29.493576049804688,29.627777751791513,29.285785193141407,29.285785193141407,18488800
2021-08-12,29.523876190185547,29.62777491133238,29.428640649964652,29.441627164414058,18920200
2021-08-13,29.73166847229004,29.766301377175374,29.523874345753605,29.584480277915148,23580800
2021-08-16,29.91349220275879,30.12561300740291,29.701371398114663,29.73167437020668,25796600
2021-08-17,29.930809020996094,29.935138960712017,29.632105933346896,29.83124352696389,23037200
2021-08-18,29.779298782348633,29.9914196224955,29.679729970080704,29.926483727779615,31411200
2021-08-19,29.900497436523438,30.142921146371034,29.76196913049976,29.79227209423071,27723000
2021-08-20,30.272796630859375,30.294443023111352,29.692707006819063,29.848551783261193,23581600
2021-08-23,29.88318634033203,30.259811787999123,29.826910341254575,30.251151909509712,21830800
2021-08-24,29.68838119506836,29.896172034244614,29.48924693136785,29.870199005041542,25331000
2021-08-25,29.744661331176758,29.83990018854037,29.515224067224224,29.684055386086516,16329800
2021-08-26,29.67106056213379,29.75763951579983,29.60612469549657,29.744653003027462,16631800
2021-08-27,29.662410736083984,29.79661245334802,29.606134727409707,29.701373590378864,21005000
2021-08-30,29.705699920654297,29.792278893136558,29.554181764646202,29.653750555499286,23691400
2021-08-31,29.67106056213379,29.839891833725332,29.545518767375267,29.692703649162613,22580200
2021-09-01,30.0606746673584,30.160240141110624,29.714352221703567,29.753315065658153,26667400
2021-09-02,30.33340072631836,30.33340072631836,30.0953036370886,30.125606602738245,20598800
2021-09-03,30.082321166992188,30.285785379176907,30.00872871234801,30.24249589425539,18942000
2021-09-07,29.68405532836914,30.060680817363032,29.632105960060102,30.056350877643204,26290200
2021-09-08,30.216520309448242,30.298769333013254,29.59747114935264,29.666733658816632,29176200
2021-09-09,30.05202293395996,30.22951414372249,30.026049899468475,30.12128876297261,16355000
2021-09-10,29.632108688354492,30.06501022245917,29.6234521108941,30.030380609841007,24654400
2021-09-13,29.580156326293945,29.91781892262998,29.493574056223235,29.883186014601698,26236400
2021-09-14,29.4805908203125,29.770634026062957,29.406998359649176,29.67539847255668,28103200
2021-09-15,29.441631317138672,29.636435666908366,29.277126636840798,29.437301377452865,19812800
2021-09-16,29.19487953186035,29.55851522290629,29.15158673768932,29.437303325890976,31464000
2021-09-17,28.74465560913086,29.290112335643105,28.71867927744641,29.134267556639607,25108000
2021-09-20,28.691877365112305,28.944862189025063,28.377827697880523,28.683155242260035,45678600
2021-09-21,28.613365173339844,28.971032113214676,28.595917599713705,28.774752733543323,26417600
2021-09-22,28.595918655395508,28.82709319085346,28.486873812044813,28.718048347502762,24787600
2021-09-23,28.44325828552246,28.80965071211037,28.417088586403583,28.595920410023783,19333200
2021-09-24,28.4127254486084,28.62645241981099,28.342938476041805,28.438895147347786,23660200
2021-09-27,28.07686424255371,28.65262081627484,28.03760637300374,28.364740865522204,21783400
2021-09-28,27.723562240600586,28.09431571526321,27.640687092765777,28.050695114644085,40471600
2021-09-29,28.085588455200195,28.281867834206647,27.732284241874822,27.806433933696425,30867600
2021-09-30,27.863136291503906,28.20771670043111,27.82388008493092,28.190269127755982,27142600
2021-10-01,27.863136291503906,28.085587019489424,27.767176305682803,28.033244301464034,29001200
2021-10-04,28.246978759765625,28.32549118455455,27.819521485295965,27.832607998689028,40402600
2021-10-05,28.177186965942383,28.382191804685196,28.142291817266045,28.28186908418686,26130400
2021-10-06,28.613365173339844,28.635175472318615,27.924200990137184,28.0899512756933,33152400
2021-10-07,28.460702896118164,28.89251952552102,28.430170474398455,28.665707725286662,27540200
2021-10-08,28.25133514404297,28.513045417278036,28.229528173129623,28.456339971777737,17795800
2021-10-11,27.867502212524414,28.190274043841757,27.828245999105558,28.1335719185975,25420200
2021-10-12,28.055055618286133,28.137930759557182,27.83260488222063,27.906754572945072,20996000
2021-10-13,28.382192611694336,28.40400291218333,27.91548080017775,28.06378019459207,26205400
2021-10-14,28.731136322021484,28.787838442162716,28.40836119196815,28.47815148855844,21398000
2021-10-15,28.648258209228516,28.87506999408359,28.60027821723884,28.774750612857286,29602400
2021-10-18,28.373470306396484,28.530495151114287,28.22080485952085,28.456342126597548,20702000
2021-10-19,28.731136322021484,28.770390868015145,28.513046636853584,28.591559056625407,21413600
2021-10-20,29.18475914001465,29.298163364262667,28.818366790289566,28.848899208784655,27799600
2021-10-21,29.18475914001465,29.302526089128833,29.14550127178723,29.20220338391124,17372800
2021-10-22,29.333059310913086,29.385402027388373,29.19784478641541,29.263269022279367,21399800
2021-10-25,29.20657730102539,29.385412483445183,29.13679031534386,29.289452466320935,15160200
2021-10-26,29.363597869873047,29.590409699788427,29.184766041479445,29.232742715216407,19391400
2021-10-27,29.167322158813477,29.507541610657242,29.136789729232248,29.43339189992929,22263600
2021-10-28,29.35922622680664,29.363588951379406,29.106244773910976,29.141136587141673,15443600
2021-10-29,29.18475914001465,29.472635753284894,29.040819169487506,29.350506079304544,26666800
2021-11-01,29.289440155029297,29.363589836081342,29.08443535512219,29.17603260720717,16182800
2021-11-02,29.315608978271484,29.45518621461161,29.106244787653203,29.39848410627412,19864800
2021-11-03,29.20657730102539,29.381049756907178,28.971039984752768,29.26764216141622,20992200
2021-11-04,29.04518699645996,29.224022162252336,28.744225449026086,29.162957307539084,32183000
2021-11-05,29.31998062133789,29.44647305021356,29.110613039250797,29.141145464994246,21584400
2021-11-08,28.88380241394043,29.359236395746347,28.744225129321862,29.354876997447455,19670200
2021-11-09,29.03209686279297,29.114972005302064,28.844539606651182,28.93613687205284,16489400
2021-11-10,29.267641067504883,29.293814097969353,29.036466486410678,29.053914064125266,25833200
2021-11-11,29.08880615234375,29.263275255522707,28.936140695384914,29.25019040556277,15747400
2021-11-12,29.07135772705078,29.149870152301236,28.94486530149256,29.08007985084095,18179000
2021-11-15,29.455196380615234,29.468281231071934,29.136787260219023,29.197852114206924,19003800
2021-11-16,29.315608978271484,29.524976496673577,29.298161407755995,29.468271060552276,13213400
2021-11-17,29.341785430908203,29.38540603113963,29.097526042978178,29.24582876263896,19001800
2021-11-18,29.189123153686523,29.35051072141956,29.08880376038632,29.293808600327466,15305000
2021-11-19,29.354873657226562,29.420297902115045,29.149868815817094,29.228381237467858,20606000
2021-11-22,29.533716201782227,29.69074110212711,29.254561562899276,29.33307401307172,23154000
2021-11-23,29.564237594604492,29.738710010689875,29.38540578076077,29.529342445830505,19036400
2021-11-24,29.581684112548828,29.64274895683024,29.3984895797046,29.551151690408123,15931600
2021-11-26,29.119338989257812,29.564240533100584,29.045185958796615,29.372320523552588,21854600
2021-11-29,29.551158905029297,29.634034068694824,29.110616711344196,29.34615402298419,22821800
2021-11-30,28.687517166137695,29.41593928036437,28.661347467491893,29.411576554661846,48623000
2021-12-01,28.7398624420166,29.433389467746323,28.72241486544262,28.8794397268235,46024600
2021-12-02,29.10624885559082,29.376677916917032,28.809646770941477,28.809646770941477,35050200
2021-12-03,29.39849281311035,29.40721493705939,28.822736126714766,29.25019008369834,42771400
2021-12-06,29.84775733947754,30.157444323111648,29.57732490564354,29.590409755576907,47222000
2021-12-07,30.070209503173828,30.144359203990653,29.77360737212173,29.85211979880566,21789000
2021-12-08,30.0396728515625,30.240314952019837,29.87828529503223,30.096374968718596,25994400
2021-12-09,30.00041389465332,30.170523567752603,29.795409076358233,30.10945872755205,23783400
2021-12-10,30.16180992126465,30.30574993980848,30.004785051541408,30.12255203994127,23403600
2021-12-13,30.532562255859375,30.6808616751938,30.13127795059367,30.13127795059367,27500000
2021-12-14,30.3493595123291,30.589256154527646,30.205419530339398,30.528191312674615,35005000
2021-12-15,30.846603393554688,30.872773089009687,30.314464067407943,30.314464067407943,45364600
2021-12-16,31.00363540649414,31.19119269888192,30.789905084801877,30.816078114106357,30209200
2021-12-17,30.536916732788086,31.038523642755166,30.471489165786416,30.885858210489836,43674000
2021-12-20,30.565935134887695,30.596707552103616,29.998840571386925,30.245023263056222,30091200
2021-12-21,30.52197265625,30.864866236963884,30.359316547013712,30.66264703177215,32355800
2021-12-22,30.653850555419922,30.6978106605957,30.429649658900114,30.473609764075892,18967800
2021-12-23,30.649457931518555,30.80771701598648,30.618685518090984,30.671436310285948,14505400
2021-12-27,30.79892921447754,30.79892921447754,30.570334576172364,30.662651835138426,15707400
2021-12-28,31.075881958007812,31.084672639830224,30.8209085839126,30.842890319381546,16104000
2021-12-29,31.24293327331543,31.291290410560332,31.058298760530583,31.111049561930766,13755400
2021-12-30,31.357227325439453,31.38799973938826,31.128629375584104,31.326454911490643,18672400
2021-12-31,31.467132568359375,31.577034537357047,31.229743912851372,31.291288747174715,18618800
2022-01-03,31.155014038085938,31.462738235968157,30.7989293474597,31.45394755343247,43299600
2022-01-04,31.058298110961914,31.458339546962417,31.04950407495107,31.15501238342899,29321800
2022-01-05,31.040706634521484,31.39239421165904,31.009934223067546,31.036309617473407,44486400
2022-01-06,30.719789505004883,31.168191304887223,30.68462343269224,31.040704650173268,36259600
2022-01-07,30.952795028686523,31.10226011049131,30.464829972771916,30.65386151113471,39272000
2022-01-10,30.750558853149414,30.970362714441233,30.601093837362537,30.92640261297102,31169800
2022-01-11,30.473617553710938,30.838492892426913,30.271398335058468,30.724193906600075,33653800
2022-01-12,30.570329666137695,30.64945921167672,30.2889809162082,30.376901142833045,28113600
2022-01-13,30.719789505004883,30.83848548012595,30.539552064851417,30.557136777978283,33949000
2022-01-14,30.5087890625,30.776950150973065,30.354926967624174,30.719798977203386,32547200
2022-01-18,30.143911361694336,30.3373398967929,29.906522710602964,30.28458574523642,35534800
2022-01-19,30.280189514160156,30.548350588807732,30.143912144859307,30.15270282670951,32051200
2022-01-20,30.31975555419922,30.759363427442203,30.284586119393722,30.37250635246556,29529600
2022-01-21,30.262596130371094,30.6274713705932,30.205448329855013,30.469212311073754,48542600
2022-01-24,29.972463607788086,30.32415123242293,29.203149863598394,30.227436967951263,57602000
2022-01-25,29.50208282470703,29.85816410684246,29.36580546565603,29.506479842272395,52218600
2022-01-26,29.26029396057129,29.880142565620936,29.097641221839563,29.55922739735824,49234200
2022-01-27,29.519662857055664,29.888931779352507,29.374591485892836,29.532850553717527,44982000
2022-01-28,29.875747680664062,29.90212307716421,29.216335936627782,29.440536868703756,50050400
2022-01-31,30.442838668823242,30.469214062278734,29.638355629018925,29.699900449709194,52580000
2022-02-01,30.038400650024414,30.521968541062403,29.75705193691354,30.35931245375656,41020200
2022-02-02,30.48240852355957,30.526371994329857,29.963674449466218,30.01642524808348,45723800
2022-02-03,30.346128463745117,30.53515996788919,30.262601901420034,30.394485594149995,34289800
2022-02-04,30.104345321655273,30.37250300918928,29.801014849245536,30.082363588836017,37029200
2022-02-07,30.060380935668945,30.183473940169932,29.875746459829617,30.051590255175306,27543600
2022-02-08,30.082365036010742,30.280187225134547,30.00763250713657,30.183476316325336,38853200
2022-02-09,30.214244842529297,30.368106898037833,30.12192425528291,30.29776804183892,35231800
2022-02-10,29.449331283569336,30.060385975539326,29.387786447971063,29.91531792245311,45060000
2022-02-11,29.4669132232666,29.796619106004524,29.339426546134938,29.576815184179242,36059800
2022-02-14,29.216333389282227,29.611981071996148,28.93498467133928,29.563623946667708,37112200
2022-02-15,29.080062866210938,29.510876724231867,28.948179156400904,29.39658108660137,34174400
2022-02-16,29.14599609375,29.269085731035094,28.86025037637185,29.119617347231003,32184600
2022-02-17,29.16358184814453,29.304259573604835,28.807500578912475,29.014116795755324,29159800
2022-02-18,29.1108341217041,29.352616441440883,28.978950417162636,29.06687400483759,33686800
2022-02-22,29.080062866210938,29.286679113073696,28.882237301495888,29.216340240123795,34421400
2022-02-23,28.58769416809082,29.220730461631884,28.556921756818202,29.132806890894912,34583600
2022-02-24,28.816293716430664,28.873441525163237,28.25798991120491,28.403061295612368,57320000
2022-02-25,29.708696365356445,29.743865794818994,29.005324545812424,29.07126303362796,42528000
2022-02-28,29.862564086914062,29.90652420510366,29.493291715448997,29.528461151577485,36705200
2022-03-01,29.60318946838379,30.060382011061808,29.378991891390395,29.80101500295282,33464600
2022-03-02,29.963674545288086,30.073576514681413,29.598799201956187,29.61638391953215,29259800
2022-03-03,30.491207122802734,30.640672213177464,30.05599619936419,30.082371602620338,41471200
2022-03-04,31.16380500793457,31.19018040972701,30.350531031226016,30.412075871369872,48683600
2022-03-07,31.568239212036133,31.638578079213357,30.9703722567969,31.234139654769695,61944000
2022-03-08,31.080280303955078,31.814428119543113,31.067092602263862,31.651771972819066,53129800
2022-03-09,30.860471725463867,31.34843673885636,30.803323908684742,31.30447662179996,50953800
2022-03-10,31.06708335876465,31.128628184306972,30.60549716719721,30.627475545495784,34039800
2022-03-11,30.961580276489258,31.322058570795484,30.930807861875618,31.11544234955747,24988400
2022-03-14,30.92641830444336,31.317669107740706,30.768159175700337,31.159409978997683,41004600
2022-03-15,31.322053909301758,31.387995746214834,31.04510221899622,31.225339662354735,29004400
2022-03-16,31.26490592956543,31.41876797886651,30.820901141061352,31.282490642905717,40011800
2022-03-17,31.39678955078125,31.620990477023213,31.22094575282562,31.282493932960353,31830000
2022-03-18,31.128629684448242,31.537465104648415,31.05829417498519,31.3967907317807,37038000
2022-03-21,31.336626052856445,31.482666786270702,31.164033686585814,31.172886481772668,36294400
2022-03-22,31.38088035583496,31.456112226161803,31.133052758946857,31.456112226161803,29286400
2022-03-23,31.425134658813477,31.60657642969141,31.195009270929482,31.34989941103304,27990000
2022-03-24,31.748191833496094,31.78802265736329,31.429558747966293,31.49151818246548,26591400
2022-03-25,32.20844650268555,32.221722321514,31.788029816805125,31.86326170773485,28922000
2022-03-28,32.416439056396484,32.416439056396484,32.04912569430663,32.23942028388974,30959800
2022-03-29,32.71736526489258,32.71736526489258,32.345625558302814,32.40315859251948,38114600
2022-03-30,32.9873161315918,32.99616554906296,32.650980869710985,32.74834134365161,35229200
2022-03-31,32.9519157409668,33.25284661708142,32.93421352750688,32.965191556973735,35701200
2022-04-01,33.41216278076172,33.43429139142221,32.73064276391242,32.92536373339849,38013800
2022-04-04,33.15548324584961,33.27497233221744,32.81472495136889,33.27497233221744,28391000
2022-04-05,33.363494873046875,33.744084157919865,33.16435080888567,33.16877383157143,38140600
2022-04-06,34.02729797363281,34.04942658275312,33.31922637435529,33.469690112047886,56489200
2022-04-07,33.94322204589844,34.02730673057277,33.63344169660234,34.01403091222473,42033800
2022-04-08,34.05828094482422,34.17777004925734,33.77062586625998,34.06713374029818,34388600
2022-04-11,33.59361267089844,34.12466563810611,33.54493242166328,34.080411786897535,46335800
2022-04-12,33.72195053100586,33.898969326389505,33.381192135383316,33.50067788086448,45313800
2022-04-13,33.65555953979492,33.8148760616865,33.43428696787346,33.72636500710701,35313000
2022-04-14,33.67325973510742,33.898958712966305,33.62458287356103,33.72193997300545,28427000
2022-04-18,33.4918212890625,33.90338846525331,33.33250474496593,33.71309389182418,29878000
2022-04-19,33.70867156982422,33.77505403394887,33.491825338279256,33.58918583548176,33030400
2022-04-20,33.98304748535156,34.15121345166548,33.881260600245746,34.06713215668454,36652400
2022-04-21,33.421016693115234,33.96977524884533,33.39446505783398,33.87241475101088,36817000
2022-04-22,32.858985900878906,33.41216748170178,32.83685728710502,33.37676305020454,54683400
2022-04-25,32.63328170776367,32.99174561134562,32.09337603008014,32.97404339839758,59671800
2022-04-26,32.30580520629883,32.9209428709407,32.29252938821127,32.51822842475727,41106200
2022-04-27,32.150909423828125,32.62885904968517,32.044699521310534,32.32792817892539,49067800
2022-04-28,32.50936508178711,32.62442776180486,32.13762879052404,32.30579472566427,39902600
2022-04-29,31.535778045654297,32.42529164010219,31.487097794055348,32.36776196837278,54338200
2022-05-02,31.21271324157715,31.832277213239312,30.818848273264834,31.686236483051058,65832200
2022-05-03,31.33220672607422,31.845557487823164,31.186165975439934,31.327780327958866,42152800
2022-05-04,32.03141784667969,32.08895087902972,31.39415510461154,31.526916628381223,56580200
2022-05-05,31.703937530517578,32.08452666869578,31.420708875550346,31.819000226707985,54849200
2022-05-06,31.956195831298828,32.057982736287265,31.509224131193225,31.518076927984932,55359800
2022-05-09,31.71721076965332,32.0402702216689,31.451684349235258,31.76146461033106,51419400
2022-05-10,31.33220672607422,32.195168659181384,30.960466940491717,31.76147280539388,65578400
2022-05-11,31.55789566040039,32.08452550428256,31.283519810056486,31.310071440386086,72101800
2022-05-12,31.239267349243164,31.602157692897382,30.907358414161436,31.522499413423677,49892000
2022-05-13,31.611007690429688,31.65968793857359,31.10650636998589,31.513647194141875,30208800
2022-05-16,31.708370208740234,31.845558166065622,31.49152396540436,31.624285524520126,23213600
2022-05-17,32.03584671020508,32.04027310757703,31.367602513821247,31.85882795519819,29901800
2022-05-18,31.72607421875,32.15534370783194,31.641989529776453,32.08896123634507,37456600
2022-05-19,31.659677505493164,31.80129180533017,31.212705999989936,31.5800192508129,36552200
2022-05-20,31.748191833496094,31.83670289967212,31.31007302906859,31.74376881245125,31358000
2022-05-23,32.1287841796875,32.274824921170946,31.81015106239717,32.111081964687784,27082200
2022-05-24,32.77048110961914,32.83243718206691,31.94734657412422,32.19074446549683,32311400
2022-05-25,32.74834442138672,32.85455432278026,32.53592124224776,32.80587408123491,27723800
2022-05-26,32.84128189086914,33.080256725890685,32.81473025687305,32.95191820098918,23290000
2022-05-27,33.35462951660156,33.35462951660156,32.67310957337759,32.814723887790905,23241200
2022-05-31,32.894386291503906,33.16876216102112,32.75277195926379,33.04485004235502,31041000
2022-06-01,32.84128189086914,33.01387426454822,32.54035099228856,33.01387426454822,22422200
2022-06-02,33.06254577636719,33.093523799962675,32.33234564721493,33.00058972917622,25038200
2022-06-03,32.903236389160156,33.10680678493453,32.84128032854848,32.92536500067236,17691200
2022-06-06,33.049278259277344,33.30595530570323,33.009447432455026,33.19974201841185,20345800
2022-06-07,33.24842834472656,33.27940638176369,32.76162917284905,32.965199612857724,19820000
2022-06-08,32.5978889465332,33.10239032659479,32.54920869263667,33.10239032659479,19971400
2022-06-09,31.8145694732666,32.73506416405025,31.79244086598422,32.580174042127865,25767600
2022-06-10,31.5711669921875,31.854398973006177,31.305640597543242,31.5003615292463,32800600
2022-06-13,30.11962127685547,31.239259945630394,29.96915754926031,31.168454478630167,52721400
2022-06-14,29.358448028564453,30.2656670725163,29.026539116340906,30.155030768441787,51342600
2022-06-15,29.548742294311523,30.000140300921647,29.190281753331494,29.619551148819784,51664800
2022-06-16,28.977859497070312,29.181429872074244,28.74773411569075,29.181429872074244,48754400
2022-06-17,28.707914352416992,29.225691534542,28.468939489200995,29.022121105065995,43129400
2022-06-21,29.254365921020508,29.41495740154755,28.736903727461954,28.808279231416794,37266400
2022-06-22,29.56216812133789,29.78075308441425,29.089317244279115,29.09824088537752,28582200
2022-06-23,30.25806427001953,30.311592500447585,29.695994026922936,29.736143603115696,41140200
2022-06-24,30.784448623657227,30.846900498524118,30.298212279768524,30.418657612277475,30075200
2022-06-27,31.034252166748047,31.1056276737092,30.597085695039706,30.71753101219378,23276800
2022-06-28,30.918272018432617,31.377740833303548,30.878125843947288,31.136856979647845,26371800
2022-06-29,30.940576553344727,31.061018475640434,30.74429729869955,30.967340668661166,30329400
2022-06-30,31.284061431884766,31.51602843946536,30.708609136589285,30.74875871240472,37737800
2022-07-01,32.051326751708984,32.10485837764477,31.31974488077606,31.44464860458833,34255800
2022-07-05,30.958417892456055,32.002259144652875,30.472181616062525,31.97995685150876,44053600
2022-07-06,31.27960205078125,31.56509727948647,30.86474126479217,31.110086918919563,28518200
2022-07-07,31.248376846313477,31.54279231881684,31.21268909104893,31.440194276645844,16799400
2022-07-08,31.145769119262695,31.284054888808637,31.043167694412787,31.217144615396716,12564600
2022-07-11,31.342060089111328,31.40005014894858,30.953963340861943,31.025338863774486,13232800
2022-07-12,31.19038200378418,31.587398904145008,31.061016449241553,31.159156070161583,19140800
2022-07-13,31.06101417541504,31.395579184038784,30.873658587394843,30.90042269900594,38159200
2022-07-14,31.06101417541504,31.10562556592855,30.490023771903246,30.56139927402785,18925000
2022-07-15,31.11901092529297,31.163618917170748,30.583704812644726,31.092243407469,17484200
2022-07-18,30.686307907104492,31.09224507940402,30.67292584915872,31.047637085127516,15422000
2022-07-19,30.88258171081543,31.05209342047203,30.77998027906854,30.887040127095272,22715400
2022-07-20,30.472185134887695,30.949497826444876,30.432038960569468,30.9361157683388,34085200
2022-07-21,30.552478790283203,30.565860847470958,30.266983559039055,30.55694061046966,26029400
2022-07-22,30.971803665161133,31.092245592030633,30.726454587537514,30.797830102254153,19543000
2022-07-25,31.359893798828125,31.36881403461295,30.837969816080403,30.922727371206413,17292000
2022-07-26,31.547258377075195,31.64539801555079,31.29745086340795,31.33313522009461,17934400
2022-07-27,31.574018478393555,31.658776046906763,31.31082893903188,31.400044924456115,20684200
2022-07-28,32.70708084106445,32.77399453519463,32.104864400636544,32.13162851693988,29715600
2022-07-29,32.98810958862305,33.12639877775657,32.64016251259481,32.64462433246916,24547600
2022-08-01,33.02378845214844,33.05055255744786,32.67584146977408,32.885502703607465,23148800
2022-08-02,32.956878662109375,33.36281912487552,32.9301145536618,33.171001739802556,22916600
2022-08-03,33.162086486816406,33.24238223583368,32.39482015588341,32.90781718215698,21960400
2022-08-04,33.233455657958984,33.47434285905207,33.07286419056359,33.17992403437016,17328200
2022-08-05,33.11301803588867,33.29591181753985,32.80075529634611,33.14424396950577,22050200
2022-08-08,33.162086486816406,33.55464499462164,33.00595680910829,33.398515316913524,16899000
2022-08-09,33.53234100341797,33.594792877680504,33.242383928129414,33.264689627525414,16213600
2022-08-10,33.67954635620117,33.755380279531806,33.43419730616502,33.68400817621223,15778600
2022-08-11,33.67508316040039,34.014109996589056,33.576943544395405,33.72861478823166,16048200
2022-08-12,34.22377014160156,34.2282319612813,33.83567351037327,33.902587192084525,15798800
2022-08-15,34.5092658996582,34.54495365093204,34.09440515037093,34.156857013414495,15571000
2022-08-16,34.60740280151367,34.73230651781109,34.39774153342686,34.43342928190355,15577600
2022-08-17,34.549415588378906,34.70108684506446,34.437893906811034,34.46466142468003,21286000
2022-08-18,34.678775787353516,34.78583903553825,34.55833388735957,34.58063617820306,16559000
2022-08-19,34.66093826293945,34.8170713443048,34.504808584945835,34.634174147675324,17286600
2022-08-22,34.188087463378906,34.55834027419371,34.09887147677444,34.49588840289624,26453000
2022-08-23,33.982887268066406,34.201468813083046,33.8446014706804,34.12563488570179,15747000
2022-08-24,34.08993911743164,34.134547099325175,33.85351375036214,33.93827129831946,15002200
2022-08-25,34.29960250854492,34.29960250854492,33.91150589486328,34.17023697065104,14601800
2022-08-26,33.773223876953125,34.4289718749264,33.74199794387685,34.312988379198174,17732400
2022-08-29,33.87582015991211,34.125627586499284,33.402966012395176,33.59924522092564,22477400
2022-08-30,33.38066864013672,33.89366902676887,33.255764908442934,33.86690151042632,20560600
2022-08-31,33.162086486816406,33.603714808097294,33.14870442920881,33.398515316913524,22012800
2022-09-01,33.639400482177734,33.68846688924518,33.032722283452095,33.032722283452095,28160000
2022-09-02,33.2780647277832,34.040872521100674,33.1799251163556,33.72415139545689,25536800
2022-09-06,33.362823486328125,33.82675404583631,33.278065927336144,33.4654215177035,32900400
2022-09-07,34.406673431396484,34.455743251341964,33.487735718548734,33.52342347912221,31509800
2022-09-08,34.3798942565918,34.60739937640065,34.1970005196491,34.277292840718566,25150600
2022-09-09,34.5181884765625,34.71446771850752,34.28176306424046,34.58510216389571,21181400
2022-09-12,34.84830093383789,34.89290893174594,34.50481220286452,34.61187207851826,22680600
2022-09-13,33.92043685913086,34.63863679849252,33.75538353651079,34.4958891747085,35156200
2022-09-14,34.19700622558594,34.38882022908456,33.898125566018074,33.93381331691741,22297400
2022-09-15,33.344974517822266,33.924888479480536,33.260216971775236,33.924888479480536,36110000
2022-09-16,33.22007751464844,33.47880862073735,33.162084064755575,33.224539334648995,32222400
2022-09-19,33.665138244628906,33.66963028442417,33.02740565059842,33.11722588796915,21462800
2022-09-20,33.17561340332031,33.445077552229456,32.93309464137532,33.445077552229456,23408400
2022-09-21,32.72201156616211,33.61573559264329,32.708538873396535,33.391181576090666,30461200
2022-09-22,32.605247497558594,32.82530950798929,32.43458765242786,32.69507117375074,34700800
2022-09-23,32.22800064086914,32.33129359284613,31.814818553691776,32.28638346475078,32420600
2022-09-26,31.451034545898438,32.18757143520557,31.13666029793405,32.147153357505424,35939000
2022-09-27,30.92108917236328,31.707028275498846,30.768394077008345,31.657626114902232,38286000
2022-09-28,31.25343132019043,31.446547942013773,30.871690116983242,31.28038013640449,45882600
2022-09-29,30.000417709350586,31.163605859839187,29.93754285940106,31.091750356935016,40662000
2022-09-30,29.421066284179688,30.260896058256865,29.358191437770344,30.144130444309308,45553000
2022-10-03,30.283355712890625,30.449526923609575,29.69502526842424,29.90161455864585,50894000
2022-10-04,30.92558479309082,30.952530183291568,30.30581683351293,30.494441417764076,33993000
2022-10-05,30.238449096679688,30.530370046011786,29.901618022778695,30.530370046011786,34411400
2022-10-06,29.241426467895508,30.157607334223876,29.20998904031465,30.108205172822153,51342000
2022-10-07,28.635128021240234,29.263881678912142,28.43752109939804,29.156093281743495,42166800
2022-10-10,28.684534072875977,29.02585547750911,28.64411427505784,28.693516440525723,33035600
2022-10-11,28.58123779296875,28.953998319830603,28.42854097801025,28.57674746600439,34320000
2022-10-12,27.629131317138672,28.590222404837643,27.61116658144805,28.536329910977262,41833000
2022-10-13,28.320758819580078,28.433035850197047,27.103674505651387,27.21146120885675,61429800
2022-10-14,27.91206932067871,28.819266182215884,27.772845191823276,28.612676865755397,39305800
2022-10-17,28.495906829833984,28.765372694519076,28.29380785962299,28.29380785962299,28247400
2022-10-18,29.016874313354492,29.174061461435258,28.729445406457423,29.061784437602874,32083800
2022-10-19,28.63962173461914,28.832736627925044,28.392612639579603,28.63962173461914,25686800
2022-10-20,27.91655731201172,28.64860393923792,27.781825234863728,28.64860393923792,31037000
2022-10-21,28.433032989501953,28.64411262084094,27.826736057243963,28.01985266753228,31087200
2022-10-24,28.67106056213379,28.895612894141728,28.36117659648721,28.585730641706547,20061000
2022-10-25,29.24591636657715,29.322263909908706,28.698004017637967,28.765370907927966,28403600
2022-10-26,29.232444763183594,29.55131453138682,29.10669504264182,29.403108035138487,27068800
2022-10-27,29.465986251831055,29.79832532632235,29.38065460613362,29.44352947356648,24514600
2022-10-28,30.274377822875977,30.337252681011776,29.546821487618146,29.587239570809967,27185800
2022-10-31,29.99144172668457,30.323780798484545,29.811797781292626,30.198031064637163,21789600
2022-11-01,30.108198165893555,30.283349996856508,29.87017149440143,30.171073006422723,21479000
2022-11-02,29.8162899017334,30.633666600345123,29.80281720541713,30.009406543920836,42680400
2022-11-03,29.94652557373047,30.21149768441112,29.371667805237294,29.533346980928822,28656400
2022-11-04,30.130657196044922,30.251918287400702,29.60520160396313,30.00939953111161,24298400
2022-11-07,29.55579948425293,30.121676583017464,29.088726704081527,30.0722744237209,28592800
2022-11-08,29.762393951416016,29.9465299274437,29.50191384286371,29.5962261379914,24827800
2022-11-09,29.528854370117188,29.870177448470457,29.470471556965943,29.641131382931324,25781800
2022-11-10,30.92108917236328,30.97498337294756,29.968982280332355,30.418090339266964,35830400
2022-11-11,30.57527732849121,31.001928611871104,30.28335640629428,30.921089024592305,30624000
2022-11-14,30.211498260498047,30.75941065229801,30.19802556667061,30.593242859862787,20490600
2022-11-15,30.54384422302246,30.75492558780511,30.175575701409013,30.530371527640256,27241600
2022-11-16,30.817800521850586,30.974987679045114,30.55731698911506,30.55731698911506,26462200
2022-11-17,30.27886390686035,30.56629278472948,30.130657428027753,30.480964585201846,23247200
2022-11-18,30.92108917236328,30.9525265994318,30.54832866110614,30.561804781069135,23483000
2022-11-21,31.060319900512695,31.150140155900157,30.849238531286733,30.871691881922043,22876400
2022-11-22,31.325286865234375,31.518403466119963,31.127678224396323,31.20851781142802,14904800
2022-11-23,31.675594329833984,31.68906702485517,31.235470302501522,31.235470302501522,14333400
2022-11-25,31.859725952148438,31.958530270720725,31.769902286890684,31.792359059810742,8983000
2022-11-28,31.531871795654297,31.76091783161537,31.39714145352937,31.639656754638658,18262600
2022-11-29,31.2983455657959,31.365709041767584,31.11420959434533,31.33876365137891,19004400
2022-11-30,32.079795837402344,32.147162746333265,31.208524915122016,31.2399623491,32946400
2022-12-01,32.052833557128906,32.56481631298469,31.971993994287388,32.394153110085085,30706200
2022-12-02,31.900146484375,31.985478116325062,31.58128015764417,31.711521912464832,20708200
2022-12-05,31.720500946044922,31.841762040666,31.59924327784641,31.65762609195346,22903000
2022-12-06,31.918113708496094,31.936078444330175,31.554337230519238,31.67559491437052,25649600
2022-12-07,31.7699031829834,32.16062842842473,31.65313755448858,31.945055052148202,28297800
2022-12-08,31.97649383544922,32.09326289531899,31.657627510717234,31.77439657058701,19920000
2022-12-09,31.810319900512695,32.08876466268469,31.77888247812482,31.864210666650727,23837200
2022-12-12,32.53787612915039,32.546860208747425,31.8597254557387,31.98098311891924,22763800
2022-12-13,32.63668441772461,33.13968671727336,32.28188861176025,32.99597226403412,27388400
2022-12-14,32.59627151489258,33.09478185333177,32.35824473510913,32.74896664666936,26637400
2022-12-15,32.2010498046875,32.524408188984694,32.048354693448786,32.47051740921711,26308000
2022-12-16,31.653141021728516,31.95853467282615,31.257923693000432,31.95853467282615,39263400
2022-12-19,31.527259826660156,31.830626877110415,31.32350898265536,31.491039834130397,19664600
2022-12-20,31.53631591796875,31.708372101302743,31.305395772460543,31.509146606789162,15964000
2022-12-21,31.975522994995117,31.989105926458194,31.622349504661845,31.72649106997653,16484800
2022-12-22,31.780820846557617,31.925711181625655,31.25559122289969,31.925711181625655,14103800
2022-12-23,32.10682678222656,32.12946384727836,31.717433336969684,31.72195867730508,11349400
2022-12-27,32.30604934692383,32.373967452050564,31.97551986547648,32.17927072639836,12211400
2022-12-28,31.998149871826172,32.514321829784286,31.948343502684814,32.378489103954955,14431200
2022-12-29,32.22907638549805,32.41019017696469,32.13399242223117,32.15662948712809,11555200
2022-12-30,31.921186447143555,32.251719401238844,31.622348149923827,32.19738422325566,14700200
2023-01-03,31.921186447143555,32.12041197862337,31.486515386653643,32.01174162265701,25774200
2023-01-04,32.21096420288086,32.50074488332364,32.01626748435291,32.06607386265947,20872600
2023-01-05,31.51368522644043,32.08872137236003,31.41860124381114,31.96646807008026,19572800
2023-01-06,32.1475715637207,32.30151602292834,31.82609626261844,31.87137384153493,19620400
2023-01-09,32.36491394042969,32.60941359646395,32.047963928550296,32.1430478957766,23438800
2023-01-10,32.373966217041016,32.39207794134777,31.993630369973754,32.2788822552742,17215000
2023-01-11,32.63658142089844,32.681859004967706,32.36943780231075,32.373966597055144,21371800
2023-01-12,32.41471481323242,32.72260721570092,32.387548954162845,32.67732963243223,25797800
2023-01-13,32.29698944091797,32.405656317029454,32.05701517287865,32.278877719156434,23793600
2023-01-17,32.2517204284668,32.550555280745996,32.19738524875302,32.319635085035735,19530400
2023-01-18,31.477453231811523,32.39207626237506,31.436704445077098,32.39207626237506,29020400
2023-01-19,31.160511016845703,31.495569309328765,31.083538772734194,31.463874652667645,28394000
2023-01-20,31.346149444580078,31.3597323735617,30.716778281281233,31.142395146481622,26621000
2023-01-23,31.355199813842773,31.658563372863554,31.101642624745715,31.23747535270873,19652600
2023-01-24,31.51368522644043,31.60876920906972,30.983930128451973,31.38690658293471,20658800
2023-01-25,31.088058471679688,31.160501899512198,30.771108543347204,31.051835030534694,25983000
2023-01-26,31.192209243774414,31.24201563200824,30.866205049683515,30.925069029119246,20360000
2023-01-27,31.192209243774414,31.328045476131916,31.002041282041017,31.12429112759566,15425800
2023-01-30,31.05184555053711,31.40501558520699,31.029205028536772,31.079011413370594,15561000
2023-01-31,31.282764434814453,31.291822026018032,30.77112107449667,31.137874065687186,19442400
2023-02-01,31.337093353271484,31.558955930976595,30.911476467730164,31.133342499893473,30944600
2023-02-02,31.40501594543457,31.7536571888117,31.11070642834761,31.35520956002945,24997000
2023-02-03,30.74847984313965,31.246540203691044,30.336445860623964,31.124286920203755,25362200
2023-02-06,31.011089324951172,31.0382586387591,30.58094709777564,30.635282270933285,31414200
2023-02-07,30.997507095336914,31.09711985447986,30.56736485844687,30.870728476230724,21124400
2023-02-08,30.4768009185791,30.82997085433303,30.322856466361312,30.816387926720598,22471400
2023-02-09,30.060251235961914,30.716784945199066,30.01044484925192,30.549257512137068,20715200
2023-02-10,30.657920837402344,30.68508669808283,30.055718926290144,30.091942376836375,30963400
2023-02-13,30.843564987182617,30.920537232634118,30.671505315633908,30.671505315633908,16183800
2023-02-14,30.712255477905273,31.024673233660533,30.54925340774674,30.81186823794197,14150400
2023-02-15,30.91147804260254,30.934118562779446,30.535670970657836,30.535670970657836,11020000
2023-02-16,30.676029205322266,30.820919537191227,30.35002509500261,30.608111106596006,18399600
2023-02-17,31.006563186645508,31.151453523545143,30.522085798781895,30.685084405143133,21873200
2023-02-21,30.427001953125,30.866201809928558,30.404364886414022,30.780175429293205,16969000
2023-02-22,30.30927848815918,30.65791968682175,30.227777454718048,30.422474176024178,26750200
2023-02-23,30.150800704956055,30.44511017398272,30.019496751557416,30.44511017398272,21406600
2023-02-24,30.15986442565918,30.268531337045037,29.765942122004564,29.888195419965125,23150400
2023-02-27,29.956106185913086,30.59905681436188,29.892713427492996,30.309276152118535,21720600
2023-02-28,29.430879592895508,29.965163391375636,29.430879592895508,29.82027304540433,41151800
2023-03-01,28.946401596069336,29.304100386198478,28.81056711534017,29.276934526390125,47276000
2023-03-02,29.4942684173584,29.512380142113667,28.864900663560565,28.905651180645346,30688600
2023-03-03,29.996854782104492,30.014966505187132,29.322209505951427,29.611990166357764,30175200
2023-03-06,30.141752243041992,30.232307425420174,29.974221355737694,30.014973605929022,24243200
2023-03-07,29.648218154907227,30.24589129037165,29.503327802505503,30.16891559186254,24055200
2023-03-08,29.874608993530273,29.933469510634,29.52596432252783,29.63916001619852,27407400
2023-03-09,29.634628295898438,30.23230136130361,29.535018997045977,29.956107074112673,34067200
2023-03-10,29.16826057434082,29.779516525712594,29.0188414549399,29.779516525712594,41666400
2023-03-13,29.61652183532715,30.268526657296114,29.09129217832557,29.132040968373126,67671200
2023-03-14,30.005916595458984,30.250419737960353,29.711610519807355,29.838389159372767,35118400
2023-03-15,30.413415908813477,30.60811262578129,29.774994039798752,29.919884378859116,48336800
2023-03-16,30.617172241210938,30.79375724567453,30.182501195265296,30.30022222860209,31646800
2023-03-17,30.32286262512207,30.608114526292585,30.096471240379586,30.54472521492136,35814600
2023-03-20,30.560043334960938,30.660390302698726,30.35934939948536,30.368473749235967,38838000
2023-03-21,29.94428062438965,30.646705887216026,29.542892771391912,30.610215449685388,51865000
2023-03-22,29.355886459350586,30.062873923109727,29.342203414748244,29.903229122962976,35793200
2023-03-23,29.054847717285156,29.647803438054257,28.908889439556145,29.36500775248937,33769000
2023-03-24,29.962526321411133,29.971647190979553,29.059407117670467,29.08677494625529,36112000
2023-03-27,29.999011993408203,30.268124613054532,29.91691025113368,30.053747648231074,28273800
2023-03-28,30.081119537353516,30.40040569885418,29.92604037199166,29.92604037199166,22038800
2023-03-29,30.51898956298828,30.569159559313217,30.240756096513696,30.240756096513696,19807800
2023-03-30,30.651269912719727,30.801790383771824,30.47794552418475,30.59197555135993,20585600
2023-03-31,30.8747615814209,30.88844462360023,30.573720733798968,30.751607241968593,23444000
2023-04-03,30.66495704650879,30.893017105376437,30.491629174620368,30.760741853642763,24071400
2023-04-04,30.820037841796875,30.87477351158349,30.564611675967022,30.64671344068669,21613800
2023-04-05,31.618240356445312,31.704904275763575,30.947743355217977,30.9523055298978,37674400
2023-04-06,31.841739654541016,31.91015835819175,31.517894835842007,31.87366791892205,33350400
2023-04-10,31.777889251708984,31.787013603245256,31.34457651158955,31.659300521101443,20463000
2023-04-11,31.805246353149414,31.89646895321384,31.650163757136927,31.732265489162565,17274000
2023-04-12,31.773324966430664,32.0013849958311,31.659294951730445,31.864547586222887,25109200
2023-04-13,31.777889251708984,31.86455319170107,31.175810807373516,31.631930946413128,32892400
2023-04-14,31.42211151123047,31.609122411287895,31.276153227250035,31.545265879541454,18129400
2023-04-17,31.595430374145508,31.65016602605951,31.2807099454183,31.476841681544244,15613800
2023-04-18,31.431236267089844,31.672979351809907,31.312644072350178,31.609122819239325,15566200
2023-04-19,31.672971725463867,31.768756501256295,31.46315695754914,31.50876825841422,20634600
2023-04-20,31.663850784301758,31.78700513779973,31.476843386657574,31.700341220887793,14737400
2023-04-21,31.75507354736328,31.97857135816761,31.568062689401046,31.86910353980293,14075600
2023-04-24,31.914722442626953,31.969454624886463,31.554387163098383,31.745956760846727,13579000
2023-04-25,31.88279151916504,32.0561158817417,31.787006728273745,31.796127597916836,20503200
2023-04-26,31.13475227355957,31.73683053628076,31.098261838262665,31.636483579173987,29513800
2023-04-27,31.508769989013672,31.536136075051946,31.198608254208814,31.225974340247088,24933400
2023-04-28,31.463159561157227,31.650166954154866,31.267027819280006,31.417544776598284,24246800
2023-05-01,31.51789665222168,31.82349626889757,31.36281749626795,31.39018358733743,21016200
2023-05-02,31.13475227355957,31.572627057364123,30.956865751386456,31.490525317905803,22931000
2023-05-03,31.048091888427734,31.495091071819175,31.01160144898357,31.3080801796077,23714400
2023-05-04,31.2852725982666,31.408426960675726,30.81091080800276,31.10282736197427,29262200
2023-05-05,31.485963821411133,31.563503388146913,31.180364249038682,31.180364249038682,22833200
2023-05-08,31.39018440246582,31.682100981187354,31.285275250775214,31.454040936566148,16573400
2023-05-09,31.349130630493164,31.431232373616606,31.12562931426182,31.317202368162913,20562200
2023-05-10,31.636489868164062,31.71859162394332,31.317207195644816,31.545267241707172,21416600
2023-05-11,31.31264305114746,31.66385396883158,31.16668477004342,31.654733098727544,29748200
2023-05-12,31.485963821411133,31.686657739945645,31.298956426347214,31.485963821411133,23748200
2023-05-15,31.089143753051758,31.650169456317073,30.961427218077127,31.604558148071728,26370200
2023-05-16,30.400405883789062,31.111952138451276,30.38216066188487,31.052657777202842,28008000
2023-05-17,30.29093360900879,30.505307105258282,30.163217074329424,30.496186235598202,34176600
2023-05-18,30.199710845947266,30.231639113161087,29.935160357649806,30.14953735747981,32335600
2023-05-19,30.154090881347656,30.509863893919302,30.135845665328706,30.341098255683384,24945000
2023-05-22,30.163217544555664,30.386718873788986,30.05374970732942,30.23163624779199,18989400
2023-05-23,30.05830955505371,30.354788259510993,29.976207813510456,30.049185206038054,24128000
2023-05-24,29.862178802490234,30.12672925402207,29.81200532099559,30.017257941713943,23127600
2023-05-25,29.46078872680664,29.82112393946993,29.250973947265873,29.807440896444135,32252200
2023-05-26,29.46078872680664,29.483596118462557,29.15975134048098,29.415177423414193,33187800
2023-05-30,29.34676170349121,29.66148564466824,29.301150395474767,29.510965196286204,31165800
2023-05-31,29.615875244140625,29.748150477385305,29.173438234992513,29.360449127485982,34266200
2023-06-01,29.396934509277344,29.711658443206314,29.214489281413254,29.67060931091279,37306400
2023-06-02,29.70253562927246,29.81656562918225,29.177996933703554,29.24641562963331,46091600
2023-06-05,29.843936920166016,30.16778175879582,29.702540809193575,29.766397341885646,24089000
2023-06-06,29.821128845214844,30.03094365927134,29.739027093634483,29.980773653229967,25723200
2023-06-07,30.32741928100586,30.400400154869466,29.661484466638626,29.843933171378048,38529600
2023-06-08,30.459701538085938,30.50531285482254,30.090245348622922,30.318305412226344,29318200
2023-06-09,30.281816482543945,30.491631333970364,30.263571258952005,30.468827414420875,26632600
2023-06-12,30.22707748413086,30.3867223030052,30.10392658834343,30.304620545840184,22967400
2023-06-13,30.222515106201172,30.327420767622968,29.99445508407754,30.04462856733832,23737200
2023-06-14,30.204273223876953,30.564608516233317,30.144975384424797,30.33198629358905,28047200
2023-06-15,30.532676696777344,30.605654093871486,30.25444319302144,30.318299720448724,27402400
2023-06-16,30.69687843322754,30.943180179253165,30.58284842935956,30.605652342181425,27370800
2023-06-20,30.33686637878418,30.672510236266778,30.30468130330078,30.608140085299976,25850800
2023-06-21,30.58055877685547,30.612743857492653,29.90006970464122,30.231118252858383,21445400
2023-06-22,30.3460636138916,30.755275403203665,30.25870261125965,30.695504116508925,20000800
2023-06-23,29.900062561035156,30.539168658074182,29.85868325634954,30.43341920749326,25439200
2023-06-26,30.19432830810547,30.286288168752193,29.83569362135823,29.950640816234138,20535200
2023-06-27,30.203529357910156,30.309278824354706,30.106974124582806,30.21732246154115,17020800
2023-06-28,29.75753402709961,30.194332018134173,29.67937076687834,30.194332018134173,29447600
2023-06-29,29.75753402709961,29.923058288691966,29.458670582118387,29.523040738525367,29307800
2023-06-30,30.088581085205078,30.120766161841406,29.785118784425194,29.79891188756787,27858600
2023-07-03,30.313875198364258,30.32766830085932,29.923055426727096,30.024209522237676,16329200
2023-07-05,30.658714294433594,30.888608671714017,30.16674046736988,30.20811977148365,38338000
2023-07-06,30.286293029785156,30.502390844191755,30.120768761963948,30.415033347443746,30845600
2023-07-07,30.06559181213379,30.277094256495324,29.987428551634828,30.088582657179572,25787600
2023-07-10,29.936847686767578,30.11616502997739,29.697755557214496,30.015010937313395,24820200
2023-07-11,30.309280395507812,30.318478137012185,29.886275491981383,29.996623834659893,22871800
2023-07-12,30.750673294067383,30.78745723950279,30.346060418008246,30.401236336161357,26655000
2023-07-13,30.85642433166504,30.865618563494188,30.640323050626172,30.750671372125417,19835400
2023-07-14,30.736881256103516,30.870220431992593,30.562162771098986,30.778264073129204,20285600
2023-07-17,30.38283920288086,30.70468990099865,30.369046102662885,30.63572089199926,21260800
2023-07-18,30.148353576660156,30.617336641862153,29.881675212177456,30.355257147914777,36264600
2023-07-19,30.45641326904297,30.635730644780747,30.171346419362717,30.171346419362717,27154000
2023-07-20,31.012754440307617,31.05873612853871,30.382846003301175,30.539172517973917,33329000
2023-07-21,31.477144241333008,31.601289195228528,31.08172554980968,31.13690147464219,36746000
2023-07-24,31.394384384155273,31.578300639020505,31.247252081845243,31.523124710187698,26484600
2023-07-25,31.449560165405273,31.546115409476492,31.261045040377585,31.3576002844488,16701600
2023-07-26,31.449560165405273,31.799000697218325,31.30242786378569,31.366798026499836,23158200
2023-07-27,30.89320945739746,31.45874769615114,30.828839308399644,31.32540852810994,32130200
2023-07-28,30.824237823486328,31.21965642402039,30.67250669604448,31.0955114986917,26432200
2023-07-31,30.838031768798828,31.072525016909637,30.6954983767657,30.948380088182223,25047000
2023-08-01,30.461008071899414,30.962176181285486,30.442616098906786,30.801250802487672,26919600
2023-08-02,30.461008071899414,30.6035414777046,30.286289590334672,30.336866639086864,30335000
2023-08-03,29.766727447509766,30.392040528025593,29.73914124063447,30.369053191599626,41266400
2023-08-04,29.421886444091797,30.038003513796042,29.293144385825546,29.844893057329312,36497800
2023-08-07,29.41728973388672,29.6701732447618,29.408093746624232,29.532238697690186,25131800
2023-08-08,29.555225372314453,29.569018475921343,29.14141647851112,29.412691957829445,30350200
2023-08-09,29.619590759277344,29.881670209347014,29.4908504691252,29.541427512814945,26387400
2023-08-10,29.527637481689453,29.918457262548404,29.440276486612564,29.739139910061237,27384400
2023-08-11,29.688566207885742,29.72994902892255,29.463270651296007,29.55522701907247,24336200
2023-08-14,29.454069137573242,29.688562405655283,29.325328836009806,29.670170432873345,21549600
2023-08-15,28.975893020629883,29.29774556068003,28.957501046008677,29.283950702736508,30379000
2023-08-16,29.104631423950195,29.233373483889718,28.989684221048375,29.100034307574376,25028400
2023-08-17,29.04026222229004,29.421887790324245,29.02646911875561,29.1368174549414,23752800
2023-08-18,29.191991806030273,29.26095907394614,29.008075583677787,29.035663543217183,25675600
2023-08-21,29.008073806762695,29.18279403189941,28.778179419882015,29.10462902830339,24162000
2023-08-22,29.090837478637695,29.173599602647307,28.87933505237093,28.98968338174704,27057800
2023-08-23,29.20578384399414,29.279349979461934,29.003477409946466,29.247164904816962,26772000
2023-08-24,29.035663604736328,29.55522368916601,29.008075645138476,29.15520792175017,25933800
2023-08-25,29.256364822387695,29.403497113094527,29.058655477883775,29.077047452710946,24981000
2023-08-28,29.25176429748535,29.467863850640526,29.19199301361007,29.306940218846602,17326400
2023-08-29,29.36211395263672,29.44947494985765,29.16900173863452,29.288547812529963,23746200
2023-08-30,29.228775024414062,29.458669433449224,29.118426690292065,29.265558971758157,22480800
2023-08-31,28.94830322265625,29.37130984233866,28.9391072359289,29.343721882156615,27542200
2023-09-01,28.801166534423828,29.201182249081143,28.575871032932007,29.100029918473634,28775400
2023-09-05,28.359773635864258,28.80117046776403,28.203445371988703,28.782778494612764,37650600
2023-09-06,28.424148559570312,28.456333641010467,28.240232305093386,28.401159466249545,38940200
2023-09-07,28.79657554626465,29.02646996631221,28.59426733409145,28.66783347834846,33748600
2023-09-08,29.049457550048828,29.10003460046751,28.7551929882912,28.847151102329242,32521400
2023-09-11,29.169002532958984,29.32073368766085,29.00807714520414,29.0172731322123,27023600
2023-09-12,29.20578384399414,29.288545965639784,28.971290581346473,29.16440278317132,22094800
2023-09-13,29.555225372314453,29.688564553698335,29.21957973755707,29.21957973755707,30120800
2023-09-14,29.987428665161133,30.0058206396853,29.69775945129356,29.739142270950552,26201000
2023-09-15,29.858688354492188,30.166746035005346,29.826503276049177,29.936851615295147,34802000
2023-09-18,29.836437225341797,29.933774870734087,29.627853525498978,29.878151843508824,19135000
2023-09-19,29.674203872680664,29.919869587301402,29.6649351364383,29.81325967066706,24889000
2023-09-20,29.70201873779297,30.01257269534071,29.613949825283356,29.794720250502852,18736000
2023-09-21,29.391462326049805,29.73446392684161,29.377557453101478,29.67884089871236,25628600
2023-09-22,29.335840225219727,29.530515513588092,29.141163168683434,29.261677958007787,24595400
2023-09-25,29.29412269592285,29.317298071990457,28.988203134594013,29.16433740724211,24729800
2023-09-26,28.41808319091797,29.20605666371745,28.339284782737206,29.17361078039832,46833400
2023-09-27,27.87113380432129,28.431986054236287,27.796971537953752,28.362458155943262,52042200
2023-09-28,27.268564224243164,28.03336223812764,27.22684784034635,27.97774098232117,77189800
2023-09-29,27.314918518066406,27.72744627444656,27.166593971236868,27.504959454202254,45737800
2023-10-02,26.044885635375977,27.15732142099516,25.734331691389983,27.15732142099516,111645400
2023-10-03,26.346174240112305,26.434241391963447,25.460861280164746,25.840943172822765,115236400
2023-10-04,26.318361282348633,26.53157936532781,25.905833526423812,26.480592470879923,58997200
2023-10-05,26.165401458740234,26.327630873471037,25.91046876351983,26.24883423436408,56290000
2023-10-06,26.536211013793945,26.60110277528763,25.38669501087874,25.8409391095024,68207400
2023-10-09,26.8004150390625,26.8004150390625,26.378616807916693,26.489861094096746,40487600
2023-10-10,27.16659164428711,27.180496516808837,26.800414677092988,26.800414677092988,61414400
2023-10-11,27.606929779052734,27.630105155055258,27.124874178261745,27.31954945848435,53347400
2023-10-12,27.180498123168945,27.63010788840109,26.934835930537623,27.467876703998797,55086600
2023-10-13,27.486417770385742,27.662553828493486,27.29174247050457,27.361268605532977,39568800
2023-10-16,27.7691593170166,27.871133093735065,27.328820098112523,27.542036387462165,39554800
2023-10-17,27.694997787475586,27.87113383334487,27.491051996794454,27.53276838218013,36960400
2023-10-18,27.453969955444336,27.83405179166188,27.277833909729306,27.66718625026532,46727000
2023-10-19,27.180498123168945,27.620837383449413,27.161957113265593,27.365904685866415,39363800
2023-10-20,26.89775276184082,27.37980838972966,26.89311839364694,27.115605198479958,40044800
2023-10-23,26.670631408691406,27.05534762023113,26.438874100867885,26.65209039970522,41041200
2023-10-24,27.356632232666016,27.467874747827754,26.990455269908843,27.073888040364093,47194400
2023-10-25,27.50959014892578,27.565213172684686,27.199036223027147,27.310278734209287,41309400
2023-10-26,27.74598503112793,27.991647210328512,27.574485119318158,27.583753855595074,47174600
2023-10-27,27.222213745117188,27.783066017646536,27.138780971068595,27.625470974240077,40502400
2023-10-30,27.430795669555664,27.61156609053456,27.12951045581219,27.338092390852445,28539200
2023-10-31,27.66718864440918,27.695000159771208,27.34736417450211,27.54203947753214,21364600
2023-11-01,27.982378005981445,28.149243557405548,27.435430595499334,27.704269932386612,46523000
2023-11-02,28.506147384643555,28.654471912508598,27.99628204112845,28.042632793023333,51100200
2023-11-03,28.673011779785156,29.039188716957156,28.663741276141433,29.00210670238227,45147200
2023-11-06,28.598852157592773,28.81670282473389,28.57104064409547,28.724001316078745,38240000
2023-11-07,28.390270233154297,28.649839054683596,28.343919478816325,28.612757036678865,37684600
2023-11-08,28.181692123413086,28.27902978162147,27.86650200030845,28.26976104403149,43295600
2023-11-09,27.810876846313477,28.32074221456205,27.796971973704057,28.232675074422513,32195600
2023-11-10,27.959203720092773,28.03800213052928,27.773797151674703,27.936028341082533,28030200
2023-11-13,27.625471115112305,27.96383834946149,27.58375472787528,27.898944816295465,31159600
2023-11-14,28.728635787963867,28.751811165211322,28.19095890225033,28.246580161277812,57318200
2023-11-15,28.64057159423828,29.05773373212184,28.575679824000936,28.649842099724776,49662800
2023-11-16,28.793527603149414,29.025284912375398,28.770352225860403,28.876960375924202,34650400
2023-11-17,28.872325897216797,28.983568415045408,28.71473085681965,28.9511225333314,23879000
2023-11-20,28.784257888793945,28.895502178270224,28.404176032682646,28.73790713294349,28316600
2023-11-21,28.844512939453125,28.904770331691214,28.575675394687853,28.761080171175113,20288400
2023-11-22,28.983566284179688,28.99283678801183,28.71009260971883,28.94648603701893,17919600
2023-11-24,29.0577335357666,29.062369672562586,28.867692594997937,28.97893689191604,9798600
2023-11-27,29.104084014892578,29.164339643655378,28.872326700108918,29.080908637047813,24833200
2023-11-28,29.196786880493164,29.410003182710874,28.992839314747556,29.108717970496482,29415200
2023-11-29,28.96502685546875,29.321931525751783,28.863053082149143,29.2060528808587,35806400
2023-11-30,29.090177536010742,29.127259555303727,28.84915148327834,29.048461148390135,30483600
2023-12-01,29.44708251953125,29.451718655791435,28.91404178052413,29.104082699329783,29342800
2023-12-04,29.331205368041992,29.576869325531245,29.182880827149766,29.308029990059083,30515800
2023-12-05,29.122623443603516,29.363649481907334,29.0067447925018,29.35901511385714,22536600
2023-12-06,29.511974334716797,29.521244839085867,29.210690899477534,29.252407285054407,26817800
2023-12-07,29.44708251953125,29.660300583302007,29.312664626840355,29.553690667332674,21876600
2023-12-08,29.391462326049805,29.52588199177686,29.17360988629685,29.40073283073801,24002800
2023-12-11,29.581504821777344,29.618586842498306,29.238504970948785,29.238504970948785,22448800
2023-12-12,29.460987091064453,29.63712135688735,29.233864170800068,29.623216485419167,21768200
2023-12-13,30.573423385620117,30.573423385620117,29.335840220201124,29.493435259020522,43452000
2023-12-14,30.174802780151367,30.916425507290747,30.11454714918683,30.758832224920674,64968200
2023-12-15,29.651031494140625,30.026477213411106,29.433179051879883,29.87351653654684,53129000
2023-12-18,29.584123611450195,29.902282922375168,29.523298564849135,29.733845430141375,32507000
2023-12-19,29.752559661865234,29.789989222311746,29.560728479411807,29.68705659246525,25377800
2023-12-20,29.14899253845215,29.79934699003315,29.144314512716395,29.715128248191387,36651800
2023-12-21,29.200458526611328,29.40164753652023,28.99459149116197,29.247245921314686,31753600
2023-12-22,29.29871368408203,29.58880124820369,29.24256845240434,29.308071520165768,26447400
2023-12-26,29.47650909423828,29.588801342777312,29.24256854587131,29.25192638198496,19075000
2023-12-27,29.457794189453125,29.513941207597767,29.308072377383652,29.42036462884815,18984400
2023-12-28,29.6683406829834,29.710450053665046,29.364217251968732,29.364217251968732,17346400
2023-12-29,29.630910873413086,29.691734131244218,29.434399883611295,29.602837364920045,22478000
2024-01-02,30.061363220214844,30.131546105086944,29.443760258710043,29.504585306610867,30758600
2024-01-03,30.17365074157715,30.22979775791052,29.846135403756122,30.05200422732903,32866400
2024-01-04,30.0800724029541,30.36548012210051,30.042641063146597,30.206398712743134,26622400
2024-01-05,30.192363739013672,30.33740572296411,29.90227798628822,30.037962135012087,27190400
2024-01-08,30.412273406982422,30.421629458923302,30.0332908345064,30.126865632514146,23434400
2024-01-09,30.164295196533203,30.299981144378705,30.098792127869793,30.253193748140482,28805400
2024-01-10,30.159616470336914,30.299982233747635,30.052005812085056,30.164296281023844,21853800
2024-01-11,29.457794189453125,30.06604105891325,29.36421761070351,30.061361248322136,44353600
2024-01-12,29.626232147216797,29.747882236980864,29.509261868118553,29.654305656737307,19537400
2024-01-16,29.303396224975586,29.560730494369757,29.233213340220402,29.48118977265889,30454000
2024-01-17,28.87762451171875,29.40165088840076,28.657719804928796,29.134958781573538,39178000
2024-01-18,28.568822860717773,28.760654055447514,28.40506339191319,28.73258054469747,39464000
2024-01-19,28.531391143798828,28.643683400520832,28.348917788347336,28.596894216542967,28257600
2024-01-22,28.3863468170166,28.732579632643834,28.26469851061099,28.52203277076409,41676200
2024-01-23,28.43781280517578,28.5267113568335,28.269375322903013,28.39570343460759,41100200
2024-01-24,28.049470901489258,28.68110964102241,28.007361533198736,28.634322247288345,50878200
2024-01-25,28.554780960083008,28.559460770256802,28.157082766892707,28.42377483241084,50516800
2024-01-26,28.639001846313477,28.746614285674358,28.545425268879086,28.62964401008756,36653200
2024-01-29,28.821474075317383,28.933766320858094,28.489278933864178,28.657716409762898,26054400
2024-01-30,28.81212043762207,28.985235953540737,28.56414222852253,28.751295391825032,36109000
2024-01-31,28.75129508972168,29.177066836177485,28.58753562734648,29.050738719999412,59642400
2024-02-01,29.29871368408203,29.29871368408203,28.498637439582183,28.62964357510504,51507200
2024-02-02,28.770009994506836,29.050737944189063,28.568820976132155,28.96651920231944,51839600
2024-02-05,28.171117782592773,28.507992712014072,28.157081922141742,28.48927704152965,39895000
2024-02-06,28.274057388305664,28.367633973122768,28.06819032956795,28.157087103490507,27557000
2024-02-07,28.29277229309082,28.447172136740495,28.143050475383625,28.38634709053918,23748600
2024-02-08,28.091581344604492,28.22726729037934,27.84828296126416,28.166442248338075,41755400
2024-02-09,28.199195861816406,28.22726937209615,27.9558974605332,28.012042696267827,29647800
2024-02-12,28.526710510253906,28.550104207692037,28.1290105145068,28.19919339164591,25219000
2024-02-13,28.05415153503418,28.512674818589094,27.670489159308133,28.367632813634632,45402200
2024-02-14,28.208553314208984,28.27405638581099,27.998006452041945,28.157086105143172,34871800
2024-02-15,28.681114196777344,28.70450789736027,28.297451795777555,28.297451795777555,34680800
2024-02-16,28.648357391357422,28.784043328544428,28.36762946633052,28.540744960602957,29914200
2024-02-20,28.62964630126953,28.957163456088157,28.568823038170642,28.596894764270157,22764000
2024-02-21,29.008628845214844,29.046060190763278,28.67643368518404,28.81679766134109,31565000
2024-02-22,28.784048080444336,28.90569639208543,28.564143372480714,28.77936826952069,31841600
2024-02-23,28.989913940429688,29.125599894400114,28.774689052298907,28.844871934649085,24572800
2024-02-26,28.419097900390625,28.86826331382501,28.367630695446636,28.84954764205907,25587000
2024-02-27,28.9571590423584,28.96651687790686,28.470562302786277,28.58753256990508,27487600
2024-02-28,29.046058654785156,29.088166239063273,28.858905506589366,28.92440857301048,22983600
2024-02-29,29.055416107177734,29.298714497636514,28.919731942257755,29.158350522132352,30675400
2024-03-01,28.87762451171875,28.97119931179329,28.52203384606585,28.966521285719523,42511000
2024-03-04,29.36421775817871,29.406327129586284,28.74193680829434,28.74193680829434,33020800
2024-03-05,29.28000259399414,29.930357092935047,29.15835249810849,29.45311811601998,49602800
2024-03-06,29.560728073120117,29.710449882497908,29.42504212561376,29.490545194113448,32652200
2024-03-07,29.752559661865234,29.878887774918674,29.696414428783072,29.80402686920087,21384200
2024-03-08,29.82741928100586,29.916316044953536,29.579442876166503,29.836777116920043,27511600
2024-03-11,29.977140426635742,30.04264349176957,29.67301701300049,29.7853092566761,20968200
2024-03-12,29.687055587768555,29.93035396932369,29.499902437395463,29.91631632290964,29489000
2024-03-13,29.88824462890625,30.154934923487453,29.822741561659143,29.920996162529804,25877800
2024-03-14,29.649625778198242,29.939713354771687,29.43907891933842,29.82274307594121,31869800
2024-03-15,29.691734313964844,29.85081396008821,29.52797664214289,29.55604836598393,35445000
2024-03-18,29.828542709350586,30.017242103386078,29.554930567526995,29.72947633728881,26843800
2024-03-19,30.09272003173828,30.12102367976206,29.814389428890017,29.899303972102754,19985400
2024-03-20,30.13045883178711,30.2861342946446,29.960629745345695,30.04082761375223,32620800
2024-03-21,30.083284378051758,30.413507396166807,30.06913255427719,30.210656190734877,40327800
2024-03-22,30.125743865966797,30.328595086327002,30.08800326702964,30.271984187921266,21059400
2024-03-25,30.26726722717285,30.286133926200016,30.083284519385753,30.210656332667277,23194200
2024-03-26,29.92289161682129,30.38991981540137,29.899304643081916,30.300290394934205,29830400
2024-03-27,30.75788116455078,30.757881164550785,30.111590535980376,30.144612658614328,34600400
2024-03-28,30.97016716003418,31.022059577568257,30.67296447794971,30.753164140864943,27492200
2024-04-01,30.781469345092773,31.007909323897266,30.583336613102198,30.974887201898838,22702600
2024-04-02,30.83336067199707,31.012623099469398,30.696553714528225,30.710705537862722,30212400
2024-04-03,30.710710525512695,30.91356175758124,30.597492321308014,30.82864720464227,26574200
2024-04-04,30.649381637573242,31.04093223634056,30.441811951645228,30.951299217573197,29356800
2024-04-05,30.739017486572266,30.81921356383145,30.30500777611301,30.451251704273517,32322400
2024-04-08,30.941862106323242,30.993754527532957,30.70127389795977,30.743729370326935,20142600
2024-04-09,31.1116886138916,31.17301797885764,30.918274368356975,31.007907379220487,24024200
2024-04-10,30.5786190032959,30.696555670787653,30.30972354538036,30.488985984276898,38280600
2024-04-11,30.51729393005371,30.790904269546616,30.30972423879426,30.753167270433433,25621200
2024-04-12,30.2861328125,30.663531563709846,30.139892505998272,30.573898550490732,39844800
2024-04-15,30.00780487060547,30.62107695886248,29.894584882129674,30.493703347095543,29407800
2024-04-16,29.61153793334961,29.94647762857316,29.50775309274542,29.91345550648468,32907600
2024-04-17,30.229524612426758,30.3050022009199,29.7483428386817,29.804951929836836,28152800
2024-04-18,30.399356842041016,30.503141686244273,30.111591082801617,30.333312595573762,22288600
2024-04-19,30.866384506225586,30.93242875154685,30.446530261336918,30.479552383997554,37004600
2024-04-22,31.14943504333496,31.234349596076274,30.672969853000826,30.885258034425014,23458600
2024-04-23,31.295669555664062,31.493805874655674,31.05979624180175,31.135277429825436,22338000
2024-04-24,31.484373092651367,31.588157940346367,30.856952730103483,31.012626402504363,26127000
2024-04-25,31.569284439086914,31.696658048027682,31.13527839196255,31.40889230829188,31562400
2024-04-26,31.22491455078125,31.611746692466376,31.21076272594937,31.56928761882911,24547400
2024-04-29,31.64948272705078,31.706093623793397,31.413609389335484,31.441916637277544,29368200
2024-04-30,31.484373092651367,31.729683387047114,31.26737004708074,31.47493974247074,29724800
2024-05-01,31.847618103027344,32.13538385426947,31.357001143518488,31.47965628318105,42371800
2024-05-02,32.01744842529297,32.0976444969938,31.72496418838567,31.979707827148502,28609400
2024-05-03,32.27219009399414,32.37597133384377,31.984424349207,32.26747161972874,29817000
2024-05-06,32.43729782104492,32.470319939687336,32.173117272764586,32.37125358376009,21221400
2024-05-07,32.805259704589844,32.83356334947619,32.50334216199879,32.57410487335566,28808200
2024-05-08,33.149635314941406,33.16850561272626,32.65430349486888,32.73449956109853,27708200
2024-05-09,33.65440368652344,33.68742940661336,33.05528703527145,33.126049751344674,48549200
2024-05-10,33.62138366699219,33.89499760003486,33.52703577242508,33.84310517828051,39129200
2024-05-13,33.62138366699219,33.89971607450566,33.55533942096692,33.734605459442484,21219200
2024-05-14,33.71101379394531,33.814798628549646,33.522314421859356,33.76762468531345,23566400
2024-05-15,34.21578598022461,34.310137475311585,34.003501414776586,34.060108712687246,29176600
2024-05-16,34.09785079956055,34.395053523134585,34.04595837478228,34.23465777405402,25322400
2024-05-17,34.126155853271484,34.206355530681016,33.93746004538086,34.055396724883416,21715600
2024-05-20,34.069549560546875,34.20163806964278,33.99406835583953,34.20163806964278,13830400
2024-05-21,34.376182556152344,34.390334380973286,34.0412428385375,34.05067618870426,16263400
2024-05-22,33.97047424316406,34.30541390288133,33.93745212457619,34.1874772509045,21128800
2024-05-23,33.39494323730469,33.91858226678142,33.376072940847564,33.91858226678142,28718600
2024-05-24,33.729881286621094,33.861969756356515,33.41852680869544,33.479856169030356,16366800
2024-05-28,33.696868896484375,33.89972013331836,33.62610616751589,33.76291315041713,17765200
2024-05-29,33.26285171508789,33.446832589769855,33.14019659891968,33.4043735268444,28118600
2024-05-30,33.71101379394531,33.734602565134,33.31002987772588,33.37135564401883,18129600
2024-05-31,34.305423736572266,34.33844586462597,33.67799970440987,33.82424004305598,24777600
2024-06-03,33.91386032104492,34.28182206643713,33.79120520620063,34.248799950802976,36915800
2024-06-04,33.89971923828125,34.01765591706761,33.52703890141935,33.828956511181076,29419600
2024-06-05,33.706295013427734,33.890275909775,33.64968772171542,33.861972263918844,17920400
2024-06-06,33.35721206665039,33.82895881390746,33.310038111753094,33.63082604385358,18184800
2024-06-07,32.993961334228516,33.33361949275343,32.98452438585768,33.06943892548891,16286800
2024-06-10,33.41853713989258,33.47514804405486,32.9043349238676,32.98924948054003,19591400
2024-06-11,33.21568298339844,33.26285692804371,32.93263211724425,33.13548331844608,22694800
2024-06-12,32.99867248535156,33.640248134798355,32.89017278532002,33.635533260286266,24912200
2024-06-13,33.07415771484375,33.19681285084461,32.729781078851786,33.05056894283314,22974000
2024-06-14,32.993961334228516,33.036416804473504,32.74393618952024,32.88073954862604,20280600
2024-06-17,32.630714416503906,32.89489498387032,32.59769229547576,32.81941379343956,21026400
2024-06-18,32.64486312866211,32.65430007613718,32.3382307193996,32.36653436354298,24573600
2024-06-20,32.92791748046875,32.99396172327833,32.640151737166455,32.74865145072164,27948000
2024-06-21,32.73450469970703,33.08831474064562,32.71091592398771,33.05057413915146,18990800
2024-06-24,33.16487503051758,33.274253189722614,32.70359068509919,32.727369650018744,17956800
2024-06-25,32.851009368896484,33.188649582528235,32.746387742218445,33.09829388164081,25099400
2024-06-26,32.713104248046875,32.78443751579125,32.51812689142298,32.72737017596361,13882000
2024-06-27,32.770172119140625,32.81296990358465,32.54666290305976,32.741636634683836,10899600
2024-06-28,32.40399169921875,32.81296517865481,32.2518157739514,32.770167400373474,23063000
2024-07-01,32.180484771728516,32.79870155231492,32.1471963991222,32.74163421577816,16757800
2024-07-02,32.346927642822266,32.40875149970389,32.20426473927518,32.256575559023965,16724200
2024-07-03,32.54190444946289,32.77017017074147,32.332661173970905,32.394485029817474,13241200
2024-07-05,32.59897232055664,32.73687870548638,32.446796379932906,32.59421580199198,13830600
2024-07-08,32.632259368896484,32.73687737594596,32.50861528836106,32.627502850525,13634400
2024-07-09,32.72737121582031,33.00319125817654,32.59897423232942,32.63226260791305,21601200
2024-07-10,33.036468505859375,33.04597791218265,32.60371614087836,32.85100424319883,13800000
2024-07-11,33.640419006347656,33.73077470233516,33.1886477827301,33.20291370774708,29766400
2024-07-12,33.88771057128906,34.10646324277884,33.611890565782694,33.759309976791805,16524200
2024-07-15,33.06501007080078,33.61189361318831,33.01269925024958,33.50727197208592,29827600
2024-07-16,33.321800231933594,33.37886755841148,33.16486780523931,33.26473290545571,15009200
2024-07-17,33.34082794189453,33.76406736937042,33.202917935569964,33.288517124731406,27516000
2024-07-18,33.31229782104492,33.635672149346945,33.25523048258199,33.29802826530872,13542600
2024-07-19,33.350337982177734,33.454959618485915,33.150607746404205,33.374116946124325,12985400
2024-07-22,33.630916595458984,33.707002754098106,33.41216390065051,33.526294952689554,12965400
2024-07-23,33.421669006347656,33.62615574684042,33.3978936721547,33.56433552414642,12686400
2024-07-24,33.79735565185547,33.93050913949607,33.45495889611655,33.65944564589616,25284800
2024-07-25,33.51678466796875,34.13499784284665,33.37411813552582,33.95429004615816,26666000
2024-07-26,33.844913482666016,33.91149023343436,33.65944915864551,33.78309325071278,16706400
2024-07-29,33.99708938598633,34.106467549623275,33.69749400792812,33.97331404826407,15151200
2024-07-30,34.173038482666016,34.20157033433977,33.88770908144796,33.959042338792514,16696400
2024-07-31,34.61530303955078,34.6913891927022,34.282415688552014,34.65334793020672,21765400
2024-08-01,35.23827362060547,35.28582792108164,34.639079275756146,34.68188068589709,32567400
2024-08-02,35.29534149169922,35.93257710966743,34.8150347048589,35.68529256655634,48257200
2024-08-05,34.36326599121094,35.48080848024823,34.32522109612315,35.48080848024823,41099800
2024-08-06,34.65334701538086,35.05280747224132,34.47263560361604,34.49641456668837,29286400
2024-08-07,34.848323822021484,35.25729735171448,34.71517032456994,34.93867953593247,24758800
2024-08-08,34.88636779785156,35.10036396624953,34.615304291405856,34.71516941186895,23360400
2024-08-09,35.00525665283203,35.05281095554193,34.40606227983726,34.97196827811903,16708400
2024-08-12,35.067073822021484,35.0813397487729,34.80552336587124,35.01476300515935,15027000
2024-08-13,35.27156066894531,35.30484904084437,35.057564510760024,35.214496961781464,17075000
2024-08-14,35.24778366088867,35.457023290826726,34.986229588265786,35.1907163282727,16166000
2024-08-15,35.24302673339844,35.34764836123226,34.92440896002104,35.04329651380307,18807600
2024-08-16,35.399967193603516,35.518854774314796,35.12890365470823,35.28107961289223,13522800
2024-08-19,35.63297653198242,35.6567554931803,35.4047108402271,35.433246319296565,11505400
2024-08-20,35.556888580322266,35.75186591328566,35.51884731988086,35.63297835752562,15989800
2024-08-21,35.808937072753906,35.91831160397122,35.5616488985779,35.60920320033154,13451800
2024-08-22,35.766136169433594,35.923068632794056,35.62347326214648,35.84697884637903,14648000
2024-08-23,35.86600112915039,36.037199519641476,35.761379487387984,35.88978009433664,15050400
2024-08-26,36.099021911621094,36.24644133093817,35.98488723715574,35.98964375563193,13336400
2024-08-27,35.813690185546875,36.151330446702666,35.799424257748285,36.02293346835467,16666800
2024-08-28,35.813690185546875,36.122798591105486,35.785158329949695,35.923068345603866,10482800
2024-08-29,36.0086669921875,36.041955365930825,35.580671023944255,35.93257720753953,12758200
2024-08-30,36.279727935791016,36.332038751998034,35.94208770364775,36.075241189207304,17007400
2024-09-03,36.227420806884766,36.48897491454138,36.11328975452585,36.28924103771236,23627000
2024-09-04,36.536521911621094,36.81234189215043,36.3558105176798,36.403368439133835,27303200
2024-09-05,36.44617462158203,36.85990468780992,36.33680008459269,36.812350383546686,15545400
2024-09-06,36.099021911621094,36.603104025281176,36.0942653931449,36.527014242304276,19605800
2024-09-09,36.46519088745117,36.46994740551944,36.0467080014495,36.255947630370216,14366200
2024-09-10,36.636390686035156,36.788566616716246,36.40812497593334,36.53176905341184,23255400
2024-09-11,36.75052261352539,36.7885675041535,36.213152139005096,36.641148088170155,20766600
2024-09-12,36.83136749267578,36.89319135069232,36.60310539154594,36.83136749267578,19335000
2024-09-13,37.34971618652344,37.3592255949078,36.81234572287772,36.955008617605415,16238800
2024-09-16,37.635047912597656,37.739669552044816,37.36874092357625,37.46860604445927,19910600
2024-09-17,37.60651397705078,37.749176872636674,37.482869898348014,37.65406827557941,27963000
2024-09-18,37.32118606567383,37.64456038815897,37.159497090350975,37.53993875027252,47034800
2024-09-19,37.1024284362793,37.2736268143527,36.798076570406664,37.188027625316,41536400
2024-09-20,38.08206558227539,38.162908255484865,37.51615961348798,37.56847043219071,44279200
2024-09-23,38.45982360839844,38.4933375615195,38.17734572973779,38.31619029345276,23340600
2024-09-24,38.186920166015625,38.6704780718289,38.10552601261684,38.24437056518342,28105200
2024-09-25,38.38800048828125,38.502904929245396,38.05286101349153,38.39757433638396,16359200
2024-09-26,38.124671936035156,38.483751490703845,38.01934500163908,38.31618176240769,19794600
2024-09-27,38.50291061401367,38.608241222426656,38.24437284411275,38.28267554767145,14804000
2024-09-30,38.675270080566406,38.69921018406739,38.23479993702506,38.57951697205635,19014200
2024-10-01,38.98646545410156,39.043919499496184,38.397573360231924,38.63217463936696,24362400
2024-10-02,39.005619049072266,39.07743569676522,38.670475910753936,38.73750746061475,16491600
2024-10-03,38.99125671386719,39.288093502311476,38.89549996537995,39.22106560474364,24205400
2024-10-04,38.92901611328125,38.97210756572138,38.53163745603711,38.656115756982665,25082800
2024-10-07,38.03371047973633,38.823682637636324,37.93316863514445,38.799746190493344,35284000
2024-10-08,38.052860260009766,38.320971834532685,38.04807150968007,38.201278645514066,26022200
2024-10-09,37.727294921875,38.062434392534655,37.5118449883827,37.94752995298653,34288000
2024-10-10,37.61239242553711,38.06244005544907,37.593241073972045,37.7655995853108,26326600
2024-10-11,37.9427490234375,37.9427490234375,37.36822305452842,37.4879162691134,19332600
2024-10-14,38.4215202331543,38.45503418569017,37.92838479466359,38.000201450882415,18041800
2024-10-15,38.593875885009766,38.87635008504391,38.55078443337522,38.58908713421779,26427600
2024-10-16,39.35990905761719,39.43651445427994,38.61302470388713,38.785383193631965,19099600
2024-10-17,39.010406494140625,39.4987531071663,38.981677644377015,39.489179259075975,23527200
2024-10-18,39.23543167114258,39.25458302253247,38.804539049483786,38.97689755924602,14035200
2024-10-21,39.08222198486328,39.441301581517564,38.929014836400654,39.326397133357226,14811600
2024-10-22,38.9433708190918,39.02476495659141,38.63217147706348,38.81889254337884,17119200
2024-10-23,39.31682205200195,39.331184650978386,38.900288417953305,38.97210506558189,19645000
2024-10-24,39.06306838989258,39.40300026960755,38.93380134973405,39.32160612295598,13092000
2024-10-25,38.4837532043457,39.292880339107505,38.45502800757186,39.25936639195593,17518200
2024-10-28,38.78538131713867,38.98167624428382,38.59866023774,38.68962457594308,14622800
2024-10-29,37.95710754394531,38.35927860114151,37.9475336950165,38.35448985030379,27733000
2024-10-30,37.86613845825195,38.177341504359745,37.79911055942831,38.1055248548354,20910600
2024-10-31,38.25873947143555,38.541213694261316,37.93317379349837,37.96189899507471,27516000
2024-11-01,37.40651321411133,38.36884745335908,37.372999268105,38.253943017443966,30861000
2024-11-04,36.96125793457031,37.22937318089357,36.76017423938775,37.033074583634516,27956200
2024-11-05,37.51663589477539,37.51663589477539,36.83199066301399,36.942110011271296,19016200
2024-11-06,37.12882995605469,37.29161094533198,36.77932422503819,37.03307320993889,32958800
2024-11-07,37.19586181640625,37.56930403419448,36.99956320550657,37.31555502224847,37703200
2024-11-08,37.90922546386719,37.99061595250263,37.35384733559833,37.38257618368727,28857200
2024-11-11,38.01456069946289,38.23958449782412,37.82783960140709,37.91401885072104,26011000
2024-11-12,37.57887268066406,37.985828793635235,37.396940347961234,37.89965320399673,18703200
2024-11-13,37.51184844970703,37.83741410242282,37.353852547783205,37.82305150274731,16411800
2024-11-14,37.38258361816406,37.751237091782286,37.32512956330609,37.559727228335866,17707400
2024-11-15,37.9427490234375,37.99062557872208,37.33949419916005,37.41131085846044,23931400
2024-11-18,38.27309799194336,38.37842859015656,37.86135310042622,37.909229648864994,14660200
2024-11-19,38.51727294921875,38.5220617003173,37.94753576188364,38.129468123413375,11750400
2024-11-20,38.53641891479492,38.71835490364307,38.34490907783461,38.589084211277665,12196800
2024-11-21,39.206703186035156,39.254579734125805,38.407153509407145,38.593874603883236,21764000
2024-11-22,38.99604034423828,39.388633866395786,38.9816777456923,39.33118347221187,15761400
2024-11-25,39.0678596496582,39.3790626994126,38.78059670094129,39.30724604904673,14253800
2024-11-26,39.69026184082031,39.71419828675417,39.077433303171084,39.177975142684204,17374800
2024-11-27,39.69026184082031,39.93443696692144,39.651959144030684,39.80995502872825,17156600
2024-11-29,39.70462417602539,39.84825746166233,39.618444935192464,39.819528612887225,9234800
2024-12-02,38.85240936279297,39.71419812047413,38.838046764743545,39.69983552242471,22084200
2024-12-03,38.51727294921875,39.21149574863516,38.50769909976849,39.08701378930069,18853600
2024-12-04,38.512481689453125,38.73271671904332,38.36405965111802,38.636959976126114,24169400
2024-12-05,38.63217544555664,38.84762172797659,38.45502820811946,38.55557005009852,14226000
2024-12-06,38.153404235839844,38.742292713232715,38.08158758785996,38.65132836835488,14228600
2024-12-09,37.67463302612305,38.20607112952006,37.650692924881284,38.15340582898547,21053800
2024-12-10,37.4017333984375,37.612390951906136,37.10010418903891,37.612390951906136,20319000
2024-12-11,37.16713333129883,37.531001703432594,37.100105427582974,37.50227650262488,14759600
2024-12-12,37.14797592163086,37.46396768996987,37.1144619752385,37.34427450246198,15425000
2024-12-13,37.17192077636719,37.36821938231465,37.109681625888236,37.200645976165674,13808400
2024-12-16,36.87508010864258,37.30119126879436,36.86071750882502,37.20543451543292,16121000
2024-12-17,36.72187423706055,36.875081395036865,36.57345583010601,36.64527248444577,15876800
2024-12-18,35.85529327392578,36.750599689310974,35.83135317377917,36.69793439118558,29811800
2024-12-19,36.01807403564453,36.42503012503645,35.87922950580568,35.88880335318427,27076400
2024-12-20,36.59260940551758,36.673999914100996,35.76433076025087,35.81221096788535,25188600
2024-12-23,36.71714782714844,36.74611468789629,36.142690598267855,36.49991662808554,20114400
2024-12-24,36.91990661621094,36.92955978255827,36.6061253062933,36.71715329282777,9010200
2024-12-26,36.8330078125,36.934382617344404,36.683356134198725,36.7654246092704,10114000
2024-12-27,36.726806640625,36.83300987536476,36.49026173306514,36.639913419747785,13805400
2024-12-30,36.572330474853516,36.66404843759731,36.239239178602126,36.56267362634875,16870000
2024-12-31,36.538543701171875,36.75577494213358,36.36475723519888,36.644746950711934,12605400
2025-01-02,36.81852340698242,37.00679511527581,36.553019011764164,36.804041817807956,24103400
2025-01-03,37.20954132080078,37.407462493066774,36.87162164465167,37.030926476993045,17767000
2025-01-06,36.79438781738281,37.238507062690054,36.67370299965747,37.209543884998645,25623800
2025-01-07,36.702667236328125,37.079203289214014,36.606120852565546,36.91990212430661,22856400
2025-01-08,36.693016052246094,36.73163239803098,36.089591913629405,36.639914433407135,26845800
2025-01-10,36.48543930053711,37.09368820215706,36.31165284778604,36.80887376643151,31217000
2025-01-13,36.06062698364258,36.48543995712734,35.67926614864073,36.44681992626348,24891600
2025-01-14,36.53370666503906,36.644738313298866,36.10889745001831,36.20061540326785,19675000
2025-01-15,37.06955337524414,37.4364362951348,37.03093334514854,37.17092819198851,21360400
2025-01-16,38.00606918334961,38.02055077401085,37.03576209594964,37.050243686610884,30415000
2025-01-17,38.059165954589844,38.232952403214256,37.86124474993958,37.98192957909494,14668800
2025-01-21,38.643280029296875,38.83154804992012,38.39225354646031,38.48880361024681,21633400
2025-01-22,37.80813980102539,38.7494799123378,37.78882978809996,38.7494799123378,23644800
2025-01-23,37.98675537109375,38.26191661517947,37.88055213951532,37.94813534451824,21585000
2025-01-24,38.372947692871094,38.483979357507984,37.84676359948389,37.928828400341004,16769600
2025-01-27,37.48470687866211,37.69228492219734,36.6061215117706,37.60056327786524,42448200
2025-01-28,36.96817398071289,37.465394836844126,36.639911131566784,37.465394836844126,28540200
2025-01-29,37.04541015625,37.47022306647661,36.919900599145144,36.95851694124986,19130800
2025-01-30,37.81779479980469,37.87572484139006,37.44125873702113,37.47505034052713,18712600
2025-01-31,37.595733642578125,37.88538015576806,37.50884042522282,37.85158855363036,19669600
2025-02-03,37.798492431640625,37.93848360154993,37.04059180239973,37.09851816704939,28118800
2025-02-04,37.46539306640625,37.644007912783366,37.08885704491604,37.581249453862895,20498200
2025-02-05,37.84193420410156,38.09778544903798,37.528152916100645,37.83710577976069,15992600
2025-02-06,37.798492431640625,38.0060704986561,37.52815589224276,38.0060704986561,12820800
2025-02-07,37.721248626708984,38.054339922442594,37.67780385753081,37.788831834102965,14330400
2025-02-10,38.13157272338867,38.146054311758185,37.619870291622036,37.82744831860424,10664200
2025-02-11,38.324668884277344,38.343978896299504,37.66331478379913,37.98192445765246,10835600
2025-02-12,38.2570915222168,38.34881317256788,37.66332053169513,37.832282241922655,14888800
2025-02-13,38.3439826965332,38.416394328040894,38.10744147108274,38.329501106833376,17020800
2025-02-14,38.18467712402344,38.63362481129803,38.16054236931487,38.32467196016374,13972000
2025-02-18,38.54190444946289,38.60466291641118,38.21364525684745,38.34398324903248,15509000
2025-02-19,38.744659423828125,38.86051583108829,38.45984130567794,38.498461335767594,12513200
2025-02-20,38.73982620239258,38.83154784174596,38.27639694772682,38.6191413855627,17390800
2025-02-21,38.74948501586914,38.87499827491108,38.56121696881067,38.74466027425862,15547400
2025-02-24,38.55638885498047,38.86534170943985,38.382602413971,38.860513285242774,14974000
2025-02-25,38.36328887939453,38.440525244416726,37.8081380039527,38.32949727913328,21837800
2025-02-26,38.52259826660156,38.86051430912967,38.3101917924361,38.43570504380739,15421800
2025-02-27,37.66814041137695,38.50328087505229,37.629520390199474,38.41638766890693,25074600
2025-02-28,38.24260711669922,38.25708870610787,37.71159463466724,37.914344252405336,21770000
2025-03-03,38.29570388793945,38.416388695086866,38.03985268606822,38.20398225594485,19276400
2025-03-04,37.6729736328125,38.49845735482325,37.6150435936683,38.29570774233115,22561800
2025-03-05,37.407466888427734,37.67297497352712,37.10334245886634,37.42194847797706,20666800
2025-03-06,36.63025665283203,37.15161597925557,36.524057100864475,37.11782437567303,25405800
2025-03-07,37.310916900634766,37.475046477026176,36.6061180408793,36.71232126466583,23234400
2025-03-10,37.721248626708984,37.83228028628971,37.18057928454855,37.18057928454855,37366000
2025-03-11,37.36885070800781,37.8467615802761,37.17092582860878,37.701938318130054,32640000
2025-03-12,37.252986907958984,37.581249744128336,37.026098871973204,37.36401855559328,17432000
2025-03-13,37.34471130371094,37.49918772726576,37.108170085800715,37.378502906269546,16801200
2025-03-14,38.073646545410156,38.11709131071895,37.320570799650206,37.45573720239966,18269400
2025-03-17,38.23295211791992,38.4550154429564,37.87572605752811,38.063994094964926,19290400
2025-03-18,37.96744918823242,38.07365243052539,37.721251097735895,38.0060692187042,19285200
2025-03-19,38.10744094848633,38.16054256532984,37.85158971260859,37.98675612529807,16163400
2025-03-20,38.26191711425781,38.319843471868204,38.03020063479076,38.11226543007781,16415200
2025-03-21,38.015716552734375,38.2957062061876,37.77917534764856,38.112262931093575,15627600
2025-03-24,38.003562927246094,38.465422458947245,37.969531484628035,38.16399846065225,13996800
2025-03-25,37.39585876464844,37.97439704192028,37.22083884394686,37.96467165235389,22396000
2025-03-26,37.643802642822266,37.73131259938921,37.400719842263975,37.400719842263975,15164000
2025-03-27,37.63407897949219,37.94522465107734,37.52225926510269,37.609769217057824,13971800
2025-03-28,37.911197662353516,38.14941778376681,37.794515239941376,37.86257813177375,19078600
2025-03-31,38.33415603637695,38.48972887683821,37.95981016403706,37.96953184381316,21470000
2025-04-01,38.431392669677734,38.54320868202645,38.06190577025101,38.30985126807742,18084800
2025-04-02,38.611270904541016,38.698780860550556,38.20775256798874,38.40221954902651,12951200
2025-04-03,38.36819076538086,38.99534487540142,38.31957494403844,38.56265775989993,38650200
2025-04-04,36.23392105102539,38.548070312152134,35.99570094902898,38.548070312152134,66165400
2025-04-07,35.679691314697266,36.77356386035356,34.896964440851285,35.679691314697266,73162600
2025-04-08,35.53384017944336,36.57423792479307,35.120600181556924,36.31656705375544,39600400
2025-04-09,36.93400192260742,37.03123356078304,34.52747993169389,35.2275595958359,70054800
2025-04-10,36.656883239746094,37.08470758877834,35.89360347403076,36.656883239746094,44167800
2025-04-11,37.10416030883789,37.23056440975392,36.185307575379646,36.63744175447413,28840000
2025-04-14,37.77020263671875,37.89174402380136,37.17708007429182,37.395853087381006,19415600
2025-04-15,37.765342712402344,38.10079815228042,37.71672689583355,37.8528526658858,15257200
2025-04-16,37.425025939941406,38.00356042637727,37.298621857471474,37.85771298581856,17500800
2025-04-17,37.8090934753418,38.28553734994436,37.57087339261492,37.57087339261492,18928800
2025-04-21,36.914554595947266,37.68269714329016,36.477004808907054,37.638940310011535,20780000
2025-04-22,37.92091369628906,38.003560951328836,37.27917530517936,37.308344051864246,21700800
2025-04-23,38.08135223388672,38.50917662542116,37.7361751039301,38.29526257507936,27903600
2025-04-24,38.13969039916992,38.314710314484635,37.77992888842267,38.05218044151256,16828000
2025-04-25,38.02301025390625,38.19803016260137,37.85285303966074,38.17372039950241,14074600
2025-04-28,38.256370544433594,38.3341551082063,37.779926645660595,38.04245650304788,11084800
2025-04-29,38.55293273925781,38.61613293061266,38.04245738651396,38.202892921279066,13168000
2025-04-30,38.35846710205078,38.48973018380535,37.69728158035179,38.40222022625257,18077200
2025-05-01,38.470279693603516,38.9564452569663,38.34387931771639,38.59668377863953,17967000
2025-05-02,38.77170944213867,38.88838815612997,38.40222252049187,38.61127389218223,16074000
2025-05-05,38.674468994140625,38.79114768156916,38.295256768987855,38.645296540422045,14895800
2025-05-06,39.14604949951172,39.418304737004455,38.64529956310118,38.67933100414416,20635000
2025-05-07,39.25787353515625,39.486371968391325,38.941865142579005,39.077990921744764,19575000
2025-05-08,38.94186019897461,39.374547246029415,38.888381691212885,39.277315618725645,22437800
2025-05-09,39.00992202758789,39.05367885509839,38.75711757792841,39.043953467141066,17420400
2025-05-12,38.77656936645508,39.29190371648279,38.60154945339865,39.189809385391406,27460200
2025-05-13,38.72309112548828,39.024511426307846,38.50917707266211,38.71822843088336,24064000
2025-05-14,38.55293273925781,38.65502706797676,37.97439450070133,38.6404426937525,22912600
2025-05-15,39.374549865722656,39.48150688836224,38.6841956221478,38.70850538516555,26629200
2025-05-16,39.953086853027344,39.96767122672267,39.33565820864841,39.43288983938323,20076800
2025-05-19,40.12324523925781,40.14269230780546,39.60791090476682,39.61763258446611,16306400
2025-05-20,40.239925384521484,40.37605486923705,40.060046485015576,40.060046485015576,18075200
2025-05-21,39.50581359863281,40.18644610989525,39.428025330306234,40.10865784156867,22704000
2025-05-22,38.94186019897461,39.17035860320219,38.48972608462928,39.17035860320219,30637600
2025-05-23,39.40858459472656,39.44261604029984,38.74739904431771,39.2043959212869,21730200
2025-05-27,39.705142974853516,39.80723730398925,39.403722681923945,39.71486836380879,18494200
2025-05-28,39.15091323852539,39.70028271321456,38.98075602876949,39.68083564507832,20954600
2025-05-29,39.42316436767578,39.48636826575418,38.995340000536316,39.17035990280904,20867400
2025-05-30,39.826683044433594,39.89474592825402,39.272454585239274,39.345380163375154,20680400
2025-06-02,39.953086853027344,40.006565362676184,39.49609002844597,39.65652555739249,26799200
2025-06-03,40.0600471496582,40.43439303867656,39.739176065514535,40.43439303867656,28547800
2025-06-04,39.35996627807617,39.99198303767612,39.35996627807617,39.99198303767612,33001800
2025-06-05,39.29676818847656,39.47178810944928,39.21897990842231,39.47178810944928,21175000
2025-06-06,39.47178649902344,39.539849386719304,39.136331045987234,39.49609255368671,21267200
2025-06-09,39.21897888183594,39.55443433977773,39.15577868780818,39.40372418755425,24866400
2025-06-10,39.31135177612305,39.403724429549506,39.0196531500623,39.32107345636039,28052800
2025-06-11,39.335655212402344,39.481502647395196,39.209251134756265,39.42802414181988,21394800
2025-06-12,39.81209945678711,39.83640921969543,39.3405182458985,39.359965314395346,19568600
2025-06-13,39.58360290527344,39.821826723733395,39.46692419793848,39.75376012620967,25325400
2025-06-16,39.38913345336914,39.99198144000047,39.199529174893655,39.77806739899265,27266600
2025-06-17,39.06340408325195,39.428028272658445,38.78628984766898,39.330796639143,28335800
2025-06-18,39.165496826171875,39.35996379448179,38.96130817856347,39.15577514687339,22324000
2025-06-20,39.272457122802734,39.593328203673885,39.21897860932421,39.24815106795291,31688200
2025-06-23,39.77031707763672,39.833959809628965,39.39337208196084,39.476593170825346,25573000
2025-06-24,39.94165802001953,40.05425412050289,39.74584456076516,39.814380018484655,20389600
2025-06-25,39.40806198120117,39.84864975654293,39.334630062827124,39.84864975654293,26771800
2025-06-26,39.736053466796875,39.75563556059965,39.40806179913102,39.4814937171658,18746200
2025-06-27,39.81438064575195,40.13747584653383,39.69199536433865,39.83885546109318,25307800
2025-06-30,39.975929260253906,40.01998616786909,39.496177323997664,39.62345905972317,22018000
2025-07-01,40.112998962402344,40.14237023325798,39.49617613011869,39.96123868154312,39690200
2025-07-02,39.76542663574219,40.147268109979315,39.5745021637213,39.96613655185813,21891000
2025-07-03,40.06403732299805,40.225586764196045,39.716463629297415,39.78499907679321,14900200
2025-07-07,40.14726638793945,40.17663765857408,39.89270292609883,39.9759277510672,20215600
2025-07-08,39.72136306762695,39.86822688608772,39.33462516492218,39.86822688608772,44289800
2025-07-09,40.09341812133789,40.17174275769781,39.5989805487264,39.87801883526906,40230400
2025-07-10,40.42140579223633,40.49973415578569,39.833958005223884,39.95634327209331,29074000
2025-07-11,40.36266326904297,40.51931627579195,39.985718255425894,40.098314354762174,22199800
2025-07-14,40.52421188354492,40.656390072817935,40.11299915003381,40.333291152285874,23883400
2025-07-15,40.137474060058594,40.519315523488366,39.9367641496234,40.519315523488366,26253000
2025-07-16,40.15705490112305,40.31860435674097,39.84374890320459,40.16195135778174,22625000
2025-07-17,40.32350158691406,40.44588686141433,40.06893812440828,40.13258085748581,19757000
2025-07-18,40.99906921386719,41.141036588288564,40.40182844385394,40.45567826638971,28627400
2025-07-21,41.13124084472656,41.38090784704429,40.969695123134734,41.10186957441934,19895600
2025-07-22,41.63547134399414,41.65994615763842,41.17530152261698,41.28789388216535,23518200
2025-07-23,41.32217025756836,42.11032807283049,41.15572432444595,42.00752487953543,40333000
2025-07-24,41.268314361572266,41.46412780481369,41.160614726848266,41.37601026139424,22137600
2025-07-25,41.37601089477539,41.42007153461061,41.17530099190987,41.331953989842255,16320400
2025-07-28,40.935428619384766,41.380909083598745,40.83262543533538,41.37111990483786,22413600
2025-07-29,41.40538787841797,41.42986269291646,41.0039643186006,41.092081867580134,18395400
2025-07-30,41.71379852294922,42.08585082113432,41.48861005520365,41.527774241307846,27424400
2025-07-31,41.938987731933594,42.002630469203325,41.552249790849714,41.58651752057095,30179600
2025-08-01,42.00262451171875,42.22781295150452,41.5669332663873,41.89002842437492,35852000
2025-08-04,42.746726989746094,42.864215803265715,42.12011500443874,42.20823254830396,25730800
2025-08-05,42.29145431518555,42.918066310562104,42.16417258646778,42.761413311717966,21454400
2025-08-06,41.91450881958008,42.36978217560737,41.88024109320822,42.35509280581767,23020600
2025-08-07,42.36978530883789,42.48727413152937,41.69911263179031,41.777437268617184,25702800
2025-08-08,42.18865203857422,42.565597041244956,42.08584885602765,42.48727240759613,18445200
2025-08-11,42.056480407714844,42.3257257891483,41.85087029392088,42.29635451642164,19548800
2025-08-12,42.237606048583984,42.24739896225399,41.86066104013812,42.193549141775684,20756800
2025-08-13,42.33061981201172,42.35999108304939,41.9389854352991,42.29635208416703,22425400
2025-08-14,42.03689956665039,42.30125223377343,41.992838921345275,42.17397048999511,18747800
2025-08-15,41.91450881958008,42.14458999098995,41.6550489085908,41.97325135913066,29576600
2025-08-18,41.73337936401367,42.13480292228317,41.67463308661976,41.9781499174683,16080000
2025-08-19,42.13969802856445,42.1592801204015,41.67463175096451,41.74806366162788,16436800
2025-08-20,42.183753967285156,42.45300305524636,42.031997427653586,42.20823251524601,20169000
2025-08-21,41.894927978515625,42.40405116759457,41.7774354261036,42.18865188974136,16230000
2025-08-22,42.1201171875,42.36488774037838,41.99773191106081,42.183756186683574,19234800
2025-08-25,41.645259857177734,42.100533214592076,41.601202952380575,41.978147943619426,16982200
2025-08-26,41.73827362060547,41.831283886281625,41.49350308005402,41.684423802891985,17263000
2025-08-27,41.74806594848633,41.84597641303483,41.62078421202444,41.738276769482646,16821400
2025-08-28,41.42985916137695,41.792122240136464,41.36622016722285,41.777432870806805,16078800
2025-08-29,41.27810287475586,41.493502140733625,41.21446388021786,41.40538459873381,19469400
2025-09-02,41.14103317260742,41.18998653405683,40.88157699551372,41.12145108104725,20655000
2025-09-03,41.038230895996094,41.11655552905798,40.81793516227383,40.99906671201407,17268000
2025-09-04,40.98927688598633,41.434757333312845,40.77387761238989,41.32705769651463,22362200
2025-09-05,40.861995697021484,41.194883790201175,40.538896782360844,41.096973330500006,27006800
2025-09-08,40.44588851928711,40.90605463053681,40.289235510901655,40.886472537625835,28469400
2025-09-09,40.72492599487305,40.86199690761345,40.362662885599406,40.436094798825266,25741400
2025-09-10,41.42496871948242,41.493504173851306,40.87178489291653,40.87178489291653,32168800
2025-09-11,41.645259857177734,41.67463112704251,41.31237177073604,41.37111804536766,24265200
2025-09-12,41.85576248168945,41.97814775210375,41.45433894412664,41.52777085335563,18727000
2025-09-15,41.95366668701172,42.14948385490677,41.86065642681048,41.86065642681048,22818400
2025-09-16,41.18998718261719,41.89492755027493,41.17040509074868,41.88024191509908,21652800
2025-09-17,41.292789459228516,41.6452596353365,41.20956837178692,41.459235369013754,20168200
2025-09-18,41.32217025756836,41.586519191811334,41.03333903696575,41.21936332937073,25303000
2025-09-19,41.58651351928711,41.752959429705804,41.2046720720176,41.42496780037452,20974000
2025-09-22,41.989654541015625,42.08329464855512,41.50667703485404,41.60524279854824,19477000
2025-09-23,42.206504821777344,42.27550161015141,41.846736390975856,41.92558825195638,17900600
2025-09-24,42.50713348388672,42.58105968543248,42.16214955673027,42.285358639292255,17317600
2025-09-25,42.098079681396484,42.55641763258186,42.098079681396484,42.46770694009299,18689600
2025-09-26,42.783119201660156,42.797903689468676,42.2015722009215,42.24100000843933,16233800
2025-09-29,42.90633010864258,42.97532689471785,42.46278041531376,42.76340712033155,17130800
2025-09-30,42.98025894165039,43.147825260977484,42.67469904172631,42.96054503584467,21960000
2025-10-01,43.39424133300781,43.48787768097715,43.00982582855688,43.06403812687523,29195400
2025-10-02,43.31538391113281,43.33016839914207,42.995039550775665,43.280885519096984,22648600
2025-10-03,43.81808090209961,44.22220655149284,43.41395149266349,43.4484536461896,25133200
2025-10-06,44.241912841796875,44.2911994796585,43.77371986245192,44.074350305203545,20024200
2025-10-07,44.4439811706543,44.636187041927805,44.30598759743668,44.4242672659028,32901800
2025-10-08,44.749542236328125,44.813609608430724,44.419339023071586,44.759397308942766,19790400
2025-10-09,44.63618850708008,45.03045909496594,44.547477812807905,44.89739117353619,21557400
2025-10-10,44.453834533691406,45.03045588538284,44.404551653729094,44.784037725528584,23183800
2025-10-13,44.79389572143555,45.00088608681421,44.46369626808725,44.483410173367545,18760600
2025-10-14,45.19308853149414,45.340940929847676,44.64111426573201,44.715040464908775,17571800
2025-10-15,45.78449630737305,45.92248987966826,45.39515515122993,45.39515515122993,19087600
2025-10-16,45.28672790527344,46.21325880791475,45.2768728335618,45.922487191888706,29119000
2025-10-17,45.129024505615234,45.43458439681648,44.93681862955019,45.37051326476617,21825800
2025-10-20,45.11423873901367,45.58243175513437,44.94174677307672,45.47400715939033,25420000
2025-10-21,44.65590286254883,45.21280659551067,44.43905366102176,45.15859429512891,22107800
2025-10-22,44.55240249633789,44.77910674427428,44.34048273586913,44.75446342513317,19108600
2025-10-23,44.51791000366211,44.86782337357826,44.27149181977386,44.8431800511722,16134000
2025-10-24,45.04030990600586,45.26208474068083,44.72982438545237,44.77417784837031,21737600
2025-10-27,45.16352081298828,45.20787803774611,44.6115427718189,45.04031173094498,16042800
2025-10-28,44.41933822631836,45.32615905236146,44.365125927802815,45.32615905236146,20661400
2025-10-29,44.4045524597168,44.705182920999164,44.2222054245422,44.414411291913844,24271800
2025-10-30,44.21727752685547,44.77418124374304,44.202493038095,44.35527110201041,18870800
2025-10-31,43.91171646118164,44.14827955513282,43.68008278336604,44.02014105590748,18434000
2025-11-03,43.93635940551758,44.05956848755209,43.423809173048845,43.877217692525605,22339600
2025-11-04,43.77865219116211,43.95114415502727,43.591371978928954,43.91664576225424,17156200
2025-11-05,43.78850555419922,43.99549590275811,43.586444621570585,43.768791650520846,16858200
2025-11-06,43.5963020324707,44.03985548892545,43.57658812773462,43.70965604469247,23668200
2025-11-07,44.202491760253906,44.21234683246168,43.41888003821601,43.41888003821601,24337600
2025-11-10,44.18770980834961,44.532693756066394,43.808223705818115,44.330629043801544,17947200
2025-11-11,44.21234893798828,44.384840910160015,43.9659307605878,44.20741952162823,14435400
2025-11-12,44.31584167480469,44.35526948342244,44.0694235110079,44.241915473657095,15018400
2025-11-13,43.70472717285156,44.20249293351963,43.670228779144445,44.20249293351963,20675400
2025-11-14,43.74415588378906,44.07928475529336,43.478023801120095,43.58151898437308,20168200
2025-11-17,44.13842010498047,44.28627250663556,43.78357734904245,43.82793457355609,24201400
2025-11-18,43.970855712890625,44.389765819933785,43.95607122535444,44.17784605848241,25158800
2025-11-19,43.60123062133789,44.128565342882744,43.50759051562902,44.005356260652235,25095600
2025-11-20,43.379451751708984,44.21727576177256,43.34988277536839,43.946214278507895,25543200
2025-11-21,43.44352340698242,43.61601537113087,43.13303411147239,43.561803073820954,28589400
2025-11-24,43.93635940551758,44.04970965536537,43.236532721971784,43.50759044642205,23572800
2025-11-25,43.76879119873047,44.11870452531367,43.59136982749918,44.0497077431729,22195600
2025-11-26,44.350341796875,44.40455409582785,43.92157658157531,44.00535785812319,16759200
2025-11-28,44.66575622558594,44.70025461904987,44.379914005474554,44.424267471338375,7882600
2025-12-01,43.620941162109375,44.41440789129339,43.59629784354639,44.41440789129339,26339000
2025-12-02,43.31045913696289,43.82300941645894,43.25624683509022,43.82300941645894,17384200
2025-12-03,43.17245864868164,43.46815967339019,43.004896113362385,43.34495059975808,21728000
2025-12-04,43.0837516784668,43.428739370395206,42.93590303339135,43.147822808704724,15535200
2025-12-05,42.67962646484375,43.152748901954745,42.65991255995876,43.09361094734268,13474700
2025-12-08,42.10793685913086,42.78804963478941,42.048795146448164,42.758480658469445,21607900
2025-12-09,42.13750457763672,42.55148527392987,42.11779067399762,42.33463985398507,24347200
2025-12-10,42.11779022216797,42.21635973930604,41.812230359103864,42.18678700414331,25940200
2025-12-11,42.4233512878418,42.53177587974597,42.03893956021261,42.03893956021261,18703300
2025-12-12,42.21636199951172,42.75848121264628,42.157220286062504,42.551487095595455,17179800
2025-12-15,42.600772857666016,42.66976964191145,42.21636112828635,42.49234826526811,19176400
2025-12-16,42.4233512878418,42.68948335159494,42.16707429606053,42.58105875969076,19067900
2025-12-17,42.147361755371094,42.52191842314381,41.930516324591395,42.44306656469014,19444600
2025-12-18,42.561344146728516,42.797903470540064,42.35435379838275,42.41349174931431,21935800
2025-12-19,42.01922607421875,42.74862172875997,41.98965333792352,42.50220356654201,22612000
2025-12-22,42.17513656616211,42.23471756815403,41.73818901442276,41.996385983761876,17894900
2025-12-23,42.324092864990234,42.45319134967698,42.08576128056634,42.1056228773037,15097300
2025-12-24,42.51277542114258,42.56242751804042,42.25457845613432,42.31416324533903,5761000
2025-12-26,42.48298263549805,42.572357928361164,42.33402633953438,42.492915328156336,8436700
2025-12-29,42.56242752075195,42.81069179346916,42.47305223104527,42.51277542385095,12838700
2025-12-30,42.6617317199707,42.74117810559214,42.51277542924877,42.58228912256144,9255300
2025-12-31,42.39360809326172,42.71138607613225,42.383679188639924,42.67166666943271,10129000
2026-01-02,42.88020706176758,43.08874814933885,42.36381690096326,42.59221958566688,20495400
2026-01-05,42.403541564941406,42.989445441910334,41.767985587526795,42.89013745280653,27884400
2026-01-06,42.61207962036133,42.66173171726549,42.22478796101181,42.453190637340704,21861800
2026-01-07,41.57929992675781,42.67166501521424,41.45020523061718,42.65180341852824,27613300
2026-01-08,41.69847106933594,41.9963874543645,41.51972048067633,41.52964938528525,22853300
2026-01-09,42.2148551940918,42.59221794867838,42.19499738593497,42.22478788638238,21518300
2026-01-12,42.28437423706055,42.41346893590827,42.00631566583802,42.085762054247965,16810600
2026-01-13,42.55249786376953,42.66173475767106,42.12548298117944,42.3240951711629,22207400
2026-01-14,42.87027359008789,43.01923367176761,42.47305301929571,42.512776212838595,21403100
2026-01-15,43.307220458984375,43.51576153947414,43.01923299266297,43.01923299266297,21762700
2026-01-16,43.088748931884766,43.21784742148351,42.6418724588217,42.870275147673404,27803600
2026-01-20,42.6617317199707,43.05895607165354,42.532637025654125,42.8206207030014,25300900
2026-01-21,42.721317291259766,43.009304762091226,42.3936066268904,43.009304762091226,33736500
2026-01-22,42.41346740722656,42.96958074141568,42.30423052120618,42.900067048168566,26170700
2026-01-23,42.26451110839844,42.45319059171635,42.006314143634796,42.41346739895084,26527200
2026-01-26,42.572357177734375,42.88020624510437,42.36381609413482,42.40353928764299,19254000
2026-01-27,43.12847137451172,43.247637169178944,42.304232139883666,42.52270592028383,31070500
2026-01-28,43.02916717529297,43.36680296213473,42.830554992047226,43.19798506871385,25183600
2026-01-29,43.02916717529297,43.466110947863754,42.78090289328887,43.207913973180595,27417900
2026-01-30,42.94972229003906,43.07882078189936,42.47305530649233,42.92986069219806,27998400
2026-02-02,42.324092864990234,43.178122583635705,42.254579170515576,42.99937200121166,32847600
2026-02-03,42.93979263305664,43.1185394340697,42.36381767039414,42.36381767039414,35525500
2026-02-04,42.78090286254883,43.34694512205447,42.69152756956308,43.16819453608297,30994300
2026-02-05,42.80076217651367,43.0688880648993,42.57235948378794,42.91993176349335,31475400
2026-02-06,43.04902648925781,43.555487763651406,42.681596399745516,43.1880576741391,30530100
2026-02-09,43.178123474121094,43.24763717002937,42.76104129867145,43.06888658391886,21173900
2026-02-10,43.89312744140625,44.22083433591682,43.25757146205398,43.446250959607795,34683600
2026-02-11,44.280418395996094,44.32014159110065,43.83354192160075,44.05201570646344,25614800
2026-02-12,44.93583679199219,45.42243647047586,44.429379303802,44.4790314044932,45623300
2026-02-13,46.17715835571289,46.276462557321906,44.8861847937333,44.8861847937333,42451800
2026-02-17,46.05799102783203,46.75313178066624,45.91896363490766,46.47507320660515,32424000
2026-02-18,45.2933349609375,46.28639206145983,45.19402697795794,46.28639206145983,32841500
2026-02-19,45.78986358642578,45.859377280519574,45.36284872944267,45.462152924373164,24172500
2026-02-20,46.008338928222656,46.16722791845071,45.561462459389894,45.97854463815891,22623200
2026-02-23,46.35590744018555,46.633962226209434,46.04805836407885,46.147366350667625,33130900
2026-02-24,46.87229919433594,46.90208969721601,45.96861732091971,46.31618581522885,29503300
2026-02-25,47.031185150146484,47.10069884451523,46.276459628125494,46.882225068949325,22356600
2026-02-26,46.85243606567383,47.06097715544627,46.58431018387541,46.94181135960664,30578600
2026-02-27,47.398616790771484,47.4681304874458,46.80278402264528,46.87229771931959,39759600
2026-03-02,47.041114807128906,47.408548669771506,47.03118590272259,47.08083800117875,33087300
2026-03-03,46.74319839477539,47.12056116155463,45.640904384059894,46.375768320607655,60946600
2026-03-04,46.941810607910156,47.09076690327131,46.43534935433028,46.76306002290694,24020800
2026-03-05,46.57438278198242,46.6935485816668,46.14736789588321,46.62403488283321,29794500
2026-03-06,46.41549301147461,46.63396300921344,46.018268634874616,46.30625611849899,25001700
2026-03-09,46.52472686767578,46.62403485753594,45.72035298497705,46.23674316761248,27759000
2026-03-10,46.23674011230469,46.71340706749807,46.147364821442665,46.31618271073081,24935900
2026-03-11,45.84944534301758,46.2367408013327,45.68062745121368,46.177156010466,20026100
2026-03-12,46.17715835571289,46.71341013611151,45.64090657531426,45.680629771242856,27419900
2026-03-13,46.63396072387695,46.99146188765482,46.53465652869964,46.643893416322015,31521000
2026-03-16,46.93187713623047,47.17021250834919,46.62403185800022,47.12056041071969,19775400
2026-03-17,46.80278396606445,47.30924143953823,46.75313186681602,47.19007564369952,18502300
2026-03-18,46.40555953979492,46.82264550704689,46.40555953979492,46.624033322079875,31063500
2026-03-19,46.216880798339844,46.57438197944525,45.72035222196287,46.32611769125676,29544000
2026-03-20,44.340003967285156,46.33604720368602,44.12153017858595,46.13743501288787,47128300
2026-03-23,44.779998779296875,45.189998626708984,44.56999969482422,44.93000030517578,31574300
2026-03-24,45.09000015258789,45.540000915527344,44.4900016784668,44.560001373291016,24183800
2026-03-25,45.25,45.650001525878906,45.209999084472656,45.52000045776367,22297400
2026-03-26,45.33000183105469,45.47999954223633,45.02000045776367,45.2400016784668,19988000
2026-03-27,45.59000015258789,46.08000183105469,45.29999923706055,45.369998931884766,26172900
2026-03-30,45.91999816894531,46.34000015258789,45.7599983215332,46.16999816894531,28363600
2026-03-31,45.88999938964844,45.95000076293945,45.2599983215332,45.849998474121094,42852800
2026-04-01,46.11000061035156,46.279998779296875,45.70000076293945,45.779998779296875,31185100
2026-04-02,46.34000015258789,46.59000015258789,45.90999984741211,46.040000915527344,17331800
2026-04-06,46.16999816894531,46.5,46.09000015258789,46.150001525878906,12939500
2026-04-07,46.27000045776367,46.43000030517578,46.040000915527344,46.060001373291016,13657000
2026-04-08,46.779998779296875,46.779998779296875,45.97999954223633,46.290000915527344,18879700
2026-04-09,47.150001525878906,47.709999084472656,46.619998931884766,46.65999984741211,23274600
2026-04-10,46.959999084472656,47.459999084472656,46.869998931884766,47.060001373291016,15052100
2026-04-13,46.38999938964844,46.880001068115234,46.119998931884766,46.84000015258789,17795700
2026-04-14,46.470001220703125,46.560001373291016,45.900001525878906,46.400001525878906,25118600
2026-04-15,46.02000045776367,46.31999969482422,45.880001068115234,46.310001373291016,24843900
2026-04-16,46.349998474121094,46.369998931884766,45.84000015258789,46.0,26945000
2026-04-17,46.15999984741211,46.279998779296875,45.63999938964844,46.22999954223633,17601500
2026-04-20,45.75,46.34000015258789,45.650001525878906,46.119998931884766,14376100
2026-04-21,44.95000076293945,45.95000076293945,44.90999984741211,45.90999984741211,19596900
2026-04-22,44.869998931884766,45.619998931884766,44.709999084472656,45.34000015258789,21731700
2026-04-23,46.09000015258789,46.13999938964844,45.20000076293945,45.369998931884766,23864300
2026-04-24,46.18000030517578,46.29999923706055,45.7400016784668,46.029998779296875,24158700
2026-04-27,46.189998626708984,46.5,46.16999816894531,46.369998931884766,14543100
2026-04-28,46.25,46.52000045776367,46.040000915527344,46.439998626708984,13016000
2026-04-29,45.68000030517578,46.27000045776367,45.560001373291016,46.06999969482422,12655100
2026-04-30,46.849998474121094,46.88999938964844,45.849998474121094,45.849998474121094,22378500
2026-05-01,46.54999923706055,47.29999923706055,46.52000045776367,46.84000015258789,15507000
2026-05-04,46.369998931884766,46.849998474121094,46.09000015258789,46.2599983215332,18054200
2026-05-05,46.369998931884766,46.81999969482422,46.36000061035156,46.529998779296875,17499600
2026-05-06,45.709999084472656,46.380001068115234,45.63999938964844,46.279998779296875,26315500
2026-05-07,45.119998931884766,45.68000030517578,45.0,45.619998931884766,23499400
2026-05-08,44.720001220703125,45.5099983215332,44.689998626708984,45.36000061035156,18152000
