Price,Close,High,Low,Open,Volume
Ticker,XLV,XLV,XLV,XLV,XLV
Date,,,,,
2018-01-02,72.72333526611328,72.75812775468654,72.0796908174795,72.18406164721064,6708900
2018-01-03,73.419189453125,73.47137488056264,72.5059046570248,72.71465300276562,7606500
2018-01-04,73.52354431152344,73.79317780927423,73.34088871924172,73.65401448772145,7762500
2018-01-05,74.14981842041016,74.21940342036329,73.61924440875141,73.7584144086577,7579300
2018-01-08,73.88018798828125,74.15852136396151,73.50617689258674,74.06284364394725,5167300
2018-01-09,74.74995422363281,74.90651710692228,74.0367247855339,74.1063031278935,6962900
2018-01-10,74.6194839477539,74.63687687432319,74.06281739369399,74.4977135538026,10835800
2018-01-11,74.94132232666016,74.95871525620746,74.54121195118313,74.74996692169024,4247800
2018-01-12,75.51537322998047,75.60235113970434,75.01959184496634,75.08047704537196,5391700
2018-01-16,75.88938903808594,76.49824108084381,75.76761862953437,75.98506673566068,8920000
2018-01-17,76.6200180053711,76.78528070359815,76.04595840709258,76.23731381851546,7214600
2018-01-18,76.63740539550781,76.71568352265862,76.193809433686,76.62870561382803,7954800
2018-01-19,76.9244613647461,76.95055408156325,76.54175048878503,76.93315451302445,4802400
2018-01-22,77.42890167236328,77.47239393841444,76.75916457269689,76.89833451527012,11152500
2018-01-23,77.05490112304688,77.56808206040648,76.9853227783788,77.42021895350197,7637600
2018-01-24,77.28104400634766,77.56807705604817,77.01141051868336,77.43760688473078,8291100
2018-01-25,77.94210052490234,78.02037865867052,77.35934118688485,77.6550674291064,6339300
2018-01-26,79.62079620361328,79.63818913158381,78.28131512624547,78.29870805421601,9784400
2018-01-29,79.40335083007812,79.83824704014363,79.39465104779975,79.41205061235651,12643800
2018-01-30,77.73336029052734,78.37700490047246,77.60289008467609,77.83773114641609,14270600
2018-01-31,76.62873077392578,78.35961628112901,76.35909717722336,78.13347497111658,15858400
2018-02-01,76.6548080444336,77.00272635986892,76.14163367205869,76.3329890773476,12848700
2018-02-02,75.57626342773438,76.69829645453548,75.55887049903518,76.02855920578841,10539200
2018-02-05,72.22755432128906,75.66323129627258,71.64479506539877,75.20224243307612,34979800
2018-02-06,73.02776336669922,73.34088913696239,70.80109712126227,70.83588961084583,33313400
2018-02-07,72.9407730102539,73.96712805181627,72.56676210605777,72.81900263549123,17338000
2018-02-08,70.40968322753906,73.15823004946475,70.34879803267305,72.9233824149897,20252500
2018-02-09,71.40995025634766,72.01880887994447,69.20067690190224,71.05333884531706,35535700
2018-02-12,72.07971954345703,72.63638631050074,71.22731982367624,71.87096452882216,13389200
2018-02-13,72.13186645507812,72.2971290944031,71.21858200279178,71.66217787698696,8415200
2018-02-14,72.94950866699219,73.07997224983771,71.60132746566656,71.67091246717816,10110800
2018-02-15,73.7583999633789,73.78449267425347,72.70594529418135,73.445274160905,9519100
2018-02-16,74.28897857666016,74.81085273517614,73.39308675195292,73.39308675195292,9323000
2018-02-20,73.47135925292969,74.17588891744272,73.26261095159043,73.93234812654877,8872100
2018-02-21,73.16694641113281,74.44553579306617,73.15824662818373,73.4626726715012,9417400
2018-02-22,73.05387878417969,73.92367138618299,72.8799229181754,73.4017971521792,6316100
2018-02-23,74.21939849853516,74.24549121278955,73.16695032900219,73.4887693194602,5498500
2018-02-26,75.15878295898438,75.24576089318383,74.3498755625466,74.3498755625466,6266100
2018-02-27,74.3759536743164,75.41100216922645,74.3759536743164,75.15876820037548,7460700
2018-02-28,73.184326171875,74.71516253193485,73.16693324509664,74.6194848446818,6279000
2018-03-01,72.01880645751953,73.42786576315655,71.47083305111514,73.05385480163797,12720300
2018-03-02,72.74943542480469,72.90599832142578,71.61870265632012,71.62740243835167,11206000
2018-03-05,73.41046142578125,73.62790947109697,72.26233601195382,72.41889887002063,11028800
2018-03-06,73.30611419677734,73.697524821304,72.94080292267816,73.57574776061382,9573300
2018-03-07,73.68012237548828,73.758407151731,72.65376695312821,72.67985966654572,6868200
2018-03-08,74.17588806152344,74.23677325854436,73.75839146366243,73.8801618577043,6403000
2018-03-09,75.24574279785156,75.27183550823744,74.3498576826596,74.62819098675797,8253100
2018-03-12,74.92393493652344,75.38492395832331,74.83695700267288,75.27185330791669,5760200
2018-03-13,75.01959228515625,75.54146638255081,74.85432961051879,75.21094766926507,6400700
2018-03-14,74.65428161621094,75.4544890136899,74.41074081141205,75.28053319197333,9416400
2018-03-15,74.53252410888672,75.1326764428353,74.43684639959238,74.9152283100737,5883100
2018-03-16,74.53252410888672,74.93403357250759,74.52379376030883,74.52379376030883,7067700
2018-03-19,73.32797241210938,74.48885535042253,72.73443542424813,74.39284818379892,7190200
2018-03-20,73.4327392578125,73.69459646208554,73.01377572214201,73.4938383842355,5534400
2018-03-21,73.11849975585938,73.95643999086512,73.05740064073439,73.55492390941049,5498700
2018-03-22,71.01495361328125,72.46387864249857,70.89275535753902,72.41150986412491,14648500
2018-03-23,69.5398178100586,71.23314552974021,69.48744904653972,71.08476292690104,11049000
2018-03-26,70.97998809814453,71.07600189601521,69.52233376218165,70.32535219955393,9183500
2018-03-27,70.14210510253906,71.44264748642773,69.74059559675148,71.23316571369192,10948400
2018-03-28,70.51741027832031,71.1982308416692,70.24682945424668,70.34283663431829,10146800
2018-03-29,71.04984283447266,71.56482006167475,70.41266073611263,70.89272989647314,6914900
2018-04-02,69.43508911132812,71.1196866981765,68.72807741741265,70.75308532902221,11364900
2018-04-03,70.49122619628906,70.62215476502142,69.38270519489926,69.81040563004518,8590700
2018-04-04,71.4950180053711,71.69576941480084,69.64457693881266,69.64457693881266,9085800
2018-04-05,71.442626953125,71.80922161487618,71.1720461303044,71.74812250458432,8031300
2018-04-06,69.7231216430664,71.19823743989632,69.09467644432938,70.84909677883961,12171800
2018-04-09,70.4126968383789,71.39028969375586,69.89771934713559,70.09847080126869,6952600
2018-04-10,71.59974670410156,71.87905790044144,70.86655731094847,71.11095377533283,8097800
2018-04-11,71.01495361328125,71.4950229460582,70.91893974672585,71.06732239165493,6205800
2018-04-12,71.4950180053711,71.83542835988678,71.34662871139103,71.39900414545077,5096900
2018-04-13,71.46009063720703,71.89651477449698,71.07603526541463,71.83541566164854,7837000
2018-04-16,72.0274429321289,72.2893001009242,71.81796119267533,71.9838045101993,7217200
2018-04-17,72.58606719970703,72.74317349942291,72.20201182003535,72.57733685217704,6500900
2018-04-18,72.64715576171875,72.90027586958654,72.29801516357615,72.7693539721732,4704500
2018-04-19,72.03616333007812,72.58606197673136,71.77431285675596,72.51623252012403,5833600
2018-04-20,71.652099609375,72.20199819180236,71.4164335449795,72.09725401912507,5250500
2018-04-23,71.93140411376953,72.15833979035627,71.66081671583689,71.84411398968071,9257300
2018-04-24,71.39027404785156,72.21075370485694,70.8491056226962,72.15837827061284,8904800
2018-04-25,71.71320343017578,71.74811149415396,70.80544060278466,71.30296375575548,8068800
2018-04-26,72.62098693847656,72.90029817057436,71.92271218788461,71.92271218788461,9463300
2018-04-27,72.91773986816406,73.03120773750119,72.41148631086917,72.5685992541916,6663300
2018-04-30,71.80049133300781,73.27560019152354,71.79176098682404,73.23196177921058,7241000
2018-05-01,71.76557922363281,71.96633057805684,71.16331184175431,71.7132104632271,8498000
2018-05-02,70.77925872802734,71.44262523762693,70.62215244188094,71.39025647557813,11594300
2018-05-03,70.14210510253906,70.46506144079028,69.22561152544847,70.45633109129552,13524100
2018-05-04,70.7007064819336,70.9363725734465,69.66201495943177,69.93260243849147,7889500
2018-05-07,70.5959701538086,71.20696797710887,70.41267280460978,70.92765677938151,5886700
2018-05-08,70.06352996826172,70.48250008150251,69.64456651432496,70.42140096699906,9522300
2018-05-09,70.46504974365234,70.77054533220205,69.8104134856297,70.194462228676,11340200
2018-05-10,71.40772247314453,71.72194841668811,70.72690181523495,70.76181654888474,7845500
2018-05-11,72.47260284423828,72.6122617871283,71.337903900129,71.46882583495726,10434000
2018-05-14,72.9526596069336,73.2581551679066,72.45513636211935,72.60351896897711,11837600
2018-05-15,72.0099868774414,72.5598789253378,71.77432075957273,72.47259542461993,8806800
2018-05-16,72.41149139404297,72.66461819045952,71.96633691349636,71.97506726076693,7013600
2018-05-17,72.43766021728516,72.55985841561055,72.0274205546346,72.34164639584344,6610400
2018-05-18,72.62098693847656,72.76937623311059,72.2456618460353,72.4900650010128,5838900
2018-05-21,72.69080352783203,73.10104328398901,72.58606599642438,72.9613843630403,6406500
2018-05-22,72.55116271972656,72.92648780489836,72.43768816371572,72.8391976358731,5770200
2018-05-23,72.78680419921875,72.81298857733218,72.15835248728574,72.2456359674314,8360500
2018-05-24,72.498779296875,72.86538065218768,72.17582968056934,72.74317576088066,7166500
2018-05-25,72.39404296875,72.84792117243525,72.27184473470766,72.52496489143515,6853300
2018-05-29,71.652099609375,72.05361560831992,71.19822151304552,71.92268705729899,18236800
2018-05-30,72.7257080078125,72.8915512882385,72.06234154541147,72.14090134219855,13167700
2018-05-31,71.93140411376953,72.64713917990797,71.90521308096199,72.58604008862669,11543500
2018-06-01,72.7605972290039,72.7867815989871,72.14087605529915,72.21942916524877,8037800
2018-06-04,73.03118896484375,73.13593311990202,72.61222566321393,72.847891687968,7230800
2018-06-05,72.88282012939453,73.21450002724514,72.53367953942907,73.05738709472583,5444400
2018-06-06,73.70331573486328,73.78186888875662,72.8391910862105,73.13596298373992,7218900
2018-06-07,73.79934692382812,73.99136800933965,73.4414758249764,73.92154518701996,7405600
2018-06-08,74.22700500488281,74.27937376116307,73.65092204858914,73.77312025277821,6247100
2018-06-11,74.36665344238281,74.72452435015666,74.06115794751634,74.23573155837028,7074400
2018-06-12,74.32302856445312,74.44522678464557,73.99134197309914,74.44522678464557,6829200
2018-06-13,74.34048461914062,74.82055382530143,74.24447077790848,74.45395915476249,10379200
2018-06-14,74.72454833984375,74.7681934213947,74.27939381338099,74.48887555435574,9379800
2018-06-15,74.86996459960938,74.90500868060127,74.2917539731805,74.6334254078828,9349300
2018-06-18,74.15158081054688,74.41440808720387,73.84495344376393,74.41440808720387,7342600
2018-06-19,74.34431457519531,74.37059596417573,73.52955809692843,73.64344634383515,6431700
2018-06-20,74.50202178955078,74.67723553408712,74.28300126689241,74.44069631056547,5900800
2018-06-21,74.07276153564453,74.44071449946227,73.89754106431879,74.4319518049016,7423400
2018-06-22,74.40565490722656,74.69476361171236,74.15159028970658,74.34432942603044,9829800
2018-06-25,73.7222900390625,74.41439551225992,73.16159818198659,74.12528689358741,9925100
2018-06-26,73.49451446533203,73.83618589211147,73.39814491583272,73.78362311382998,5560100
2018-06-27,72.87252044677734,73.87125365820653,72.81995765164223,73.49453803045854,7420500
2018-06-28,72.96886444091797,73.15284084335724,72.09278251465022,72.60091163603943,9026900
2018-06-29,73.11780548095703,73.7661043121691,73.06524269798659,73.19665633938814,6479300
2018-07-02,73.34559631347656,73.38939640918503,72.46951419159362,72.71481611628465,9364700
2018-07-03,73.52081298828125,73.86248449468623,73.32807384436532,73.60841986715855,3023100
2018-07-05,74.28297424316406,74.36181839432959,73.6872383708996,73.86245205169419,7458600
2018-07-06,75.35181427001953,75.48322790607949,74.55457644617091,74.64218330888582,9822500
2018-07-09,75.90373992919922,76.05267225716513,75.6233939713914,75.6496753605648,7874400
2018-07-10,76.19283294677734,76.22787701981075,75.85116158966858,76.05265665464376,6122900
2018-07-11,75.58834838867188,75.85993165003192,75.53578561136986,75.78108748407891,6434500
2018-07-12,76.42938995361328,76.48195941744062,75.92126748576612,75.96506757431801,4461600
2018-07-13,76.56956481933594,76.73601584702112,76.21913069772383,76.26293746941595,6048700
2018-07-16,76.10525512695312,76.63090305494936,76.00012286776347,76.63090305494936,5388500
2018-07-17,76.52576446533203,76.63965940769313,76.04392335618475,76.07896075570687,5849300
2018-07-18,76.58708953857422,76.6046149222188,76.31550624786222,76.54328944741366,7575700
2018-07-19,76.15779876708984,76.56079563336534,75.824890055986,76.40310062621629,5204000
2018-07-20,76.00886535644531,76.12275359397945,75.78984488766669,75.94753989254626,4822600
2018-07-23,76.16658020019531,76.26294976627692,75.87747150195047,75.96507837548575,3824600
2018-07-24,76.85868072509766,76.99008768462669,76.5170025783955,76.56957204618269,6467100
2018-07-25,77.83988189697266,77.8574072794435,76.7360167404338,76.81486759360264,9285900
2018-07-26,77.62086486816406,77.89245483678349,77.45441383111216,77.70847173250327,5763000
2018-07-27,77.06017303466797,77.6559090706603,76.77982705796424,77.6559090706603,5742900
2018-07-30,77.10395812988281,77.25289042601237,76.87617499911362,76.99882591168777,5531200
2018-07-31,77.90996551513672,78.01509775190546,77.27042277174914,77.38431769924226,6719100
2018-08-01,77.92749786376953,78.21660655254799,77.86617238590523,77.86617238590523,5733000
2018-08-02,78.21658325195312,78.38304093541551,77.5595218917264,77.59456596634868,5666200
2018-08-03,78.68093872070312,78.74226420615744,78.17281613435729,78.27794171857806,5884800
2018-08-06,78.8210678100586,78.99628146800367,78.3567456009288,78.6370914640245,4751100
2018-08-07,78.82987213134766,79.09269275707132,78.72473987067251,78.82987213134766,5170300
2018-08-08,78.9525146484375,79.06640290567158,78.66340597548704,78.838619707228,5020400
2018-08-09,78.86491394042969,79.18030405609979,78.78606975350041,78.96128351377202,5680300
2018-08-10,78.52323150634766,78.98756060603348,78.2516482105116,78.5758009742978,5389500
2018-08-13,78.54949951171875,78.92620827924912,78.3479977513437,78.61082497201136,6563900
2018-08-14,78.91746520996094,79.05763484904672,78.58454978467914,78.66340063739456,5497700
2018-08-15,78.78605651855469,78.8824260757083,78.28669003329297,78.67216826190742,6840600
2018-08-16,79.55699920654297,79.66213144606813,78.91746313036224,79.01383267893327,6916700
2018-08-17,79.80229187011719,80.047600400694,79.31168817691162,79.4956645618637,5455300
2018-08-20,80.06512451171875,80.21405683094703,79.942473580122,79.9862803488242,8144900
2018-08-21,80.06512451171875,80.3016703683514,79.89866681141982,80.26662629018455,6395900
2018-08-22,80.14396667480469,80.31918036267967,79.78476992549508,79.88113945901846,3954300
2018-08-23,80.1176986694336,80.31043778474681,79.9249662380958,80.1001799698485,6058300
2018-08-24,80.50318908691406,80.50318908691406,80.1527548863833,80.30169393329297,4028900
2018-08-27,80.79228973388672,80.853615211556,80.45061826058986,80.79228973388672,4671300
2018-08-28,80.8360824584961,80.94121470376403,80.66086873369134,80.91493331344084,4954100
2018-08-29,81.36173248291016,81.44933934044779,80.76599649408953,80.85360335162717,5338500
2018-08-30,81.30040740966797,81.571990674548,81.12518700976567,81.30040740966797,5266100
2018-08-31,81.28290557861328,81.35299375888157,80.94999674830409,81.10769181191934,5808100
2018-09-04,80.63459014892578,81.26537027453016,80.4418510345494,81.21280080807954,6875500
2018-09-05,80.95875549316406,80.95875549316406,80.42434484164299,80.57327720446652,10218900
2018-09-06,80.95875549316406,81.12520655821184,80.4681449391918,80.94999280006374,5940300
2018-09-07,81.08140563964844,81.1602498248238,80.64336456473727,80.7660155309943,5591100
2018-09-10,80.87113189697266,81.43182387425699,80.7922877207806,81.2828915299105,4234000
2018-09-11,80.80104064941406,80.95873566671911,80.45936254194082,80.73095248972854,5683900
2018-09-12,81.20404815673828,81.35298050255756,80.69591895855713,80.85361399647626,11056600
2018-09-13,82.21153259277344,82.21153259277344,81.4756269128366,81.55447108541185,10603800
2018-09-14,81.93994903564453,82.28162048361635,81.7910166986261,82.28162048361635,5929000
2018-09-17,81.64209747314453,81.9487248880071,81.54572790219109,81.9399621950178,5543000
2018-09-18,82.11518859863281,82.32544645781219,81.51945242764391,81.64210340249662,5422900
2018-09-19,82.00125885009766,82.23780468981606,81.9136520029321,82.06258431151095,4186600
2018-09-20,82.79852294921875,82.85108573749338,82.18526145545148,82.23783092770225,5083000
2018-09-21,82.91021728515625,83.09491764474146,82.7343204884489,83.01575938920027,8579100
2018-09-24,83.07730102539062,83.24440763319559,82.74309451981154,82.85742673513391,5392600
2018-09-25,82.82225799560547,83.31478103967767,82.73430960881709,83.19164524613578,5215900
2018-09-26,83.0069351196289,83.65776781455159,82.83103838101927,82.9805512798405,10880500
2018-09-27,83.42910766601562,83.65777882432678,83.02453974594596,83.12128497792254,7168800
2018-09-28,83.68415069580078,83.73691837477317,83.22680844460548,83.26198913393054,5995800
2018-10-01,84.0975341796875,84.48450842858087,83.85126929944204,84.00078893995618,7307100
2018-10-02,84.00079345703125,84.1678933900722,83.84248366623356,84.09753870196496,5572700
2018-10-03,83.84249877929688,84.43176049736,83.71057281151306,84.2822475318873,6367500
2018-10-04,83.02454376220703,83.81609264847376,82.59359197802969,83.78091195241393,10976400
2018-10-05,82.92780303955078,83.52586148505839,82.40889613196245,83.09490967742309,12291000
2018-10-08,82.89260864257812,83.13006992712468,82.19780506997243,82.82224725825658,11924000
2018-10-09,83.03333282470703,83.32356179741988,82.41768076645957,82.67273575644381,7463900
2018-10-10,81.07205200195312,83.12128208425446,81.01928431726883,83.02453685564582,22549300
2018-10-11,78.88211059570312,81.0368761768127,78.31043604050114,80.85218255929172,46581800
2018-10-12,80.0958023071289,80.39483481661138,79.17232764876394,79.83195048758733,20797300
2018-10-15,79.54171752929688,80.31567253889872,79.48015300251072,79.96387236725054,13909700
2018-10-16,81.72289276123047,81.86361555909573,80.1485916877826,80.15738854015726,13505900
2018-10-17,82.15384674072266,82.3561273638946,81.25675572916722,81.67012053742984,14232300
2018-10-18,81.2215576171875,82.11864843640043,80.57073162777944,82.10985158639978,14455600
2018-10-19,80.48280334472656,81.64373956343063,80.37726124846903,81.36230068344274,11318600
2018-10-22,79.82316589355469,80.62350483771694,79.45377197852577,80.47399192760314,8288300
2018-10-23,79.3922119140625,79.77919284205518,78.16971130248346,78.80295038100554,15424500
2018-10-24,76.77131652832031,79.8143762386622,76.67457129304668,79.35704061648542,17431900
2018-10-25,77.76515197753906,78.3016458833605,75.87423138407273,76.76252556240475,15725100
2018-10-26,76.88563537597656,77.58923574460445,75.94457374120424,77.04394512341632,25507900
2018-10-29,77.07913970947266,78.34561791732445,75.99736183195893,77.7739433535007,14024300
2018-10-30,77.90587615966797,78.02900525073733,76.6921655333668,77.08794336326022,15432000
2018-10-31,78.01139068603516,78.84691696348007,77.94982615696283,78.53029746824227,13460700
2018-11-01,78.99644470214844,79.12837063495395,78.24887336295942,78.27525720751417,9668500
2018-11-02,78.50393676757812,79.89353750622658,77.98502983242386,79.76161826935315,12953000
2018-11-05,79.19873809814453,79.55053166588394,78.60946978111342,78.60946978111342,7783500
2018-11-06,79.60330200195312,79.69125038939448,78.97885972807804,79.09319196074863,7980500
2018-11-07,81.9427719116211,82.01313331468498,80.28931919981616,80.34208689709772,13310600
2018-11-08,81.98674011230469,82.28576597616171,81.67891739656011,81.7932496309704,7345600
2018-11-09,81.749267578125,82.02191629136351,81.35349649540323,81.88999036044572,8486500
2018-11-12,80.64110565185547,81.7492673645945,80.45641203306563,81.62613828540128,8423200
2018-11-13,80.0782470703125,81.2391834585824,79.84077899655664,80.91376698011565,14227000
2018-11-14,79.43620300292969,80.57955227964342,79.05801886155815,80.57075542704432,11664000
2018-11-15,80.13980102539062,80.2365462707871,78.12575128673203,78.87332269295112,15563900
2018-11-16,80.94893646240234,81.33591744152451,79.95510687787669,79.99907771912005,11323200
2018-11-19,79.919921875,81.08085803981534,79.56812161383708,81.02808363912018,8821000
2018-11-20,79.17234802246094,80.00787452599785,78.98765438526618,79.4186129154195,11604300
2018-11-21,78.72379302978516,79.43618358542737,78.70619932888758,79.4273867349786,9345100
2018-11-23,78.83812713623047,79.31305642139222,78.25766248327568,78.30163331651244,3939500
2018-11-26,79.60330200195312,79.81437947381878,79.13716950948523,79.47137606577516,7141200
2018-11-27,80.43002319335938,80.43002319335938,79.04921273866087,79.3394484501022,9262000
2018-11-28,82.36492156982422,82.39130541460499,80.64989784872515,80.66749155193348,11870400
2018-11-29,82.63755798339844,83.12128413839574,82.05709330743295,82.17142553041809,8796000
2018-11-30,84.3174057006836,84.3174057006836,82.49684661996523,82.5847950049695,15875900
2018-12-03,83.91284942626953,84.26464301518907,83.42912317645626,84.26464301518907,12158200
2018-12-04,82.03948974609375,84.36136159098089,81.88997684707408,83.8952291940193,15011300
2018-12-06,81.731689453125,81.731689453125,79.27789102793426,81.0192987429198,18492900
2018-12-07,79.64726257324219,81.61734109012939,79.2514915257594,81.50300216216651,14930800
2018-12-10,79.95510864257812,80.25413452574892,77.96744271962447,79.69125674916545,15372000
2018-12-11,80.20136260986328,81.1600114660771,79.62968801091286,80.62351756506554,13632300
2018-12-12,80.88736724853516,81.94276131791935,80.83459955807551,81.08964786865174,12581000
2018-12-13,80.96650695800781,81.55577515887498,80.42122300948563,81.1072297253883,11567100
2018-12-14,78.24006652832031,80.24531897900084,78.0026052475948,80.17496430584232,19422700
2018-12-17,76.683349609375,78.08174669209133,76.15564601360359,77.43092075667788,22089500
2018-12-18,76.01493072509766,77.48368919640609,75.28494655910723,77.34297315683457,24712500
2018-12-19,75.02113342285156,77.07915418713404,74.34391664449568,76.16447605521975,23075600
2018-12-20,73.9657211303711,74.98594121287434,73.4380240956423,74.6781185017852,25321600
2018-12-21,73.0468978881836,75.33513201162762,72.89670632018297,74.08057878393657,28909200
2018-12-24,71.2975845336914,72.83486078436485,71.25341411253848,72.5609745150673,14235500
2018-12-26,74.40746307373047,74.47814382894006,71.2180664551414,71.56262671117841,20575100
2018-12-27,75.22911071777344,75.27328113582335,72.53446581867146,73.53281298152959,14045700
2018-12-28,75.31745910644531,76.3688134784944,75.00823921480972,75.71502657562134,15770600
2018-12-31,76.43064880371094,76.50132281344905,75.68851440731832,75.74152834023108,10163100
2019-01-02,75.27327728271484,75.82987979365411,74.45163205557907,75.25561046449683,14179900
2019-01-03,73.74485778808594,75.53834010628321,73.55048905085471,75.37931175222937,17668000
2019-01-04,75.9447250366211,76.35996600746032,74.57532092525386,74.6106545589325,16262600
2019-01-07,76.23628997802734,76.95191413034249,75.74153814338855,75.97124050062044,12387200
2019-01-08,76.82820892333984,77.08442156318189,75.98006022273515,76.84588247945953,13371000
2019-01-09,77.17276763916016,77.6233489447391,76.94305859742568,77.16393086127015,11259700
2019-01-10,77.32296752929688,77.37598146188796,76.43947837830154,76.82821576169543,10396800
2019-01-11,77.57917785644531,77.60568145169931,76.81937667022393,76.96073816556144,7187900
2019-01-14,76.72221374511719,77.14629160902844,76.71338370455892,77.11095122532842,5449000
2019-01-15,78.10044860839844,78.11811542703182,76.81055515255065,76.82822197118404,10540600
2019-01-16,77.9590835571289,78.5421896528683,77.90607636314806,78.20645944968955,8288900
2019-01-17,78.64820098876953,78.97509440010339,77.68520105288803,77.74704502362825,8731600
2019-01-18,79.58473205566406,79.6289024843043,78.63939860449543,79.2313349240939,13367500
2019-01-22,79.03693389892578,79.17829539004074,78.48916823158562,79.02809712060937,12244500
2019-01-23,79.12527465820312,79.55818913215975,78.26828922833292,79.18711862012746,7722800
2019-01-24,78.46267700195312,79.11646389065892,78.0916131400312,79.04578313396296,11307000
2019-01-25,78.55986785888672,78.85142094902051,78.33016549134662,78.85142094902051,7241900
2019-01-28,77.66753387451172,78.10044166767976,77.29646331130901,78.0209241396766,7113800
2019-01-29,78.04744720458984,78.10929793095843,77.44668090775244,77.66755324882111,11099200
2019-01-30,79.116455078125,79.33732736283167,78.14461163302587,78.3389803220457,11706500
2019-01-31,80.10596466064453,80.29149658497731,78.94859595816911,79.02810675124556,13409900
2019-02-01,80.1766586303711,80.36219058528519,79.62889280598982,80.20316223243184,9386500
2019-02-04,79.94692993164062,80.18547577274205,79.26664626356602,80.18547577274205,9308600
2019-02-05,79.83208465576172,80.53004193265978,79.81441109708761,80.07946055329771,8921400
2019-02-06,80.1943359375,80.22967632503159,79.59356283044232,79.69074721103178,6135900
2019-02-07,79.3108139038086,79.8055723856018,78.88674290854233,79.6730476718985,9511700
2019-02-08,79.4610366821289,79.46986672274213,78.88676723928614,79.00161843165908,7284200
2019-02-11,79.36385345458984,79.69074021470156,79.14298110727583,79.63773300830272,5017400
2019-02-12,80.45052337646484,80.4947005321006,79.56703418765065,79.70839569329496,9093200
2019-02-13,80.62722778320312,80.8657669058378,80.26499396901262,80.60955422420038,6435600
2019-02-14,80.81278991699219,81.17501712609258,80.30920114498119,80.42405235947832,6938600
2019-02-15,82.031982421875,82.07615958429014,80.81276958078733,81.42237937157547,8234200
2019-02-19,81.83761596679688,82.15567267165851,81.80227558398016,81.81111236480655,6284100
2019-02-20,81.74043273925781,81.84645388918669,81.33402844193043,81.63441832981782,6959900
2019-02-21,81.02478790283203,81.50187284541978,80.66256086190573,81.44886565418354,8368500
2019-02-22,81.76692962646484,81.83760364096503,81.0866391555593,81.1838235085458,6488100
2019-02-25,81.88179016113281,82.37654202164785,81.81994617856843,82.18217329344878,7652600
2019-02-26,81.59024047851562,81.91713396601035,81.49305611035471,81.69626162755173,7288000
2019-02-27,81.2103271484375,81.59906456058407,80.93644764832759,81.31634828097415,9827600
2019-02-28,80.97181701660156,81.50190938810093,80.88346941143337,81.06016462176976,9464100
2019-03-01,82.12033081054688,82.23518873775578,81.40470660773498,81.47538737209604,10795200
2019-03-04,81.00715637207031,82.56209307654203,80.45055365968874,82.41190147562546,15208400
2019-03-05,80.96295166015625,81.25450472075634,80.54771064787509,81.04246919508711,13591700
2019-03-06,79.77906799316406,81.07779130110575,79.55819571936293,80.9717769235928,11662400
2019-03-07,79.15180206298828,79.83209258930574,78.87792254071125,79.66422746765811,14430700
2019-03-08,78.98392486572266,79.02809527529953,78.30363450146875,78.72771222442452,11531200
2019-03-11,79.88509368896484,79.95577444431225,78.96626409091199,79.19597317554717,9694300
2019-03-12,80.46819305419922,80.6537249660441,79.97343454879227,80.08829245171096,8981600
2019-03-13,81.33402252197266,81.55489484621481,80.65373872912174,80.70674592998357,10098300
2019-03-14,81.20149230957031,81.4135278216223,80.90993926769421,81.3075066953526,9283800
2019-03-15,81.57482147216797,81.70783971304505,81.06049464801272,81.3442637379424,10219400
2019-03-18,81.45069885253906,81.73446803282245,81.15805998254937,81.6546611222385,7183500
2019-03-19,82.09803771972656,82.32859549037869,81.44181609854476,81.73445492159152,11308700
2019-03-20,81.53050231933594,82.09804060883467,81.21126118579413,82.000494331053,11123700
2019-03-21,81.8497314453125,81.97388000507806,80.7323876418334,80.84766651430454,7398200
2019-03-22,80.3599624633789,81.79654095446656,80.34222308426452,81.49503916543017,12162600
2019-03-25,80.31558990478516,80.57275667835243,79.73918208579565,80.5018127203501,9893300
2019-03-26,80.86539459228516,81.37972136849751,80.29785646532879,80.78558094896322,8107200
2019-03-27,80.19145202636719,80.95408276234991,79.63278350537064,80.76785992201772,10817400
2019-03-28,80.39540100097656,80.61709578851654,79.97861371790734,80.43086621326552,6726800
2019-03-29,81.36202239990234,81.43296638649967,80.69693774813203,80.8742909490344,10120900
2019-04-01,81.48614501953125,81.98273923623873,81.29992218826594,81.85859068206186,9082000
2019-04-02,81.29993438720703,81.62804519567207,81.14918351531357,81.50389662286688,7002200
2019-04-03,81.19352722167969,81.70786094507484,80.95409973835604,81.66351926473058,7398700
2019-04-04,81.02501678466797,81.36199044025288,80.55501813227318,81.26444418839625,9212400
2019-04-05,81.58367919921875,81.72556710617778,81.16689192951131,81.22009651182705,6262000
2019-04-08,81.56597137451172,81.64577827223178,80.98956341714855,81.52162969871846,5961200
2019-04-09,81.3531494140625,81.53050937336987,81.060517320989,81.28221219593021,7207600
2019-04-10,81.37973022460938,81.60142504100217,81.2378490602242,81.4506741895964,5433400
2019-04-11,80.37767028808594,81.60142321152607,80.02295723669224,81.5570883085948,8534200
2019-04-12,79.64164733886719,80.71464948768757,79.50863585538511,80.68804719099114,11659000
2019-04-15,79.96090698242188,80.02298127764533,79.58846121108117,79.73921210439659,7921900
2019-04-16,78.32037353515625,80.72354542497985,78.1873552428298,80.6259991283132,14857100
2019-04-17,76.06790924072266,78.60409797880341,75.66886135654676,78.58636537386589,34381800
2019-04-18,76.19207763671875,76.66206959435533,75.06587087590597,76.2984935908511,35300900
2019-04-22,76.23641967773438,76.67980934037972,75.82850199997138,76.06792944094056,18717700
2019-04-23,77.44245147705078,77.85036921473362,76.0768103036307,76.20982857508149,30503400
2019-04-24,77.3537826538086,77.62868214765078,77.0079324070642,77.46906155899606,14612800
2019-04-25,78.15186309814453,78.38242762769376,76.86603572354586,77.18527683658643,16166400
2019-04-26,78.9322280883789,78.9588303851209,78.08978368654348,78.25827392002842,11321700
2019-04-29,78.79035949707031,79.10073097791461,78.45338571295233,78.95884977192473,13264400
2019-04-30,79.15393829345703,79.30468918134252,78.46225138142663,79.02092001831491,11750900
2019-05-01,79.01205444335938,79.57072987492879,78.5686646801917,79.26035162823872,25596400
2019-05-02,79.34901428222656,79.4288211712825,78.47996759639038,78.93222693114132,18927500
2019-05-03,79.95203399658203,79.97863629610265,79.43770032055033,79.57071858374334,13624000
2019-05-06,80.3599624633789,80.56391796405862,78.65734064471118,78.7903589257058,25168300
2019-05-07,78.81692504882812,80.12936111161123,78.35580288738892,79.73917613729425,18011600
2019-05-08,78.98543548583984,79.34901826245884,78.33808359125041,78.78147326092855,13783300
2019-05-09,78.81692504882812,79.07409180321089,77.91241333133334,78.28485893467898,15692300
2019-05-10,78.84355163574219,79.04750708814707,77.15866959498861,78.5597757618063,17771800
2019-05-13,77.36263275146484,78.79921781117446,77.06113100376709,77.50452070256253,17436000
2019-05-14,77.75282287597656,78.29375888471085,77.56660000231908,77.71735088590985,13147000
2019-05-15,77.98338317871094,78.24941294132782,76.9990574961716,77.3449009234865,10587700
2019-05-16,78.59526062011719,79.26921489993158,78.09866629056464,78.15187089284804,15124000
2019-05-17,78.42677307128906,79.04751595114998,77.94791137871493,77.94791137871493,13354100
2019-05-20,78.39129638671875,78.63959352378787,77.81488845247142,78.08978788771371,10757400
2019-05-21,79.12732696533203,79.46430069374101,78.78147678317815,78.83468814651938,11690600
2019-05-22,79.57958221435547,79.75694215538701,78.82582107034384,78.89676504675646,9021800
2019-05-23,79.30467224121094,79.30467224121094,78.63958777315837,79.18052368175492,13545300
2019-05-24,79.41996765136719,79.89882937995122,79.22487508428586,79.57958822756186,9986400
2019-05-28,78.28488159179688,79.96976374556222,78.27601190374415,79.49090207456008,20796000
2019-05-29,77.53111267089844,77.91242803167546,76.99017676920104,77.90355834451628,16302700
2019-05-30,77.9567642211914,78.08091277033584,77.60205118124077,77.68185806329569,12457600
2019-05-31,77.39810180664062,77.76168459335996,76.94584243664012,77.4513064034914,10712900
2019-06-03,77.58430480957031,78.24938916238722,77.42468429427073,77.46902595736036,19371000
2019-06-04,78.87017059326172,79.00318210528033,78.13414198733572,78.2316882732098,15837200
2019-06-05,79.46430206298828,79.65052492391703,78.89676379189406,79.44656268637229,24291700
2019-06-06,79.87224578857422,80.1914870157471,79.40225363901193,79.58847656059744,18840900
2019-06-07,80.70578002929688,80.90087254338852,80.10276987919026,80.1293721737321,9302700
2019-06-10,80.94522094726562,81.21125746823563,80.65258212731658,80.95409063545523,8552800
2019-06-11,80.81218719482422,81.54821556489775,80.60823176469059,81.34426013476413,8317900
2019-06-12,81.20240020751953,81.22900251056988,80.75014075889122,80.82995443363306,5799200
2019-06-13,81.10482788085938,81.34426206262462,80.7855868155648,81.34426206262462,9031800
2019-06-14,80.91861724853516,81.37973954257147,80.85654296346124,81.14031209031197,5056300
2019-06-17,81.2822036743164,81.33540827373533,80.88314888190467,80.99842776917563,4861500
2019-06-18,81.973876953125,82.25764604567976,81.53048732315888,81.69010786057024,7979600
2019-06-19,82.70991516113281,82.89614479673251,81.93842138046345,81.99162598172612,6988100
2019-06-20,83.07347869873047,83.64988655247019,82.5946171017277,83.39271976339897,9241200
2019-06-21,83.47246551513672,83.6327671125802,82.51956346212708,82.99156072280627,9026100
2019-06-24,83.03608703613281,83.41902937401562,82.88469296624929,83.3655977715758,6493600
2019-06-25,82.69767761230469,83.48137057681626,82.61752341220287,83.09842822944505,14930600
2019-06-26,81.65573120117188,82.82236666491374,81.4865220412861,82.81345913164157,10498400
2019-06-27,82.2256851196289,82.38598673471934,81.78040361042842,81.94070522551887,7416200
2019-06-28,82.5017318725586,82.57297852258529,81.78927896120067,82.26128292178664,9390600
2019-07-01,82.91138458251953,83.18746363499146,82.57297320835399,83.15184031227075,7797200
2019-07-02,83.35669708251953,83.35669708251953,82.51066493364256,82.98266224582382,7952500
2019-07-03,84.06913757324219,84.08694584135426,83.53480120195735,83.54370193878559,4066000
2019-07-05,83.49026489257812,83.91773803838839,83.30324751455336,83.71290559895833,5934300
2019-07-08,82.86688232421875,83.19638625577109,82.48393999730061,83.16967045531614,15202000
2019-07-09,82.94702911376953,83.0360840461145,82.55517925810473,82.56408678967597,5537300
2019-07-10,83.23200988769531,83.45465061822985,82.88469089161791,83.13404742270365,5347300
2019-07-11,83.24981689453125,83.84649236395111,82.68875795942894,83.81086903517833,13691700
2019-07-12,82.32363891601562,82.99156110939882,81.7536791878851,82.97374604601329,11508200
2019-07-15,82.5017318725586,82.69765676290476,82.09207382658687,82.36814610237217,5811100
2019-07-16,82.09210205078125,82.55519184626125,82.03867044211809,82.43942109600547,9092300
2019-07-17,82.10992431640625,82.53739764193752,82.10102357641664,82.26132522418362,9566700
2019-07-18,82.57299041748047,82.70657620691034,81.70023581506672,82.10099318335634,6559500
2019-07-19,81.71806335449219,82.79564377670071,81.64681668332389,82.76002044111655,8105900
2019-07-22,81.54884338378906,81.86053903570331,81.47759672207849,81.8071074366482,5192500
2019-07-23,82.05648040771484,82.1811586934743,81.32621896492788,81.6646304842097,6688600
2019-07-24,82.10100555419922,82.109906292235,81.19262748476758,81.9317964091282,5430400
2019-07-25,81.70024871826172,82.1900610920438,81.52213883386273,81.87836539711728,6618700
2019-07-26,81.99411010742188,82.14550414053542,81.68241451146623,81.98520257769331,3812400
2019-07-29,82.33251953125,82.3948586489519,81.90505323685248,82.03863900177205,5887500
2019-07-30,81.97630310058594,82.01191963113803,81.36181263451765,81.70022403039849,7959200
2019-07-31,81.16590881347656,82.22568092554401,80.667195722836,81.88726264736111,8557400
2019-08-01,81.27275848388672,82.1455061741687,80.78294625350581,81.17479603781054,16422500
2019-08-02,81.08576202392578,81.40636524019192,80.5603263327566,81.15700189851889,15956600
2019-08-05,79.17993927001953,80.48906083669354,78.53873298747037,80.16845769541897,17626200
2019-08-06,80.20407104492188,80.22188610302928,79.1443060989637,79.5806799002406,10135900
2019-08-07,80.23080444335938,80.45344515738063,78.54764118891515,79.55398156474264,12452500
2019-08-08,81.29948425292969,81.37963164894002,80.37329806378521,80.48016805292106,12034800
2019-08-09,81.39745330810547,81.91398143910908,80.69390777679833,81.15699751167526,7253100
2019-08-12,80.6048355102539,81.39743580539988,80.29313991010456,81.09464094064444,7097100
2019-08-13,81.65573120117188,82.08319767583674,80.50690400951726,80.57815068678043,12232500
2019-08-14,79.38477325439453,81.01450492825714,79.34024239335571,80.81858001081501,16426100
2019-08-15,79.66085052490234,79.96364545100445,79.14432919477314,79.7231896575622,12315200
2019-08-16,80.64048767089844,80.85422090250624,80.15067527090459,80.2041068801923,10239300
2019-08-19,81.41524505615234,81.62007747841821,81.13917277760035,81.27275854912553,6427200
2019-08-20,80.7206039428711,81.61116665785816,80.65826482460017,81.44195756778524,4708800
2019-08-21,81.31730651855469,81.51323146846931,81.07685749467728,81.28168318271052,5687100
2019-08-22,80.9165267944336,81.65569545997192,80.59592368153635,81.46867810985755,6486900
2019-08-23,79.0463638305664,81.07684612781708,78.65451398567394,80.77405121282138,9822700
2019-08-26,79.87458038330078,79.936919508051,79.34914479373023,79.67865547852719,8913900
2019-08-27,79.4026107788086,80.64049296797164,79.3491723715537,80.36441378145064,8252000
2019-08-28,79.98145294189453,80.15066206937797,79.01074262928196,79.12651336182253,5691500
2019-08-29,80.58700561523438,80.81855378748565,80.07048448483988,80.58700561523438,4360300
2019-08-30,80.68498992919922,81.12136380744897,80.33767097383338,80.96106902293097,4784100
2019-09-03,80.21297454833984,80.59591674498365,79.92799478300864,80.21297454833984,6437800
2019-09-04,80.26643371582031,80.78296184126236,79.89239891924058,80.73843777183481,9318700
2019-09-05,81.05902862548828,81.23714527437654,80.52469226773435,80.95216543061075,7897400
2019-09-06,81.28165435791016,81.51320256155533,81.11245206572507,81.22822277032056,13166400
2019-09-09,80.5335922241211,81.37962414478578,80.23970487693892,81.35290834857918,10675900
2019-09-10,80.76517486572266,80.77407560528127,79.2779292300548,80.12396830570307,8770700
2019-09-11,81.56664276123047,81.59336535230089,80.7028025613568,80.8987206680224,8124300
2019-09-12,81.5399398803711,82.27020121283893,81.4954158104443,81.93178974468026,9344700
2019-09-13,81.49541473388672,82.1544293924189,81.32620560481466,81.63790126800855,6351000
2019-09-16,81.31730651855469,81.5221390010445,80.95217921645099,81.0501416914083,6668100
2019-09-17,81.44197845458984,81.66461919043559,81.15699858448554,81.2727761155772,3932900
2019-09-18,81.43307495117188,81.53993815229619,80.8542076987438,81.44197568829502,5369800
2019-09-19,81.81602478027344,82.18115207503298,81.37964402080217,81.53104489370875,5058600
2019-09-20,82.27208709716797,82.65661995107264,81.99486811737954,82.00380582321542,8935700
2019-09-23,81.83390045166016,82.32574035540688,81.8070736888873,82.03063914222932,4232900
2019-09-24,81.08272552490234,82.19161520265718,80.79656198737652,82.13795484878071,10542600
2019-09-25,80.68925476074219,81.16321247917865,80.57299634647723,81.0916698892736,7956800
2019-09-26,80.24211120605469,80.98434328605437,79.6250684047129,80.95751652472225,10004500
2019-09-27,79.88440704345703,80.62664596386124,79.58929901640342,80.51038756507745,10017300
2019-09-30,80.59981536865234,81.09166209865093,79.93806353229844,79.9917170582342,8031600
2019-10-01,79.81288146972656,80.9933070067919,79.65191404091414,80.8144573404125,13413900
2019-10-02,78.65032958984375,79.7234479390802,78.301568002578,79.56248052782857,13385000
2019-10-03,79.35678100585938,79.38360776511578,77.9796171750698,78.54300641015548,11958800
2019-10-04,80.59981536865234,80.6445311887163,79.54458614829959,79.58930196836354,9146600
2019-10-07,80.33155059814453,80.8591618605724,80.15269411900852,80.26895253611619,8247200
2019-10-08,78.80233764648438,79.69659928050982,78.78444859310596,79.66082799642781,10649300
2019-10-09,79.37467193603516,79.60717507020136,79.01696588458846,79.28524712884234,7350200
2019-10-10,79.76815032958984,80.04537612874262,79.07062721285754,79.14216979474705,8232300
2019-10-11,80.42991638183594,81.37783179976343,80.39414508759835,80.52828573532013,10773200
2019-10-14,80.39414978027344,80.78762039450064,80.26895365447244,80.37626072077207,4915600
2019-10-15,81.86072540283203,82.14688890386988,81.22580034811293,81.27945387247127,12607900
2019-10-16,81.75340270996094,82.1737067992184,81.61926209086332,81.79811852388525,7851500
2019-10-17,82.36150360107422,82.59401356018621,81.98591531359175,82.02168660135324,7536100
2019-10-18,82.0574722290039,82.4867141118027,81.69082158238142,82.12900799435256,6784700
2019-10-21,81.96804809570312,82.52248610087783,81.80708068262861,82.3972899821173,4948400
2019-10-22,82.14688873291016,83.12163081099688,82.11111744252037,82.5940196287685,8702400
2019-10-23,82.65662384033203,82.89807154010926,82.12006808985647,82.2899732035232,5525000
2019-10-24,82.23631286621094,82.88912697073296,81.94120483994719,82.79969533416141,6892300
2019-10-25,82.32574462890625,82.54931009385346,81.80707793546289,82.02169887146277,5536900
2019-10-28,83.17529296875,83.34519807345552,82.46882531919199,82.54036790152915,6937900
2019-10-29,84.35569763183594,84.48983823520429,83.16632807673749,83.37201124492556,13768400
2019-10-30,84.82966613769531,84.86543742472412,84.05165599583813,84.38253528384816,10179700
2019-10-31,84.7313003540039,84.78495387545735,84.18580014364164,84.66870230474966,9675200
2019-11-01,84.838623046875,85.5540284238349,84.82073398941209,85.18738461796168,14670800
2019-11-04,84.57928466796875,85.2768077967234,84.54351337640745,85.23209197660272,9878200
2019-11-05,83.98014068603516,84.71343519192844,83.79233967775242,84.70449066232521,13273800
2019-11-06,84.26627349853516,84.42724085930567,83.80125364623166,84.06059032873273,13130200
2019-11-07,84.45407104492188,84.72234544198301,84.20367887859489,84.58820483211503,7827900
2019-11-08,85.07112121582031,85.08901027223251,84.30205553431922,84.40042487655838,7756900
2019-11-11,84.72234344482422,84.92802661812986,84.489840337387,84.74917020163046,6092500
2019-11-12,85.23208618164062,85.53613872790086,84.74024630713474,84.85649787979777,13801500
2019-11-13,85.33045196533203,85.53613516358506,84.86543887138133,84.99957949435718,6507700
2019-11-14,85.33940124511719,85.46459734748618,84.82072777948801,85.31257448356324,6498800
2019-11-15,87.1547622680664,87.30678515068098,85.5540326793334,85.63451979656723,11337700
2019-11-18,86.85963439941406,87.5750464714725,86.7523273644779,87.0742621146367,11251400
2019-11-19,87.4498519897461,87.57504808125637,86.94012309640416,87.16368852019755,10025800
2019-11-20,87.3336181640625,87.61083716261679,86.81494463807081,87.30678457670983,12305600
2019-11-21,87.55716705322266,87.6197650998385,86.78810143898485,87.38725514554733,9122400
2019-11-22,87.87016296386719,87.9953590651882,87.52140142123353,87.70919557321506,6141800
2019-11-25,88.8985595703125,88.91644180247584,88.09372266945427,88.2278632900432,11726500
2019-11-26,88.8270034790039,89.03267981962269,88.53189552315156,88.8896015160628,11073300
2019-11-27,89.28309631347656,89.41723695022989,88.87173669739556,88.95222380851804,6333200
2019-11-29,88.9701156616211,89.25627920038383,88.79126600839822,89.05060278144524,2392000
2019-12-02,88.57662963867188,89.17578337759953,88.29046614973062,89.14895661655437,6682200
2019-12-03,88.3799057006836,88.45144829051965,87.66449344767686,87.9059479827043,7709700
2019-12-04,89.20262145996094,89.31887304680282,88.64817664484823,88.7376082899168,6237600
2019-12-05,89.20262145996094,89.33676210488719,88.45144476465657,89.2562749888608,7390400
2019-12-06,89.79283142089844,90.09687716074993,89.60503043725353,89.66762849090979,5658500
2019-12-09,89.16685485839844,89.84649582515769,89.16685485839844,89.82860676613201,5148900
2019-12-10,89.36358642578125,89.44406671693038,88.8002039197081,89.14896549337382,6027900
2019-12-11,89.44404602050781,89.66761142998213,89.2651964219983,89.43510831645473,6064300
2019-12-12,90.2757339477539,90.57084200523941,89.4440701274526,89.48878595046921,9769100
2019-12-13,90.21314239501953,90.74076048942347,89.84649854601363,90.18631562834558,6433200
2019-12-16,91.18787384033203,91.51874632894373,90.74074295502898,90.74074295502898,7730300
2019-12-17,91.08950805664062,91.43826961498148,90.96431194968115,91.30412897961742,4643600
2019-12-18,91.21471405029297,91.39356370171299,91.02691986949888,91.12528922458296,5202900
2019-12-19,91.5724105834961,91.67077992827586,91.2594203149587,91.40249865657174,6637200
2019-12-20,92.22074127197266,92.42727565076284,91.84359868556608,91.84359868556608,8586500
2019-12-23,92.58889770507812,92.68767411084913,92.20277362367572,92.43624575103529,4770900
2019-12-24,92.47216033935547,92.7056256038705,92.24766976515428,92.58889297161299,2071800
2019-12-26,92.40931701660156,92.696664720342,92.1129877703009,92.58890676234822,2910100
2019-12-27,92.43624114990234,92.61583086914179,92.22970680695921,92.60684932790721,3605000
2019-12-30,91.88130950927734,92.63146641844993,91.74573665732318,92.4326271549867,5665100
2019-12-31,92.06207275390625,92.14341233133435,91.5288213516303,91.6824742681978,4746700
2020-01-02,92.30610656738281,92.45071946744187,91.64632917355057,92.34225979239758,6277400
2020-01-03,91.501708984375,92.02592036204595,90.7876983621381,91.23960329553952,8247500
2020-01-06,92.07110595703125,92.09821914749709,91.05883650800368,91.08594969846952,6441800
2020-01-07,91.89034271240234,91.97168918184524,91.37517139100302,91.81803627190237,6335300
2020-01-08,92.48684692382812,92.90259855237751,91.89936924818547,91.93552246312724,7494700
2020-01-09,92.8845443725586,93.13761694765098,92.56821227309635,92.76705156290765,6660600
2020-01-10,92.91165924072266,93.39067737805907,92.74897318506856,93.23703135203083,9300300
2020-01-13,92.58627319335938,93.08336441960324,92.26993426377007,93.06529125859414,7621700
2020-01-14,93.1466293334961,93.16470938973659,92.14339997330143,92.30608600186059,7294900
2020-01-15,93.95104217529297,94.19507472492467,93.1828050917378,93.25511154314889,7521800
2020-01-16,94.43909454345703,94.50236096065169,93.96911642937138,94.33967490279082,5479900
2020-01-17,94.43909454345703,94.58370743734328,94.20410893417537,94.20410893417537,6533400
2020-01-21,94.53849029541016,94.7554026859061,94.186005075034,94.2221582893701,6644800
2020-01-22,94.656005859375,94.9723379185297,94.52946614019139,94.74638546263039,9431500
2020-01-23,94.17697143554688,94.6288763021196,93.52623421991983,94.49331035856461,8522600
2020-01-24,92.6043701171875,94.33065049618045,92.36937759064165,94.28545723877907,15962700
2020-01-27,91.89939880371094,92.25188414335429,91.35711419622292,91.4836470414527,11762300
2020-01-28,92.35127258300781,92.71279783099894,91.91744090631435,92.17051340677254,8079900
2020-01-29,92.09820556640625,92.76702278284996,92.08012551174751,92.44165075419724,6435700
2020-01-30,91.4294204711914,91.48364686317767,90.64310330977622,91.42038044068607,10989400
2020-01-31,89.60370635986328,91.14018031891861,89.30544745982208,91.0678807728204,14476700
2020-02-03,90.41714477539062,91.06788901784363,90.22734552059558,90.22734552059558,11850600
2020-02-04,92.00784301757812,92.37840146045635,91.52881801770268,91.54689807570946,9575100
2020-02-05,93.77930450439453,94.10467657614528,92.43262297027897,92.44166299880575,14131000
2020-02-06,93.86064910888672,94.21313438960239,93.45393744514456,94.21313438960239,6166500
2020-02-07,93.12857818603516,93.95104165583987,92.98396528401257,93.86970207009419,6057200
2020-02-10,93.62566375732422,93.62566375732422,92.71282072772004,92.78512717427947,4010100
2020-02-11,94.18602752685547,94.26737400238297,93.76123577654639,93.95103502541427,10277100
2020-02-12,94.30351257324219,94.75541747971666,93.92391410672883,94.53850505535497,4705700
2020-02-13,93.86064910888672,94.2492876101273,93.67084987277227,93.96006874144977,4778500
2020-02-14,93.93292999267578,93.99619638750042,93.4719851757992,93.96004317681208,5114200
2020-02-18,93.5985336303711,94.05043849632773,93.29124163137068,93.93294571356657,8409300
2020-02-19,94.03237915039062,94.16795200919937,93.75220029890205,93.8425799062672,6427900
2020-02-20,93.42683410644531,93.90585226175463,92.57725057331709,93.81547264867179,8080900
2020-02-21,93.48106384277344,93.5714434590928,92.73993995611826,93.06531209128617,6510800
2020-02-24,90.53460693359375,91.83609497791068,90.1007821825015,91.22150416759658,16284500
2020-02-25,87.78704071044922,91.05883456891091,87.47974869768477,90.85999531570036,20301600
2020-02-26,87.77801513671875,89.31448912390086,87.5882158956331,88.27510641703205,13721600
2020-02-27,84.79544067382812,87.97684834266313,84.77736751068244,86.82901285605698,22047900
2020-02-28,83.70182037353516,83.74701361863588,81.32480324538847,82.56301817310363,27750600
2020-03-02,87.62438201904297,87.75995490631257,83.43974394940793,83.72896289100545,22359400
2020-03-03,85.44617462158203,89.37774565631764,84.298332377199,87.84127183900249,33385500
2020-03-04,90.37194061279297,90.5165534916699,87.83223726333082,88.0129964664054,26418700
2020-03-05,88.27510070800781,89.64889545300203,87.2718712874928,88.43778674634868,17873000
2020-03-06,87.80511474609375,88.12144676563545,85.50039722632263,85.8528824617435,17917700
2020-03-09,83.24087524414062,85.21118074296552,81.35191620716574,82.59917115952385,21968500
2020-03-10,86.09691619873047,86.24152216883196,82.19245846869687,85.64501133694176,26473200
2020-03-11,82.80705261230469,84.65985848117325,81.74958995354655,84.06334762582982,23217900
2020-03-12,76.625,81.09886301277038,74.92583991958809,77.73668917884028,20652200
2020-03-13,81.93938446044922,82.15629684115451,76.06462185865243,80.18599156965416,29162800
2020-03-16,73.85934448242188,78.67665279680396,72.91034135039882,74.582388248967,21474800
2020-03-17,78.4958724975586,79.12854343641015,74.42872877337918,75.38677176180677,27899700
2020-03-18,75.89292907714844,77.09499806808974,72.2324957092672,74.47394761045457,28931000
2020-03-19,74.33834838867188,76.15500783019255,73.50684511329197,75.043318856734,27121100
2020-03-20,71.48231506347656,75.74829849982493,71.07560340433794,74.98006153505105,22004900
2020-03-23,67.76961517333984,71.12085504465048,66.78876143730281,71.0209528902955,33633000
2020-03-24,72.99174499511719,73.13705281172851,70.44879237902875,70.97554793834524,16775800
2020-03-25,73.9635009765625,76.37021537089869,71.62943701242328,72.51038150882884,16851800
2020-03-26,78.87684631347656,79.29461577493603,74.48117960065164,74.62648740381731,18822500
2020-03-27,77.18760681152344,79.22197164983233,76.54278822643933,76.59727779084442,13043200
2020-03-30,80.80224609375,80.9566378403403,78.56808346941922,78.57716044581421,13766700
2020-03-31,80.44800567626953,81.31078912969946,79.59429919423324,80.87485891728767,13584900
2020-04-01,77.38742065429688,78.45909276989343,76.64269982339007,77.75978453424489,15255200
2020-04-02,79.53074645996094,79.7123829409344,76.22491261753314,76.99687805515177,13588000
2020-04-03,78.81328582763672,80.03027265835108,77.92325719810388,79.2764679514077,12934200
2020-04-06,82.94556427001953,83.41782326610983,80.95661228695502,81.31989216878694,13472900
2020-04-07,82.2644271850586,85.20698142391745,82.18268591034648,85.05258970711358,16699200
2020-04-08,85.65199279785156,86.15150354588958,81.93747317167302,82.97281642307178,32624300
2020-04-09,86.12427520751953,86.59653433574589,85.34322566819223,86.43305868963111,12982500
2020-04-13,85.37044525146484,86.11516587969047,84.15346563443234,85.81545946212731,9606600
2020-04-14,88.20402526855469,88.52189258097523,86.75090567636748,87.04152820900738,12830800
2020-04-15,87.74993133544922,88.26760296306487,86.54202856135,87.03245540787874,11019000
2020-04-16,89.66622924804688,89.89327833697448,88.12229128594613,88.4038299389401,11331600
2020-04-17,91.52802276611328,91.84589008795771,90.2656304529397,91.84589008795771,11504400
2020-04-20,90.80147552490234,92.1001966026309,90.5562586263796,90.65616078074244,10558100
2020-04-21,88.0405502319336,89.75704065912585,87.74992769740865,89.24844602696636,9291400
2020-04-22,89.38467407226562,89.93867434410633,88.76710033950816,89.32110061134887,11994100
2020-04-23,89.8750991821289,91.26463832228659,89.67529490046148,89.85693830606252,16013300
2020-04-24,91.0830078125,91.26464430101257,89.8569441925704,90.4200214643521,7853300
2020-04-27,92.25459289550781,92.64511762856417,91.57344558871108,91.71875341108691,8022100
2020-04-28,90.39279174804688,92.87217111046377,90.28381260837298,92.87217111046377,11517500
2020-04-29,90.9921875,91.78231382895689,90.40185853227042,91.78231382895689,9939900
2020-04-30,90.57442474365234,91.16474682606771,90.10215876293415,90.6016695254268,12768900
2020-05-01,88.848876953125,89.70257706378464,88.04965949337087,89.53910139510678,10102000
2020-05-04,88.80343627929688,89.00324058107617,87.99514209772656,88.57638719618188,8991300
2020-05-05,90.72883605957031,91.38273867937099,89.35745733909887,89.58450647491912,11498300
2020-05-06,89.8297119140625,91.26465700258838,89.7842993211202,91.20108352986247,9493200
2020-05-07,89.82061004638672,90.7560510704121,89.71162400251472,90.74696716784256,9453900
2020-05-08,90.28378295898438,90.81961536371665,90.01132134129851,90.78328668609275,10374500
2020-05-11,91.83680725097656,92.07293328699383,89.91142870745219,89.91142870745219,15115100
2020-05-12,90.43819427490234,92.45439128230045,90.4291103712777,92.3726500076552,18471000
2020-05-13,89.45733642578125,91.01943518571215,88.73986051027866,90.3201201476327,12667200
2020-05-14,90.43819427490234,90.48359993504901,88.61271766969213,88.63087854795316,12021400
2020-05-15,91.20108032226562,91.2828216008891,89.97501657482245,90.18390479442589,15170200
2020-05-18,91.95489501953125,93.33535064168643,91.90040544716665,92.90850410984807,10557300
2020-05-19,90.84687042236328,92.13650744354125,90.83778651968244,91.66424843895057,10561400
2020-05-20,90.95586395263672,91.88222116167701,90.74697574771247,91.53710905026752,10058000
2020-05-21,90.28378295898438,90.75604191012152,89.757027526918,90.70155235817906,12259500
2020-05-22,90.47452545166016,90.54717589569296,89.8206229524458,90.29288201910703,10233200
2020-05-26,90.31105041503906,91.9821284314806,90.16573566805013,91.90039408304071,10828800
2020-05-27,91.24650573730469,91.24650573730469,89.06683269719404,90.43821138648289,15551900
2020-05-28,92.43621063232422,93.36257466166087,91.96395164428063,91.99119642238101,11707700
2020-05-29,93.5533218383789,93.75312617367108,91.44630627082468,92.83584578391574,19055300
2020-06-01,92.62693786621094,93.0719590380913,92.04569279374255,92.96297298863304,8436200
2020-06-02,93.16278076171875,93.20818642061502,92.10926969789686,92.6632700109432,13162300
2020-06-03,92.98114776611328,93.52607116588113,92.59062302507371,93.43524597992725,10020900
2020-06-04,92.24551391601562,93.06289211360686,91.65518483281144,92.4180734602263,10848300
2020-06-05,93.73494720458984,94.48875186018283,92.34540785692353,92.82675082792025,14579500
2020-06-08,94.37976837158203,94.41609705911706,93.1355437362029,93.36259283655544,8191300
2020-06-09,93.39891815185547,94.65223366808208,93.28993901408893,94.18905154560751,10371100
2020-06-10,93.25360107421875,94.01648267886078,92.84491549015883,93.70769924716897,10519700
2020-06-11,88.06780242919922,92.61786814796928,87.75901206270369,92.4453086217221,39561900
2020-06-12,88.63996887207031,90.20206781722013,87.11419861506221,89.91144524107519,19397200
2020-06-15,88.83977508544922,89.3483628722932,86.660102253421,87.31400479592835,14521800
2020-06-16,91.02851104736328,91.6097560793868,89.52998588427653,90.92860890789167,13272800
2020-06-17,90.93769836425781,91.64609734020351,90.6198310263908,91.482621719445,9086200
2020-06-18,90.62890625,90.83778751102618,90.0567450966385,90.4200180599862,7115200
2020-06-19,91.50077819824219,92.03661069502735,90.55625320471727,91.6642538111405,12177000
2020-06-22,91.14962005615234,91.27730557609247,90.21021646301901,91.12225986735646,6889200
2020-06-23,91.54183959960938,92.32619783189058,91.3685490492578,91.77896597990497,5369900
2020-06-24,89.15227508544922,91.04020533833683,88.50472486867865,90.85779937469553,15739700
2020-06-25,90.02782440185547,90.13727214065833,88.32230033679895,89.07018278110762,10506300
2020-06-26,88.93338775634766,90.09168025386283,88.50472608173965,89.8636693170153,16631400
2020-06-29,89.7359619140625,89.90013002698022,88.94248154190358,89.63563656959391,7490200
2020-06-30,91.2682113647461,91.75159340491238,89.49884438752657,89.76333789142421,9183000
2020-07-01,91.97049713134766,92.35356083101233,91.12230304342329,91.6968881554069,10932800
2020-07-02,92.66364288330078,93.1926299241638,92.46299214653608,92.78221302321168,6502400
2020-07-06,93.60304260253906,94.14115200489141,93.15614313703172,93.73072816411259,6374400
2020-07-07,92.79132080078125,93.91313757368985,92.66363524397421,92.91900635758827,5913200
2020-07-08,92.80045318603516,93.39328302557497,92.18026314685133,93.11054472645621,5624900
2020-07-09,92.07079315185547,93.0466794673867,90.91250091052665,92.70010542503525,10521700
2020-07-10,91.85191345214844,92.23497010803887,91.17700311200711,92.14376713639933,10502700
2020-07-13,92.37176513671875,94.07728899724633,92.13463187692022,92.38088752011016,10167200
2020-07-14,94.20497131347656,94.36001703413577,91.97958300909004,92.15287349590884,10889900
2020-07-15,95.4271240234375,95.70073990013645,94.6974932828083,94.89814399794209,9606900
2020-07-16,95.27207946777344,95.34504463025297,94.59716911069005,95.3359222453578,6412200
2020-07-17,96.57630920410156,96.90464550081872,95.63690528340472,95.7737132334271,7548600
2020-07-20,96.55805969238281,97.12352227839666,96.23883886156015,96.79518602146064,6776300
2020-07-21,96.49421691894531,97.25120782845674,96.29356621099993,96.88639595038207,7458600
2020-07-22,97.36067199707031,97.52484015324447,96.43039041764455,96.9320103138188,5648400
2020-07-23,96.92288208007812,98.07205910396279,96.60366817298275,97.67075764456214,6970100
2020-07-24,95.85578918457031,96.82256021510818,95.24472159019462,96.76783286274575,6241000
2020-07-27,96.57630920410156,96.82256490581011,95.51834210450073,95.8193112445403,5934200
2020-07-28,96.46688842773438,97.1053233869191,96.28448241559207,96.621941192233,6239400
2020-07-29,97.47920989990234,97.87138889580807,96.62189371409022,96.68573648280325,5449800
2020-07-30,96.8043212890625,96.96848943937874,95.76459198984013,96.53982777142292,5349200
2020-07-31,96.24796295166016,96.76782754129816,94.98934524999461,96.50333405417136,6920400
2020-08-03,97.2420883178711,97.56130217694873,96.67661879726198,96.84990930290708,8811800
2020-08-04,96.81346130371094,97.2512384787091,96.21150899016004,97.02322750388092,6092900
2020-08-05,97.26033782958984,97.43362835608447,97.01408909677109,97.34242537942349,4406600
2020-08-06,96.740478515625,97.55219688161841,96.03820790263373,97.141779984958,5369700
2020-08-07,97.05056762695312,97.0688054381874,96.36653489304454,96.6401438116035,4274000
2020-08-10,96.72223663330078,97.15089132492298,96.46685855370683,97.06881073238081,4640200
2020-08-11,96.11117553710938,97.35155569272601,95.88316458142017,97.26035270211875,8115900
2020-08-12,97.72547912597656,98.03557062899361,96.59454694094251,96.63102256384026,8205500
2020-08-13,97.59777069091797,97.69809602621966,96.9410982992484,97.60688611533503,5323300
2020-08-14,97.40625762939453,97.84403465338038,97.03231641966379,97.4153730552365,3826200
2020-08-17,97.98084259033203,98.35477684175136,97.5339431821293,97.57954118636368,4610200
2020-08-18,97.9534912109375,98.34567026601496,97.44274202583183,98.18150212764903,4220500
2020-08-19,97.63426208496094,98.31829472836326,97.42448901264801,98.04467888766638,6308100
2020-08-20,97.32418823242188,97.54307678522183,97.06881709443165,97.20562504930973,4938300
2020-08-21,97.42449951171875,97.55218506224685,96.66750163477313,97.16912841066255,6466700
2020-08-24,96.97761535644531,97.9261417085525,96.3847855165856,97.88965912289358,6363200
2020-08-25,97.63426208496094,97.6707377026033,97.0961527871477,97.47009397221079,5096500
2020-08-26,97.5157241821289,97.6251719462254,96.46687239081635,97.43364357781319,6995300
2020-08-27,98.2818374633789,98.73785934308864,96.98673003666357,97.67988524215805,7775200
2020-08-28,98.50072479248047,98.55544519069588,97.77108701068101,98.55544519069588,5159600
2020-08-31,98.73784637451172,99.21210600544859,98.20885939352544,98.29093998108844,6721100
2020-09-01,97.8531723022461,98.765216029222,97.26034248804346,98.61017026563803,10999300
2020-09-02,99.8140640258789,100.07855753194866,97.53395479252707,97.94437167119393,8495800
2020-09-03,97.0961685180664,100.08767064987613,96.40301337878286,99.94174728064544,13337300
2020-09-04,96.40300750732422,97.6069048031029,95.22647736505417,97.43362124759167,14715500
2020-09-08,94.81607055664062,96.28446159946171,94.55157702537588,96.2479790132519,9660200
2020-09-09,96.49421691894531,97.28769040793232,95.5092081481264,95.52744595869392,8200800
2020-09-10,95.0167007446289,96.76782275379105,94.76132965475198,96.76782275379105,9186200
2020-09-11,95.3906478881836,95.84666974126796,94.66101709825337,95.463613054679,8764300
2020-09-14,96.75871276855469,97.27858435743094,95.97436158842675,96.16588993037742,5846900
2020-09-15,96.88640594482422,97.66164170321414,96.64015024754639,97.26034024592659,5580500
2020-09-16,96.72223663330078,97.59779774545652,96.61278888490337,97.40626940451693,7193300
2020-09-17,96.40300750732422,96.73134376602209,95.51833104408111,95.82842253377322,7597300
2020-09-18,96.25708770751953,96.8772776681851,95.36328186837119,96.521581201162,8649300
2020-09-21,94.47886657714844,94.97332940229622,93.16029904342102,94.97332940229622,8783000
2020-09-22,94.27742004394531,94.57043428162149,93.42584632413477,94.32320635664897,7833300
2020-09-23,93.30680847167969,94.70778296553681,93.21524283544261,94.67115531383992,7681900
2020-09-24,92.83980560302734,93.30679938416745,92.2720875360333,92.97715753701085,8434600
2020-09-25,94.33235168457031,94.58874523804835,92.41860410167683,92.5193283940407,6769000
2020-09-28,95.18392181396484,95.92561948347772,95.00079055428819,95.23886678067564,6511100
2020-09-29,95.06488800048828,95.83405466687876,94.68946681916242,95.3487435511988,5402700
2020-09-30,96.58489990234375,97.36321820844319,95.33958781818086,95.35789814912023,7565500
2020-10-01,96.2552719116211,97.42732886870455,95.84321605307704,97.03359032974585,9113200
2020-10-02,95.37622833251953,96.33767802175231,94.96417247769652,95.33960067969012,8628700
2020-10-05,97.33575439453125,97.43647868507728,96.03549727639441,96.06297325327868,6661200
2020-10-06,96.04466247558594,97.6654029076393,95.95309683776611,97.61045793613911,7747200
2020-10-07,97.85767364501953,98.15983949194464,96.70392727400419,96.72223760357187,7873100
2020-10-08,98.33381652832031,98.65429968257139,98.12321630667338,98.42538214581936,5942700
2020-10-09,99.22203826904297,99.51505249742141,98.62685115283385,98.88323772941371,5636300
2020-10-12,99.8996353149414,100.2933738509008,99.34107583402199,99.67071772394199,5065000
2020-10-13,99.1396255493164,99.82637831062952,98.88323896952117,99.30444649147198,6773600
2020-10-14,98.5627670288086,99.51506513850858,98.25144242798939,99.10301622895112,5999900
2020-10-15,97.8485336303711,98.03166490497593,97.18009120464383,97.3449121461923,6197700
2020-10-16,98.81913757324219,99.55167661115905,98.13238484494887,98.16901249544573,7462100
2020-10-19,97.25332641601562,99.37768089818022,96.92368460102381,99.0755080701029,8308500
2020-10-20,97.38153076171875,98.18732506163047,97.21670983546495,97.60128966805391,7421100
2020-10-21,96.89622497558594,97.64707429649636,96.66730741450337,97.37237042879346,5474300
2020-10-22,98.3613052368164,98.5352848351544,97.0244273924561,97.033586051845,6127100
2020-10-23,98.72756958007812,99.44179128266921,98.16901014887024,98.85576286074782,5697900
2020-10-26,97.62876892089844,98.04997641634887,96.69478131210887,97.93093480749751,8135500
2020-10-27,96.9603271484375,97.75696282144591,96.9053891661645,97.27165868200778,6893100
2020-10-28,93.8836669921875,95.9347663388093,93.76463237797607,95.35789661238707,11431700
2020-10-29,93.11451721191406,94.2316361217024,92.53764043842754,93.8195802854963,15974200
2020-10-30,93.08704376220703,93.54487890094853,91.85088329879713,92.99547114565088,10741700
2020-11-02,94.76271057128906,94.98247645740072,93.77379202782447,94.4605447034021,10287300
2020-11-03,96.14537048339844,97.18923394690889,95.8523563004132,95.92561159266181,9812900
2020-11-04,100.41239929199219,102.02397384306242,98.69093481397219,98.88322472111093,25531500
2020-11-05,100.61386108398438,101.8683320475336,100.43072979830322,101.79507673885684,12864800
2020-11-06,100.65047454833984,101.33722725183999,100.0003494940142,100.72372984668887,12311200
2020-11-09,101.59362030029297,104.76184578919558,101.46542701299751,104.31316229765127,20443000
2020-11-10,101.88662719726562,102.25289670005257,100.78782567491447,102.0606067829416,12526500
2020-11-11,101.7584228515625,102.70156898911192,101.2639601244812,102.70156898911192,9935400
2020-11-12,101.38301849365234,101.96904693694431,100.7054244159729,101.5661497624273,7856300
2020-11-13,102.66495513916016,103.05869364218604,101.7034985429777,101.88662980605537,6576100
2020-11-16,102.49097442626953,103.64472093184753,101.97820130646144,103.47990000247925,7586000
2020-11-17,101.8225326538086,102.19796082304447,101.3372285216821,101.96904325234256,8898100
2020-11-18,99.92708587646484,102.07891642376073,99.89961688837326,102.04228877763558,9849900
2020-11-19,99.85383605957031,100.00949831374041,99.11213846227272,99.9270843647033,10410900
2020-11-20,99.62492370605469,100.09191049290125,99.27696454800105,99.62492370605469,7674500
2020-11-23,99.3685302734375,100.17432454678365,98.74587423767431,100.11937958250405,7747700
2020-11-24,99.66155242919922,100.33915348337337,99.32275888812214,99.85384934052567,9615900
2020-11-25,99.29530334472656,99.85386286410738,98.88324746094791,99.78060755330083,11671800
2020-11-27,100.2109375,100.28418579828308,99.37767435970322,99.69815749596798,4443900
2020-11-30,100.48565673828125,100.57722237105408,99.71649703977758,100.24758749027392,12723400
2020-12-01,101.32807922363281,102.43603945347644,101.15409963029859,101.4562725073496,12682400
2020-12-02,102.08808135986328,102.26206095506029,101.33723198176422,101.40132862430889,8552400
2020-12-03,101.95987701416016,102.362774144169,101.52035922324991,102.05144263843235,9795700
2020-12-04,103.0495376586914,103.06784799107061,101.86832211894601,101.99651540363062,7859600
2020-12-07,102.41770935058594,103.0312067012215,102.0422882054243,102.93964107942665,5803200
2020-12-08,103.19605255126953,103.27846652100591,102.13387850696782,102.17050616173834,7953200
2020-12-09,102.83892059326172,103.61724587225235,102.38108548138929,103.60808721393228,7386400
2020-12-10,102.66495513916016,103.23266624630686,102.45434789921195,102.82061741137717,5411000
2020-12-11,102.2620620727539,102.49097965377403,101.55699899705637,102.24375174011676,5222400
2020-12-14,101.49288940429688,103.55314751242173,101.42879276481783,103.04037439658933,8469300
2020-12-15,102.5916976928711,102.81145660116799,101.65771010709229,102.19795919808391,5007500
2020-12-16,102.2895278930664,102.86639766438672,101.85001006330138,102.50013513491919,5355400
2020-12-17,103.3883285522461,103.45242518861411,102.44518235138875,102.45434100972973,4263700
2020-12-18,103.47075653076172,103.71798446809666,102.36279617083328,103.4890668651525,7876700
2020-12-21,102.43545532226562,102.52739849515334,100.55978513313563,101.93895377089464,6129600
2020-12-22,102.12284088134766,102.49062059046682,101.54359257448476,102.2515627273172,13104100
2020-12-23,102.1964111328125,102.95035647505819,102.122853778736,102.48143711133972,3920700
2020-12-24,102.49063110351562,102.68371389227552,102.10446552599582,102.24237679309917,1674700
2020-12-28,102.74803924560547,103.25373709927182,102.47220277727605,103.0238757139349,4390100
2020-12-29,103.23536682128906,103.70428611400196,102.88597996455425,103.22617039971821,5053300
2020-12-30,103.21697998046875,103.79622826709253,103.10664396714382,103.44684141378498,3563700
2020-12-31,104.30192565917969,104.46742617086004,102.8859783958731,103.22616882585024,5581200
2021-01-04,103.85137939453125,104.72485693755324,102.15960283026635,104.7064640969602,12911800
2021-01-05,104.60533142089844,104.96392168799196,103.22616290757222,103.66749991835468,11081900
2021-01-06,106.03970336914062,106.31553294595884,103.14344721624602,103.14344721624602,17833700
2021-01-07,107.41885375976562,107.57515786113653,106.01210281779804,106.17760334125391,12407100
2021-01-08,107.9337387084961,108.41185443865129,106.9131533394964,107.61193409097694,9350600
2021-01-11,108.43942260742188,108.6141125114957,107.82338868838163,107.96130693935523,6428200
2021-01-12,107.26252746582031,108.34746654367294,106.7752154035476,108.22794114055695,9225500
2021-01-13,107.5567626953125,107.92453536901017,106.81200689700226,107.20736883455996,5259600
2021-01-14,107.21656799316406,108.13601373051058,107.08784615112069,107.73145536133755,5792300
2021-01-15,107.54755401611328,107.79580124404625,106.4993865829505,106.92233072134836,10335200
2021-01-19,108.35668182373047,108.70607570333598,107.78662993985111,108.4026569178305,6194500
2021-01-20,108.95429992675781,109.12899682960838,107.88773969960505,108.54055222663203,6872000
2021-01-21,108.43942260742188,108.92672768135678,108.07164294309683,108.81639167761517,5796200
2021-01-22,108.11761474609375,108.7244522653833,107.97970350517693,108.11761474609375,4796400
2021-01-25,108.82559204101562,108.88995295849327,107.96131085076115,108.18198286623925,6962000
2021-01-26,108.4210433959961,109.40485008822509,108.36587889459722,109.13820997343963,5504000
2021-01-27,105.12942504882812,107.22576727841012,104.8627919509131,107.22576727841012,13096900
2021-01-28,106.66490173339844,108.0072916653739,105.81900632552801,106.02128550969671,12626100
2021-01-29,105.76383209228516,107.26253299261424,104.90874735642329,106.50858082471484,10462400
2021-02-01,106.16838836669922,106.97749799842023,106.00288787216384,106.6281111832071,10105300
2021-02-02,106.47180938720703,107.52916627594743,106.44422012518294,107.00508253450776,11515700
2021-02-03,105.71786499023438,106.52697464506556,105.38686399170942,106.4718101502493,11280300
2021-02-04,106.1592025756836,106.59134318884034,105.48801112467288,105.7178725559423,8451500
2021-02-05,106.35228729248047,107.05106802054122,106.09484360709344,106.88556750639037,5557000
2021-02-08,106.48099517822266,106.87635707604923,106.16838703403175,106.72924942431628,6956700
2021-02-09,106.63731384277344,106.73844641469378,106.37067375182079,106.47181333855504,4730300
2021-02-10,106.83039855957031,107.43722907631997,106.45342245393579,107.40964682757871,5406400
2021-02-11,107.03266906738281,107.29930212682767,106.52697116537333,107.20735896686598,4684000
2021-02-12,107.83258819580078,107.95212062364591,106.68328109614428,106.82119935106583,6345300
2021-02-16,106.76602935791016,108.07164047234201,106.41663552812314,107.97050089159455,9531900
2021-02-17,107.15220642089844,107.20737092006338,106.29712160977058,106.41664702956605,5022200
2021-02-18,106.48099517822266,106.91313574268582,106.0396652082104,106.62810984476901,7756600
2021-02-19,105.19378662109375,106.6465055057366,105.10183643861583,106.56375875928333,9390800
2021-02-22,104.9455337524414,105.26733835096596,104.00770220605357,104.68809007362177,7213300
2021-02-23,104.77083587646484,105.51559167183667,104.28353077240537,104.8719754657769,8731500
2021-02-24,105.4972152709961,106.06727422552416,104.55938358690427,104.89038465536377,9842000
2021-02-25,104.4398422241211,105.7730428068745,103.9065690058343,105.35009859211587,14494800
2021-02-26,103.53877258300781,104.80760502251039,103.27213250948942,104.80760502251039,14687000
2021-03-01,104.89038848876953,105.37769368658458,104.35710819067118,104.384690444915,7361800
2021-03-02,104.58695983886719,105.35929094441235,104.48582023959608,105.11104366471992,8456100
2021-03-03,103.26295471191406,104.31112235418884,103.02390385652839,104.2007933485692,14946600
2021-03-04,101.87458038330078,103.71347167531117,101.07466014594337,103.03307684660155,23441700
2021-03-05,103.91575622558594,104.2467572588323,101.64473110138789,102.47222666968936,15645200
2021-03-08,103.65830993652344,105.3041186397718,103.52958809513545,103.99850738294268,12691800
2021-03-09,104.26514434814453,105.92014240822725,104.21916925696972,104.42144843443644,11022300
2021-03-10,104.50419616699219,105.55236364902252,104.46741749913681,104.95472257229662,11641100
2021-03-11,105.13860321044922,105.71785842932584,104.7156590752074,104.86277373867233,6549400
2021-03-12,105.36847686767578,105.5155915482534,104.75244992608869,104.91795043433146,7452400
2021-03-15,106.09485626220703,106.1224385153865,105.05588497516132,105.17541041054405,7119100
2021-03-16,106.03048706054688,106.39826677548045,105.6443215165332,106.2051840034736,8618600
2021-03-17,105.64430236816406,106.1683860871378,105.00988265026463,105.57074503554693,7524900
2021-03-18,105.42364501953125,106.28791918852355,105.11102984067662,105.15700493059501,8553300
2021-03-19,105.80062103271484,106.42584441657542,105.00070071349468,105.53398092630812,12595800
2021-03-22,106.72139739990234,106.79521003360047,105.2082736048917,105.73417630146052,6156800
2021-03-23,105.64192199707031,106.767540108807,105.37435645910334,106.59223685034156,9170500
2021-03-24,105.52197265625,106.33389050081367,105.4942876395375,105.69726886046845,12647000
2021-03-25,105.96483612060547,106.16781734487942,104.58088090691234,105.67882096230683,11505300
2021-03-26,107.96695709228516,108.10535402249312,105.94638725222606,106.23240241260496,8286500
2021-03-29,108.47441864013672,108.84347480316733,107.4964257913923,107.53333211161144,8958900
2021-03-30,107.49641418457031,108.17916343700321,107.24729830977935,108.17916343700321,6865700
2021-03-31,107.70863342285156,108.36370479958111,107.54255849359892,107.7270901034136,8504100
2021-04-01,107.38570404052734,107.98541940997455,107.04432586674093,107.88392879179915,6676400
2021-04-05,108.1330337524414,108.46518357465716,107.7547563121826,107.93005956256324,7190900
2021-04-06,107.71786499023438,108.58514598444327,107.56101839656381,108.27144575794078,5206700
2021-04-07,107.47796630859375,108.02232571867778,107.20117947291023,107.65326956527244,5753200
2021-04-08,107.64404296875,108.11458974794039,107.49642472849386,107.79166824816689,4292400
2021-04-09,108.82499694824219,108.88958123626863,107.64402308766752,107.70860737569396,5919100
2021-04-12,108.93572998046875,109.15716084818334,108.54822420217812,108.66816445569845,8279500
2021-04-13,109.38783264160156,109.69230451921771,108.4928736893632,108.59436431523524,6519600
2021-04-14,109.37860107421875,109.82146281903796,109.18484114180475,109.2586537789948,6226600
2021-04-15,111.25154876708984,111.57447024429007,109.81223055003127,109.81223055003127,8438300
2021-04-16,112.08193969726562,112.21110830703365,111.4360896092642,111.82359543856829,7447400
2021-04-19,112.10961151123047,112.1372894919206,111.53757410004452,111.86972394664785,7094300
2021-04-20,112.54325103759766,112.82926622121566,111.59292912717362,111.59292912717362,8063900
2021-04-21,113.87184143066406,113.93642573035193,112.83849263565831,112.89384859563054,9635900
2021-04-22,113.36439514160156,114.03791611709224,112.93075468494172,113.77957891886783,10030800
2021-04-23,114.11174011230469,114.37007733623783,113.06916287595702,113.30904341865983,4974500
2021-04-26,113.72422790527344,114.0563777571971,113.51201831798181,114.04714941709894,6907100
2021-04-27,113.06916046142578,113.45666628905049,112.88462884887025,113.43820960821431,7034700
2021-04-28,112.72776794433594,113.0137831085296,112.52478671587835,112.88461451572212,6788100
2021-04-29,112.27568054199219,112.87538886323298,111.66673684212483,112.84771088399549,8148900
2021-04-30,111.94353485107422,112.48788723396325,111.74055361028142,111.83281589087066,7153400
2021-05-03,113.21676635742188,113.33670661312343,112.3956201288516,112.55246670303683,13179100
2021-05-04,113.33672332763672,113.4197643162617,112.56171164266509,113.05070811615836,16186300
2021-05-05,113.53970336914062,113.8903099230926,113.30904412645074,113.49357574409953,16713700
2021-05-06,113.68730926513672,113.69653760423492,112.31258238423568,112.89384104253767,16115000
2021-05-07,114.47156524658203,115.0712806674174,113.90875614816929,113.95489081098788,7576700
2021-05-10,114.6191635131836,115.50489392501922,114.5730288612419,114.8867219691347,8846700
2021-05-11,113.38285064697266,114.49924047656927,113.12451343538483,114.01947237492917,11357800
2021-05-12,112.31258392333984,113.33670432414614,112.20186497012494,112.77390233632805,10946500
2021-05-13,113.32747650146484,113.84415084174289,112.34025543605647,112.5155516362737,11228000
2021-05-14,113.89952087402344,114.27780537645589,113.61350569161118,113.98256185420944,6590400
2021-05-17,113.68730926513672,114.29624590157306,113.61349663067163,113.77034319953975,5997700
2021-05-18,113.72422790527344,114.3792992690226,113.27213074955672,113.65041526281017,9202000
2021-05-19,113.53046417236328,113.60426976862772,112.18340821292223,112.98610478505596,10063000
2021-05-20,114.72064971923828,115.20965310794041,113.49354819574582,113.49354819574582,7522700
2021-05-21,114.7391128540039,115.93854350802542,114.64685058196228,115.09894064237832,8423300
2021-05-24,114.84986114501953,115.56028856431138,114.80372647763247,115.32962930569998,4958800
2021-05-25,114.50845336914062,115.02512772261505,114.37928478077201,115.01590642284596,6798500
2021-05-26,113.84415435791016,114.51768232014072,113.3551579794497,114.48077600338671,6848800
2021-05-27,113.59506225585938,114.17632099226743,113.53047795181404,114.08405870636855,8102900
2021-05-28,114.03791046142578,114.97900396732518,113.96409782583359,114.02868212218667,10059900
2021-06-01,112.16498565673828,114.2132410298006,112.07272335976005,114.17633470317689,13368300
2021-06-02,111.94353485107422,112.5524715342918,111.67596930995288,112.26645635271693,13245100
2021-06-03,112.284912109375,112.58015564683906,111.2792412295997,111.52835010467578,13244400
2021-06-04,112.64473724365234,113.20754632328695,112.51556863906353,112.87539647172683,11228900
2021-06-07,113.05069732666016,114.04714686009011,112.72777582207476,112.921528724826,13978500
2021-06-08,112.70011138916016,113.3920891418085,111.83283035330915,113.32750483312779,10799500
2021-06-09,113.78881072998047,113.9825636345597,112.98611409172858,112.98611409172858,7965600
2021-06-10,115.73556518554688,115.86473377747322,114.0194601337708,114.06558775136718,9350900
2021-06-11,114.9144287109375,115.61562768674331,114.33316295887313,115.56027172527467,6958100
2021-06-14,115.01590728759766,115.03435692643468,114.20398239556462,114.84983238142364,5156000
2021-06-15,115.05282592773438,115.31117018905135,114.56382946591678,115.1358669143766,5409100
2021-06-16,114.60995483398438,115.75402259895213,114.28703333248066,115.17276389624547,11653200
2021-06-17,115.48645782470703,115.79092968778667,114.3885247123048,114.40697435287288,6527000
2021-06-18,114.16708374023438,114.78525578974194,114.01023716253334,114.62840217288024,11152600
2021-06-21,115.5388412475586,115.75187894034562,114.11243492763441,114.52924596135774,6655400
2021-06-22,115.7889175415039,115.9463761738521,115.22391226860348,115.61293020733287,7194000
2021-06-23,115.30728149414062,115.90007281107057,115.26097386831698,115.63146314142577,6506600
2021-06-24,115.90007781982422,116.71517121580052,115.77040515530621,115.98344285651736,7029200
2021-06-25,116.42801666259766,116.7799913316677,115.78891778097172,115.85375410422736,8344200
2021-06-28,116.60401153564453,116.75221289359831,116.15942159504256,116.5484395597267,4631400
2021-06-29,116.73368835449219,117.09492034410276,116.46507868359178,116.61328004683199,6165500
2021-06-30,116.65960693359375,116.90043065530456,116.21501690373037,116.61329929990816,8542700
2021-07-01,117.69696807861328,117.78033310647155,116.69663014409083,116.7429448336376,12021000
2021-07-02,118.82698059082031,118.93813868079744,117.64140500826778,117.84517835108915,12327900
2021-07-06,118.71582794189453,118.72508522652315,117.87295570977369,118.47501134221972,11413100
2021-07-07,119.46610260009766,119.46610260009766,118.28978414539053,118.72510981185489,18435700
2021-07-08,118.80846405029297,118.9010793016016,117.73402537564236,118.35460267912337,8386600
2021-07-09,119.21600341796875,119.5772353824165,118.94738669914977,119.23451798713916,5224200
2021-07-12,119.44757080078125,120.04036211923322,119.12338208603383,119.21601147117877,9097900
2021-07-13,119.33641815185547,119.72543614732969,119.04928683138121,119.29937487606482,9698800
2021-07-14,119.22526550292969,119.70691285267226,119.0122348828214,119.60502618509709,7487000
2021-07-15,118.80846405029297,119.1048526410443,118.07673572530778,118.58616200728463,8750600
2021-07-16,119.13262176513672,119.56795437111421,118.72507514394435,119.1141071974518,6511000
2021-07-19,117.8822250366211,118.91961341798874,116.91894440625924,118.35460806622773,19460400
2021-07-20,119.3178939819336,119.9940432434885,118.26197697445755,118.26197697445755,15053700
2021-07-21,119.51240539550781,119.83659412471808,118.2249360308113,119.79953671570293,8295700
2021-07-22,120.39234161376953,120.39234161376953,119.29011677028427,119.61430553599008,9261100
2021-07-23,121.78167724609375,121.902092618725,120.75355326932602,120.90175463052455,8303800
2021-07-26,120.99440002441406,121.79096477968193,120.59611058014936,121.43899003357751,6626500
2021-07-27,121.55936431884766,121.55936431884766,120.50345457083445,120.82762908181917,9551600
2021-07-28,121.99474334716797,122.34670397501938,121.07776316423309,121.38342322521139,7432600
2021-07-29,122.2911148071289,122.47635944838233,121.92988281004367,122.39300147980731,5662700
2021-07-30,122.40227508544922,122.8561365303058,121.9206417806249,122.08735774000361,6634400
2021-08-02,122.56900024414062,123.05064766283854,122.20776821343256,122.8839175769094,8366300
2021-08-03,124.27324676513672,124.31030416875635,122.54118767726807,122.62454563552456,7701700
2021-08-04,123.74532318115234,124.55114520229041,123.58785038475274,123.79162374487566,8322100
2021-08-05,123.23589324951172,123.67122597354916,122.30038439718116,123.65269726758159,8240900
2021-08-06,123.13397216796875,123.29143079155155,122.3466649167971,123.18028685331844,6923700
2021-08-09,123.60638427734375,123.83794363872254,123.2173662462188,123.30999564407504,9852500
2021-08-10,123.3192367553711,123.92128536268343,122.84686080809188,123.67121146114383,5832600
2021-08-11,122.09659576416016,123.70823946372046,121.99470910576488,123.51373756431198,14512500
2021-08-12,123.0599136352539,123.16180032460738,122.13367614413602,122.21703412635362,8220300
2021-08-13,123.82868957519531,123.85647556862301,123.21736945326133,123.3655708403839,7922900
2021-08-16,125.23655700683594,125.25507157769553,123.40259689700325,123.82867229219696,8404200
2021-08-17,126.7185287475586,126.7185287475586,124.83826807025196,124.90311146828472,13874500
2021-08-18,124.79193878173828,126.69072794116707,124.71783810690717,126.55179800914536,12427700
2021-08-19,125.3569564819336,126.00531978437678,123.93055721655861,123.96760049101536,11669200
2021-08-20,126.07015991210938,126.44992059842848,125.0420359401599,125.47736860335309,7252700
2021-08-23,126.11648559570312,126.87599290127713,126.07942818571755,126.7833776428349,8471300
2021-08-24,125.67188262939453,126.1350013256407,125.31065061165296,126.11648675373877,6548100
2021-08-25,125.32916259765625,125.61629388970323,124.81047198837666,125.55146463017283,6918500
2021-08-26,124.8382568359375,125.6811361349504,124.59744023618765,125.4032621301566,5972100
2021-08-27,124.6993408203125,125.4588481093895,124.4955674696005,125.1161448074014,8679200
2021-08-30,125.40328216552734,125.85714358364483,124.57893143733196,124.58818872344247,6417200
2021-08-31,125.23655700683594,126.01459298074425,124.79195290752246,125.43105893368292,9299100
2021-09-01,125.27360534667969,125.44959270978232,124.08802263376383,125.33844874709045,10571100
2021-09-02,126.61662292480469,126.63515162619179,125.59777048064396,125.73670040790194,6847800
2021-09-03,126.75556182861328,126.93153501822835,125.88489663119567,126.48694513583166,5632800
2021-09-07,126.01461791992188,126.48699396901127,125.19026708919941,126.28322058314612,8739100
2021-09-08,125.95897674560547,126.16275001954612,125.43101486314417,125.76446075384203,6986200
2021-09-09,124.50480651855469,126.07014969553282,124.43070584430774,125.7830184161124,8905600
2021-09-10,123.36553955078125,125.06055538627008,123.30069616038826,124.94939730749044,10561600
2021-09-13,122.6060562133789,124.08804190126622,121.9854787698892,124.01394120354557,11676700
2021-09-14,122.58751678466797,123.46743942514702,122.3744720219416,123.18030811298375,10436300
2021-09-15,123.38410186767578,123.95836458699867,122.24481958266355,122.43006425341973,10299900
2021-09-16,123.06914520263672,123.77309459405976,122.22628000314477,123.54153526967261,10525700
2021-09-17,123.1895523071289,123.29143896835237,122.38373043498066,122.96725028266175,13541400
2021-09-20,121.90406799316406,122.99159680052354,120.84443726822818,121.79253239571662,17245000
2021-09-21,122.0899429321289,123.34476057607837,122.07134894377971,122.46173760076783,11741800
2021-09-22,122.29442596435547,122.907885707717,121.7088359270422,122.45243939696802,11964100
2021-09-23,123.17749786376953,123.89320354614856,122.4803719928113,122.57331359910177,10366500
2021-09-24,122.675537109375,123.42843064456578,122.41527796592781,122.972984235063,6962600
2021-09-27,120.92809295654297,122.47105392907191,120.66783379572794,122.32234453936371,11631400
2021-09-28,118.85529327392578,120.15659606870287,118.44631057203105,120.15659606870287,17433400
2021-09-29,119.79411315917969,120.35180534124471,119.1434510055108,119.3851303824948,11171400
2021-09-30,118.32549285888672,120.94667858552374,118.22324717057094,120.1937849638627,21653100
2021-10-01,118.35337829589844,118.9110775448063,116.44789817963833,118.48350788425925,23188900
2021-10-04,116.55014038085938,118.47420734149783,115.96455725076262,117.87003021845995,27580700
2021-10-05,117.24725341796875,118.43701354145918,116.86616170256777,117.02417516769673,19151800
2021-10-06,117.03348541259766,117.13572400808582,115.7228854743749,116.5966187665234,21322100
2021-10-07,118.58575439453125,119.34793793647285,117.61907238035374,117.84215066315447,15806400
2021-10-08,117.99085998535156,118.97612878254243,117.74918773813366,118.75305052670353,9552300
2021-10-11,117.07067108154297,118.5114007508124,117.03349727479608,117.88863666059915,7843400
2021-10-12,116.50365447998047,117.56329216732563,116.21551143297827,117.44245249610793,13007200
2021-10-13,116.68954467773438,117.21935991089055,115.97382500832131,116.6988416724295,10609000
2021-10-14,118.3626480102539,118.82739848698623,117.89789753352159,117.89789753352159,8857900
2021-10-15,118.94823455810547,119.4873467968046,118.72515632163763,118.97611845122279,8976100
2021-10-18,118.13960266113281,118.54858546382141,117.62838124930352,118.42775285917772,11660700
2021-10-19,119.69185638427734,119.99859343839418,118.78094221822656,118.78094221822656,9487000
2021-10-20,121.40214538574219,121.57875287297483,120.29603675144256,120.40757235051079,13665700
2021-10-21,121.89476776123047,121.969129547583,120.77006524435663,121.65310259288013,8267500
2021-10-22,122.38738250732422,122.43386038920407,121.59731524759968,121.78321259206085,8009700
2021-10-25,122.53614044189453,122.66627003783981,121.4951036743323,122.44318465204981,10629700
2021-10-26,123.14029693603516,123.49351187878706,122.14573817316207,122.81498007360742,9271600
2021-10-27,122.16432189941406,123.46563194002907,122.12714809622443,123.33550235427369,11851400
2021-10-28,123.18677520751953,123.66081564552852,122.38740372301412,122.38740372301412,9282500
2021-10-29,124.38584899902344,124.54386249039406,122.55473062393183,123.0287710980437,15415100
2021-11-01,124.23712158203125,125.00860920415288,123.76306693947599,124.49738075779983,14356700
2021-11-02,125.01789855957031,125.64066259763948,123.6329368079154,124.72045139825062,20851500
2021-11-03,125.75218200683594,125.79865989269292,124.3114668266855,124.77621731913648,14610000
2021-11-04,124.88775634765625,125.65924388839744,124.023313032634,125.46404243563117,15818500
2021-11-05,123.4935302734375,124.27430787923551,122.60120287890922,123.76307938148821,14867300
2021-11-08,124.22779846191406,124.38582610726333,123.23323980325075,123.71658427694108,8948800
2021-11-09,123.77238464355469,124.37655475739585,123.5307052515679,124.26501915067143,7287000
2021-11-10,124.12552642822266,124.62746478589911,123.71655800370723,123.73513780728328,8445400
2021-11-11,123.7630615234375,124.19063825523818,123.4656285568872,124.10698656305784,8597300
2021-11-12,124.37655639648438,124.66469950636169,123.68873456853548,124.5531638981674,8317600
2021-11-15,123.60502624511719,124.72972857952513,123.48420077207439,124.66465670837589,6268900
2021-11-16,124.12552642822266,124.79476811642049,123.36334317297612,123.57712437854993,6150900
2021-11-17,124.30213928222656,124.78548367441876,123.72585331891915,124.26496549039183,8229000
2021-11-18,124.3486557006836,124.66468266992884,123.92109313830736,124.43230739553182,9029300
2021-11-19,123.59576416015625,125.13873941204429,123.48422856514892,124.72045256464395,10166100
2021-11-22,123.0380630493164,124.19993949023859,122.88004955531842,123.77237690249396,11146200
2021-11-23,123.16817474365234,123.29830431880174,122.08996434229732,122.4617590761356,12075200
2021-11-24,123.1217041015625,123.34477525607188,122.50823006054335,122.93579256205912,6760800
2021-11-26,122.6662368774414,124.29286347856208,122.23866021602971,123.5678538995644,11896900
2021-11-29,123.00088500976562,123.8281404399036,122.8707554201842,123.33550598055524,17137100
2021-11-30,120.58415985107422,122.85214454329204,120.40755239311405,122.29445245732576,19467000
2021-12-01,120.37039184570312,122.77779627868252,120.35179785253933,121.16047344996116,22241400
2021-12-02,120.95597839355469,121.44861282444535,119.75691407454858,120.33321438059971,17531100
2021-12-03,121.17902374267578,122.26653805734664,120.17516110227398,121.80178762288604,22111900
2021-12-06,121.86687469482422,122.3966828810144,121.30916843067295,121.49507997409634,15230900
2021-12-07,123.4377212524414,123.73515416259058,122.5268143498459,122.69411770248142,11974700
2021-12-08,124.36723327636719,124.4508849601727,123.16816907625096,123.7909330274575,15144700
2021-12-09,124.6553955078125,125.0643782690404,124.15347114461737,124.24641274658458,9095800
2021-12-10,125.09223937988281,125.352498510878,124.27427400643575,124.33004179406915,8554300
2021-12-13,126.27275085449219,126.6259516860405,125.09228029228697,125.09228029228697,12201800
2021-12-14,125.76152038574219,126.42145832245718,125.13875625801343,125.68715858470637,11070800
2021-12-15,128.33619689941406,128.40125458764382,125.91948887058838,126.03102444072985,14996300
2021-12-16,129.09840393066406,129.74905184751572,128.0945410662097,128.32691633530393,19227500
2021-12-17,128.19676208496094,129.23779855161263,127.69483784084193,128.4477312985495,21504200
2021-12-20,127.4204330444336,128.32551489713785,126.31941385561298,127.9336259873426,16185700
2021-12-21,127.95235443115234,128.00833655474923,126.59938666890287,127.7843938227921,10773400
2021-12-22,129.44525146484375,129.51989903535807,127.66309232999953,127.8870208039742,7246000
2021-12-23,129.97711181640625,130.39699194833264,129.39859669652003,129.78116016147075,7743800
2021-12-27,131.34872436523438,131.34872436523438,130.30367265183375,130.4436421807835,6968900
2021-12-28,131.00347900390625,131.70328394353731,130.65824645637667,131.47001563032694,6065900
2021-12-29,131.7499237060547,132.02052288801903,130.77953391098245,130.87283268186596,7103600
2021-12-30,132.02049255371094,132.4776891723924,131.852532024607,131.99250150512074,7931700
2021-12-31,131.46067810058594,132.36576021276173,131.41402159466176,131.8619069664539,7882800
2022-01-03,130.1077117919922,131.1434234742352,128.98802695005617,130.9008153628128,15122300
2022-01-04,128.39088439941406,129.96776622626996,127.84036036348759,129.81848532739784,14304500
2022-01-05,127.47645568847656,129.44524070473588,127.42981341865449,128.67078824229037,15370700
2022-01-06,126.00218200683594,127.4577879659711,125.77825358048074,126.68333560384039,15182000
2022-01-07,125.3583755493164,125.93687631007744,125.09711622267817,125.70360803718148,9619400
2022-01-10,126.64601135253906,126.7206589110958,124.50928015942101,124.80785615608191,15589900
2022-01-11,127.65371704101562,127.67238248785365,125.96485716006505,126.83260823091462,12168300
2022-01-12,127.28982543945312,127.4857770470478,126.73931574975933,126.92592751469019,10831800
2022-01-13,125.31172943115234,127.2245322749163,125.08778674509168,127.06589730714417,13804900
2022-01-14,125.09715270996094,125.22778241138103,123.8095069119846,124.97584861665312,14341800
2022-01-18,123.3429183959961,124.06138857065862,123.02567700266175,123.86543698209115,16471400
2022-01-19,122.83907318115234,124.54659873579328,122.71778335450215,123.5762089347605,14639600
2022-01-20,122.03661346435547,124.39730129274167,121.96198015215273,123.13764702646436,15127800
2022-01-21,120.80496978759766,122.79241995435066,120.6090181811659,122.40985658409554,25804800
2022-01-24,120.40373992919922,120.60901713890047,116.55948352491187,119.71327498526304,37938000
2022-01-25,119.62931060791016,120.65568249418055,117.81913936394282,118.80820170884114,19326800
2022-01-26,119.00413513183594,120.90760496779177,118.07106210158989,119.82523683569086,29557400
2022-01-27,119.31204986572266,121.15019773897471,118.92015378627445,119.58264189631076,18483600
2022-01-28,121.74737548828125,121.79403199132582,118.36965538382732,119.20942260714949,20906800
2022-01-31,122.44715881347656,122.67110144621567,121.2808176300582,121.52342570824972,19044400
2022-02-01,122.77376556396484,122.99770824326062,121.79403591869944,122.88572978482962,14674800
2022-02-02,124.42532348632812,124.72389952256198,122.43787290934299,122.68980667316723,13595200
2022-02-03,123.89346313476562,124.35999975275692,123.66019482576996,124.25736112729614,13805600
2022-02-04,123.44556427001953,124.31331535074996,122.54048229518797,122.76442494710123,12004100
2022-02-07,123.2309799194336,123.92144495052109,122.88573316632322,123.49223926701805,9229200
2022-02-08,124.2386703491211,124.4532874006946,122.29789094297851,122.57780146665739,11071600
2022-02-09,125.19975280761719,125.4610263973075,124.70522515984302,124.83585483590474,10811000
2022-02-10,123.24030303955078,124.8358501488583,122.75510101629581,123.75349611822753,14393300
2022-02-11,121.53275299072266,124.00539063869469,121.38345790016795,123.07231767907302,13072300
2022-02-14,120.29179382324219,121.51411742288111,119.38671169086265,121.28084912561974,14386900
2022-02-15,121.64471435546875,122.12059066582825,121.02889703701557,121.33679857746058,8969900
2022-02-16,121.83136749267578,122.17660000063326,120.68367727218534,121.01958417420781,8779200
2022-02-17,119.87191009521484,121.40214950927398,119.6946239166696,121.33682755399245,11906800
2022-02-18,118.97615814208984,120.40375178931053,118.57493640691112,119.75994328190127,13505600
2022-02-22,118.67756652832031,119.64795626049201,117.88444872060641,118.5562624727119,13682100
2022-02-23,118.08039855957031,119.69461096642911,117.96842722963795,119.2840565421263,12022800
2022-02-24,118.5562515258789,118.7988524959127,115.7570325630923,115.97164248250333,23220000
2022-02-25,122.18592071533203,122.48451094409523,118.95748861404994,119.0881182797424,17012300
2022-02-28,121.2621841430664,121.40213941050396,119.8532346755568,120.22647245133253,17987700
2022-03-01,120.59037780761719,121.61674971966042,119.65730466708722,120.62769446870924,14064200
2022-03-02,122.40986633300781,123.07234028297597,120.96360013245514,121.12222085621606,12395600
2022-03-03,123.0350341796875,123.75350453872146,121.98999673932343,122.95106100770839,11172600
2022-03-04,123.6508560180664,123.76282023840945,121.43013739748831,121.79403535116936,12160400
2022-03-07,121.4954605102539,123.10967306505401,120.94493653399368,122.87640477873627,15704000
2022-03-08,119.01348114013672,121.58875786555481,118.93883358087683,120.69301562956858,21794600
2022-03-09,121.2621841430664,121.8873414002297,120.05851189284212,120.95426831713846,15576500
2022-03-10,121.21552276611328,121.47678207986576,119.66661809346304,119.79724775033928,10708800
2022-03-11,120.31046295166016,122.25125695271664,120.1891588773543,121.54211219531928,9869100
2022-03-14,121.1595458984375,122.90438801303944,120.80497356977662,121.28083571805932,14373200
2022-03-15,123.57620239257812,123.70683205575476,121.93398464113997,122.13926186006975,14374100
2022-03-16,125.05978393554688,125.07844938368936,122.93237844939371,124.20135840934168,13840400
2022-03-17,127.03788757324219,127.09388391469945,124.52793307747773,124.69587938915579,10973100
2022-03-18,127.82168579101562,127.98030650540825,126.58069689158069,126.96326026970922,11364200
2022-03-21,127.72433471679688,128.85686693143262,127.12530575416899,127.76176777859617,11473100
2022-03-22,127.75244903564453,128.03323278309978,127.28445708057775,127.85540783703847,8892100
2022-03-23,125.4592514038086,127.37802088404898,125.42181833912103,127.14402495431182,10013400
2022-03-24,126.95684051513672,126.95684051513672,125.6558236202546,125.92725263487927,7189200
2022-03-25,127.54651641845703,127.76178869349184,126.57308526859816,127.38740088630266,7040100
2022-03-28,128.47314453125,128.5105918850307,127.30316466026825,127.7618019112062,8467000
2022-03-29,129.23126220703125,130.0549180613733,128.4637488014662,129.54012422617433,12327700
2022-03-30,129.48397827148438,129.99877214952608,128.8287925548756,129.24998235255427,10752900
2022-03-31,128.2204132080078,129.92389612871136,127.99577197673767,129.2125536526562,15843000
2022-04-01,129.23126220703125,129.27804996134145,127.71495906681105,128.57606226297278,20785700
2022-04-04,128.15487670898438,129.16574074166945,127.85536937447219,128.94109952930273,16769500
2022-04-05,128.4263458251953,129.95198973528454,127.76179103099966,127.82731675354526,15025100
2022-04-06,130.38255310058594,130.6914294847795,128.01451510374878,128.09875022253428,23197800
2022-04-07,132.89097595214844,133.22793069149634,129.9145543228915,129.9145543228915,18160200
2022-04-08,133.6865692138672,134.23879623375225,132.70378335757607,132.9003462416261,19102700
2022-04-11,131.0283660888672,133.84567194422297,130.83180322361997,133.30279967284957,16570700
2022-04-12,129.7554473876953,131.46829956936787,129.19385135758026,130.70078594700934,14085400
2022-04-13,130.3918914794922,130.52292863075303,129.07215098909325,129.746060419,15496400
2022-04-14,129.76478576660156,131.17811607928866,129.67118167935988,130.5135756185996,10993400
2022-04-18,128.33273315429688,129.93327165860643,127.78986086283453,129.63375000180844,10125000
2022-04-19,129.5588836669922,130.01752089806297,128.62289981075153,128.66970185995962,11733100
2022-04-20,131.29977416992188,131.8052132960629,129.76476168508125,129.9145224840842,13674800
2022-04-21,129.84902954101562,131.8146012484296,129.55887684597383,131.66484041164045,11409700
2022-04-22,125.11293029785156,128.71647299160287,124.98189316073207,128.67902564843914,17525300
2022-04-25,125.95536804199219,126.22679710565095,123.34396480212112,124.74794073865944,16501900
2022-04-26,123.737060546875,125.87110255529585,123.55922133250994,125.19719304927033,20087700
2022-04-27,123.46561431884766,124.71982905957695,122.85721633961417,123.71831963691986,16726700
2022-04-28,125.1690902709961,125.58092536459803,123.18480949125278,124.33606538874751,15510700
2022-04-29,121.94932556152344,124.59816148460985,121.76213165401487,123.95233036402253,17430200
2022-05-02,121.19116973876953,122.52963390346551,119.22560532784766,121.84635549541376,23615100
2022-05-03,121.57493591308594,122.74491566984516,121.14437707852758,121.56558121654446,13585300
2022-05-04,124.27057647705078,124.7198447142152,120.3581566608872,121.37837560273172,19053500
2022-05-05,121.855712890625,123.79319160696802,120.60149823540999,123.66215446809447,16119800
2022-05-06,121.47197723388672,121.80893197541955,120.05864682794646,120.67638528577379,21742300
2022-05-09,118.32706451416016,120.14287528276286,117.86843447399376,120.11479691268993,17289800
2022-05-10,118.7482681274414,120.01184483829545,117.65316164644416,119.56256946904148,21850200
2022-05-11,117.9620361328125,120.82614425047797,117.82163713585074,118.1585918721631,19987300
2022-05-12,119.10393524169922,119.17881565745681,117.26004606435781,117.531482215737,17497100
2022-05-13,120.36750030517578,120.74188804368333,119.36599096760415,119.8901395143054,9841500
2022-05-16,121.25670623779297,122.08036228425316,120.19903995531728,120.22711832724322,8839800
2022-05-17,122.92274475097656,122.97890148955781,121.61235896217494,122.5202643211805,9058700
2022-05-18,119.74976348876953,122.38923024218052,119.36600672286191,122.08972286823752,10005000
2022-05-19,120.01182556152344,120.74189167092902,118.36449232684636,118.79504395185508,9672800
2022-05-20,121.47197723388672,121.7340515570812,119.17881976494519,120.81679142590049,12833700
2022-05-23,122.53898620605469,123.01633275900596,122.03356128422264,122.28626660414963,9196500
2022-05-24,122.9040298461914,123.10994742366627,121.39709536484136,122.1833183250294,9031300
2022-05-25,122.86660766601562,123.67155437238796,121.71533721303088,122.81980561571876,8532400
2022-05-26,123.39076232910156,123.85875429077669,122.81981156457866,123.17549002568576,9090100
2022-05-27,125.4405288696289,125.46860723569725,123.09120084074873,123.60599468862944,13696000
2022-05-31,123.76512145996094,124.56071332294555,122.76362632105186,124.33607209196711,11740800
2022-06-01,121.98677062988281,124.23312604191656,121.01333947788329,124.21441664890152,9259900
2022-06-02,122.95082092285156,122.97889929164036,119.96503059783316,122.14587435962397,9575400
2022-06-03,121.50940704345703,122.64193928763574,121.35027725122218,122.09906704453407,5852600
2022-06-06,121.52811431884766,122.63258245820603,121.20052860883429,122.37986287244127,7729000
2022-06-07,123.10993957519531,123.23162203103098,121.08821127904679,121.52812477724518,7219100
2022-06-08,122.1364974975586,123.21287285772003,121.7901738753874,122.76360475665857,5372000
2022-06-09,119.37535858154297,122.13651470311002,119.34728021389465,121.72467960163144,7772900
2022-06-10,117.45659637451172,118.55170276666122,116.99796634591272,117.96202844604477,11289000
2022-06-13,113.89986419677734,115.83735026299198,113.42251048742324,115.13536245434915,14886200
2022-06-14,112.8141098022461,114.05896978835243,112.00916328047724,113.76881713782713,9299500
2022-06-15,113.95600891113281,115.15406683556644,112.2150787581313,113.43186035444023,10301600
2022-06-16,112.28059387207031,112.35547427528996,111.1480545520793,111.86875879535057,9383300
2022-06-17,112.215087890625,113.99345839111923,112.17764768481587,112.31804667135287,13724900
2022-06-21,115.23603057861328,115.75299770161102,113.41256153895809,113.78852980535461,7987200
2022-06-22,116.83392333984375,118.12162970000205,114.44648757989219,114.50288138511519,10188900
2022-06-23,119.45634460449219,119.55034384840084,117.37908896032259,117.37908896032259,11943300
2022-06-24,121.43960571289062,121.4584084297452,119.52214451957376,120.33048923707229,10448100
2022-06-27,121.89077758789062,122.40774476433151,121.05423591774866,121.43961275312017,8963600
2022-06-28,119.76654052734375,122.74613336699522,119.54095808902414,122.135181228677,7518700
2022-06-29,120.80985260009766,121.41141046722521,119.73832720108075,119.92631134538232,9157700
2022-06-30,120.53729248046875,121.22344114508775,119.26837425230667,120.18011252303324,10697600
2022-07-01,121.89077758789062,122.05057917701268,119.2401680485588,120.58426836503358,9366600
2022-07-05,121.18583679199219,121.21404804249693,118.59162083873987,120.71586919842869,9987000
2022-07-06,122.00357818603516,122.63333297854332,121.13883961980282,121.35502067579307,9033300
2022-07-07,122.52054595947266,122.68033320531866,121.75918648135266,121.8249888226094,6805500
2022-07-08,122.88710021972656,124.10900417786372,122.05055869000373,122.17274048045599,6505800
2022-07-11,122.57694244384766,123.26309106562557,122.06936944736512,122.20095979047694,7027300
2022-07-12,121.01664733886719,123.01871374456339,120.47148324531656,122.19156624506978,9280400
2022-07-13,119.84172821044922,120.80986023998327,119.53154789871427,119.99212127230952,9296500
2022-07-14,119.49394989013672,119.67253985869579,117.70807888908968,118.4694240457705,7784800
2022-07-15,122.37955474853516,122.4359485632725,120.73466822142508,121.27043814597451,9684800
2022-07-18,119.79473114013672,122.61453656991917,119.39055874168912,122.50174894225493,7047700
2022-07-19,121.83438110351562,122.04116796955547,120.54667462685302,121.07303597958311,6585700
2022-07-20,120.63127136230469,121.82499299542032,120.14250824911211,121.66520574410121,7599500
2022-07-21,122.53933715820312,122.53933715820312,120.6782696341105,120.98844994517124,9507700
2022-07-22,122.03177642822266,123.05630225073739,121.28921966344849,122.82131847443924,8657100
2022-07-25,122.67093658447266,122.8965261934762,122.01298481938662,122.12577245275199,5489000
2022-07-26,123.30069732666016,124.06205691503641,122.68974516040505,123.01872822978764,7482400
2022-07-27,124.0714340209961,124.62599229152053,122.65213717382214,123.225498162307,7680700
2022-07-28,124.86100006103516,125.77273843664719,122.11639074454943,124.23124513992852,11052600
2022-07-29,124.44741821289062,124.6730078303987,123.57328533680936,124.23123712669957,8309500
2022-08-01,123.5262680053711,124.42861200382153,123.24428460946338,123.75185759055152,7665400
2022-08-02,123.08450317382812,124.82338891209791,123.01871517229858,123.82705996283836,7935100
2022-08-03,124.2124252319336,124.70119552929687,123.4134889540316,123.7518661841643,6825700
2022-08-04,123.60148620605469,124.53202727302985,123.40409349162705,124.50383036272217,5493000
2022-08-05,123.5544662475586,123.61086005889604,122.53933461667017,122.83071220342795,8883400
2022-08-08,123.84583282470703,124.663586043218,123.21607808363684,123.78943901838285,7075100
2022-08-09,123.46986389160156,124.59778303884102,123.17848633231064,124.00561939107551,5802500
2022-08-10,124.81396484375,124.90796408254403,124.09022520566275,124.78576794056583,6736300
2022-08-11,124.0056381225586,125.65993317451554,123.74245742652403,124.43801460448523,8471400
2022-08-12,125.5941162109375,125.65051001891352,124.09962293049048,124.3064097879163,7515500
2022-08-15,126.2238540649414,126.39304980847922,125.07714665771259,125.52831140336562,7486100
2022-08-16,125.88549041748047,126.3084726505425,125.39673453323094,125.95129275320842,7138400
2022-08-17,125.15235900878906,125.87611308736794,124.96437484795969,125.15235900878906,7251800
2022-08-18,124.59780883789062,125.36856259249534,123.93046287209685,125.11477607057999,7053600
2022-08-19,124.9361801147461,125.53773804523007,124.41921290676633,124.59780288245683,5946500
2022-08-22,123.30069732666016,124.5602214425425,122.88713787048931,124.1654503646475,6420400
2022-08-23,121.58059692382812,122.88710598871344,121.24221975309604,122.75551566355485,7501900
2022-08-24,121.73097229003906,122.20093977306453,121.28920170861358,121.7027753884391,6719500
2022-08-25,123.07511138916016,123.11270248472943,121.39261943142255,122.24796386391385,5636600
2022-08-26,119.64431762695312,123.12208115687662,119.55032556855183,123.11267262856178,9044500
2022-08-29,118.80779266357422,119.5503422192939,118.18743208368106,118.92058028091088,6727700
2022-08-30,118.01822662353516,119.23074353460174,117.72684909220168,119.23074353460174,7910500
2022-08-31,117.26630401611328,119.14617419899554,117.2475012984485,118.40362461622078,8954500
2022-09-01,119.19316864013672,119.24956962293672,116.91852740195957,117.07831464909874,11212400
2022-09-02,117.48248291015625,119.99211500820114,116.9749171095787,119.8793202176943,9730300
2022-09-06,117.59528350830078,119.07098136075146,117.26630765032819,117.94306208452088,9663400
2022-09-07,119.51274108886719,119.71012658560562,117.19110040592156,117.56707585400513,9038300
2022-09-08,121.59001159667969,121.62760269208579,118.82659996048457,119.07098510744083,9394800
2022-09-09,122.66152954101562,122.99051256021805,121.6652006379746,121.89077588106538,8880400
2022-09-12,123.47927856445312,124.11844193736749,122.8025240953779,123.13150714144342,7982400
2022-09-13,119.39994812011719,121.78739117610935,119.0803736456208,121.5148019802437,11928500
2022-09-14,119.46575164794922,120.499678839925,118.67620959372125,119.79472750387754,8080100
2022-09-15,120.13308715820312,121.27980897793128,119.8605051542403,119.98270129081988,8624200
2022-09-16,119.79473114013672,120.05791900400402,118.8735987155773,119.757140045006,10810100
2022-09-19,119.14926147460938,119.1775707755589,117.4506314204329,119.03601707109078,9430100
2022-09-20,117.7525863647461,118.52640497212273,117.02595471624278,118.34711036778607,9010600
2022-09-21,115.79918670654297,119.00770609726311,115.77087740599138,118.22444851664076,11642400
2022-09-22,116.4125747680664,117.20526393802243,115.12916708361571,115.6198783983904,9505600
2022-09-23,115.81804656982422,116.0256504751964,114.37420766615698,115.78973007390506,16611100
2022-09-26,114.71394348144531,115.68593446636835,114.20435450688258,115.12916572732308,10450600
2022-09-27,114.36477661132812,116.26157146348955,113.90236743866451,115.51606932739783,13239900
2022-09-28,116.86553955078125,117.45062480308198,115.2235353907374,115.96904480586055,16360000
2022-09-29,115.88410949707031,116.79947464978358,115.10085199965665,116.51637447462224,10791700
2022-09-30,114.28929138183594,116.69568259922653,114.15717651967614,115.89354739361633,12389800
2022-10-03,116.6390609741211,117.0825925414049,114.77057517117602,115.11973280520945,9326800
2022-10-04,119.347412109375,119.39459186915028,117.33736571030538,117.61103423599107,13717900
2022-10-05,119.74378204345703,120.3666154822123,118.13952587650917,118.58305747082505,9913400
2022-10-06,118.21500396728516,119.66827465633457,117.9035944765546,119.30023936751843,9399300
2022-10-07,115.71426391601562,117.5261312285516,115.05368234184556,117.3185200823759,10068700
2022-10-10,114.98761749267578,116.14834918978636,114.54408592711093,115.98792502343488,8377800
2022-10-11,115.60100555419922,116.82779461547865,114.45915158779351,114.75169060406114,10792900
2022-10-12,115.03479766845703,116.65793130206144,115.00648837015088,115.96904051115918,9292800
2022-10-13,117.71483612060547,118.27161198647754,113.19460057110157,113.38334120348149,14063600
2022-10-14,116.92216491699219,119.28136918408356,116.56356126057347,118.40374490873677,11442300
2022-10-17,118.80010223388672,119.0360226858882,117.5261332330229,117.66768694416795,8420400
2022-10-18,119.4606704711914,120.60253173586348,118.8755923881619,120.56478360151957,10016700
2022-10-19,117.79034423828125,119.10206116664205,116.76173468714754,119.09262233414256,7676200
2022-10-20,116.79004669189453,118.44148963131722,116.63905416728178,117.58273584695189,7196600
2022-10-21,119.41348266601562,119.73433098676374,116.08228743136395,116.7051136068185,8433100
2022-10-24,121.716064453125,122.08409974867116,120.41378626886318,120.41378626886318,7411300
2022-10-25,122.64088439941406,122.78243089963746,121.28198039950733,121.34803063313143,7174200
2022-10-26,123.99977111816406,125.1510639580271,122.98060754135957,123.0183484740619,8277100
2022-10-27,123.34862518310547,124.30173839144169,123.15987734828093,124.28286072807161,6496800
2022-10-28,125.37755584716797,125.47192978041339,123.15046637731703,123.5373793444065,6267100
2022-10-31,125.27371215820312,125.76443054275535,124.44326787656648,124.72637519070953,7852800
2022-11-01,125.34922790527344,126.04755746888931,124.00920176923086,125.42472416075394,8033300
2022-11-02,123.21652221679688,126.48165272211993,123.15045758835186,125.05669858822918,10228700
2022-11-03,122.697509765625,123.37696180304656,121.45184289720504,122.3200284118123,7916600
2022-11-04,123.44300842285156,123.88654000093311,121.70663744452088,123.62231026072804,8082200
2022-11-07,124.76416778564453,125.09444775128591,123.1787749924683,123.6411842236948,6054400
2022-11-08,125.3869857788086,126.34954516697282,123.9337222628621,124.79247608564157,8930700
2022-11-09,124.03749084472656,126.02865926018303,123.8864983583801,125.18878335410534,8963500
2022-11-10,127.18940734863281,127.44420541738884,125.18880692587562,126.89686835090194,12416800
2022-11-11,125.63236999511719,127.04789277796812,123.99979001796395,127.02901510901957,10487200
2022-11-14,125.74559020996094,127.24604070106588,125.69840324369012,126.00981994174896,10552600
2022-11-15,125.58516693115234,127.07618579930978,124.53767963008023,126.54772633200143,8184100
2022-11-16,125.52854919433594,126.74589230422644,125.31149202635248,125.89658449727405,6122200
2022-11-17,125.471923828125,125.98150560493073,124.43386820943202,124.53767377130133,6498700
2022-11-18,126.99125671386719,127.20829947889162,126.1230568548887,126.53827911802439,6720700
2022-11-21,127.04786682128906,127.59520391343342,126.58545762289829,126.72700411248759,7995200
2022-11-22,128.1519775390625,128.24633706925064,127.33096466972991,127.34984233554353,5931100
2022-11-23,128.66152954101562,128.85026295714837,127.84996289215186,128.17082553895784,5340600
2022-11-25,129.42596435546875,129.52976993846562,128.79369922246704,128.81257689195087,3256000
2022-11-28,128.45396423339844,129.79399068467885,128.1991805105827,129.02961071734808,5026800
2022-11-29,128.1331024169922,128.38790051249444,127.44421879523897,128.180289382743,5439600
2022-11-30,131.19064331054688,131.2755712137307,127.64239065016339,128.32184267451595,9377400
2022-12-01,131.56809997558594,132.26642961255175,130.86033870548383,131.94558129263768,15140200
2022-12-02,131.90782165527344,132.08712347508998,130.2469471127823,130.2469471127823,7779800
2022-12-05,130.64329528808594,131.3604881877026,130.1997637424399,131.05851753502606,6921500
2022-12-06,129.65240478515625,130.81312903480583,129.01070825671172,130.39790685784178,8171500
2022-12-07,130.7188262939453,131.09629330997527,129.61472015264192,129.65246109446747,7427000
2022-12-08,131.8983917236328,132.0493698480324,130.69048033179826,130.94526401640735,6765000
2022-12-09,130.20919799804688,132.11543907946526,130.17145706549212,131.71909449015968,6203000
2022-12-12,131.596435546875,131.596435546875,130.29416434151557,130.29416434151557,5669700
2022-12-13,132.00218200683594,133.78573958988144,131.08680973622887,133.38939506025332,9886500
2022-12-14,132.20980834960938,133.32334581372422,131.09625648605493,131.94557863271976,10882200
2022-12-15,129.78456115722656,131.36050808817765,129.32215187591055,131.03022808675937,8746700
2022-12-16,127.8971939086914,128.88806268405438,127.18943255478094,128.8031347774511,10843900
2022-12-19,127.41960906982422,128.0923749865917,126.84159138113706,127.8554827282569,6801600
2022-12-20,127.39119720458984,127.88393720471869,126.69947578241889,127.46700447066794,4815500
2022-12-21,129.06838989257812,129.46636716848764,127.77021042963402,128.16818770554355,5937500
2022-12-22,128.88832092285156,128.92621731555803,127.22059046869839,128.34819973019876,5483300
2022-12-23,128.96414184570312,129.0873159791288,128.01657288124903,128.7651460013156,3766900
2022-12-27,128.63247680664062,129.31472756408334,128.12079596793552,129.210494407842,7050500
2022-12-28,127.79859161376953,129.68425861560382,127.75122474366817,129.05885977574906,5054200
2022-12-29,129.19154357910156,129.85483893389934,128.3008264774784,128.59458498916072,6297300
2022-12-30,128.72727966308594,128.88836468960673,127.41962955999455,128.75570558195676,6369500
2023-01-03,128.35769653320312,129.18207689421405,127.38168721109491,128.8314810089574,7239200
2023-01-04,128.6988067626953,129.40948339255004,127.86494155686478,129.07782851511664,8469800
2023-01-05,127.38168334960938,128.15869680649408,126.87947297723436,127.84599732692493,6714200
2023-01-06,128.55667114257812,128.9072670093622,126.60468151871986,128.23450118614122,7175700
2023-01-09,126.40568542480469,128.72724079585845,126.23512996307635,128.68932994297174,7719500
2023-01-10,127.46700286865234,127.66598428819364,126.16882333417222,126.3583487263643,7675200
2023-01-11,128.1871337890625,128.20608921760657,126.96477613494781,127.55226429101396,7307200
2023-01-12,127.77967834472656,128.3103146418878,126.53835087823651,127.91233741901688,7580500
2023-01-13,128.34823608398438,128.73674289834642,127.02164508220845,127.07849691674778,6334100
2023-01-17,127.75126647949219,128.49983966841853,127.58069653164748,128.28190283499788,6664100
2023-01-18,125.95085144042969,128.08288138058037,125.82766286153101,127.7512409540312,10629100
2023-01-19,126.25407409667969,126.75628441185361,125.32544624781804,125.58129387628014,9902300
2023-01-20,126.88895416259766,126.98370237681773,125.57183397728139,126.53834383959712,5962200
2023-01-23,127.32486724853516,128.03554414000277,126.6805271404752,126.96480078881392,7211000
2023-01-24,126.48149871826172,127.42906766317267,125.66658884728812,126.6899650428425,5754800
2023-01-25,126.51942443847656,126.54785035346345,125.27811128819474,125.63817769761407,5999000
2023-01-26,126.75633239746094,126.92688790850038,125.77085236003931,126.81318423447408,6861100
2023-01-27,125.89402770996094,126.69946720610749,125.73294270248294,126.56680811413993,5854600
2023-01-30,124.7569351196289,126.44360674385025,124.56742421577076,125.65712275702151,7055400
2023-01-31,126.36781311035156,126.38676854040692,124.91803357438592,125.04122218161068,6290600
2023-02-01,126.9647445678711,127.74174343992706,125.4202028475468,126.36777161657973,11843000
2023-02-02,126.10245513916016,126.27301057957784,125.20226768875621,126.03611838427406,11274600
2023-02-03,125.73292541503906,126.59521662364715,125.31599276653604,126.18775445942661,10046800
2023-02-06,125.03173065185547,125.81821468202702,124.86117516661044,125.55289651025299,7328300
2023-02-07,125.8371810913086,126.20673246700822,124.15997971293778,124.59586786674726,7551000
2023-02-08,125.46763610839844,126.1688280341026,125.27812516790428,125.38235835398976,5614100
2023-02-09,124.3684310913086,126.26356908889043,124.16943523971008,125.78031410465904,8085700
2023-02-10,125.54344177246094,125.67610087498785,124.3684508223956,124.53900632903402,6198600
2023-02-13,126.58572387695312,126.59520881940551,125.56234774610346,125.56234774610346,6300300
2023-02-14,125.8371810913086,126.98373162107221,125.20231152068399,126.7563242875692,6905900
2023-02-15,125.2117919921875,125.51502107271672,124.78538874910686,125.34445110022945,6491900
2023-02-16,123.96099853515625,125.0696526643929,123.6956658809624,124.06521725737461,8008000
2023-02-17,125.06964874267578,125.29705606948666,123.25978832010298,123.37349198350842,10798800
2023-02-21,123.44928741455078,124.67165951403989,123.26924699224189,124.15996416024036,9066200
2023-02-22,123.0323715209961,123.8757074625324,122.77653826796502,123.58196334765849,7318900
2023-02-23,123.36402893066406,123.98942803458873,122.4638411373676,123.0039480298424,9955500
2023-02-24,121.77208709716797,122.55857110294406,121.41202070878958,122.32167885272555,9008000
2023-02-27,121.40253448486328,122.77652108864493,121.12774583936017,122.43539567357757,6463900
2023-02-28,120.5023422241211,121.20354845569247,120.39810906076258,121.12774120427221,10282800
2023-03-01,120.30335998535156,120.56867815000277,119.78220137032321,119.92433093754508,11101000
2023-03-02,121.04247283935547,121.38360551753104,119.7632560210552,119.7632560210552,10203100
2023-03-03,122.39750671386719,122.4448880636388,120.99510840492684,121.60155208923277,10048000
2023-03-06,122.34064483642578,122.89970712507456,122.05637121988609,122.48277441531725,8153400
2023-03-07,120.36968231201172,122.72913419776715,120.16121598674394,122.58699018030929,9604400
2023-03-08,119.72535705566406,120.49289296005665,119.24209477947296,120.12333435164322,10793200
2023-03-09,118.51245880126953,120.38864866964353,118.0291965696708,120.18965281063734,13270300
2023-03-10,117.64069366455078,119.2989394267955,117.185857360266,118.31346679199329,20483200
2023-03-13,118.7398681640625,120.36021027408457,117.11952605404045,117.26166284882365,21294200
2023-03-14,119.80115509033203,120.17070644089463,118.60721606500312,119.54531462816489,14582900
2023-03-15,119.69691467285156,119.86747738043361,118.29450938502387,118.51245343391447,17244600
2023-03-16,120.8150405883789,120.87189241172563,118.46506642189068,118.79672133641948,16011400
2023-03-17,119.26103973388672,120.80557466367615,118.88201067270668,120.71081920572566,15071400
2023-03-20,120.77259826660156,120.95334093115028,119.45985523652978,119.45985523652978,10592100
2023-03-21,121.50506591796875,121.64774984344159,120.50623489420853,121.23870565607766,8816300
2023-03-22,119.66912078857422,122.01874612448646,119.65009142737118,121.5716504846878,10480000
2023-03-23,119.44082641601562,120.88675322382626,118.75591448153435,120.16378981992095,10092300
2023-03-24,121.0960464477539,121.21019361143098,118.87959709038796,119.32669283499392,8163700
2023-03-27,121.59069061279297,122.50390413139232,121.44799941291708,121.95216869591275,9455400
2023-03-28,120.85820007324219,121.90458268164353,120.56330303952572,121.46700898644916,8037400
2023-03-29,121.19115447998047,121.60970611729792,120.66795586136426,121.45750750124853,8183100
2023-03-30,121.84751892089844,121.88557764580858,121.07699666569998,121.84751892089844,6820400
2023-03-31,123.1507568359375,123.21733782916445,122.1899700245841,122.25656553296109,9202500
2023-04-03,124.53010559082031,124.67278953585624,122.90343604165027,123.24589202488859,8937300
2023-04-04,124.54912567138672,125.27209639700732,124.32083134974037,124.66328734736258,9052600
2023-04-05,126.69896697998047,126.91775383000571,125.10083449310804,125.24353292889376,12325800
2023-04-06,127.01290130615234,127.57414414795586,126.58483497791495,127.19364397066737,8276300
2023-04-10,126.92727661132812,126.99387212578283,126.00456295431599,126.67044552310631,8024300
2023-04-11,127.3553237915039,127.82143420887449,127.14604439446701,127.22214731294838,8887500
2023-04-12,127.3934097290039,128.3256453843058,127.16510089876266,127.8500128743341,8988600
2023-04-13,129.04861450195312,129.19129844712882,127.65976120325065,127.93563618412645,9373500
2023-04-14,128.01171875,129.02956459892317,127.5360863215883,128.7537041771103,6632100
2023-04-17,127.90707397460938,128.19244180824623,127.24117698905879,128.04975789142782,7187000
2023-04-18,127.0318832397461,128.16389056932434,126.8606625588759,128.16389056932434,7194200
2023-04-19,127.42193603515625,127.61218612046225,126.67995054185705,127.06997265158257,7048100
2023-04-20,126.89871215820312,127.08897672079284,126.29942523451975,126.81310181412667,6672000
2023-04-21,127.75489807128906,128.1829644372512,127.19365518002418,127.59318475593236,6535900
2023-04-24,128.46832275390625,128.50636696179072,127.5646240363636,127.88805060640625,6299800
2023-04-25,127.09852600097656,128.66810755322396,126.91778331608019,128.2780999078272,7752000
2023-04-26,125.29110717773438,126.0616294293044,124.53959977337927,125.97600455623508,10128800
2023-04-27,125.94747924804688,126.12822191911378,124.25422872197571,125.348192172851,10008900
2023-04-28,127.02241516113281,127.383900508464,125.59551765133338,125.79528968937221,7917300
2023-05-01,127.67878723144531,128.19246393580767,126.95583106952564,127.2031547397517,6793900
2023-05-02,127.12703704833984,128.27807393134697,126.21381638358501,127.46949298322915,14365800
2023-05-03,126.95581817626953,128.32562742050592,126.77507552535738,127.716818473573,8961500
2023-05-04,125.94747924804688,126.49921468572147,125.41477317447193,126.42311174447478,9625300
2023-05-05,127.0794677734375,127.51705599091595,126.35651171320102,126.7750705694457,7650300
2023-05-08,126.80361938476562,126.92727395664313,126.21382525175716,126.88922974571568,5305700
2023-05-09,125.95701599121094,126.91778852145877,125.91895725853867,126.318486860676,6452700
2023-05-10,126.30895233154297,126.62287149053687,125.56696687033936,126.31845975509412,6556600
2023-05-11,125.9189453125,126.11871735219292,125.12939360872208,126.04261440922191,8764800
2023-05-12,125.74771881103516,126.37555717539233,125.18647596190596,126.1092041447835,6626800
2023-05-15,125.5289306640625,125.85235726722757,124.98670266891688,125.76674690435766,5725600
2023-05-16,124.4825439453125,125.31013988679481,124.45400715527191,125.2625737316763,7106000
2023-05-17,124.63472747802734,124.79644076429928,123.24587437953012,124.69180104787037,15512700
2023-05-18,124.33032989501953,124.53010192734494,123.36955749135377,124.36838862267754,12196900
2023-05-19,124.91059112548828,125.74770887850914,124.55862775894559,124.61570133026058,9277000
2023-05-22,125.03425598144531,125.90941791405139,124.73936619618291,125.09132955083159,12856100
2023-05-23,123.6644515991211,124.71084891871298,123.38859113222078,124.53010624395147,8723100
2023-05-24,122.81782531738281,123.45517112860958,122.53244291298897,123.42663433968539,7952900
2023-05-25,121.5621566772461,122.38975984988829,120.72504607994472,122.22804653976918,13737000
2023-05-26,121.31481170654297,122.58950319070104,121.08651016234269,121.4479882121244,8794900
2023-05-30,120.56330871582031,121.63824267379108,120.25890424488503,120.70599989916577,12114500
2023-05-31,121.6001968383789,121.80947628263284,119.90694643679758,120.23037302695339,15099100
2023-06-01,122.3992691040039,122.63708536040754,120.77260678111219,121.71435712434925,9751900
2023-06-02,123.96885681152344,124.18764368853472,122.50390064160108,122.78928303322309,10293000
2023-06-05,124.41592407226562,124.97718136856092,124.09249750501054,124.24470336553638,7880200
2023-06-06,123.37906646728516,124.95816983646304,122.83685297012882,124.92012562347824,9413500
2023-06-07,122.8939208984375,123.44565630984376,122.71317823597583,123.27442107140331,7519600
2023-06-08,123.68346405029297,123.85468476182021,122.50389037088794,122.91294181812,6583100
2023-06-09,124.06397247314453,124.49203879566815,123.03660458999715,123.71200908809307,10446100
2023-06-12,124.51106262207031,124.5395994079595,123.51223157049708,123.99738596091434,7321100
2023-06-13,125.13890838623047,125.3291584751929,124.11154048765171,124.23520957729541,8362700
2023-06-14,123.85469055175781,124.60619797232587,123.37905808841377,124.50155824978415,12401600
2023-06-15,125.7762451171875,125.94746583038787,123.8451785486262,123.86420791069857,10598600
2023-06-16,125.76673889160156,126.75604800153268,125.63356238612717,126.09967289771231,10535000
2023-06-20,125.62538146972656,126.17938807642071,124.54602251402055,124.56513021077612,8585100
2023-06-21,125.64450073242188,126.07434383689083,124.73708170891949,125.31974269452085,9444800
2023-06-22,126.504150390625,126.68563707877934,125.6731477395001,125.83552673024275,8036400
2023-06-23,126.0838623046875,126.59965351024981,125.73999664267863,126.33220405923203,8096500
2023-06-26,125.36746215820312,125.96923064053058,124.15437863387167,125.76863628812134,7092800
2023-06-27,125.08091735839844,125.50119922394734,124.21169937054975,125.36747450080921,8578200
2023-06-28,124.67973327636719,125.08090741388637,124.27855913884801,125.05225315941361,10897800
2023-06-29,125.49166107177734,125.56807728653385,124.18305343456328,124.39319438141801,7843300
2023-06-30,126.78114318847656,127.07724690375754,125.92148630057036,125.99790251336906,8260900
2023-07-03,125.739990234375,126.41817496304358,125.2050913596004,126.41817496304358,5240300
2023-07-05,125.6731185913086,125.9405679934302,125.18596715716622,125.47252425226773,7942100
2023-07-06,124.6701889038086,125.13821811834212,124.35497752417741,124.83256787363663,8213100
2023-07-07,123.21830749511719,124.42182990275649,123.15143785168698,123.98245495270267,8749700
2023-07-10,124.19259643554688,124.34541426784206,123.2183080582998,123.22785461816181,7476500
2023-07-11,124.22126770019531,124.62244189284323,123.67680764059293,124.02067331642007,7278300
2023-07-12,123.88694763183594,124.65109519166957,123.68636782450736,124.53647815891038,11900400
2023-07-13,123.9347152709961,124.51737617241463,123.81053709654364,124.20216474296824,7526200
2023-07-14,125.79730987548828,126.19848406706184,124.73705859243584,124.87078332296036,13298600
2023-07-17,125.22419738769531,125.73044199993053,124.7561535910491,125.46299256610442,7905000
2023-07-18,126.15070343017578,126.62829370970265,125.04269048369778,125.27192448993553,8130300
2023-07-19,126.73338317871094,127.5261850019001,126.5136956728569,126.77159857314795,12484000
2023-07-20,128.8347930908203,129.3601308795546,127.48798464265197,127.58350855418688,12650200
2023-07-21,130.1338348388672,130.5350090178634,128.73926448577393,128.95895198441187,11308900
2023-07-24,129.84727478027344,130.7164927694073,129.73265775310034,130.1338319231079,12034000
2023-07-25,129.78997802734375,130.3153158327573,128.80614292188858,128.97806847822687,7802900
2023-07-26,129.7039794921875,130.12426132780416,128.83477614114472,129.1690806377302,8205300
2023-07-27,128.74880981445312,130.36306765073542,128.72015555729206,129.89503840050338,8800800
2023-07-28,129.13087463378906,129.35056210270545,128.3953814510167,129.14042119334192,6897600
2023-07-31,128.13746643066406,128.94937573748922,127.65987615015484,128.90161379445854,9735900
2023-08-01,127.46886444091797,128.3094281402793,127.15365305365748,127.84138433951654,10555300
2023-08-02,127.55481719970703,128.36672657969524,127.21095158375792,127.49750869286552,13873000
2023-08-03,126.91486358642578,127.29694463738146,126.66652183448096,127.13456565631347,11863400
2023-08-04,126.46593475341797,127.73632699316077,126.15073790869397,126.95308629961491,12631200
2023-08-07,127.92735290527344,128.05153106873547,126.7811389018526,126.84800855137888,8165600
2023-08-08,128.91119384765625,129.0735728178731,128.03241477663443,128.73925374249083,12601200
2023-08-09,128.8729705810547,129.57024836934545,128.71059162076233,128.79655438064063,9833600
2023-08-10,128.7870330810547,130.4108375773662,128.65330834782674,129.1882072807385,9541700
2023-08-11,129.58938598632812,129.74221842244637,128.4431718652479,128.7488221625811,7674400
2023-08-14,129.9810028076172,130.3917235486954,129.49386585484723,129.60848288493378,8723300
2023-08-15,129.50338745117188,130.03828625499875,129.360101616283,129.65621984509363,9118500
2023-08-16,128.5195770263672,129.7135530028758,128.49092276892316,129.29327112716044,9462400
2023-08-17,127.49752044677734,128.51000969405155,127.4402119346526,128.06108815744057,11163800
2023-08-18,127.54528045654297,127.87959953871557,127.13455974263488,127.24917676513925,9463000
2023-08-21,127.67903137207031,127.83186381670227,127.09637042995207,127.49754466593288,6872400
2023-08-22,127.23005676269531,127.79360983536374,127.16320169766841,127.48795961328415,6939400
2023-08-23,127.61215209960938,128.28077569951498,127.23963219574044,127.99421856386934,7276800
2023-08-24,126.504150390625,128.36675007844082,126.504150390625,127.3638073004161,10241700
2023-08-25,127.4306640625,127.87960016939103,126.48502989747186,126.9148583088842,8509100
2023-08-28,127.72676849365234,128.29032162687048,127.25872468857726,127.87960090856274,6768400
2023-08-29,128.8729705810547,128.8729705810547,127.72675672464385,127.8986822444005,10737000
2023-08-30,128.77748107910156,129.57982944457146,128.66284947339003,129.18820182276988,7892700
2023-08-31,127.23965454101562,128.86345916163802,127.21098570500514,128.7965895024534,7540200
2023-09-01,127.5835189819336,128.22348843179674,127.24919983913917,128.22348843179674,10183900
2023-09-05,126.26536560058594,127.74589891171115,126.26536560058594,127.65037499167576,11042600
2023-09-06,125.5776138305664,126.23669087722742,124.9662987361811,126.11251271629085,12840000
2023-09-07,126.14118957519531,126.68564969387451,125.86419352220521,125.9597028689689,11055700
2023-09-08,126.14118957519531,126.5232706869625,125.84508582289081,125.87374008441034,8716900
2023-09-11,127.01039123535156,127.25873299461398,126.06475700313696,126.08386469997322,7179000
2023-09-12,126.8479995727539,127.1823040720169,125.94058082489607,126.62831209324956,6941700
2023-09-13,126.86709594726562,127.37334050589493,126.50412265055047,126.54232346209442,6430300
2023-09-14,127.2682876586914,127.65990068705602,126.88620661590683,127.58349905340062,6433300
2023-09-15,126.26536560058594,127.56441220858623,126.17940281749642,126.96264357715184,9611900
2023-09-18,126.07349395751953,126.59141533907744,125.5939447110971,126.4667278519095,6559400
2023-09-19,126.17901611328125,126.447562564636,125.33500461777548,125.86251180246659,6252400
2023-09-20,126.1885986328125,127.09013894370548,126.16941256480312,126.7352771762829,6350700
2023-09-21,125.08563995361328,126.15982572224704,125.02809637810554,125.94883749027983,7979500
2023-09-22,124.8266830444336,125.56519310028338,124.68282410126724,124.92259876300045,7790300
2023-09-25,125.50765991210938,125.54601742190086,124.35674436745794,124.70202049432189,6826300
2023-09-26,124.44306945800781,125.33502431849092,124.3471537240115,124.9322045781418,8200700
2023-09-27,123.81966400146484,124.79793426472703,122.90850841114225,124.67326136922497,9888600
2023-09-28,124.41427612304688,124.76913793495532,124.03064252285849,124.03064252285849,9129000
2023-09-29,123.474365234375,124.79791141726969,123.28253379699308,124.6828242625877,12692700
2023-10-02,123.3017349243164,123.34010707035209,121.86308677637926,123.08114630601139,16035100
2023-10-03,122.2083511352539,122.95644692928299,121.69043697384711,122.69749350725068,11971100
2023-10-04,122.72627258300781,122.89891064705972,121.73840206212178,122.31385983651394,10064300
2023-10-05,123.39763641357422,123.61822500642141,122.30425721537188,123.00440245286272,9609700
2023-10-06,124.6924057006836,125.08563964526175,122.9852113363062,123.05235526402203,10692400
2023-10-09,125.1240234375,125.23911059894928,123.84842040425934,124.34714119366282,8047600
2023-10-10,125.71866607666016,126.28453082760305,124.65406587732895,125.08565738847716,8154900
2023-10-11,125.1623764038086,126.07351721314467,124.6060974191851,125.87211468791806,9591800
2023-10-12,124.08818054199219,125.4980566433015,123.9922648288989,125.25828199525138,10927700
2023-10-13,124.86506652832031,125.58439057886243,124.1649285501712,124.54856218991955,11383800
2023-10-16,125.80496978759766,126.5242937843791,125.25829116007955,125.36379259832819,10545000
2023-10-17,125.63235473632812,126.3229070302181,125.10484747923357,125.20074857663239,9149900
2023-10-18,124.5389633178711,126.15982771410262,124.31836009536381,125.80496590307989,10085700
2023-10-19,123.31131744384766,124.51019072707079,122.5440282983063,124.37590287005352,15492500
2023-10-20,122.82217407226562,123.7045430977739,122.80298800103942,123.0619487411978,12296800
2023-10-23,122.05489349365234,123.1482580272509,121.93979902400636,122.73585264170526,12344200
2023-10-24,122.42894744873047,122.81258838257968,121.66166558103207,121.66166558103207,9375900
2023-10-25,121.3355712890625,122.246712072332,120.43401622373003,121.87266418721363,11427000
2023-10-26,120.13670349121094,121.23966844389149,120.04079508605224,120.33811333724685,14699100
2023-10-27,118.10340881347656,119.95446952634084,117.57590162172426,119.8010175452306,13566100
2023-10-30,118.76518249511719,119.12963733225271,117.86362746121044,118.71722463773598,15224500
2023-10-31,119.44615936279297,119.59961135797991,118.49665364787936,119.18719860223476,13917400
2023-11-01,119.69552612304688,120.28057694200503,119.09128923150564,119.30229212586336,13802600
2023-11-02,121.59452819824219,121.70002963731777,119.83937587617613,120.1558801934029,11894000
2023-11-03,122.19877624511719,122.95645782452678,121.99735906671505,122.42895789813602,11635600
2023-11-06,123.01398468017578,123.2058161134001,122.21793838062432,122.71666644723518,8425100
2023-11-07,123.10032653808594,123.39764479966921,122.63995593295914,122.96605330270366,8241900
2023-11-08,122.92768096923828,123.61823321719409,122.17958513973367,123.61823321719409,10021100
2023-11-09,120.38606262207031,122.9564473670884,120.27097546402047,122.81258841952608,13905500
2023-11-10,121.10537719726562,121.27801523823712,119.50368428885,120.8464237944792,10401300
2023-11-13,121.80552673339844,122.04530139232246,120.52992379176064,121.23006901544919,11373800
2023-11-14,122.6303482055664,123.4455878735892,122.19875676030628,122.50566802117477,11216900
2023-11-15,122.72627258300781,123.21541498404532,122.41936128217581,122.7166795468542,9262700
2023-11-16,123.25376892089844,123.51272966814044,122.62076758262029,123.09072389772675,7665900
2023-11-17,123.00439453125,123.71413275843476,122.63034666543119,123.51271561467857,6766100
2023-11-20,123.75250244140625,124.02104890305348,122.43854192301195,122.52485729253758,6910000
2023-11-21,124.5005874633789,124.74996246665565,124.02103816130307,124.17449745029133,8373000
2023-11-22,125.09524536132812,125.39257827272421,124.74998385393745,124.91302888843387,6737700
2023-11-24,125.76661682128906,125.79538861142441,125.33501069988931,125.34461105305756,3708800
2023-11-27,124.98014831542969,125.92006093664854,124.74997399535916,125.49806980495768,10530200
2023-11-28,124.33753967285156,125.0376775404945,124.25122431273455,124.7595453907787,6261300
2023-11-29,124.37590026855469,125.04728100086368,124.1457259691878,124.20326954402952,6979000
2023-11-30,125.93922424316406,126.01595388087931,124.04021327242835,124.47180467922983,7743100
2023-12-01,126.43794250488281,126.57221569409033,125.67066086597703,125.76657655884526,9370900
2023-12-04,126.67774963378906,126.91752429285484,126.06392709196804,126.10228459815771,6943900
2023-12-05,126.51469421386719,126.71609671549083,125.72822637218319,126.41877850425801,6581000
2023-12-06,126.61060333251953,127.0326090661183,126.36124296024913,126.79283441154477,6210400
2023-12-07,126.45716857910156,126.93671792580322,125.88170350918571,126.62979931926552,6396700
2023-12-08,126.66816711425781,126.9654853574572,125.9104709770554,126.54347960529647,6007600
2023-12-11,127.50257110595703,127.74234575761268,126.72570357614207,127.34911181657341,9016800
2023-12-12,128.0492706298828,128.23150173647403,127.08058614735961,127.6848230513861,6779000
2023-12-13,130.4086456298828,130.44700313692147,127.32993250007436,127.50257786845854,9074300
2023-12-14,129.775634765625,130.92655020783027,129.28649972722582,130.84982056039206,10098700
2023-12-15,128.6726837158203,129.42077952297285,128.19313437099512,129.1714044974656,8296600
2023-12-18,128.8826904296875,129.28731365052124,128.54549706222213,129.15243924357665,5944300
2023-12-19,129.74974060058594,129.8171851554679,128.84416367940167,129.04646794363128,6358200
2023-12-20,127.8711166381836,129.7497295760204,127.86148800267921,129.67267109157154,7299000
2023-12-21,129.43182373046875,129.52815418674976,128.34318520302375,128.64183460784676,5606800
2023-12-22,130.07730102539062,130.48192424064226,129.55706067706163,129.74973629858036,5355100
2023-12-26,130.36631774902344,130.71312503683527,129.80754817387017,129.97132318207258,3688600
2023-12-27,130.9154510498047,131.0021528764343,130.19290642747515,130.2218070363517,5444100
2023-12-28,131.2526397705078,131.69579222438753,131.0021482355078,131.02142020747874,5800200
2023-12-29,131.38751220703125,131.61871706639175,130.84801460158047,131.25263780566854,5590000
2024-01-02,133.69964599609375,133.95976615723362,130.99251469375568,131.0599445428175,11785900
2024-01-03,133.47808837890625,134.42220929879207,133.3143133509818,134.142831827676,9585000
2024-01-04,134.142822265625,134.87499552066234,133.6611258530512,133.89233072295357,11649200
2024-01-05,134.0272216796875,134.58599135129302,133.45882337071646,133.83454603090863,9437700
2024-01-08,135.21217346191406,135.2410740673543,133.51659287498603,134.0657337787633,7999400
2024-01-09,135.1929168701172,136.3778859285797,134.74974970261147,135.0676710988249,9201300
2024-01-10,135.8094940185547,135.9732690423798,134.75939931862456,135.26999636355237,9773300
2024-01-11,135.713134765625,135.86728113682904,134.87498776003957,135.63606158002298,7182300
2024-01-12,135.3759765625,135.9925474402312,134.92318071633076,135.3374326137741,8026400
2024-01-16,134.5667266845703,135.2218415662489,134.35479374955045,135.03879454489444,7426900
2024-01-17,134.2969512939453,134.9616946822058,133.9212286875643,134.34512387429317,8337200
2024-01-18,134.2777099609375,134.4029410444579,132.4857985408314,133.1408986706591,8929300
2024-01-19,134.35476684570312,134.7015888429753,133.61295027094172,134.35476684570312,8842000
2024-01-22,134.94244384765625,135.29889449886107,134.13318267974648,134.47037605805957,7831400
2024-01-23,134.84609985351562,134.9328016829063,133.88270699306338,134.76902666065445,6407400
2024-01-24,133.61297607421875,135.53011871531004,133.59370409836862,135.20256862690988,9104900
2024-01-25,133.41064453125,133.43954514220192,132.18714613372745,133.1408956955593,10050200
2024-01-26,134.1717071533203,134.45108457178668,133.8345138239448,134.33548215038076,5759100
2024-01-29,135.11582946777344,135.12545810293395,134.2102379556712,134.2969397727347,6229600
2024-01-30,135.4241180419922,135.66496621547498,134.69193018647277,135.3374015273819,5940300
2024-01-31,135.24110412597656,136.56094773511666,135.21220351411287,136.45497392487997,10223100
2024-02-01,136.99447631835938,136.99447631835938,134.74976895185824,135.40488381042394,8503600
2024-02-02,136.7921600341797,137.4279881614773,136.09851598602893,136.94629172249532,10629200
2024-02-05,137.21603393554688,138.06382433134024,136.58983447515004,137.28347848985226,9631700
2024-02-06,138.70928955078125,138.81526334550819,137.59176508845115,138.28539437187345,10159000
2024-02-07,139.0850372314453,139.72088011446863,138.79603110298925,139.0561366185997,7884600
2024-02-08,138.8441619873047,138.9501357805312,138.2179625638253,138.9501357805312,6672400
2024-02-09,138.73818969726562,139.00793850109082,138.2853939122289,138.78636227656455,7447800
2024-02-12,138.92123413085938,138.95977807367458,137.90004014936162,138.555154875357,6645500
2024-02-13,137.6303253173828,139.1813886438365,136.9463098155658,138.217995638591,11170000
2024-02-14,138.82492065429688,138.87307853839567,137.83262715843682,138.10237599030893,9701100
2024-02-15,139.83645629882812,140.10620510152387,138.71893184489167,138.92123609680988,9294800
2024-02-16,140.28927612304688,141.2334117944838,139.5185735262466,140.01952727412484,8424100
2024-02-20,139.81719970703125,140.8383937079447,139.46073438014477,140.3952265583861,9120400
2024-02-21,140.12548828125,140.16403222769364,138.95979115497713,139.36441439138486,7213500
2024-02-22,141.77291870117188,142.0330242293927,140.00990773106605,140.30855721175635,9130000
2024-02-23,142.447265625,142.84226021665853,141.94629723314546,142.25458999742767,9194600
2024-02-26,141.71510314941406,142.68812469786917,141.58985736686301,142.36057463603785,7248300
2024-02-27,141.36827087402344,141.80179471271887,140.69388412471037,141.02144886302546,7374000
2024-02-28,140.6649932861328,140.9251134875014,140.00026452740514,140.7709670940823,8038800
2024-02-29,139.5185546875,140.8865707223743,139.42220952580428,140.6553511544292,9435600
2024-03-01,140.98291015625,141.07925532407728,139.2198994265131,139.83647028006519,8741400
2024-03-04,140.77096557617188,141.31046324711224,140.43378688193866,140.57828993658018,10657800
2024-03-05,139.7208709716797,141.05035787642106,139.25844649619927,140.81913828857634,9743400
2024-03-06,140.6746368408203,141.19486254415253,139.98099276957123,139.98099276957123,8085300
2024-03-07,141.32972717285156,141.6669205480917,140.8287587782745,141.02144910710211,6438300
2024-03-08,141.06959533691406,141.85958445927218,140.81911851041872,141.19484110026522,7802500
2024-03-11,140.99253845214844,141.2430152814865,139.9713297628307,140.75169025848245,7723800
2024-03-12,141.6476287841797,141.99445074732003,140.6168062299776,141.08885924910882,7143700
2024-03-13,141.0985107421875,142.29310836191166,140.5493698103799,142.18713456981934,7874200
2024-03-14,140.59754943847656,141.29119343964214,139.8172036122172,141.18521964223606,9605700
2024-03-15,140.03880310058594,140.32782393243983,139.5474779765814,139.71125301791625,10570500
2024-03-18,140.02235412597656,140.74750783598415,139.9256610633262,140.61213164695766,6407000
2024-03-19,140.9505615234375,141.0375764395231,139.73230843836345,140.1383928000548,5240200
2024-03-20,140.6314697265625,140.6798162566901,139.84830609968046,140.61212816385353,8268200
2024-03-21,140.815185546875,141.32762633758549,140.5251211032129,140.92154201777475,8865300
2024-03-22,140.62179565429688,141.3759542565499,140.44775110969852,141.0182165166651,5537200
2024-03-25,140.42845153808594,141.0279072732478,140.20606042389443,140.88288241902842,5253000
2024-03-26,140.9408721923828,141.10523858807474,140.33173838524448,140.70881770554695,6942400
2024-03-27,142.8166046142578,142.8166046142578,141.76270340139337,142.13978271964916,8797400
2024-03-28,142.8359375,143.3193733005514,142.7875909692869,143.0196454647359,8090200
2024-04-01,141.61769104003906,142.8359440016975,141.10525024839214,142.748929094427,7378300
2024-04-02,139.41322326660156,139.85797595639775,138.68806954110357,139.70328770745883,10776400
2024-04-03,139.25851440429688,140.28339593268,138.9297816033607,139.65493529834384,8453400
2024-04-04,137.2474365234375,140.21573975989924,137.1700850161075,140.12871009334577,12685700
2024-04-05,138.47535705566406,138.92978790539692,136.91869312968973,137.03471300509713,9073100
2024-04-08,138.03062438964844,138.36903544924076,137.81791139561227,138.36903544924076,9128200
2024-04-09,138.52371215820312,138.601063664357,137.56650386700147,138.33034076946404,10534400
2024-04-10,136.89935302734375,137.5278284501867,136.4255953621795,137.1410709392163,13052700
2024-04-11,136.3385772705078,137.34413213106734,135.9421710739003,137.31512715944464,8153900
2024-04-12,134.30816650390625,135.64243956783793,133.87307714059608,135.6327761609352,13799400
2024-04-15,134.0374298095703,135.97117322857798,133.82471685321616,135.4780592146245,10383600
2024-04-16,134.0857391357422,135.19765026742368,133.99872423725006,135.19765026742368,10170500
2024-04-17,133.8537139892578,134.99461545811104,133.64100104535459,134.86893217547046,8480100
2024-04-18,133.84402465820312,134.63686642898682,133.63132648534514,133.940717716739,8105800
2024-04-19,134.34683227539062,134.7239116833745,133.86339638037066,134.54020368274007,9668400
2024-04-22,134.85923767089844,135.93246566567595,134.3274553755963,134.76255936930002,8531300
2024-04-23,136.61895751953125,136.8703388197264,135.53605131519856,136.1548632909827,8615500
2024-04-24,136.19354248046875,136.47392877013826,135.57474520882403,136.31924051719508,7378600
2024-04-25,135.28468322753906,136.3289064087242,134.5885344400823,136.10653005401443,9693300
2024-04-26,135.32334899902344,135.68108675244795,134.68521023349126,134.78188853678188,6013800
2024-04-29,135.7777862548828,136.16454378829738,135.10097901302152,135.48773654643608,6388600
2024-04-30,135.68109130859375,136.522264866585,135.58439824876712,136.2322004403947,9677700
2024-05-01,135.9228057861328,137.14105864154303,134.92692925878313,135.0816322492988,10710200
2024-05-02,135.82611083984375,136.75431401674032,135.09129377504698,136.6576209606904,8425500
2024-05-03,136.16453552246094,136.551278279107,135.45872335260114,136.41591683895186,8539300
2024-05-06,136.7156524658203,136.75433559565982,135.98083528507433,136.28056315151952,5605100
2024-05-07,137.84690856933594,137.97259186103256,137.0057201384559,137.0250617038291,7720600
2024-05-08,137.3731231689453,138.14662342477538,137.19907860357065,138.12728186122482,5461100
2024-05-09,138.55270385742188,138.63005535616657,137.5181441591628,137.53748572217143,6821800
2024-05-10,138.8330841064453,139.31651988765304,138.63971274462006,138.7364058021773,6324900
2024-05-13,138.69775390625,139.2391997425853,138.44637255460648,139.11351644340982,5351500
2024-05-14,139.28753662109375,139.355224722587,138.36901144435694,138.89111567795433,6198700
2024-05-15,141.35662841796875,141.51133141853254,139.84831104569724,139.90632098258612,8433700
2024-05-16,141.19227600097656,141.58869694671284,140.79585505524028,141.05691455039485,6740800
2024-05-17,141.46299743652344,141.49200240754104,140.62182377043,141.16326956714724,7071600
2024-05-20,141.1632537841797,141.51132815076542,140.863525948315,141.3179567811711,3890000
2024-05-21,141.4049835205078,142.0141174013416,141.04724571915008,141.41464692614494,4048900
2024-05-22,141.65635681152344,142.08178268808285,140.94088124939188,141.02789615506353,6831200
2024-05-23,140.10939025878906,141.43399984871243,140.01269718148845,141.42433644229925,5155900
2024-05-24,139.63560485839844,140.51546161918688,139.5485899488587,140.29308526593283,3949500
2024-05-28,137.94357299804688,139.32620709380538,137.3634588748961,139.32620709380538,8375100
2024-05-29,136.87034606933594,137.03471247662603,136.2805537828055,136.76398959952584,6838200
2024-05-30,136.9380340576172,137.43113327909984,136.0194942039383,136.31923680283316,7395500
2024-05-31,138.939453125,139.01680462737855,137.20875936331333,137.37312577338378,7945900
2024-06-03,139.91598510742188,140.33173278228634,138.60103924109845,138.84275712275138,10303300
2024-06-04,140.32208251953125,140.70882526507935,139.26818124432606,139.79030017943506,6964200
2024-06-05,140.960205078125,141.11490807601817,139.70328379179028,140.4864474328508,5373400
2024-06-06,141.42433166503906,141.72405953993712,140.3704302699149,140.85386613350317,5425800
2024-06-07,141.57899475097656,142.28482160866375,141.1245786930437,141.28894508703837,5222300
2024-06-10,142.1011199951172,142.13978836760515,140.84418396655687,141.3566247334385,5396700
2024-06-11,141.51132202148438,141.99475780117606,140.9021882180203,141.99475780117606,5194000
2024-06-12,141.21160888671875,142.16880238796566,140.84419293488378,142.1204706076006,6522700
2024-06-13,141.0955810546875,141.32763557544348,139.79031310282517,140.6894967083331,4720600
2024-06-14,141.0472412109375,141.08590958554117,140.2253944060265,140.80552329811553,4109600
2024-06-17,140.90219116210938,141.1245822477825,140.15771066819678,140.44776033944092,4542800
2024-06-18,141.08590698242188,141.5500012355559,140.77651573142927,141.05690201368165,4872600
2024-06-20,141.5500030517578,141.7337110249966,140.45744812417996,140.65081950269274,6653600
2024-06-21,141.94642639160156,142.24615424640888,141.39531721576344,141.73371344561752,8535400
2024-06-24,142.77442932128906,143.27917685744845,142.1532072810551,142.52206295876024,6446100
2024-06-25,142.32789611816406,143.14324705274586,141.9881591565394,142.9394019135515,5171600
2024-06-26,141.8231658935547,142.3279133570446,141.49314497212265,142.07553221974985,4572700
2024-06-27,141.59019470214844,141.98816892775955,140.7748437114565,141.92993168715282,4637900
2024-06-28,141.4737091064453,142.7064515764699,140.84278596797398,142.114348324987,7656800
2024-07-01,140.67776489257812,143.16266725541354,140.4059812423005,141.75519822442809,6562000
2024-07-02,140.16329956054688,140.37684594769703,139.3770673219924,140.17301563975138,7536100
2024-07-03,139.0955810546875,140.42538051602074,138.5422977449935,140.41567924800893,7654000
2024-07-05,140.1730194091797,140.25067398942218,138.6879107383967,139.39648841785146,4846900
2024-07-08,140.01773071289062,140.71660722612017,139.65859118648893,140.32834907925883,4001500
2024-07-09,140.6971893310547,140.7748439223463,139.48386411293401,140.318632455445,8336700
2024-07-10,142.02700805664062,142.0464105967152,140.5418843193755,140.85250269376016,5342300
2024-07-11,143.02676391601562,143.40532074207678,141.86196001019957,142.03668652051076,7690700
2024-07-12,143.9197998046875,144.52160442176663,143.40535105568114,143.51212427591454,6614600
2024-07-15,143.4150390625,144.60894691570962,143.201492641783,144.47305508535322,5804100
2024-07-16,145.463134765625,145.4922533860567,143.95860852855915,144.27892816440664,7602500
2024-07-17,146.12315368652344,146.88998340069693,144.2789055629584,144.4633333375342,10395500
2024-07-18,142.8035125732422,146.14258576653617,142.55114627322737,145.19134299299014,11033400
2024-07-19,143.53150939941406,144.22068461203452,142.95882347452132,143.521808130061,5985700
2024-07-22,144.35658264160156,144.6186650363781,143.54123164796218,144.25951069950688,5190200
2024-07-23,144.26922607421875,145.03604109305743,144.113916892067,144.94868523225915,3553300
2024-07-24,145.47283935546875,145.6572671631445,143.86155468077897,144.34688478051547,6870400
2024-07-25,144.74481201171875,147.08410612680666,144.58951767077906,145.03601296901158,11472800
2024-07-26,145.56019592285156,146.50172259888078,144.63805697384214,144.7254276397626,6028800
2024-07-29,145.64756774902344,146.14259912506677,144.88073788745305,145.57961442486683,8227200
2024-07-30,145.77374267578125,146.67646436943033,144.7351439567907,145.64756692050722,7269400
2024-07-31,145.23989868164062,146.23967755930929,144.6769139564612,145.71551272744216,8417800
2024-08-01,146.72500610351562,146.89001656773763,145.10400527264053,145.9872948386408,10357700
2024-08-02,146.43380737304688,147.31711176405153,144.25952305928925,146.9482561258078,15742100
2024-08-05,142.52203369140625,144.42451931908423,141.9008117787422,144.1430343883406,17575600
2024-08-06,143.18209838867188,144.99724325757433,142.63853097956135,143.09474251458647,13335600
2024-08-07,141.72608947753906,143.77418307764086,141.26987800184585,143.08502263468242,11485000
2024-08-08,144.86131286621094,144.98748860262154,143.288833495513,143.93917395918862,11479100
2024-08-09,145.57960510253906,145.9484606989706,144.80307402057196,145.1136923777982,8550400
2024-08-12,145.02635192871094,145.92905885450682,144.6089603182257,145.92905885450682,5044300
2024-08-13,146.7832489013672,146.92884201910047,145.43403170300374,145.5990421734683,4815700
2024-08-14,147.307373046875,147.52091945608646,146.24935708102606,146.59879531327223,4837300
2024-08-15,148.22950744628906,148.46245638656367,147.2976672518983,147.98684242610472,5886800
2024-08-16,148.38479614257812,148.62746115350592,147.76357430704684,148.18096582761302,4562500
2024-08-19,149.2875518798828,149.42344372468503,148.3071755320736,148.39454621245378,4729600
2024-08-20,149.8893280029297,150.65615776150383,149.5301885123378,149.685497680036,4878300
2024-08-21,150.14170837402344,150.52998132968546,149.61755839775324,150.19996042569684,5530100
2024-08-22,150.23876953125,150.79205289919042,149.47195456689676,150.64644499710715,4951800
2024-08-23,150.88909912109375,150.99587231713468,150.1028668643817,150.6367328445864,4069400
2024-08-26,150.81146240234375,151.5006376240655,150.66586930463416,151.03472490029637,4433600
2024-08-27,151.04443359375,151.4618103684309,150.51056752407746,150.95707773083063,3785400
2024-08-28,151.2191619873047,151.8501000704972,150.51058411369235,150.9473782875328,5150100
2024-08-29,151.53945922851562,152.22863445803884,150.89883478024313,151.82095896873867,4339200
2024-08-30,152.5877685546875,152.66542314195152,150.9861852742737,151.6462270493709,7020600
2024-09-03,152.2965850830078,153.20900807449826,151.87920829091314,152.27718254228233,7674900
2024-09-04,152.03451538085938,154.95619731841813,151.28710286247008,152.09275262443006,8235500
2024-09-05,149.94757080078125,151.95684435328624,149.2195757126733,151.8694884973768,7245600
2024-09-06,149.43312072753906,151.09295602980364,149.12251719461867,150.471734152865,7651800
2024-09-09,150.48143005371094,150.9570588218597,149.2389863441563,149.811672233025,6169200
2024-09-10,151.17062377929688,151.2773969929634,150.12230899359793,150.68529368283063,7337200
2024-09-11,150.72409057617188,150.8988170860115,148.3653937765637,150.62701864725022,6636500
2024-09-12,151.26766967773438,151.40356150220867,149.27781346778366,150.68528249188654,4838100
2024-09-13,151.57830810546875,152.0442208780866,151.1317978738475,151.33564304311156,4358500
2024-09-16,152.62660217285156,152.96632432724022,152.07331879667584,152.37422106325647,4711900
2024-09-17,151.05410766601562,152.4809790811834,150.52025650356356,152.44215919724192,6280000
2024-09-18,150.80177307128906,152.37423789543266,150.21937101214718,150.92796364002638,7148900
2024-09-19,151.34532165527344,152.16067258806115,150.94734745792545,152.16067258806115,6717400
2024-09-20,150.72409057617188,151.40354964533284,150.35523501958582,150.85028112155067,8541600
2024-09-23,150.4288787841797,151.21805834853512,150.1560814778611,151.19856857913004,6416400
2024-09-24,150.1268768310547,150.41916395072872,149.41565623737554,150.360709500062,5341600
2024-09-25,148.6654510498047,150.79912762471517,148.60699660112329,150.58478473532344,5940100
2024-09-26,149.16233825683594,149.34743904892113,148.31470418227795,148.56802660594929,6172900
2024-09-27,149.08441162109375,150.2340555164946,149.07465930128586,149.3572089815733,7312500
2024-09-30,150.05868530273438,150.09764998116282,148.65571901786208,148.8797993680918,7233800
2024-10-01,149.26951599121094,150.38019512224773,148.7044315397936,150.1755896842204,10560200
2024-10-02,148.96746826171875,149.43513356077378,147.9639606319644,149.0843920196521,7158400
2024-10-03,147.6229705810547,148.7336496439847,147.35017325797287,148.5972509824438,5551000
2024-10-04,147.73989868164062,148.11013003953576,146.99945083219143,147.8470701343818,6590100
2024-10-07,147.08709716796875,148.19777610842604,146.81429987496784,147.7496006320174,5922800
2024-10-08,147.8860321044922,148.1198647788267,147.35018971694603,147.47683607416238,4726600
2024-10-09,149.3961639404297,149.51308770612772,147.67169820954103,148.0224249076145,7840000
2024-10-10,148.8408203125,149.51307616459366,148.48032645674107,149.39615240792148,4385500
2024-10-11,149.93203735351562,150.10741558781913,149.09415546290103,149.3084983790821,9354000
2024-10-14,150.76014709472656,151.02319208613267,149.58126132703617,150.0976287245438,4819800
2024-10-15,148.91876220703125,150.61400055579497,148.58749557901893,148.74338400792604,9088600
2024-10-16,149.33770751953125,149.65922185486156,148.3244623836776,148.72390607332432,4510200
2024-10-17,148.47061157226562,149.08441307249083,148.37317757128528,148.8408429363813,5430000
2024-10-18,149.19155883789062,149.552037820033,148.14907169900286,148.57775744335527,9823900
2024-10-21,147.4378662109375,149.20131149381007,147.2917152197394,148.80185293074493,4825900
2024-10-22,147.2235107421875,147.49630806284867,146.53176512215015,146.65842633043533,5166900
2024-10-23,146.5317840576172,147.04815154319158,145.75237153577422,146.82407118647876,4910200
2024-10-24,145.56724548339844,147.12608528231993,145.52826594027997,146.53177361365226,5066300
2024-10-25,144.76832580566406,146.14206478254144,144.60269991620459,146.06412056403002,5314500
2024-10-28,144.98268127441406,145.6451997560978,144.7975655976739,145.17753440443602,4923500
2024-10-29,144.58322143554688,145.47957258525503,144.5150295304865,144.88526088074244,7342600
2024-10-30,144.31040954589844,144.3591265396575,141.8747085213385,142.38133849702197,9211800
2024-10-31,143.0925750732422,144.12531004480329,143.06334784697844,143.45306897439644,6701100
2024-11-01,143.94020080566406,144.6514213803385,143.6381613747228,143.64791369380032,6896900
2024-11-04,142.99514770507812,144.2811901856333,142.7125980456814,143.5894593821118,5985900
2024-11-05,144.04736328125,144.08632795611345,142.1864841468132,142.71258902233512,5035300
2024-11-06,144.2324676513672,147.02866258169283,143.56022664549022,146.7948299276881,10685600
2024-11-07,145.27496337890625,145.45032672995956,144.39811689095896,145.09958516151258,9381600
2024-11-08,146.3174285888672,147.0676286863739,145.3041834776815,145.46980936766667,8701100
2024-11-11,145.4600830078125,146.7266506431363,145.24574010646506,145.99594026118112,6071900
2024-11-12,143.43357849121094,145.4698211979867,143.40435126509192,145.22625106943437,7022300
2024-11-13,143.05360412597656,143.80380425533895,142.90745313472036,143.37511846713187,5981200
2024-11-14,140.8030242919922,142.8197772290004,140.64713584155785,142.8100397757261,7936700
2024-11-15,138.19192504882812,140.15023812024816,137.9288800509104,140.02357691406195,14246100
2024-11-18,138.28936767578125,138.4355037948687,137.6755662429346,137.83145468085434,7933100
2024-11-19,137.57814025878906,137.9678464678164,136.65256199625597,137.03253075327626,6205800
2024-11-20,139.2052001953125,139.40005331868227,137.6463454756735,137.87042582423175,9328800
2024-11-21,140.3256072998047,140.52046040997652,138.48421790595293,139.20519076656205,7969600
2024-11-22,140.45225524902344,141.29013692335056,140.237912388172,140.6178811203472,6330300
2024-11-25,141.65065002441406,142.09882562320647,141.06607574187467,141.08556551565042,6834300
2024-11-26,142.4105682373047,142.5664566735535,140.96863736785215,142.07931646003064,6018400
2024-11-27,143.17050170898438,143.95966645383132,142.54696284806366,142.54696284806366,5952800
2024-11-29,143.61866760253906,143.98888402034834,142.93667434200822,143.16075465625306,3521200
2024-12-02,143.36537170410156,143.58946692611127,142.624923865264,143.53101247387946,6220800
2024-12-03,143.04385375976562,143.63815052500024,142.96590954473348,143.35561575355527,4236200
2024-12-04,142.96591186523438,143.78430383684696,142.59568055440712,143.29716363474338,5597400
2024-12-05,141.3680877685547,142.48850424858932,141.10502790582862,142.33261582131917,8948700
2024-12-06,140.56919860839844,141.71885740461062,140.39383524269275,141.55321662632196,6545200
2024-12-09,140.97837829589844,141.35834707716035,140.2184407333746,140.70558095890732,6258600
2024-12-10,140.39381408691406,141.36809450426574,139.9261487828209,141.26092306370347,7200500
2024-12-11,138.48423767089844,139.9456585052753,138.44527298983866,139.82874959575443,6895000
2024-12-12,137.38330078125,138.87394889613165,137.2858816419579,138.51346983470103,5994200
2024-12-13,137.36378479003906,137.81194540269803,136.52590313774448,137.20789637418483,7599400
2024-12-16,135.7270050048828,138.00681765458663,135.61983356239213,137.25663242349154,9476600
2024-12-17,135.6295928955078,136.6331006060278,135.03528120484,135.1327003335627,10280100
2024-12-18,133.7882080078125,136.43823734251606,133.7005114626815,135.54190104897762,14448100
2024-12-19,132.77493286132812,134.2558432446029,132.45341854261022,133.53487039053798,11929300
2024-12-20,134.45071411132812,135.7075294629178,133.52515057440968,133.95383638932128,12098400
2024-12-23,135.79345703125,135.98919236096177,134.07096522267875,134.66796768517108,8050500
2024-12-24,136.35133361816406,136.35133361816406,135.09859451417574,135.67603396169343,3139300
2024-12-26,136.6253662109375,136.74280443523892,135.72495671245952,135.8717694264864,4720300
2024-12-27,135.98919677734375,136.83087216272213,135.4117723091647,135.87175856243246,5948000
2024-12-30,134.31564331054688,135.206241335211,133.81650102679058,135.206241335211,6890300
2024-12-31,134.63861083984375,135.176879273963,133.87521765141452,134.64839237974908,6626900
2025-01-02,134.67774963378906,135.813035456672,134.19818538093804,135.31389319069584,8973000
2025-01-03,135.99899291992188,136.38068205110324,134.8049879590676,134.95178572734935,8288700
2025-01-06,136.05772399902344,137.05597877847387,135.6075192472643,135.94027084041443,8653300
2025-01-07,136.73300170898438,137.92699164956875,136.39045369631287,136.39045369631287,12639700
2025-01-08,137.43765258789062,137.64318439225553,135.73473878164648,136.98746282007951,7827400
2025-01-10,136.66452026367188,137.94660411267157,136.38070621682104,136.96791232764568,10343700
2025-01-13,138.4457244873047,138.79805407128956,136.69385810756216,136.81129632434076,9422200
2025-01-14,137.01683044433594,138.2597730162171,135.92070057954905,138.2597730162171,10277800
2025-01-15,137.57469177246094,138.23041338289073,136.7917354693517,137.3985195107779,11388400
2025-01-16,138.12277221679688,138.32828912258395,136.60579700921394,137.14408046140804,8512100
2025-01-17,137.19300842285156,138.38701360542373,137.19300842285156,137.93682374333028,7668100
2025-01-21,139.4635467529297,139.473328292378,137.89763428961302,137.91721230215768,7257800
2025-01-22,139.15037536621094,139.59079856745956,138.12276105303036,138.7784826841041,8189900
2025-01-23,141.00990295410156,141.02948096966608,138.84698771055696,139.53208385246225,8032900
2025-01-24,141.2349853515625,141.52859582441442,140.2171526371447,140.38352842057603,8127900
2025-01-27,144.4059600830078,144.43531963865732,141.88093376160083,142.00816845851529,12311300
2025-01-28,143.3979034423828,144.59190843927496,143.3587474138933,144.39615816412598,9686400
2025-01-29,142.55621337890625,143.4566078041639,142.2038838269665,142.97704357318685,8159100
2025-01-30,144.20040893554688,144.60167605384962,143.12385719415025,143.13363873350596,7705200
2025-01-31,143.7404327392578,145.4237835120188,143.69151010541913,144.4353103568244,9211800
2025-02-03,144.29830932617188,145.0029685579942,142.83027174881715,142.86941284674037,13001500
2025-02-04,143.90679931640625,144.06339354889005,142.48769955193578,142.7128093612492,11762000
2025-02-05,145.2867889404297,145.55103989733422,143.96556402320934,144.259159604602,10042300
2025-02-06,143.985107421875,145.29656555195987,143.76979406918863,144.99315860324793,12422100
2025-02-07,143.30979919433594,144.76805500738234,143.20215745811296,144.19063056609517,11199700
2025-02-10,143.18258666992188,143.52511977596023,142.36048929505108,143.47619714198973,7374300
2025-02-11,142.9183349609375,143.20216389137062,142.3409104937099,142.77153719254028,6634900
2025-02-12,142.7128143310547,143.48597411368988,142.27239117015083,142.57578317262346,7572200
2025-02-13,143.2706756591797,143.58386416760146,142.06688906393987,142.99664318113568,6293100
2025-02-14,141.7145538330078,143.5740619935807,141.7145538330078,143.3783266504124,5299200
2025-02-18,141.44053649902344,141.8026476693107,140.775018340666,140.85331547304045,11366800
2025-02-19,143.2804412841797,143.3195973102079,141.42093325634454,141.4502928090415,6295900
2025-02-20,144.08297729492188,144.1612744142795,142.98684749121244,143.07492615037157,6264800
2025-02-21,143.30979919433594,144.00467677871328,142.24302896884305,142.38004519107471,8647000
2025-02-24,144.47445678710938,145.0616777513531,143.15323201803517,143.46640558095555,7559400
2025-02-25,145.7174072265625,145.91314258065307,144.268947685912,144.74849706338634,11981300
2025-02-26,144.6702117919922,145.77612323922725,144.21022550615416,145.14976115926802,6566800
2025-02-27,144.08297729492188,145.73696847393606,144.0242581888158,144.4059473121538,7377000
2025-02-28,145.75653076171875,145.98164057876718,143.36853583570291,144.31786786898994,8453700
2025-03-03,146.3927001953125,147.11693739933398,145.7859161452929,145.84463525546903,9459300
2025-03-04,145.03231811523438,146.87226319742751,144.81700475737563,146.59821579625773,10804700
2025-03-05,146.4905548095703,146.71566463485263,144.10255979620828,144.3765922556703,7597700
2025-03-06,146.08932495117188,146.29484186039554,144.77786662744626,145.8250739913759,7122200
2025-03-07,146.09909057617188,147.0777822413036,145.28677470207458,145.4923065225581,8532400
2025-03-10,144.5233917236328,146.71566635873685,144.20042169254722,144.963799971968,13577800
2025-03-11,142.9477081298828,144.73871574316047,142.19411133515226,144.5331839141793,9411600
2025-03-12,141.518798828125,142.87917943456875,141.0490161494104,142.62471008351983,7141100
2025-03-13,140.7652130126953,141.97879595895142,140.43246145657056,141.57752882345764,8041600
2025-03-14,141.84178161621094,142.05709498597065,140.3541809770624,140.86308991135783,6761200
2025-03-17,143.642578125,143.97532970302004,141.6362572491624,141.6362572491624,6017300
2025-03-18,143.71107482910156,143.9263881815904,142.92811854129206,143.6915117488019,5528000
2025-03-19,143.78939819335938,144.1710873999495,142.791128370873,143.81875775281617,6156200
2025-03-20,143.87745666503906,144.49403719434045,143.38811083128235,143.80895601381098,8033800
2025-03-21,143.4761962890625,143.73065073206251,142.62472443176262,143.4566182754013,7635300
2025-03-24,144.5716552734375,144.80745542879365,143.54988458308156,143.85445041410804,6500600
2025-03-25,142.724609375,145.00395095655955,141.82073124856888,144.91553151832142,6502000
2025-03-26,142.2039031982422,143.41234721326938,141.86002982409423,142.83268866043977,8758600
2025-03-27,142.42987060546875,142.87198281193426,141.92881210366494,141.98775839900327,6264300
2025-03-28,141.98776245117188,142.69514799827587,141.91898177702885,142.31198207621358,6210500
2025-03-31,143.45164489746094,144.05095723384548,140.96597610674186,141.27054196776166,8085600
2025-04-01,140.8284149169922,142.93091756570934,140.3961221308477,142.93091756570934,9906100
2025-04-02,141.7716064453125,141.86984526989258,139.69857685554294,140.26841600724657,6392700
2025-04-03,140.62210083007812,142.6460033977575,140.5435007799882,141.2410518634681,10990600
2025-04-04,132.90963745117188,139.22697949067143,132.86051054741262,138.66695977238308,21341100
2025-04-07,132.1138458251953,134.96302663174058,127.38812804348251,129.4022113681089,29940300
2025-04-08,130.6499481201172,136.9967639506096,128.97973816201744,136.98692957399945,20860400
2025-04-09,136.3286590576172,136.80025935085453,127.40775589480097,127.8498830436393,39444700
2025-04-10,132.52647399902344,135.3265426585508,129.0288542642741,135.28723513825784,21957400
2025-04-11,134.47178649902344,135.34619149777131,131.30820549424402,132.78192279492657,10755600
2025-04-14,136.1125030517578,136.6037420789268,134.56020091835813,135.78829848628064,7437200
2025-04-15,135.27743530273438,136.60377197147324,134.884435000145,136.56447943692865,6239000
2025-04-16,133.90194702148438,136.19112302200583,133.2633421892968,135.69988392296074,8150700
2025-04-17,133.115966796875,134.17704497278882,132.73280092708055,132.9685860829993,9662800
2025-04-21,130.2471466064453,132.98825428158648,129.25483399613086,132.82123478086868,6456000
2025-04-22,132.69349670410156,132.9096430966824,130.80714045274522,131.29837952835135,8012500
2025-04-23,133.35174560546875,135.51319438325928,132.7622677523036,134.14755045166848,9503200
2025-04-24,134.98268127441406,135.13004701000037,132.75245153016502,133.56791024707417,5433000
2025-04-25,135.63113403320312,135.7784997835002,133.49915789413936,135.17918741324326,6438400
2025-04-28,136.17149353027344,136.60377137408832,134.99250761908985,135.81780075520408,5803300
2025-04-29,136.83956909179688,137.51748148109792,135.31672481011645,135.9946371994175,7811900
2025-04-30,138.00869750976562,138.3230827007647,135.8374143502429,137.10481947243278,6827800
2025-05-01,134.2458038330078,136.67252588235615,134.0787843588996,136.3777794609899,10363200
2025-05-02,136.10269165039062,136.57427694653168,135.13986729827,136.35813056258655,9777000
2025-05-05,135.7195281982422,136.2500597919006,135.16934284439597,135.8276013921353,5479700
2025-05-06,131.9762725830078,134.7861602848932,131.62257990055284,134.72721400305485,11625900
2025-05-07,132.9882354736328,133.37140133083784,132.04504990666794,132.3889232363197,6417500
2025-05-08,131.78961181640625,132.95876315476244,131.34749966941615,132.05488510117073,10558100
2025-05-09,130.35519409179688,132.40858482422655,130.29624780126886,131.95663827780024,7555200
2025-05-12,133.57772827148438,133.74474774851203,130.31589380315322,130.55169394265306,15211100
2025-05-13,129.55938720703125,131.59312414773197,129.52009467775528,131.59312414773197,17817000
2025-05-14,126.51372528076172,130.22749177341262,126.42529084699156,129.96221845495813,19579500
2025-05-15,128.17410278320312,128.2526878407475,125.11858771909533,126.21896591754759,18792700
2025-05-16,130.7580108642578,130.8071377690959,128.02672285923717,128.40988873069182,12901800
2025-05-19,132.0155792236328,132.0843598874155,130.3257156702521,130.68924276616886,11645200
2025-05-20,132.33981323242188,132.72297913855522,131.8387547371484,132.04506676814364,11644500
2025-05-21,129.2744903564453,131.78963228603635,129.2155440598812,131.21979310020268,16635900
2025-05-22,128.2625274658203,128.94043979844022,127.70250771576836,128.34112751800797,12722600
2025-05-23,128.05618286132812,128.31163674369813,127.28003181367893,127.65336327099467,9127100
2025-05-27,129.84429931640625,130.07026506444322,128.86182129190215,129.12707956469228,12304000
2025-05-28,129.17620849609375,130.25694033661776,128.8323501769635,129.7951744585234,11087500
2025-05-29,130.0408172607422,130.43380255054484,128.98955837380694,129.37272427836427,10670300
2025-05-30,130.31590270996094,131.00363442455802,128.58674654305585,129.7558979535844,11651300
2025-06-02,130.39451599121094,130.45346228823874,128.81272539144112,129.98187692058775,11845000
2025-06-03,130.69908142089844,131.18050116407974,129.42185668761857,130.05064217288162,14304300
2025-06-04,130.95449829101562,131.97628390192978,130.95449829101562,131.09204462424339,9986100
2025-06-05,130.77764892578125,131.56363433456053,130.24711739492446,131.27870731555845,13705000
2025-06-06,132.02542114257812,132.47735270510216,131.44574762940502,131.46540139038387,9153500
2025-06-09,131.7994384765625,132.447877656706,131.05276047579017,131.99594610067405,9976600
2025-06-10,133.30264282226562,133.70546250590598,131.8977061094989,131.91735987225488,11488000
2025-06-11,133.3714141845703,134.17705349560353,132.9685945290537,133.3321216532302,13644000
2025-06-12,134.412841796875,134.44231494392338,133.11597835246377,133.381236675899,9809500
2025-06-13,133.7447509765625,134.92372171966537,133.30262383040085,133.6759703124302,13722800
2025-06-16,133.33212280273438,134.43249358687382,132.71315674094214,134.02967392788435,14171000
2025-06-17,131.13134765625,133.03735748820733,130.9544938101937,132.73279168872608,13506000
2025-06-18,130.9053955078125,131.76996609492096,130.1685368874044,131.1411806718298,12185300
2025-06-20,130.27662658691406,131.45559753062233,130.08995331413638,131.35734370555124,13744900
2025-06-23,130.4641571044922,131.0367164863841,129.29929075843845,130.36543425613462,14181600
2025-06-24,132.06336975097656,132.35952324411628,130.30621143813804,130.80966183238087,11272900
2025-06-25,132.1818389892578,132.5668340518287,131.06634897170287,131.80672525072333,11996400
2025-06-26,132.49774169921875,133.4256823902137,132.03377135372128,132.4582465285839,13177700
2025-06-27,132.21145629882812,133.39607042668854,131.9844117849524,132.5964664344788,13818500
2025-06-30,133.0604248046875,133.21837536712565,132.0831377084652,132.18184551274302,12407700
2025-07-01,134.95579528808594,135.99231003231722,132.73466644245775,132.85312182739983,21204300
2025-07-02,133.62310791015625,134.54116724165178,133.50465252880034,134.28450889438275,13720400
2025-07-03,133.7613067626953,134.1561680637348,133.43553941099083,133.81066819107352,7282700
2025-07-07,132.63592529296875,133.71193505915903,131.93502921504228,133.71193505915903,14052300
2025-07-08,133.2381134033203,134.47207384080903,132.2904251596118,132.53721724710954,19485900
2025-07-09,133.75143432617188,134.17590945203932,132.6951570470261,133.5145085186925,13963900
2025-07-10,134.57080078125,135.8639889488692,133.26773128951535,133.77118174059788,17668300
2025-07-11,133.45529174804688,134.13644032014375,132.62607394853487,134.13644032014375,14246600
2025-07-14,133.29733276367188,133.57373867935556,132.67541192188725,132.92220399396146,11095400
2025-07-15,130.89852905273438,133.73169739312718,130.7701923472553,133.49477156677975,17095600
2025-07-16,132.52735900878906,132.69517583088702,131.29339849660295,131.431601471448,14142100
2025-07-17,131.01699829101562,131.96467157064592,130.58264176160375,131.5796764764845,15740900
2025-07-18,130.1482696533203,131.53031435992563,129.97058658328166,131.362497550558,13245500
2025-07-21,129.40789794921875,130.62212588912115,129.34867025712478,130.21738324248702,9468700
2025-07-22,131.81658935546875,132.09299529007535,129.6250744003781,129.6250744003781,16681900
2025-07-23,134.52142333984375,134.57078476556404,133.07028478902288,133.52437375446794,16624000
2025-07-24,134.01795959472656,135.1729446689468,133.80078136918164,134.3832220993207,11054800
2025-07-25,134.72872924804688,134.94590748534347,133.99823432531593,134.50168475014348,9539900
2025-07-28,133.5540008544922,134.63989207615973,133.1986196422186,134.3930999860529,9780300
2025-07-29,132.70504760742188,133.36646372487675,131.23417625608428,132.18184953355083,14967600
2025-07-30,132.46812438964844,133.45529274779412,131.92517878006956,133.14927296684795,11634600
2025-07-31,128.75634765625,132.073233579774,128.31212495621392,131.31312487239816,26441600
2025-08-01,129.4473876953125,129.7139122985678,128.19367970087697,129.0228974814356,20736200
2025-08-04,131.30325317382812,131.3624959261018,129.67443146664263,129.70404531128287,11331000
2025-08-05,130.7998046875,131.2440274266702,130.34570062464138,130.7504432580381,14319200
2025-08-06,128.8353271484375,130.3555747390234,128.67739167108485,130.24698562541013,14342800
2025-08-07,127.3545913696289,128.5688193613654,126.3180690562513,128.1048490028309,24421900
2025-08-08,128.48983764648438,128.76624358287683,127.57176323682862,127.57176323682862,13747100
2025-08-11,128.6181640625,129.63496137130235,128.47009482786558,128.6181640625,14474000
2025-08-12,129.50660705566406,129.54608715853533,128.46021110516412,128.6675080054748,17219500
2025-08-13,131.57965087890625,131.65862614734408,129.96069553341138,130.12852739321193,15069900
2025-08-14,132.24107360839844,132.37927656945962,130.71095971329717,131.3526130904398,15464000
2025-08-15,134.4622039794922,134.8471990231599,133.44540674827414,133.74156025794005,13929600
2025-08-18,134.1463165283203,135.42963849205688,134.07722257140094,134.77810371712982,12572000
2025-08-19,135.005126953125,135.45923098427005,134.0377062678067,134.12654779683754,13578200
2025-08-20,135.7356414794922,136.43653760139406,135.25192358899693,135.25192358899693,14607000
2025-08-21,135.28152465820312,136.6833167696339,135.18281687515304,135.44935650907203,13218900
2025-08-22,136.39703369140625,137.23613271923833,136.0317862633577,136.0317862633577,11898600
2025-08-25,134.45233154296875,136.4858960138329,134.35362374188455,136.36744062733416,10681000
2025-08-26,135.29144287109375,135.40989826825015,134.590546624262,134.83733874366823,11397500
2025-08-27,135.2124481201172,135.9429581110737,134.9755222969167,135.23219570446557,8321700
2025-08-28,134.6793670654297,135.09399101648916,134.01796609663398,135.0742434323927,9165700
2025-08-29,135.66653442382812,135.70602959174025,134.62013841905357,134.78795522519732,9655700
2025-09-02,135.7948760986328,135.97257423475943,134.7089999491683,135.13347511031506,13325300
2025-09-03,135.15321350097656,135.9922975053472,134.4918125576517,135.35064414535833,12586000
2025-09-04,135.66653442382812,135.70602959174025,134.3338662351597,135.04462862764677,11778600
2025-09-05,136.13050842285156,136.6043600726671,135.29142436941603,135.5184688705817,14664000
2025-09-08,136.08116149902344,136.10089402043982,134.6201415125636,135.69616644949534,15753300
2025-09-09,136.81166076660156,137.18678956731415,135.95282910496368,136.28846273560447,12249600
2025-09-10,135.56784057617188,136.7326920785272,135.0545087814586,136.7326920785272,13588300
2025-09-11,137.9271697998047,138.20357574625766,136.12064982356213,136.26871905809253,16470800
2025-09-12,136.3378143310547,138.01599742618552,136.32794807074546,137.44343800540105,11345400
2025-09-15,135.17295837402344,136.76230006047555,134.90643375809853,136.48589412048338,11233800
2025-09-16,135.17295837402344,135.6270624542929,134.787963310249,134.90643375809853,12443800
2025-09-17,135.4394989013672,136.51550882186248,135.08411768158047,135.37040494743331,12501500
2025-09-18,135.70602416992188,136.16999446489723,135.13346476201627,135.43948451763993,11472900
2025-09-19,135.52835083007812,136.13052419135133,135.4197616972913,136.05156397022932,11280900
2025-09-22,135.49363708496094,136.11838701128886,134.7597863043974,135.0572941955383,9732700
2025-09-23,135.80105590820312,136.2076495203546,135.01761795972786,135.12670368172266,9903000
2025-09-24,135.25563049316406,135.92005622214344,135.0275476624709,135.68206200990022,7471600
2025-09-25,133.01443481445312,135.04737269361374,132.61775256758534,134.99780065315068,14099700
2025-09-26,134.37303161621094,134.4920287208281,133.52018372540113,134.02593655190415,10071000
2025-09-29,134.7696990966797,134.83912416248737,133.61935844110766,134.5515276496843,7735700
2025-09-30,138.0124969482422,138.3397540963386,134.54160706052045,134.63085488312515,19313500
2025-10-01,142.2767333984375,142.5345654805412,138.43892578112016,138.63725931595985,23657900
2025-10-02,141.9990692138672,142.37591353774502,140.96771057963707,140.96771057963707,15176200
2025-10-03,143.6155242919922,144.92453784640767,142.36599415836815,142.3759206717335,15829200
2025-10-06,142.9213409423828,143.8535253301609,142.77259455364413,143.69485242758572,12879900
2025-10-07,143.03041076660156,143.45684225336854,142.0883151016278,142.92132504969643,12478700
2025-10-08,143.30809020996094,143.76427100128294,142.82217527411552,143.3973531710519,8925800
2025-10-09,142.99075317382812,144.04193457822078,142.7626703542794,143.57584242617807,7657000
2025-10-10,140.9280548095703,143.5361856285314,140.75947053564337,143.4072620118132,13350100
2025-10-13,140.76939392089844,141.75116550418267,140.45206324052896,140.5512224579464,8257500
2025-10-14,141.1561279296875,141.6718072292235,139.8768637593165,140.42229233268353,10044700
2025-10-15,141.3743133544922,142.05857698410284,140.1842968878077,140.8388112406423,7260600
2025-10-16,141.13632202148438,142.4453356219958,140.77931556100296,141.66191276443192,11194100
2025-10-17,142.0784149169922,142.22716130091214,140.21404620183364,140.4024683760525,8160300
2025-10-20,143.5857696533203,143.7841183515614,142.3660038449196,142.52467675076002,8435900
2025-10-21,143.92294311523438,144.4187845617755,143.1395051558465,143.84360666796218,9031800
2025-10-22,144.7460479736328,145.5096329392776,144.3295278245238,144.9939687075935,12705300
2025-10-23,144.8253631591797,145.2914553298375,144.16093743612876,144.30969894933367,7924900
2025-10-24,144.81544494628906,145.53936918771998,144.66669857198113,145.0732770390493,7007400
2025-10-27,145.1526336669922,145.2319701216151,144.01220428703607,144.87496364175277,6466700
2025-10-28,144.24026489257812,145.32119554784126,143.98243280372648,145.19228706935502,8652700
2025-10-29,142.78250122070312,144.24027630972776,142.37592272761626,144.01219347723313,12425600
2025-10-30,143.099853515625,144.24028286178205,142.57426275972153,142.76268494238147,10756100
2025-10-31,143.05026245117188,143.28827180151393,141.51315088545905,141.83049668591514,10581100
2025-11-03,143.24859619140625,143.35768191896568,141.6420746872404,142.87176696773957,12279300
2025-11-04,143.89320373535156,144.27995948497787,142.29659356240586,142.57426358101543,14182200
2025-11-05,144.4485321044922,145.0435327540729,143.17917922713076,143.42709994742603,13154600
2025-11-06,144.72621154785156,144.8947958328313,143.73452860193714,143.93286216474385,14395800
2025-11-07,144.92453002929688,144.93444141024747,143.51634220846512,144.6270221501061,14522900
2025-11-10,146.0550537109375,146.2038000905472,144.50803083547717,144.5774407686684,12305900
2025-11-11,149.42677307128906,149.5656232047885,146.3724030356677,146.3724030356677,12659500
2025-11-12,151.54898071289062,151.886149250935,149.46644067084335,149.7341992778219,17847500
2025-11-13,151.4696502685547,153.2348446045639,150.5969644819865,150.77546013912269,21807600
2025-11-14,150.5672149658203,151.64814568399123,149.93253852165867,150.95397068754568,15468900
2025-11-17,150.43829345703125,152.04483005061965,149.8829534520892,150.08128700644275,17516500
2025-11-18,151.32089233398438,151.85640958181634,149.89286651560639,150.487882317224,24494200
2025-11-19,151.06304931640625,151.6580499431826,150.30937580307113,151.21179569013051,17352600
2025-11-20,150.16061401367188,152.06464325314047,149.8631061349063,151.22172191716388,25278500
2025-11-21,153.3240966796875,154.41495394311076,150.44822226794324,150.52754358539178,25526100
2025-11-24,153.9686737060547,154.86119734938546,153.19516229429567,153.84967660636235,17928400
2025-11-25,157.4495086669922,157.56850578064842,154.47445977053695,154.47445977053695,17298600
2025-11-26,157.10240173339844,157.6279924549342,156.84456962928581,157.10240173339844,12398900
2025-11-28,156.33880615234375,156.93382195659012,155.85289120636034,156.88423478425617,8559700
2025-12-01,153.99842834472656,156.54706061902175,153.88934262224933,155.73387339112244,17321200
2025-12-02,153.076171875,154.17694049083102,152.85800042812323,153.95876904395422,16150300
2025-12-03,153.79019165039062,154.48436667975471,153.37368663277218,153.38359801466282,12724800
2025-12-04,152.6199951171875,153.74060165738817,152.09440438088888,153.7108523803811,13674600
2025-12-05,151.98532104492188,153.3439369544271,151.6878282701725,153.16542615769677,8868700
2025-12-08,150.1705322265625,152.1439866180057,149.9424493996134,152.0745766845342,10996000
2025-12-09,148.7127685546875,151.41013201638654,148.60368283465752,150.7357949339317,11543300
2025-12-10,150.8746337890625,150.9142944465064,148.62350939915103,149.12927735581079,15534800
2025-12-11,152.3026580810547,153.01667096311806,150.99362941997856,151.48947085852924,14703000
2025-12-12,152.77867126464844,153.27451273448406,152.13408340661445,152.4712519744513,13175500
2025-12-15,154.8017120361328,155.00995697840074,153.15551473419052,153.18526401165738,14681800
2025-12-16,152.78858947753906,154.82152728791218,151.81672935450766,154.7421908412231,12491300
2025-12-17,152.5109100341797,153.49268157519518,152.39191292564954,152.94725294129768,9093300
2025-12-18,152.62991333007812,153.8893396732315,152.40181537625506,152.47124044008285,8876400
2025-12-19,153.65135192871094,154.47445055679498,152.63983112732234,152.63983112732234,8571500
2025-12-22,154.6641845703125,154.7338900790913,153.17032576608474,153.518883702614,7063700
2025-12-23,154.35545349121094,155.02270858857523,154.00688036444097,154.05667869631057,7465800
2025-12-24,155.16213989257812,155.30156610859873,154.5147919496613,154.53471432232647,3085700
2025-12-26,155.41111755371094,155.48082306409606,154.71398646827018,155.0525908245817,4439100
2025-12-29,155.17208862304688,155.84931250560192,155.04261599925312,155.4310338706344,6357300
2025-12-30,155.04261779785156,155.34139259667072,154.5645872375314,155.02271062189646,4355000
2025-12-31,154.16622924804688,155.20196464989164,154.1363532881304,154.96295697055987,4199500
2026-01-02,154.87332153320312,154.93308865230128,152.951230434294,154.23594236301918,10998000
2026-01-05,154.40524291992188,154.75381606089877,152.34372562409024,153.95708830746437,17756200
2026-01-06,157.4427490234375,157.6817718933205,154.50482986409165,154.50482986409165,17783800
2026-01-07,159.00633239746094,159.93251754803518,157.8909075067787,157.8909075067787,14505700
2026-01-08,157.47262573242188,159.84288648201715,156.96471922735876,158.49840752653878,17611000
2026-01-09,156.66595458984375,158.2793172839124,156.61615625561438,157.68178286211418,12352000
2026-01-12,156.7356719970703,156.85517583965026,155.3712706102389,156.68587366388942,12250100
2026-01-13,156.09829711914062,157.02448231714394,155.1023912135105,157.00455994406227,11756500
2026-01-14,157.2136993408203,157.3431719651729,155.83934439405414,155.96881701840672,13516800
2026-01-15,156.31739807128906,156.80538224076906,154.73389612770646,156.6659560214436,15303400
2026-01-16,155.10238647460938,156.3273464461387,155.07251051405873,155.99869568376397,11950300
2026-01-20,154.76376342773438,155.28163872609613,152.6026495509798,153.3695013125112,12775200
2026-01-21,157.612060546875,157.86103701916355,154.5147926237526,154.56459095747388,16393900
2026-01-22,157.64193725585938,158.5780912275173,156.8551782860742,157.00455809162898,10881400
2026-01-23,156.8352508544922,157.7315752478638,156.0186159499367,157.15394802448677,10191300
2026-01-26,157.45272827148438,157.68178237264678,156.2576290389616,156.72570602589215,6810400
2026-01-27,154.81356811523438,156.44685317282634,154.50483971964047,155.1621412565089,12697500
2026-01-28,153.67823791503906,154.51479522891694,152.8416806011612,153.66828432665415,11426600
2026-01-29,153.19024658203125,154.03675744470257,152.87154941280153,153.6184788073266,12167300
2026-01-30,154.10647583007812,154.29568517560392,152.66240019867297,153.48900387306665,11863900
2026-02-02,155.05258178710938,155.3712637520283,153.76785475081272,153.9471257030872,11005300
2026-02-03,153.46910095214844,156.4767257442088,153.220124484151,154.146309650869,21141900
2026-02-04,155.3911895751953,156.1381189675761,153.59855599421792,154.1761832145505,22951600
2026-02-05,154.2060546875,156.32733896295855,154.04670610797928,154.8235266340636,21421600
2026-02-06,157.06431579589844,157.15394367385912,155.2716822550997,155.40113968004835,13616200
2026-02-09,155.6800079345703,157.50250224586844,155.39118673153078,156.9248902324236,11823000
2026-02-10,154.69406127929688,156.51657085283247,154.6044333977257,156.01861791568015,11103400
2026-02-11,155.61029052734375,155.73976315188406,153.74795143313406,154.54466396358012,11738400
2026-02-12,155.36131286621094,156.77549735207606,154.84343756835472,155.57045978144893,19409100
2026-02-13,157.02447509765625,158.14985358209876,155.87918943736545,155.87918943736545,16647900
2026-02-17,156.7257080078125,158.25941161732987,156.4867003153399,157.38300955474853,14881100
2026-02-18,157.02447509765625,157.15394772225721,155.83934469303404,156.55639812782533,11886300
2026-02-19,156.61614990234375,157.07427328382445,155.55053853538945,156.5563979822196,11226900
2026-02-20,156.17796325683594,156.60619547965447,155.2318405388557,156.3572190162528,13368500
2026-02-23,157.8909149169922,158.0303411353314,156.4866991452607,156.4866991452607,17053500
2026-02-24,157.22366333007812,157.8510889249044,156.66595844415187,157.36308955155968,12887100
2026-02-25,157.18382263183594,158.5780847477688,156.97467571628732,157.22365217958372,11011500
2026-02-26,156.77549743652344,157.52242682570565,155.45094082948228,157.42284535827173,15344400
2026-02-27,159.5441131591797,159.58395790287472,156.0684114894883,156.098287449101,14250100
2026-03-02,157.88095092773438,159.1855851411726,157.3431684628021,158.53825242645377,18641400
2026-03-03,156.09829711914062,156.74562987927294,154.36541537266967,156.01862282313203,21432600
2026-03-04,156.4070281982422,156.93485712156416,155.03267316210358,156.09829979361822,12745700
2026-03-05,153.27987670898438,155.06254153700095,152.09474628755586,154.4948830909264,20476400
2026-03-06,152.0748291015625,152.3636503248002,150.33199376268598,152.15450339775504,18174000
2026-03-09,153.62843322753906,153.9172544382579,150.51125820432938,151.15859093789777,18675700
2026-03-10,152.52297973632812,153.90728830433338,152.38355352071312,153.77783087318087,17247500
2026-03-11,152.22421264648438,152.5329410232913,151.31793469137457,152.2142438625119,12503800
2026-03-12,149.54522705078125,151.86568951985439,149.41575442662193,151.32789184743677,15670500
2026-03-13,149.17672729492188,151.67646064893157,149.05722345837916,150.42160957996512,15129300
2026-03-16,150.39173889160156,151.10879232862237,149.7643285314465,150.13280883791197,10896600
2026-03-17,149.02735900878906,151.2283177451074,148.92776233976687,150.60089216216744,11938600
2026-03-18,146.53758239746094,148.4397661692212,146.4081097774648,148.11111542360422,15565400
2026-03-19,146.009765625,147.48370211230892,145.7010372252581,146.53759453997517,16913000
2026-03-20,144.73500061035156,146.41808394694147,144.06774550700433,145.88028627203522,16582200
2026-03-23,144.77000427246094,146.77000427246094,144.60000610351562,146.55999755859375,21815400
2026-03-24,144.7899932861328,145.3000030517578,143.3800048828125,143.9499969482422,24230900
2026-03-25,146.24000549316406,146.69000244140625,145.35000610351562,145.69000244140625,17743300
2026-03-26,145.74000549316406,146.91000366210938,145.6300048828125,145.75,13321000
2026-03-27,143.25999450683594,145.8000030517578,143.07000732421875,145.72000122070312,12932200
2026-03-30,143.82000732421875,144.6300048828125,143.42999267578125,144.3000030517578,14799700
2026-03-31,146.61000061035156,146.75,144.60000610351562,144.80999755859375,17866000
2026-04-01,147.72999572753906,148.75999450683594,146.9499969482422,147.22000122070312,16899200
2026-04-02,146.80999755859375,148.36000061035156,146.27000427246094,146.92999267578125,11087900
2026-04-06,146.27999877929688,147.13999938964844,145.75999450683594,146.27999877929688,7272600
2026-04-07,146.57000732421875,146.91000366210938,144.8800048828125,146.91000366210938,10263400
2026-04-08,149.6699981689453,149.6999969482422,147.5,148.1999969482422,8130700
2026-04-09,149.3300018310547,150.22000122070312,148.3000030517578,148.8300018310547,6406400
2026-04-10,147.30999755859375,149.83999633789062,147.11000061035156,149.77999877929688,6217800
2026-04-13,147.97000122070312,148.0500030517578,146.24000549316406,146.8800048828125,6182800
2026-04-14,148.8300018310547,149.60000610351562,147.24000549316406,147.3800048828125,7722300
2026-04-15,147.77000427246094,149.2100067138672,146.88999938964844,148.86000061035156,6669200
2026-04-16,146.61000061035156,148.1999969482422,146.2899932861328,147.19000244140625,9072300
2026-04-17,148.8000030517578,149.1199951171875,147.36000061035156,147.3699951171875,8338100
2026-04-20,147.4199981689453,148.74000549316406,147.14999389648438,148.4499969482422,6325700
2026-04-21,145.9199981689453,148.55999755859375,145.8800048828125,148.2899932861328,8735300
2026-04-22,146.3800048828125,147.5800018310547,146.00999450683594,146.50999450683594,8316900
2026-04-23,146.24000549316406,146.77000427246094,145.16000366210938,146.1999969482422,7612000
2026-04-24,144.17999267578125,145.52999877929688,143.67999267578125,145.24000549316406,7969700
2026-04-27,143.4600067138672,145.2100067138672,143.4199981689453,143.67999267578125,6571900
2026-04-28,143.83999633789062,144.86000061035156,143.27999877929688,144.57000732421875,8612400
2026-04-29,142.83999633789062,143.25,141.97000122070312,142.25999450683594,11885500
2026-04-30,145.99000549316406,146.2899932861328,143.66000366210938,143.67999267578125,12587800
2026-05-01,145.16000366210938,146.61000061035156,145.14999389648438,146.2899932861328,8865800
2026-05-04,144.72999572753906,145.2100067138672,144.32000732421875,144.55999755859375,10885900
2026-05-05,145.3000030517578,145.66000366210938,144.4199981689453,145.27999877929688,7174900
2026-05-06,145.39999389648438,146.14999389648438,144.89999389648438,145.36000061035156,10613500
2026-05-07,144.72000122070312,145.83999633789062,144.27000427246094,145.17999267578125,7608000
2026-05-08,143.49000549316406,145.07000732421875,143.17999267578125,144.58999633789062,10149300
