Price,Close,High,Low,Open,Volume
Ticker,XLY,XLY,XLY,XLY,XLY
Date,,,,,
2018-01-02,46.27523422241211,46.27523422241211,45.77640862629619,45.77640862629619,9791200
2018-01-03,46.48768997192383,46.52464079420773,46.31217532798751,46.321414795470666,10638000
2018-01-04,46.64011764526367,46.70016009912995,46.3999407821486,46.66782900492119,6914800
2018-01-05,47.00960922241211,47.032704368327366,46.74172103462299,46.84795377247885,8588800
2018-01-08,47.065032958984375,47.14355081280743,46.972655904053426,47.03270187071463,5340000
2018-01-09,47.15742492675781,47.268273912188135,47.000389157716995,47.20361171036831,6321800
2018-01-10,47.12507629394531,47.18973847170893,46.875663526646626,46.98651599466231,5677800
2018-01-11,47.89180374145508,47.89641995274459,47.19437173976916,47.240558519442146,7245400
2018-01-12,48.510711669921875,48.52918708553868,47.92413220034554,47.98417465823124,8075600
2018-01-16,48.16431427001953,48.96797561371718,48.03960959682498,48.75551358142129,18503200
2018-01-17,48.39524459838867,48.492237890781226,48.090409039987115,48.39062486337226,13312200
2018-01-18,48.35367202758789,48.459901254045256,48.22896386317715,48.37676365237974,6584600
2018-01-19,48.773983001708984,48.77860273683715,48.43681633768639,48.58461614735905,7520800
2018-01-22,49.31436538696289,49.31436538696289,48.72778600637377,48.76935304233672,15504600
2018-01-23,49.73005294799805,49.790098920095296,49.48064016284126,49.577633436431455,8309800
2018-01-24,49.942527770996094,50.233511190536795,49.494512112972146,49.95176724161753,12927600
2018-01-25,49.85477066040039,50.19193731554558,49.6376889248225,50.15498648314395,10141600
2018-01-26,50.34435272216797,50.34435272216797,49.84091088638231,49.965615530715674,7832600
2018-01-29,50.20579147338867,50.5013910759819,50.09494250337252,50.29354881672346,12710400
2018-01-30,49.95637893676758,50.15036550269011,49.67001529862599,49.8316707702281,10568200
2018-01-31,49.79473114013672,50.36283880961966,49.68850188797517,50.18732761866861,18902200
2018-02-01,49.240474700927734,49.868624736232775,49.198904134857806,49.48526779101385,18706800
2018-02-02,48.769351959228516,49.8778520366764,48.66312274268818,49.452928122865835,21381400
2018-02-05,47.12507629394531,49.06495219832699,46.695532670901635,48.36290066285859,46093000
2018-02-06,48.330596923828125,48.4275902453612,46.067408849910535,46.18749732963899,44665000
2018-02-07,48.18278121948242,49.04648840393388,48.16892553865476,48.36753185277675,26274000
2018-02-08,46.26137161254883,48.37213884918658,46.22442079085566,48.24743070692823,31484000
2018-02-09,46.57083511352539,46.95880823895898,44.84804062622875,46.71401516831756,42795200
2018-02-12,47.2036018371582,47.46687032488047,46.533884805321286,47.01423500681585,25119000
2018-02-13,47.44839859008789,47.55924755269661,46.93571729276321,47.01423516111834,10301600
2018-02-14,48.20587921142578,48.298252771605,47.18513621899601,47.22208352877242,13462600
2018-02-15,48.635414123535156,48.635414123535156,47.97493306918209,48.4968502846206,11181600
2018-02-16,48.39985656738281,48.78782967470062,48.29362382200306,48.48299416521159,9497200
2018-02-20,48.25205993652344,48.7739771813107,48.062689580946426,48.270535351005954,11751400
2018-02-21,48.18278121948242,48.963350795142695,48.18278121948242,48.46914487727989,9906200
2018-02-22,48.242820739746094,48.61232198383255,48.09964068147948,48.418335416408425,8887600
2018-02-23,48.91716766357422,48.91716766357422,48.29363378925571,48.519955005725976,5986000
2018-02-26,49.32823181152344,49.32823181152344,48.98182569914989,49.101910614285245,7796800
2018-02-27,48.28438949584961,49.37441424888873,48.27515002698959,49.37441424888873,12569200
2018-02-28,48.06730651855469,48.74626298502329,48.05807057376336,48.543036961366084,12098800
2018-03-01,47.550010681152344,48.349055659677,47.0742801866506,48.118118252728564,19060600
2018-03-02,47.59619903564453,47.67933663969991,46.783298409750216,47.023471752674084,14530800
2018-03-05,48.16431427001953,48.26592731238406,47.30522666944328,47.42069539507099,9988000
2018-03-06,48.49685287475586,48.519948023750025,48.06730917976931,48.38600391199885,15151800
2018-03-07,48.16891860961914,48.28438729833992,47.77632577273344,48.01649909478978,10527400
2018-03-08,48.32135009765625,48.40448771508829,48.173550280424365,48.35368119755618,8073000
2018-03-09,49.06957244873047,49.083428127417214,48.51532415831228,48.649268258658694,7249400
2018-03-12,49.23122787475586,49.434453892229875,49.11575918734101,49.23122787475586,8513200
2018-03-13,48.88483428955078,49.60536147912274,48.806316407786234,49.5037484444507,11325800
2018-03-14,48.82477951049805,49.20351666540498,48.70007487819777,49.13885448216414,10245400
2018-03-15,48.773983001708984,49.02801557637704,48.69084538852902,48.92178281138165,7679600
2018-03-16,48.7230224609375,49.0426555124035,48.718389124687256,48.78787503164074,6693600
2018-03-19,48.11619567871094,48.56090062314582,47.764136272374714,48.54237080868594,11454800
2018-03-20,48.403385162353516,48.47287106321001,48.181034520652396,48.20419413147141,7413400
2018-03-21,48.366329193115234,48.73228143904276,48.21809071936266,48.46360804086556,10539400
2018-03-22,47.33795166015625,48.11155270434265,47.31478851317102,47.99111070157949,13813600
2018-03-23,46.4068489074707,47.59736185583003,46.3929524329848,47.472290051256884,17889200
2018-03-26,47.77801513671875,47.824337888691595,46.698677698174166,47.15728248504383,14560600
2018-03-27,46.8422966003418,48.074499129374786,46.541193322662906,47.972586924541886,12512600
2018-03-28,46.27251052856445,46.88398014664101,45.94361433963388,46.57361376846428,25948800
2018-03-29,46.921051025390625,47.15266841408293,45.98994813327133,46.32347773846038,15285000
2018-04-02,45.596195220947266,46.70332595761785,45.15612363528176,46.63847337729242,23776600
2018-04-03,46.17523193359375,46.42537907888357,45.517439552016846,45.86486555366381,14615800
2018-04-04,47.02295684814453,47.115602377344025,45.42942829967035,45.4757510642701,14885600
2018-04-05,47.65294647216797,47.805811210264416,47.15728557179545,47.42132916294343,8463000
2018-04-06,46.638458251953125,47.61588351098362,46.337355064264216,47.194338341379265,17529800
2018-04-09,46.52729034423828,47.24067214417335,46.48096405091524,46.96736185720733,8520200
2018-04-10,47.09244918823242,47.217521023138694,46.67090384419105,47.124875481297074,12824400
2018-04-11,46.948829650878906,47.37500466778296,46.78669823512191,46.89787355818388,9580200
2018-04-12,47.152652740478516,47.42595947187149,46.98588799331681,47.23603511405937,6114800
2018-04-13,46.888614654541016,47.48618781303447,46.71721655143511,47.402805429658635,8868400
2018-04-16,47.24068069458008,47.421341961799094,46.96737035814579,47.18045791604,8481000
2018-04-17,48.120811462402344,48.21346050770983,47.699269792402305,47.699269792402305,8151000
2018-04-18,48.34781265258789,48.579430030092325,48.24590044101382,48.28758987254829,6596600
2018-04-19,48.1949348449707,48.46824160019168,47.96331751307496,48.35706627045772,16129000
2018-04-20,47.70391845703125,48.301488203834474,47.50935716646653,48.23663561837984,12510200
2018-04-23,47.80581283569336,48.11618272659876,47.51860962437762,47.787286560421194,14082000
2018-04-24,47.050750732421875,48.17177791527187,46.800603557585845,48.0744990474246,13404000
2018-04-25,47.24531173706055,47.36112042596788,46.5643560808133,46.96273825339059,18794600
2018-04-26,48.009639739990234,48.10228525804071,47.43059641667484,47.527875270887826,12969400
2018-04-27,48.22736740112305,48.75545470377709,48.11155872011645,48.64427935958689,8851200
2018-04-30,48.03744125366211,48.699867075013735,48.03281145087407,48.44971989063614,10006200
2018-05-01,48.10228729248047,48.12545044007273,47.50471766764132,47.879936626075235,11210800
2018-05-02,47.77337646484375,48.21345139492681,47.72242038310572,47.96793765611579,9553400
2018-05-03,47.560302734375,47.68537807446302,46.953466447444434,47.5695694069297,14015400
2018-05-04,48.1856689453125,48.30147761311764,47.282362750112476,47.34258198505912,7979200
2018-05-07,48.34781265258789,48.48678095857013,48.17178118379607,48.43582485278309,6900000
2018-05-08,48.14398193359375,48.33390632052638,47.8845716356564,48.22273098343898,12194800
2018-05-09,48.31074905395508,48.34317534277298,47.917000251394704,48.21809999004648,8049600
2018-05-10,48.48677444458008,48.53309720701756,48.2366272863774,48.301479860629925,5861600
2018-05-11,48.588680267333984,48.64889949718156,48.42654885297531,48.49140141871878,8848200
2018-05-14,48.681331634521484,48.83883326612535,48.61184925872586,48.66280535710945,6649800
2018-05-15,48.39876174926758,48.48677393671686,48.17177420756105,48.421921363143625,9116000
2018-05-16,48.80177688598633,48.903689089526,48.45898418388052,48.45898418388052,6478400
2018-05-17,48.63964080810547,48.98706681387765,48.51919880319509,48.69523024134105,12729000
2018-05-18,48.57941818237305,48.718386454463214,48.47287265965739,48.565518174384174,8217800
2018-05-21,48.84810256958008,48.9731779301974,48.68597111526192,48.811046475879245,17494600
2018-05-22,48.63037872314453,49.13530283272222,48.597952436604686,49.02412749804275,5990200
2018-05-23,48.98242950439453,48.98706284033836,48.3941230707216,48.45434230119212,9254400
2018-05-24,49.08898162841797,49.172364015622826,48.690599504461474,48.93147999294201,10967000
2018-05-25,49.163089752197266,49.35301764591879,49.01485481274133,49.065810904510535,7681800
2018-05-29,48.78323745727539,49.13529676350734,48.59331309791586,48.922209259108975,11808200
2018-05-30,49.22795104980469,49.28817382396008,48.8990548299881,49.01023370495173,9843200
2018-05-31,48.9917106628418,49.26038414563219,48.82494586155074,49.24648766789141,12867000
2018-06-01,49.35302734375,49.403983445532035,49.15383627338397,49.204792375166015,10437400
2018-06-04,49.904258728027344,49.922784999598534,49.47808026370929,49.50124340447189,9414800
2018-06-05,50.196109771728516,50.24243253248631,49.83478728993757,49.93206614778897,9162000
2018-06-06,50.66397476196289,50.70103084783869,50.10809106342722,50.33970838760044,10920800
2018-06-07,50.812217712402344,50.992878970980634,50.64545292999154,50.789054562656226,10699800
2018-06-08,50.91875076293945,51.08551551601762,50.58522125678311,50.63154754812691,7687000
2018-06-11,51.12257766723633,51.233752996727745,50.92338662087254,50.92338662087254,6369200
2018-06-12,51.36809158325195,51.46073710232691,51.18279701090203,51.215223295998264,6976400
2018-06-13,51.446842193603516,51.71551915497774,51.35419667170901,51.40978610536579,10105000
2018-06-14,51.984188079833984,51.993451216911346,51.59043937135392,51.61359898114712,8383200
2018-06-15,52.06966018676758,52.11610463006731,51.7166760394186,51.7491875040768,18213400
2018-06-18,51.98140335083008,52.08822873918259,51.62842281428093,51.72595718965503,8047400
2018-06-19,51.916378021240234,51.921023527513555,51.43334812982326,51.52159503160111,12339200
2018-06-20,52.162540435791016,52.297231779495476,51.97676269335495,52.185764425337176,7886000
2018-06-21,51.79098129272461,52.30652267685442,51.70273438482462,52.23685425185355,13700800
2018-06-22,51.702728271484375,52.09286927926891,51.665571310079585,52.01855535645934,11135800
2018-06-25,50.578765869140625,51.489090326516454,50.286159174763156,51.489090326516454,24133600
2018-06-26,50.941043853759766,51.103601180249036,50.62521667223035,50.769195512337426,9260000
2018-06-27,50.28150939941406,51.33116700883383,50.272218387092565,51.1453892841994,13700800
2018-06-28,50.67629623413086,50.79240909260087,50.06786598966263,50.33260316523493,11947800
2018-06-29,50.76454162597656,51.2522134909115,50.755250613225535,51.04321176929412,11481400
2018-07-02,50.83421325683594,50.84814977781375,50.26293991867143,50.397631273588196,13797400
2018-07-03,50.578765869140625,51.071083294179715,50.49516446267327,51.071083294179715,5818600
2018-07-05,50.82957077026367,50.917814141313514,50.42085120272671,50.871369702316194,7576600
2018-07-06,51.2289924621582,51.30330284590387,50.72738408381341,50.84814244381859,10370000
2018-07-09,51.842079162597656,51.851366633725824,51.43800507058762,51.54947244154479,7461400
2018-07-10,51.95353317260742,52.004623109383076,51.712016463580184,51.9442421603848,6359200
2018-07-11,51.83278274536133,51.94425010470006,51.586624036058375,51.628426510487564,8864400
2018-07-12,52.176483154296875,52.21828563458848,51.80027854909222,52.02785880650753,5828400
2018-07-13,52.29259490966797,52.37619632496534,52.12539562255711,52.20899703785448,11044000
2018-07-16,52.42264175415039,52.50624316536905,52.22292746865492,52.42264175415039,6192600
2018-07-17,52.47372817993164,52.5898410464142,51.7724054742016,51.87922732701481,8143800
2018-07-18,52.441219329833984,52.62699709066822,52.27401651029625,52.441219329833984,12812200
2018-07-19,52.32046890258789,52.6223631250533,52.28331192738017,52.3251144103599,7219400
2018-07-20,52.08822250366211,52.404049580939336,52.069644023412536,52.32509369749072,6661000
2018-07-23,52.03248977661133,52.134669651571684,51.74917413912415,52.078934207916134,6738400
2018-07-24,51.879234313964844,52.43193276677243,51.758479467868156,52.34833134990644,9651200
2018-07-25,52.26007843017578,52.278656914401736,51.58197970160435,51.735249538855825,12540000
2018-07-26,51.986053466796875,52.385482016688044,51.874586105554826,52.20434622586339,11604000
2018-07-27,51.85136795043945,52.747759535133504,51.61914218801596,52.67344913376962,13097600
2018-07-30,51.43800354003906,51.939612009646645,51.29402470919167,51.85601059804538,13132400
2018-07-31,51.67951583862305,51.89316664272464,51.31260227903995,51.586626957826965,12309400
2018-08-01,51.424072265625,51.77705640891128,51.20113397947477,51.73060842266225,10437200
2018-08-02,51.77705383300781,51.81420725928127,51.10359704422368,51.182552947344824,8723000
2018-08-03,51.95353317260742,52.023201590345394,51.78168488131816,51.87921924875814,6571800
2018-08-06,52.3018798828125,52.357615334400485,51.8374284166964,51.98605274411421,7250600
2018-08-07,52.54339599609375,52.62235544275397,51.9860556232804,51.9860556232804,6441000
2018-08-08,52.599124908447266,52.682726308319225,52.41798913263855,52.52016901509131,5458000
2018-08-09,52.794193267822266,52.97997454876579,52.483011659744705,52.580546034956335,11075000
2018-08-10,52.35297775268555,52.59913650003289,52.21828638190446,52.50160210260191,9892400
2018-08-13,52.08822250366211,52.54802837352006,52.07428952934563,52.50158394463752,11969400
2018-08-14,52.594482421875,52.668796356465236,52.21827787259135,52.39476815201802,8380600
2018-08-15,51.95353317260742,52.32045019877667,51.64699355195353,52.32045019877667,12503600
2018-08-16,52.208988189697266,52.46443435618673,52.15325274111686,52.301877060514656,7680200
2018-08-17,52.25543212890625,52.3483209988416,51.90244804488208,52.153252245887415,6022400
2018-08-20,52.62698745727539,52.654856951085925,52.28793991668042,52.43191871801667,13138600
2018-08-21,53.04500198364258,53.221492266655595,52.75704079647907,52.7802647873813,8342600
2018-08-22,53.100746154785156,53.36083788687598,53.04036518591829,53.04965620119816,5514800
2018-08-23,53.049644470214844,53.337602097500394,52.95211009224877,53.14253334156825,7989000
2018-08-24,53.3608283996582,53.42585132112025,53.068225253079014,53.15182665831357,10518600
2018-08-27,53.70452880859375,53.78813022521994,53.574482947949434,53.62557289941455,6032000
2018-08-28,53.811344146728516,53.88101257145735,53.62091735536861,53.8438556058042,7619400
2018-08-29,54.415130615234375,54.45228403616079,53.848499310179406,53.955321153502986,16623600
2018-08-30,54.10395812988281,54.415143350287316,53.91817680783874,54.32689642503249,8843600
2018-08-31,54.317604064941406,54.42442947410371,54.06680336139911,54.06680336139911,8208600
2018-09-04,54.419761657714844,54.54516550156148,54.043557213139835,54.26184990588717,8907000
2018-09-05,53.834564208984375,54.38725897295275,53.79740724604177,54.37797150395861,14229800
2018-09-06,53.68594741821289,54.14575695652607,53.44907970348837,53.97855413231832,11185000
2018-09-07,53.681304931640625,54.01571057679898,53.31903333054698,53.43514620492231,8921600
2018-09-10,53.88101577758789,54.08537201387363,53.73703341298526,54.04821858949299,8109800
2018-09-11,54.31296157836914,54.350115006713196,53.67201621653103,53.76490864610083,9776000
2018-09-12,54.415130615234375,54.447642073221964,53.95996665992497,54.322238204210436,9145600
2018-09-13,54.50802993774414,54.68452023731679,54.391917059305435,54.61949730886982,9428800
2018-09-14,54.30365753173828,54.610197160528664,54.08072284123893,54.50801728426521,6206400
2018-09-17,53.630218505859375,54.23400336617736,53.58377406175552,54.22471589475017,10358400
2018-09-18,54.31296157836914,54.37333899997661,53.66737425266544,53.67201621653103,7336400
2018-09-19,54.33616638183594,54.46621220230259,54.108586196019296,54.38261081150505,6347400
2018-09-20,54.707733154296875,54.791334551586196,54.48015295080827,54.58697479299383,9669600
2018-09-21,54.465965270996094,55.006340913864165,54.447331260475735,54.96907289282345,16075000
2018-09-24,54.1119270324707,54.2842854015515,53.91161587196751,54.2842854015515,9682800
2018-09-25,54.340187072753906,54.37745509168925,54.121241904101126,54.24236118860405,8213600
2018-09-26,54.465965270996094,54.86658761199853,54.26565410049487,54.32621552320456,13460200
2018-09-27,54.65230941772461,54.79206273901321,54.386780950535936,54.47529162429036,10619200
2018-09-28,54.605716705322266,54.843295888738886,54.5451552846838,54.54981467567306,7007800
2018-10-01,54.43802261352539,55.02963741425496,54.43802261352539,54.92715567511463,15697800
2018-10-02,53.701988220214844,54.456649647477875,53.688013600944544,54.44733086524828,18354000
2018-10-03,53.52030944824219,54.01409826930323,53.497016047444454,53.967515021781736,18323200
2018-10-04,52.681800842285156,53.47838971889774,52.50478306641249,53.41782829377938,25919800
2018-10-05,52.28584289550781,52.91472573113245,51.86658648706652,52.70975869573027,14858600
2018-10-08,52.42093276977539,52.62590334339756,51.83397384335921,52.09018706038692,14513000
2018-10-09,52.267215728759766,52.94268546252445,52.22529185946147,52.355726413822914,11788200
2018-10-10,50.50633239746094,52.24391580062035,50.43179990394458,52.24391580062035,27433200
2018-10-11,49.6165771484375,50.88366143821383,49.17868678398047,50.18490203318195,57205800
2018-10-12,50.53428268432617,50.879003002138894,49.91005575599451,50.75322431659053,30356400
2018-10-15,50.41782760620117,50.84173984566064,50.18024838615382,50.524968736955685,15614600
2018-10-16,51.4286994934082,51.535840625590176,50.46906737109272,50.734599390849226,14863200
2018-10-17,51.004783630371094,51.42869942902226,50.492360712653145,51.42869942902226,20077400
2018-10-18,50.026512145996094,50.94887607697401,49.87278423182079,50.89763343891557,24972600
2018-10-19,49.537384033203125,50.306020125526466,49.369685037895074,50.11502772733086,17171800
2018-10-22,49.73769760131836,49.99391082908106,49.4675133068566,49.77030623448139,13837600
2018-10-23,49.74702453613281,49.9333611364867,48.6755917496542,48.973728888590415,21024000
2018-10-24,48.260982513427734,50.01719981988102,48.18645002452043,49.733037375644,23591000
2018-10-25,49.71906280517578,49.989247076064835,48.63365566818765,48.74079678748655,20865600
2018-10-26,48.17247772216797,48.91316102603512,47.660051287207196,48.465955408857425,36563600
2018-10-29,47.74856948852539,49.16006321792445,47.04515054287054,48.680248893179545,28612600
2018-10-30,48.4659538269043,48.51719646872779,47.46439794681905,47.61346648101261,28886600
2018-10-31,49.09018325805664,49.602609739495094,48.96906750251177,49.136770068423516,18208600
2018-11-01,50.091732025146484,50.14763405706603,49.05291169901239,49.28583150089929,13811600
2018-11-02,50.29670715332031,50.91161534395128,49.76565024114241,50.543601597078094,15825200
2018-11-05,50.366580963134766,50.45974746544822,49.8029154497676,50.33397233191763,9395600
2018-11-06,50.59017562866211,50.70663551894636,50.24545534856141,50.29669798461238,9558800
2018-11-07,51.95975112915039,51.983040977476286,50.888318592081205,51.1026043886802,12817600
2018-11-08,51.97372817993164,52.24391602248388,51.596399211105684,51.745467752845826,8754000
2018-11-09,51.25167465209961,51.82931835362272,51.004780216257565,51.75478230668774,10515800
2018-11-12,50.222164154052734,51.29825600429889,50.11967887745082,51.1398686984394,12046800
2018-11-13,50.198883056640625,50.69267196188678,49.98459723824938,50.30136835110483,15826000
2018-11-14,49.8215446472168,50.99546244949919,49.681794897280234,50.678691373939174,16583000
2018-11-15,49.74702453613281,49.868143859474095,48.535841964945064,49.40695997393133,21697000
2018-11-16,49.55135726928711,49.69110701046262,49.01564104292947,49.27185067878821,11461800
2018-11-19,48.340171813964844,49.579306806851385,48.20042207194331,49.434897673873614,13359400
2018-11-20,47.24545669555664,48.35415734292622,46.72837439704341,46.84483431014865,23986000
2018-11-21,47.73923873901367,48.13985748303136,47.618119460641594,47.70663011261431,17474600
2018-11-23,47.52495574951172,47.8184369802786,47.48769128157199,47.48769128157199,5456000
2018-11-26,48.591732025146484,48.670927465554875,48.04670049580178,48.125892382135746,11708000
2018-11-27,48.73614501953125,48.7873876648915,48.27496121128907,48.41937391824723,12052400
2018-11-28,50.17557907104492,50.18489785261724,48.75942636832821,49.01098015967333,12683000
2018-11-29,49.94265365600586,50.25476527607433,49.64917604290657,50.11501555491566,9949800
2018-11-30,50.3060188293457,50.35726147111856,49.78893657441897,49.924030488722494,11343000
2018-12-03,51.24700927734375,51.521852902599186,50.91626362729078,51.340175764599294,11989000
2018-12-04,49.40229415893555,51.26565267802299,49.27185607717699,51.09329073554064,19417400
2018-12-06,49.639862060546875,49.639862060546875,48.22370938066589,48.50787179478429,22323800
2018-12-07,48.153846740722656,49.924035309185086,48.03272743446709,49.41627178777539,18691400
2018-12-10,48.191104888916016,48.433343469642,47.212842446012644,48.10259778225474,19796400
2018-12-11,48.20974349975586,49.038937492906214,47.8603637686594,48.90850296194878,15930000
2018-12-12,48.71751022338867,49.29980977122777,48.62899955481332,48.72682545236137,14373400
2018-12-13,48.47527313232422,49.043598077383464,48.21906345573283,48.913163543253376,12216600
2018-12-14,47.66936492919922,48.498558810422054,47.515637015289656,47.97216136609183,12277200
2018-12-17,46.45817565917969,47.538923174705495,46.11345186460474,47.32929326383046,23857400
2018-12-18,46.821537017822266,47.29669182397437,46.4907913436634,46.73768575155143,17377800
2018-12-19,45.89451599121094,47.66936729028506,45.638306342745416,46.840173367991866,28061600
2018-12-20,44.865013122558594,45.83396039502052,44.26873897152795,45.61967459412353,35375200
2018-12-21,43.84830856323242,45.728321886741305,43.74542160514915,45.054882574198984,26736200
2018-12-24,43.015869140625,44.03070229852911,42.89895277953916,43.4461204930999,16878000
2018-12-26,45.56464385986328,45.57867325215119,43.30114127997098,43.385321201702595,23489800
2018-12-27,45.80782699584961,45.80782699584961,43.98860877628055,44.952001978954996,21520000
2018-12-28,45.812496185302734,46.52334949874257,45.41030370827836,46.018270076246374,16656400
2018-12-31,46.30355453491211,46.49062141773166,45.85459615694759,46.19598991768956,12430600
2019-01-02,46.65430450439453,46.91619600460393,45.26533760020494,45.51319970833227,13681600
2019-01-03,45.644134521484375,46.41110536089595,45.56463227339977,46.298866683129276,12692000
2019-01-04,47.15471267700195,47.500784143965866,46.16793819795218,46.26146986967068,14538200
2019-01-07,48.220977783203125,48.52963507970352,47.35579754082616,47.37917866910442,12526200
2019-01-08,48.754119873046875,49.01601136561563,48.06197348382431,48.721383436475776,18782000
2019-01-09,49.001976013183594,49.217101651339924,48.567047084214366,48.87103028282788,10325200
2019-01-10,48.8616828918457,48.92247810977482,48.197595307678725,48.39401748868793,9520000
2019-01-11,48.908447265625,49.0674517853332,48.61381578686582,48.702673352587325,6065200
2019-01-14,48.609153747558594,48.969254616605795,48.281785753147396,48.52029615981768,5896200
2019-01-15,49.04875183105469,49.14228706322937,48.54367584932853,48.618500467063996,7533600
2019-01-16,48.936492919921875,49.33400768056212,48.90843414585401,49.06743862290898,8987800
2019-01-17,49.268550872802734,49.41352957803722,48.609144491460206,48.68864675587668,8792000
2019-01-18,49.95133972167969,50.161791290330946,49.591238937282014,49.7595987650015,11596200
2019-01-22,49.20307159423828,49.84377441536707,48.79620145071808,49.72685807656278,18487400
2019-01-23,49.30128860473633,49.59592010814573,48.74009151786787,49.41820496183426,12208600
2019-01-24,49.50706100463867,49.55850448561188,49.19840011879943,49.334023517001164,7930400
2019-01-25,50.05422592163086,50.23661513756475,49.93263192167368,50.012137749340155,8785600
2019-01-28,49.764278411865234,49.768952497041965,49.277905953188906,49.56318214114333,11802000
2019-01-29,49.441585540771484,49.71750640788976,49.13760232404522,49.62865241014178,5764600
2019-01-30,50.414329528808594,50.559304655243125,49.79701136824375,49.83442188706306,11800400
2019-01-31,50.872642517089844,51.04568000255074,50.260001974302085,50.4891570252068,11198000
2019-02-01,50.129051208496094,50.62477534960406,50.02148660549916,50.43770849152445,11272800
2019-02-04,50.4564208984375,50.47980559618494,49.9887554875201,50.0589060127585,7209600
2019-02-05,50.92876434326172,51.012944260576354,50.61075171874019,50.61075171874019,8324600
2019-02-06,50.718299865722656,51.07372648931512,50.5172036459536,50.94278077746607,5831800
2019-02-07,50.30209732055664,50.47981248447814,49.88587533348432,50.35821846200623,9042400
2019-02-08,50.10098648071289,50.10566413314366,49.74088573961786,49.98874779839804,6646600
2019-02-11,50.189842224121094,50.390938455340496,50.11501762794817,50.269344472555844,6115800
2019-02-12,50.96148681640625,51.017604367237496,50.423671023587936,50.512528569741384,7753400
2019-02-13,51.307579040527344,51.4198177559377,51.05036516904509,51.171955624071124,6961200
2019-02-14,51.12051010131836,51.396434577057654,50.65284464305215,50.900706765052554,8334600
2019-02-15,51.47126007080078,51.57882469795411,51.29822613182086,51.438523630885314,7221000
2019-02-19,51.681705474853516,51.83603234852044,51.31224937267358,51.31224937267358,9838800
2019-02-20,51.78458786010742,51.90617828703978,51.260801362540164,51.71443734118269,13203400
2019-02-21,51.681705474853516,51.83603234852044,51.48528329090702,51.662998430287,5986800
2019-02-22,51.96229553222656,51.985680226121616,51.72846286528935,51.8079651157272,14216600
2019-02-25,51.789276123046875,52.33644746605457,51.76121733499684,52.27097101393019,7982800
2019-02-26,51.85942077636719,51.934248960015495,51.546085785349284,51.58349987717344,14350400
2019-02-27,51.821990966796875,51.97164372069925,51.475919642398225,51.80328392655869,6204400
2019-02-28,51.541404724121094,51.68637986034919,51.307572017686645,51.634939947497244,8106800
2019-03-01,51.957637786865234,52.16808940854303,51.61624396041736,51.962315441037106,9712000
2019-03-04,51.793949127197266,52.270966321245965,51.41514125051141,52.18211231106297,11317600
2019-03-05,51.92488479614258,52.14468808811205,51.84538254058021,51.97632827162494,10298600
2019-03-06,51.681705474853516,52.19613671241908,51.65832077714439,51.97633339876738,7539200
2019-03-07,51.055023193359375,51.63493077122167,50.89134104154474,51.569454342492506,14152600
2019-03-08,50.699615478515625,50.727674265044534,50.34886637488676,50.727674265044534,11613600
2019-03-11,51.39643096923828,51.443196798181276,50.85393736308825,50.872644408266254,9124400
2019-03-12,51.541404724121094,51.61623290282201,51.26548384317034,51.47593185175976,17268000
2019-03-13,51.723793029785156,52.027776256344346,51.630261376076426,51.69105659418671,9703800
2019-03-14,51.5694694519043,51.68171173289463,51.45255308520931,51.653649378644864,9803400
2019-03-15,51.90029525756836,51.94253063316418,51.53896565834749,51.82521531676815,10856000
2019-03-18,52.40239715576172,52.44463252530238,51.923752308766694,51.923752308766694,10971000
2019-03-19,52.66518783569336,53.10629094411732,52.45401814043116,52.58541070805442,14033400
2019-03-20,52.74027633666992,52.998371479416136,52.23816689729235,52.637038279571435,19898800
2019-03-21,53.46293640136719,53.50516819699709,52.66988371286515,52.66988371286515,11463000
2019-03-22,52.40239715576172,53.32684228925621,52.3883198926411,53.12975344520996,17517800
2019-03-25,52.712120056152344,52.951440729472964,52.2381651643682,52.28978419120505,14923200
2019-03-26,52.93734359741211,53.29398303621276,52.65578765317078,53.01712070542591,10881400
2019-03-27,52.829429626464844,53.223607337402136,52.515025464620244,52.97959307541891,8855400
2019-03-28,53.148529052734375,53.369082408395755,52.871663059400156,53.02182651301526,13856600
2019-03-29,53.42538833618164,53.52393276120194,53.284612120515035,53.41600468720877,9199800
2019-04-01,54.01197052001953,54.030741400114046,53.68818268388222,53.85711344437426,9955400
2019-04-02,54.00257873535156,54.04950413842956,53.82425719140488,54.00257873535156,7263600
2019-04-03,54.3826789855957,54.58446144036524,54.152742005102574,54.31698270545481,8422600
2019-04-04,54.82379913330078,54.83318278412361,54.42492774000735,54.42492774000735,6147800
2019-04-05,55.14759063720703,55.19451963495583,54.81910913404463,54.959888966931295,5893400
2019-04-08,55.344669342041016,55.363440220431826,54.973952549225174,55.03964883350353,6462800
2019-04-09,54.847251892089844,55.15696602586868,54.75340107710304,55.15696602586868,8912800
2019-04-10,55.11003494262695,55.11003494262695,54.720547298204515,54.97864238310582,6813600
2019-04-11,55.18042755126953,55.20389204536592,55.03026409751844,55.171043901738464,4330800
2019-04-12,55.522987365722656,55.62153179222757,55.274279492137055,55.37282391864197,9077600
2019-04-15,55.63561248779297,55.663770597230545,55.297743815975736,55.546455285081734,4865400
2019-04-16,55.8796272277832,55.959400776355594,55.762311922172394,55.804543713706366,6029000
2019-04-17,55.987548828125,56.19871850190646,55.950010655607514,56.03916784303745,5562200
2019-04-18,55.96878433227539,56.11894777999988,55.79985358624197,56.10487051617868,6142600
2019-04-22,55.75762939453125,55.94533463686828,55.57931138340991,55.771706661175074,5529600
2019-04-23,56.423973083496094,56.53659836399155,55.88901553177023,55.93125090700085,8199400
2019-04-24,56.4755859375,56.73368103520883,56.4380441814371,56.4380441814371,4362800
2019-04-25,56.17996597290039,56.45682843405028,55.94533531219177,56.428673900422766,5640200
2019-04-26,56.625762939453125,56.625762939453125,56.03918628619738,56.39582589382721,8473800
2019-04-29,56.42866134643555,56.653908305883014,56.3348105351035,56.64921469126272,7400000
2019-04-30,56.34419250488281,56.391117909150275,55.91247305733601,56.37234703140752,8679600
2019-05-01,55.65907287597656,56.44273824407169,55.65907287597656,56.43804462948184,9123000
2019-05-02,55.70130920410156,55.926556180436556,55.30243785576717,55.68723193936423,20816600
2019-05-03,56.35825729370117,56.466188921787506,56.05793047664971,56.22686475876341,7005800
2019-05-06,56.01572036743164,56.10957119150222,55.34936662788451,55.38221477432715,7628000
2019-05-07,55.166351318359375,55.790469639129626,54.76278635757404,55.67315432681247,13157000
2019-05-08,55.185123443603516,55.5136084736137,54.908261018771654,55.07719535873591,14305400
2019-05-09,54.959877014160156,55.1475786436142,54.33106509891601,54.758094540335875,12766000
2019-05-10,55.0396614074707,55.27898568640415,54.01667157262986,54.82380162693105,13641600
2019-05-13,53.40193557739258,54.04951486076472,53.228307613363036,53.92750592441479,15284200
2019-05-14,53.94157791137695,54.204366639350965,53.39254312180015,53.650638234940935,9191800
2019-05-15,54.30760955810547,54.41553764770122,53.50516961803201,53.60840767255279,8313600
2019-05-16,54.80971145629883,55.133499260790124,54.43899466606828,54.532845477188864,7231800
2019-05-17,54.3920783996582,55.08188949567484,54.34514940603378,54.34514940603378,7349000
2019-05-20,54.00727081298828,54.194976012581186,53.833646457012435,54.194976012581186,7076800
2019-05-21,54.3826789855957,54.52345877457119,53.97911407605664,54.16681926796438,7320600
2019-05-22,53.82426834106445,54.37330676936417,53.767959277777976,53.950970893818045,7890800
2019-05-23,53.157920837402344,53.43009325753825,52.8998292639739,53.39724510891355,9913000
2019-05-24,53.22829818725586,53.53800871830792,53.00774484989667,53.448851524615044,5265000
2019-05-28,52.87635803222656,53.67879434373235,52.843509887785245,53.3784674287891,8236000
2019-05-29,52.4070930480957,52.63234000835248,52.064530783162866,52.585411022338874,9537400
2019-05-30,52.749664306640625,52.92798231128633,52.57134272181534,52.580729952690135,7795200
2019-05-31,52.059837341308594,52.313238812444844,51.909673904358826,52.09737551541198,8504400
2019-06-03,51.62342834472656,52.116150482678506,51.3512559750889,51.933138891413634,16131200
2019-06-04,53.021827697753906,53.04059857739761,51.637508440688485,52.08799881159973,11479000
2019-06-05,53.28461837768555,53.39254646435263,52.75904446901396,53.3268501732911,10517200
2019-06-06,53.55678939819336,53.68818556590843,53.06406719493498,53.28462057266089,7319600
2019-06-07,54.33106231689453,54.49530302434643,53.70694404839843,53.79141120939924,8089800
2019-06-10,54.79094314575195,55.278975262843765,54.640779692814405,54.678317870914455,7459800
2019-06-11,55.002113342285156,55.47606823015152,54.77217632111765,55.22736032845492,10059000
2019-06-12,54.988040924072266,55.19920708332475,54.86603197996787,54.983347308481406,5585800
2019-06-13,55.48075485229492,55.560528399354034,55.156963469294,55.18981161103475,7692400
2019-06-14,55.60276794433594,55.71539322902123,55.35875365454333,55.47137535904919,5094400
2019-06-17,55.62622833251953,55.81393354628744,55.560532044727644,55.70600188481266,5364800
2019-06-18,56.048561096191406,56.414584273876976,55.87023954180584,56.02040298855322,8797600
2019-06-19,56.15180587768555,56.259733966021045,55.72477639900495,56.104876886048125,6130600
2019-06-20,56.541282653808594,56.682062450033854,56.10017954731539,56.611672551921224,8377200
2019-06-21,56.279476165771484,56.62792933415168,56.27476996074253,56.477248145198025,10442400
2019-06-24,55.978111267089844,56.37365161560826,55.95927567025346,56.30301902560253,5780400
2019-06-25,55.44131088256836,56.171175012181,55.35655249069414,56.09112641777837,6394200
2019-06-26,55.62024688720703,55.84155707156313,55.5590302980567,55.64378868936091,4876200
2019-06-27,55.968692779541016,56.029905772148894,55.71912741945624,55.81330180693338,3909000
2019-06-28,56.1287956237793,56.24651541627256,56.03462122679387,56.05345682469555,13327400
2019-07-01,56.62321853637695,57.0988074900733,56.38306916079444,56.839822517138934,8289400
2019-07-02,56.745643615722656,56.77389521324504,56.33126769194064,56.55258145259284,18017000
2019-07-03,57.24007034301758,57.24007034301758,56.80686237194557,56.91516616097504,3619200
2019-07-05,57.30598449707031,57.35778148498771,56.811563602207556,56.96695456595974,6755000
2019-07-08,57.376617431640625,57.42370462298444,57.07054529912224,57.12705208424826,10149200
2019-07-09,57.437828063964844,57.513166843806495,57.09408477696906,57.15529776012303,3866600
2019-07-10,57.645042419433594,57.729800836216526,57.338970159243914,57.687423424087015,4770000
2019-07-11,57.76274108886719,57.9463836592213,57.635605306515345,57.83808347287021,3952400
2019-07-12,58.42668533325195,58.440811132836856,57.92284479042788,57.92284479042788,4975200
2019-07-15,58.61503219604492,58.64328379255696,58.31837606257878,58.553815613572255,3993200
2019-07-16,58.53969192504883,58.67153750355321,58.356049356057355,58.53027592337962,4103400
2019-07-17,57.97935104370117,58.55382420724156,57.97935104370117,58.46906581274342,4599200
2019-07-18,57.90401840209961,58.01702840927391,57.517897584441,57.86163740408215,4634400
2019-07-19,57.522605895996094,58.16299831511631,57.489640902543684,58.08294971179169,4128200
2019-07-22,57.55555725097656,57.715654429681884,57.33424348657117,57.621480041328475,4034000
2019-07-23,57.94638442993164,57.94638442993164,57.46608929935338,57.889881233700464,4858200
2019-07-24,58.23833084106445,58.24304063826263,57.69210932680121,57.70152892119755,4233400
2019-07-25,57.91343307495117,58.21950528018286,57.81925866989062,58.04998847705525,4799000
2019-07-26,58.17711639404297,58.224203587280286,57.805121460179784,57.99818003020957,4280400
2019-07-29,57.894596099853516,58.13003569943409,57.68741169513838,58.03115149871303,4410800
2019-07-30,57.50376510620117,57.67328189354275,57.40958711738755,57.49905530862976,4329000
2019-07-31,56.84452819824219,57.51317568946025,56.32185208527696,57.48492409173973,8603400
2019-08-01,56.07229995727539,57.51318926140415,55.86982174327819,56.95284182423254,13263600
2019-08-02,55.6108283996582,55.95927797417042,55.39422441590612,55.87922937871218,11100400
2019-08-05,54.118141174316406,54.67377871831425,53.72260081785756,54.669068920879916,13781600
2019-08-06,54.942176818847656,55.01280940657803,54.1840611350884,54.49013328690494,8895600
2019-08-07,55.163490295410156,55.23412288277116,54.08046686926852,54.36770342335332,11689800
2019-08-08,56.22767639160156,56.237092393115454,55.469560735183954,55.521357724816646,9338400
2019-08-09,55.700286865234375,56.18529174336137,55.3847987434946,56.058155972332095,7952800
2019-08-12,54.890380859375,55.3518439943701,54.65965108813881,55.31888259847921,6402600
2019-08-13,55.79446029663086,56.270049165779234,54.62668220860119,54.810324759481034,9262600
2019-08-14,54.04750442504883,54.928049666342,54.01925282766187,54.83858148458657,12812400
2019-08-15,53.95804977416992,54.45718420581522,53.50600614000842,54.377135598130295,10104000
2019-08-16,54.57018280029297,54.67848658231601,54.188771849623826,54.34886903150179,7960600
2019-08-19,55.25766372680664,55.46014189105704,55.08814695708432,55.31888031130349,6224400
2019-08-20,55.27179718017578,55.620250362041816,55.149371179272315,55.24825537655114,6534200
2019-08-21,56.335975646972656,56.335975646972656,56.06286490477782,56.19471047893465,9338000
2019-08-22,56.35011291503906,56.6279335107234,55.963992115334456,56.47725231065631,5904200
2019-08-23,54.852725982666016,56.19944100255412,54.621996142797066,55.91691415480303,15269800
2019-08-26,55.39422607421875,55.39893587189344,54.871549900541844,55.2670902771863,6904800
2019-08-27,55.12110900878906,55.69087231672325,55.04106042005542,55.61082372798961,6696200
2019-08-28,55.80860137939453,55.85098237564033,54.90451417474724,55.04577937220228,7782400
2019-08-29,56.64676284790039,56.75977283732746,56.27476789049172,56.44899087574953,5874600
2019-08-30,56.307735443115234,56.88691484570699,56.185305845545955,56.769195046031236,6814800
2019-09-03,56.077003479003906,56.425456681545825,55.836857668158736,56.039335872464825,8645000
2019-09-04,56.632633209228516,56.68443020259935,56.11937666540104,56.364232240180904,8345000
2019-09-05,57.71566390991211,57.7721707077194,57.16473610325314,57.16473610325314,7343200
2019-09-06,57.856929779052734,58.00290118442682,57.66386757869825,57.786297179105404,6986800
2019-09-09,58.07823181152344,58.22891658620469,57.86162783670327,58.05469000987156,6518600
2019-09-10,57.84750747680664,57.89459467706092,57.26832808788508,57.81925587515869,7301200
2019-09-11,57.955806732177734,58.07352651985642,57.5791019745968,57.83337714708551,6817800
2019-09-12,58.23362731933594,58.57266090368689,58.09236572087173,58.23362731933594,6686400
2019-09-13,58.115901947021484,58.4596452960894,58.06881475205233,58.379596705389574,4029400
2019-09-16,57.371910095214844,57.781576221772106,57.31069710309494,57.7344890284089,6802600
2019-09-17,57.720367431640625,57.73920302886164,57.1223488955728,57.27303008081804,4488400
2019-09-18,57.69211959838867,57.76746199688291,57.1317757778118,57.626196795967864,5939200
2019-09-19,57.53671646118164,57.88516597766319,57.51317106995732,57.81453339651255,4519200
2019-09-20,56.87718963623047,57.793726618654446,56.87246421549758,57.64726741145438,7540600
2019-09-23,57.075626373291016,57.240983694674455,56.650432130992726,56.72602085683483,4475000
2019-09-24,56.46617889404297,57.53389717139879,56.33389591541214,57.368543448110266,10708800
2019-09-25,56.981136322021484,57.066175886529585,56.24885098295499,56.692946886990704,6508800
2019-09-26,56.735469818115234,57.1134242721207,56.475629284872184,56.97641587265474,6040800
2019-09-27,56.537044525146484,56.95279513936207,56.2346824081392,56.919724395453166,7114000
2019-09-30,57.02363586425781,57.09922816579685,56.63151251445185,56.65513240535331,4988400
2019-10-01,56.54648971557617,57.36853641372822,56.52759163459746,57.155939310488336,7271600
2019-10-02,55.53074264526367,56.22050640900941,55.252000445061185,56.22050640900941,11009000
2019-10-03,55.80002975463867,55.80475517582558,54.7842804658689,55.45987151798644,14463200
2019-10-04,56.32444381713867,56.36223998047008,55.86617524895683,55.93231673256653,6374000
2019-10-07,56.07876968383789,56.43782600947097,55.92758864216717,56.168534666356244,5521200
2019-10-08,55.488216400146484,56.09766596861869,55.47876916228717,55.65357370042641,5886200
2019-10-09,55.96065902709961,56.159087071640386,55.71499118760958,55.88034488769328,6094600
2019-10-10,56.333885192871094,56.52758780645479,55.97483249191229,56.01262504686996,6548600
2019-10-11,56.97168731689453,57.46775205993438,56.90554583174797,56.91499667502068,10630800
2019-10-14,56.943336486816406,57.056721364034985,56.79215544904489,56.91026574744265,3151000
2019-10-15,57.444122314453125,57.57640887481292,57.089791423479866,57.12758758358267,5111000
2019-10-16,57.68033981323242,57.737034050344334,57.434671994627514,57.45829549453415,6145600
2019-10-17,57.83152770996094,58.0677483046012,57.722864650472715,57.98743056304894,4612000
2019-10-18,57.7181282043457,57.907105364848604,57.48190765482695,57.68505747159066,4069600
2019-10-21,57.92129135131836,58.18113545736623,57.76066307080903,58.01105633421496,4506200
2019-10-22,57.55278015136719,57.87404027420979,57.529156652336454,57.8598676165673,5203600
2019-10-23,57.2882194519043,57.486643885749395,56.863021661921785,57.486643885749395,3773800
2019-10-24,57.2598762512207,57.444128044550844,57.09924796142133,57.39216282477619,4405200
2019-10-25,57.1937255859375,57.37325553329584,56.428373214786696,56.56065616266758,5472600
2019-10-28,57.37326431274414,57.51971994110338,57.25515400485686,57.340193570713325,3823400
2019-10-29,57.04727554321289,57.415779106657354,57.02837746246698,57.38270836646209,4341400
2019-10-30,57.401607513427734,57.40633293481208,56.777985254990334,57.01420586204148,5615400
2019-10-31,57.09452438354492,57.472478825598785,56.82995843677163,57.396886495411735,6074000
2019-11-01,57.47246551513672,57.49136359330674,57.25986483905388,57.387425965591554,6429600
2019-11-04,57.50082778930664,57.718150345698604,57.40161555298254,57.642561615164446,9531800
2019-11-05,57.58584976196289,57.71341088713215,57.35435461463326,57.552779026630084,4309000
2019-11-06,57.64727783203125,57.66145409679247,57.38271189420431,57.652003253618325,7188600
2019-11-07,57.302398681640625,57.84098140923049,57.23625719610788,57.77483992369774,7665400
2019-11-08,57.326011657714844,57.420502057378876,57.09924190740157,57.401603977446065,4146000
2019-11-11,57.20790481567383,57.22680289674769,57.000033132742075,57.07090003565899,3725400
2019-11-12,57.17012023925781,57.46303152569394,57.05200991938752,57.25043439170379,4389000
2019-11-13,56.9905891418457,57.12759754277319,56.84413350146566,57.0236598865909,4692600
2019-11-14,57.236244201660156,57.3260055662527,56.952780241669345,57.033094369519446,3960200
2019-11-15,57.34019088745117,57.562235228158514,57.21262974241549,57.51027001120516,4240000
2019-11-18,57.538612365722656,57.5433377868169,57.189006897992755,57.35436059188932,4687400
2019-11-19,56.905540466308594,57.368534423120956,56.76381027054664,57.3354636836658,6033800
2019-11-20,56.77326583862305,57.15122029165801,56.50397446227889,57.061455298063024,8562600
2019-11-21,56.452003479003906,56.92444472503493,56.42838357936675,56.8205070741976,4877400
2019-11-22,56.83940124511719,56.858299326190824,56.56066265927205,56.674047541273424,4476000
2019-11-25,57.34019088745117,57.34963812568622,57.05672327823427,57.09924486139296,7334000
2019-11-26,57.73231506347656,57.77011122576338,57.2740501124005,57.32129351303881,7252200
2019-11-27,58.22836685180664,58.25199034910047,57.840965285489446,57.9118321729313,8426000
2019-11-29,57.85042953491211,58.294525462674386,57.78901347010186,58.26618014113745,3510200
2019-12-02,57.37326431274414,57.94964319194453,57.25515400485686,57.89294894656004,7083400
2019-12-03,56.79688262939453,56.89136942926318,56.48034788495017,56.86302411019066,8946200
2019-12-04,57.113407135009766,57.31655696230463,56.99057143364923,57.01892035207995,5658200
2019-12-05,57.05672073364258,57.32601206683658,56.93388861986301,57.32601206683658,4704600
2019-12-06,57.51499557495117,57.656729388792954,57.472477593463005,57.477203015108564,5031000
2019-12-09,57.58584976196289,57.79372501516327,57.40159800733158,57.472464898598965,3577600
2019-12-10,57.48664474487305,57.71341810439953,57.406330606798356,57.60475504360886,4360000
2019-12-11,57.63310623168945,57.66617697452605,57.335469546160056,57.44412901357718,4099400
2019-12-12,58.13862228393555,58.2803561085431,57.66618100783156,57.73704792013534,9226200
2019-12-13,58.19057846069336,58.28979067457127,57.89294181905961,58.133887826728895,7124800
2019-12-16,58.44569778442383,58.5827061587796,58.35121099045992,58.49294118140578,7293600
2019-12-17,58.705543518066406,58.781132234465765,58.521291741570174,58.54491163850236,6819000
2019-12-18,58.76223373413086,58.91814019141769,58.6535742792511,58.866171372322086,5278200
2019-12-19,58.94649124145508,58.99373824845661,58.63940732258856,58.71972146738624,6493000
2019-12-20,59.036556243896484,59.169275338855584,58.96545569550437,59.169275338855584,6673600
2019-12-23,58.89908981323242,59.174006359083464,58.89908981323242,59.16452797460187,6328400
2019-12-24,59.03181076049805,59.10291130349126,58.89909167561676,58.97967060339128,3296200
2019-12-26,59.752281188964844,59.752281188964844,59.14556336837685,59.20718552024259,5035800
2019-12-27,59.747554779052734,60.06987413248091,59.671713229387684,59.94663342243728,5917400
2019-12-30,59.36360168457031,59.866042812298225,59.23562361487568,59.79968327744569,6677400
2019-12-31,59.44892501831055,59.47736740368373,59.17874586336893,59.264065786841215,3567400
2020-01-02,60.15518569946289,60.15518569946289,59.591126005349274,59.82338439032162,12591000
2020-01-03,59.64327621459961,59.818653474802595,59.354136626545554,59.39205740249591,11192800
2020-01-06,59.809165954589844,59.823385339318506,59.1313475573754,59.207189097693174,12823200
2020-01-07,59.71436309814453,59.85181955093646,59.46314072721577,59.77124063272784,18301600
2020-01-08,59.89447784423828,60.22153811441599,59.60533833913226,59.662219486739794,9451800
2020-01-09,60.212066650390625,60.430105663218676,60.06038717988747,60.212066650390625,7643000
2020-01-10,59.88500213623047,60.28790397887977,59.82338359875783,60.28790397887977,7407000
2020-01-13,60.074615478515625,60.16941742184833,59.837616044670405,60.00825592634491,6449200
2020-01-14,60.055641174316406,60.249982400874245,59.88500133218097,59.97980325354706,8681200
2020-01-15,59.918190002441406,60.126747015197104,59.7712479154427,59.88974761536083,6523800
2020-01-16,60.45381164550781,60.463290030993164,60.21207122790421,60.26421138888389,8699000
2020-01-17,60.66710662841797,60.75242655879932,60.54386954167462,60.614966470055805,13473200
2020-01-21,60.48225402832031,60.572314969265115,60.15993465771846,60.35901331171023,8003800
2020-01-22,60.45381164550781,60.92306947800084,60.40167148452814,60.70503406492087,7930200
2020-01-23,60.54386901855469,60.61970694694733,59.837608194596484,60.14570814144062,7991800
2020-01-24,59.70014953613281,60.69554994458375,59.43945235665794,60.66237017205698,11381800
2020-01-27,58.80903244018555,59.11239139045645,58.297112855481906,58.41087517407646,15754200
2020-01-28,59.382568359375,59.605348371263105,58.865911409527115,59.09342880560412,11815400
2020-01-29,59.349388122558594,59.80916752794,59.30672996725043,59.57690913317344,5860000
2020-01-30,59.249855041503906,59.31147358887038,58.76637781554787,58.88487752563088,10461000
2020-01-31,59.40152359008789,60.54386232082203,59.278282901719095,60.46327978439427,16844000
2020-02-03,59.82338333129883,60.56282024295891,59.72858502540728,59.73332240927536,16019000
2020-02-04,60.91357421875,61.11739743372731,60.56281617094661,60.70027623667357,16697200
2020-02-05,61.2216796875,61.39231952513817,60.79507647708113,61.31647799004412,13354000
2020-02-06,61.084228515625,61.37336809884219,61.084228515625,61.35914871217974,11039800
2020-02-07,60.81877899169922,61.10791852105531,60.5723012307076,60.80929699147444,7267600
2020-02-10,61.50608444213867,61.51082905924595,60.77139205531372,60.77139205531372,5867200
2020-02-11,61.98955535888672,62.25499349914754,61.60561753224898,61.75729336983507,11015800
2020-02-12,62.62471389770508,62.65789728259739,62.28817882816738,62.29765359586767,7810600
2020-02-13,62.51570129394531,62.747963309145845,62.20286035085423,62.37824482463736,7106800
2020-02-14,62.4208869934082,62.71002647597148,62.25024718021273,62.63418495174109,4959600
2020-02-18,62.416160583496094,62.619983835236404,62.070143473155504,62.33084426833593,6740200
2020-02-19,62.695838928222656,62.913874380285776,62.60577797655113,62.638954139843555,4636200
2020-02-20,62.71950912475586,62.89014170707412,61.94688895802282,62.64366759973936,10832800
2020-02-21,61.76203536987305,62.510954223967786,61.6008775390625,62.44459469171365,12322600
2020-02-24,59.63853454589844,60.21681371553298,59.34465396005938,59.66697331938073,17507200
2020-02-25,58.04588317871094,60.28789872945489,57.90842311509614,60.15991704911689,29219600
2020-02-26,57.586116790771484,58.932275347212695,57.439178310831345,58.3919169708193,24720800
2020-02-27,55.258792877197266,57.581388220855644,55.23035048396925,56.405869352412445,35433800
2020-02-28,54.90327835083008,54.983857273744626,53.33908096461652,53.46706265755008,41232200
2020-03-02,56.7897834777832,56.79452447738606,54.296552902501254,55.06916948690371,19022400
2020-03-03,55.41519546508789,57.7046066736771,54.889056564547126,56.95569139888372,29548600
2020-03-04,57.33015823364258,57.37756101068716,55.67116229415847,56.28262123152722,14684400
2020-03-05,55.19241714477539,56.32527389952867,54.76581753462647,55.960292826719865,14599600
2020-03-06,54.343963623046875,54.63784056719413,53.16844499748617,53.50972471511102,16655000
2020-03-09,50.92169189453125,52.47166639961702,49.05887644151916,50.281794229428385,16829800
2020-03-10,53.73723602294922,53.73723602294922,50.893243711699,52.71339705506399,21939200
2020-03-11,50.798458099365234,52.52855470049317,50.310239841210304,52.26785387510733,15254600
2020-03-12,45.6650390625,48.66545209829665,45.14838214699438,46.95905727584819,19961600
2020-03-13,48.49008560180664,48.52326537788552,45.489671901993354,48.1582842246934,16073800
2020-03-16,42.3470458984375,45.43277872317635,42.015248225378876,43.15758693008133,16817800
2020-03-17,43.97761154174805,44.90191144418644,40.88239971309595,43.29505205887959,27134000
2020-03-18,41.451194763183594,42.24277552954544,38.74466197407257,41.152576812777546,27657600
2020-03-19,42.89689254760742,44.110328350846466,39.90596119681559,41.27581747615702,14884200
2020-03-20,41.621822357177734,44.77865525809541,41.550725449220664,43.39931738256213,25783200
2020-03-23,41.690425872802734,42.538237002665426,40.323450888716344,41.371306606415466,15308400
2020-03-24,45.600826263427734,45.677035782543705,43.79565416040436,43.98141032091218,20747400
2020-03-25,46.40101623535156,48.139507132956126,45.262662688174956,46.41054424385785,19997800
2020-03-26,48.32049560546875,48.63009044844153,46.682030753848785,46.90589169621172,12991000
2020-03-27,46.70108413696289,47.93469589755006,46.14857595810278,46.84873555578536,10262200
2020-03-30,47.677490234375,47.863246401955585,46.167624509632255,46.98209469837869,13320600
2020-03-31,46.71537399291992,47.958513800812106,46.59153532238353,47.26311818511927,10304400
2020-04-01,44.629180908203125,45.700852843250516,44.23385580057146,44.938775749546416,13516400
2020-04-02,44.795894622802734,45.47700191576026,43.80995644959981,44.36722506187304,11997600
2020-04-03,44.01475524902344,44.748251893197555,43.4527227572167,44.52439460426489,10359400
2020-04-06,47.677490234375,47.929927916786056,45.6246443838013,45.6246443838013,10607800
2020-04-07,48.38718032836914,50.254273883738996,48.28239767301468,49.882761501119994,14018200
2020-04-08,49.911338806152344,50.11138337839251,48.625330197743025,48.97779383516106,8331000
2020-04-09,50.81154251098633,51.64982919179507,50.32095545989154,50.63055032368908,10645800
2020-04-13,50.79726028442383,50.98778050320983,49.84466282436476,50.61150407042198,6823400
2020-04-14,52.783424377441406,52.88344667328258,51.61649395875685,51.8594036912836,11489200
2020-04-15,51.626014709472656,51.98323872691095,51.00206458851903,51.473599274053804,7617600
2020-04-16,52.24519729614258,52.86914733154125,51.344993186342165,51.84034055812927,9218400
2020-04-17,53.78841018676758,53.91700923172517,52.85486520814003,53.516920083972174,8767000
2020-04-20,52.850101470947266,53.91224913377098,52.75960355826791,53.20256147915915,6826200
2020-04-21,51.47835159301758,52.31187411116669,51.07825889469371,51.96893855085189,8655800
2020-04-22,52.588134765625,52.954883120770205,52.14041287966284,52.43571571179086,6771200
2020-04-23,52.573848724365234,53.354978294621304,52.38333215317745,52.850102840006464,8259200
2020-04-24,53.46452331542969,53.70267263977458,52.63100068022254,53.116823702983204,5829000
2020-04-27,54.46475601196289,54.81721603502711,53.95988054915167,54.01227369724008,8239400
2020-04-28,54.6790885925293,55.67931506951706,54.40283449269474,55.48403087119145,9458800
2020-04-29,55.884124755859375,56.303266284260914,55.431638831485714,55.74123369892653,9997600
2020-04-30,55.53642272949219,55.86983397001498,54.964865794125075,55.4792692162777,10106400
2020-05-01,53.45976257324219,54.2694725057405,53.04538504927631,53.831274960468356,12553200
2020-05-04,53.75030517578125,53.77412156326945,52.450011817625345,52.75484268134756,9213600
2020-05-05,53.945587158203125,54.626694386210495,53.83127286360902,54.464750952470716,9093600
2020-05-06,53.93605422973633,54.526667129649375,53.859848340829195,54.29804219518786,7810000
2020-05-07,54.78387451171875,55.05536462356314,54.5838299311746,54.60764631956491,10667200
2020-05-08,55.850772857666016,55.903165992503354,55.17919011140734,55.48402091380467,7872400
2020-05-11,55.72694396972656,56.18419025341371,55.28875006876018,55.36495596577282,8086600
2020-05-12,54.50761032104492,56.093681820898,54.479029935390166,55.96508280399576,11944800
2020-05-13,53.56931686401367,54.7362472580012,53.03586099694666,54.42665236759508,13362200
2020-05-14,54.3694953918457,54.393308145673636,52.421431888740734,52.91201895081706,11436400
2020-05-15,55.00297164916992,55.01249602360434,53.745539825469585,53.92653564455766,12556600
2020-05-18,57.08439254760742,57.34635825898542,56.45091447018086,56.508071616446145,10233600
2020-05-19,56.87959289550781,57.82742997511372,56.74146582912498,56.960562806668854,10513600
2020-05-20,57.62261199951172,57.83218093347469,57.26538801372517,57.81789255546248,7708200
2020-05-21,57.827415466308594,58.14177065648002,57.12725593446179,57.76549432188651,9117200
2020-05-22,57.741695404052734,57.898871219855224,57.29873744925479,57.8036129294373,7642000
2020-05-26,58.656185150146484,59.41826233711491,58.570451239495625,59.270610904165906,9128400
2020-05-27,59.66117477416992,59.67069914904247,58.15606917336462,59.35634390405984,11531200
2020-05-28,58.93718719482422,60.051727798003725,58.780011420036644,59.8373912496881,7293200
2020-05-29,59.15153121948242,59.36586416101834,58.4656599923749,58.918142261782,13016000
2020-06-01,59.71357727050781,59.927910260470874,59.17535734223462,59.22298649179628,6662600
2020-06-02,60.22319793701172,60.22319793701172,59.670689800330486,59.98028462630738,8453400
2020-06-03,61.3615608215332,61.55207738955713,60.51851010915787,60.51851010915787,11061600
2020-06-04,61.05195236206055,61.59017211722051,60.72807279566554,61.21865978271329,9971400
2020-06-05,62.514198303222656,62.86666192337604,62.19507907734651,62.50467029518049,11689200
2020-06-08,63.466796875,63.49061326170951,62.876183916211794,62.876183916211794,7005000
2020-06-09,62.97144317626953,63.323899500515765,62.509432937645045,62.909522030554875,8689600
2020-06-10,62.38084411621094,63.22865525878892,62.31416258593205,63.2191272493943,7783800
2020-06-11,59.11341857910156,61.280578627542624,58.97052754786836,60.3803709449652,13735200
2020-06-12,59.699275970458984,60.90907507730199,58.489480497486596,60.69950612504954,11989400
2020-06-15,60.26606369018555,60.4565838645897,58.070326765538546,58.389445968190216,9993000
2020-06-16,61.53302001953125,62.17601879733852,60.2946406976399,62.09981654144905,10166800
2020-06-17,61.37107467651367,61.99978502018886,61.2186556430533,61.79021248305062,6349800
2020-06-18,61.147220611572266,61.475867830005576,60.870966533291224,61.13293223405259,5533600
2020-06-19,60.67093276977539,62.03315110370602,60.47565217413187,61.91407641757404,13384000
2020-06-22,61.294403076171875,61.346918239203,60.29662226324728,60.56874463425702,5675800
2020-06-23,61.77658462524414,62.16329117640991,61.59039581972006,61.953230516912576,7347200
2020-06-24,60.41598892211914,61.628602138528905,59.666458444972996,61.40899851953173,11962600
2020-06-25,60.49714660644531,60.56398343976907,59.56619875543429,60.16295879749229,9769200
2020-06-26,59.079246520996094,60.606950832686074,58.97899126701029,60.47805226108558,11496400
2020-06-29,60.201148986816406,60.24888905907544,58.68776647796748,59.341816759151726,7822600
2020-06-30,60.969783782958984,61.246677693569694,59.96722757099771,60.153416425690466,6729800
2020-07-01,61.585636138916016,61.83866181314739,61.00797285717373,61.05571293191535,11172600
2020-07-02,61.82911682128906,62.850769804627554,61.67157128326927,62.511814152708155,7328600
2020-07-06,63.294769287109375,63.323412608700366,62.59297876945093,62.75052432287117,7115800
2020-07-07,62.30173873901367,63.19926803431677,62.19670840510938,62.998757565408766,6893200
2020-07-08,62.96533203125,62.97965368647557,62.12031794960628,62.41153708030457,5479800
2020-07-09,62.893741607666016,63.227925798900046,61.88163154821138,63.1849608210276,6224800
2020-07-10,63.643253326416016,63.69099703579111,62.51657026103614,62.93192013553111,12912400
2020-07-13,62.83645248413086,65.16620636892743,62.65981381627638,64.21616161696532,13282600
2020-07-14,63.46184158325195,63.500035097195386,61.79091359273346,62.52612598797563,11473800
2020-07-15,64.36892700195312,64.55988730436631,63.45707589589266,64.35460534350557,7505800
2020-07-16,64.19706726074219,64.37848466834141,63.62895046087677,63.84856139032159,6049400
2020-07-17,63.89628982543945,64.44531343794577,63.66713600773925,64.44531343794577,6189200
2020-07-20,64.9179458618164,65.08504159643357,63.786491092405875,63.94403662613007,5471600
2020-07-21,65.01820373535156,65.51470490393237,64.77949970946932,65.42399620855011,5315800
2020-07-22,65.57675170898438,65.61494521646856,64.84631817943298,64.9083835396781,5321000
2020-07-23,64.59330749511719,65.64837515512924,64.14931424208216,65.64837515512924,6867600
2020-07-24,64.7078857421875,64.98956203609079,63.91061515004832,64.23047767853514,6287200
2020-07-27,65.10890197753906,65.2568972842785,64.64103691696381,64.9847712418214,4899400
2020-07-28,64.46441650390625,65.24259405422062,64.36893633884999,64.98001813681365,5119600
2020-07-29,65.11847686767578,65.25692932785886,64.7890713222155,64.88932296680349,4495000
2020-07-30,65.06593322753906,65.3810242564056,64.27344148251292,64.65059059791281,7940800
2020-07-31,65.40489196777344,65.98255881741404,64.68400855469653,65.8679782819975,7671000
2020-08-03,65.26643371582031,65.63403253415632,65.18526796666451,65.61493942443299,5588800
2020-08-04,65.79159545898438,65.8106958584404,65.1279986289133,65.13754882864131,5340200
2020-08-05,66.59363555908203,66.62705032654708,65.94436047528171,66.0493908038867,6536800
2020-08-06,66.91828918457031,67.06151306440218,66.25946370814518,66.35495115114584,4312200
2020-08-07,67.01853942871094,67.2190499207069,66.5315812140532,66.92305199804488,5953000
2020-08-10,67.82057189941406,67.89695891938274,67.15220368635607,67.25723401764621,4560400
2020-08-11,67.6869125366211,68.5892134569402,67.52936700644872,68.20728556118917,7093600
2020-08-12,68.58443450927734,68.72765836512703,68.09270485577217,68.35527342605069,7630800
2020-08-13,68.55579376220703,68.96636494586097,68.41256990099413,68.5223717045678,4742800
2020-08-14,68.55103302001953,68.70380712134026,68.25504230454825,68.55581176360462,3374000
2020-08-17,69.4342269897461,69.52015694090738,68.81359507646296,69.11436447486471,3218000
2020-08-18,69.8638916015625,70.01666567270095,69.18120159341781,69.7015746144794,5175400
2020-08-19,69.53448486328125,70.15511683247253,69.43423324456217,70.13602371427294,5310400
2020-08-20,69.4294662475586,69.62998408825887,68.93773641819907,69.11438239360926,3326600
2020-08-21,69.7874984741211,69.82569198857172,69.34351252738503,69.35783418472052,3647600
2020-08-24,70.84735107421875,70.87600167608494,70.26014121766354,70.26491267564023,5284400
2020-08-25,71.08128356933594,71.08605502730795,70.50361662930119,71.01444673438444,5197800
2020-08-26,71.7830810546875,71.89766161932857,71.01922519308577,71.08606203462573,5583800
2020-08-27,71.39639282226562,72.0981834104357,71.12904541432854,72.05043967987386,6170800
2020-08-28,71.86425018310547,71.99315242680434,71.48710093964563,71.76399854830558,4275600
2020-08-31,71.65416717529297,72.06951710164063,71.55868702929021,71.8546776672992,7025000
2020-09-01,72.40371704101562,72.4466820233842,71.62076801761923,71.7210196431459,9904400
2020-09-02,73.4062728881836,73.58769031224142,72.48965013473945,72.90500016957343,8154200
2020-09-03,71.0765151977539,73.24871607033644,70.39381787534047,73.19620817635823,15142000
2020-09-04,70.2553482055664,71.71144375528715,68.5653201627212,71.30564412703718,13339800
2020-09-08,69.33396911621094,70.30788561838983,68.77063111340978,69.10004383371532,15212600
2020-09-09,70.6420669555664,71.16721870372501,69.57744908575592,69.98324154145261,7425800
2020-09-10,69.6299819946289,71.74489661473568,69.40082083633914,70.99536960292333,12553800
2020-09-11,69.73500061035156,70.42246211527105,69.07617513955101,70.10259958102314,7596400
2020-09-14,70.4749984741211,71.0192435486599,70.19810083484046,70.508420545864,5556600
2020-09-15,71.05265808105469,71.2961336227574,70.6850517542455,70.91898437760962,5412000
2020-09-16,70.6563720703125,71.62550956390899,70.62295001931489,71.34861209650046,5215800
2020-09-17,69.66338348388672,70.11691968553397,69.08094506588282,69.62518996479331,8849200
2020-09-18,68.69426727294922,69.91165966941405,68.12137887598671,69.88301634226661,10847200
2020-09-21,67.70198059082031,67.77853041236712,66.51548755761581,67.59672641124163,8435800
2020-09-22,69.13248443603516,69.1946820868147,67.89336414870913,68.11822471670342,7638000
2020-09-23,67.99861907958984,69.97930037006437,67.85987159560693,69.85012344019603,7930600
2020-09-24,67.96988677978516,68.92194846733523,67.17091009398277,67.68761030088304,8997000
2020-09-25,68.85498046875,69.08941153524978,67.47711302517781,67.95075678395376,5028000
2020-09-28,70.29505157470703,70.45772178443976,69.47694810013415,69.75921737848651,5324800
2020-09-29,69.74966430664062,70.30942867715245,69.70182612724153,70.26158319755811,6055400
2020-09-30,70.31896209716797,71.15142490761383,69.87402998654163,69.96014305304008,8948800
2020-10-01,71.237548828125,71.29974647464532,70.56297447053,71.01268827552892,7758800
2020-10-02,70.93614196777344,71.17535468755396,69.87881853425861,69.90752289260142,8181600
2020-10-05,71.87384796142578,71.95517940585087,71.25189346266583,71.31409110259958,4640800
2020-10-06,70.54383850097656,72.26617322071264,70.42902105312335,71.94084008467637,7954400
2020-10-07,72.1561279296875,72.32835407886357,71.4002148630236,71.4002148630236,5005800
2020-10-08,72.62976837158203,72.67761383796037,72.09871581563273,72.62498674502149,5065800
2020-10-09,73.38568115234375,73.5579146102682,72.91682624473565,73.00772825033371,7362600
2020-10-12,74.36165618896484,74.70134143400362,73.79233609687915,73.89759026857048,6394400
2020-10-13,74.34732055664062,74.68222425029444,73.9597970656231,74.20858037227644,6826200
2020-10-14,73.52442932128906,74.58175291692527,73.19432184953794,74.50520308281168,7610800
2020-10-15,73.79713439941406,73.93587458425472,72.36185787949029,72.57714789744007,4758000
2020-10-16,73.12732696533203,74.48126445380956,72.90246643822688,74.12723432191903,4211000
2020-10-19,72.22787475585938,73.89758183421466,72.05085971466963,73.60574208241484,5154000
2020-10-20,72.80677795410156,73.7062200926432,72.45274781035509,72.64890398741026,8514200
2020-10-21,72.40969848632812,73.23259088649128,72.1944011826464,72.7254537513541,5539800
2020-10-22,72.55802154541016,72.63935301387363,71.62030424394702,72.40014023597121,4135600
2020-10-23,73.1943130493164,73.20387630228531,72.29487085710751,72.85462776389929,3915000
2020-10-26,71.78773498535156,72.74458581541238,70.76868651527519,72.44795709396264,6300000
2020-10-27,71.7542495727539,72.1944001268378,71.55331175242385,71.979110126498,6241000
2020-10-28,69.48651123046875,70.82131495174046,69.40996141055977,70.46727750980595,9172600
2020-10-29,69.92666625976562,70.73041752012948,69.18988697090566,69.6874535322488,6067800
2020-10-30,68.40049743652344,69.63483615880449,67.81203608875724,69.38605284341136,9983200
2020-11-02,68.88848876953125,69.53914772639341,68.13257562110361,69.29514605494909,7981800
2020-11-03,70.40507507324219,70.80216898308271,69.26642042334262,69.6204578044537,5675400
2020-11-04,71.9025650024414,72.75895073340043,71.09403204163358,71.2375538511183,8541200
2020-11-05,73.3043441772461,73.74927631825025,72.84505255731966,73.16559671593605,6480000
2020-11-06,73.08427429199219,73.21345121669849,72.4623270030813,73.08906321895502,4847000
2020-11-09,72.84506225585938,75.61036099556063,72.75416754520087,75.61036099556063,9782200
2020-11-10,72.58672332763672,72.94554248172132,71.81645791819399,72.77330899575294,17765200
2020-11-11,73.22301483154297,73.56748173132111,72.77329375126635,73.05078138165389,7406800
2020-11-12,72.24222564697266,73.23256959536403,71.83077956651205,73.22299904460226,5929800
2020-11-13,73.4144058227539,73.53880114912143,72.55323829488151,72.6584925094101,4463000
2020-11-16,74.37602233886719,74.39993777078504,73.5961865332528,74.15594342371838,7864600
2020-11-17,74.06027221679688,74.39995024908416,73.50051523244933,74.11289931618994,5839600
2020-11-18,73.55314636230469,74.61525166265953,73.53400525227973,74.02200135519278,5415000
2020-11-19,73.91674041748047,73.98850132305097,73.3809061887038,73.53878748115275,4214400
2020-11-20,73.52922058105469,74.04113210001606,73.50529784461106,73.98850499991777,4132800
2020-11-23,74.33775329589844,74.53390219422799,73.73972144688445,73.935870345214,4611200
2020-11-24,75.44290924072266,75.69169251502463,74.82573633142259,75.04103362082995,5465600
2020-11-25,75.53380584716797,75.65819382533691,75.1749867907116,75.38549513853012,4624400
2020-11-27,75.69647216796875,75.96917086714633,75.46683000547299,75.87827616754895,2216600
2020-11-30,75.23719787597656,75.61993976844097,74.2564313580417,75.58166484917508,6576000
2020-12-01,75.79695892333984,76.146214842688,75.34724502342756,75.82567058946577,8737400
2020-12-02,75.32332611083984,75.50034124320243,75.00278184133683,75.50034124320243,4308800
2020-12-03,75.53380584716797,75.95003361659577,75.34243130360913,75.34243130360913,6011400
2020-12-04,75.60557556152344,75.79694282722235,75.45726483557779,75.68690701445514,4178200
2020-12-07,75.43334197998047,75.47161689309684,75.05060014901011,75.43812360654755,8430600
2020-12-08,75.27546691894531,75.32331238934125,74.69178722104516,75.06974745666918,4956800
2020-12-09,75.2037124633789,75.80652602102134,74.88316822477738,75.7682511014607,12060800
2020-12-10,75.13673400878906,75.45727825092976,74.60089242921838,74.91187341650917,5806000
2020-12-11,74.77791595458984,75.12716456684387,74.26599710494831,74.85924742318628,4134200
2020-12-14,74.887939453125,75.88784694964194,74.86401671919724,75.45726693971595,6815000
2020-12-15,75.89741516113281,75.91176734100789,75.20369969979568,75.54816661718394,4651800
2020-12-16,76.39497375488281,76.58634831851317,76.00745030129691,76.03615466079319,4443000
2020-12-17,76.91647338867188,76.93082557034857,76.56721750068803,76.78729645338753,3977400
2020-12-18,76.54328918457031,77.08869389709045,76.20360390826195,77.0456300591127,9892800
2020-12-21,75.67861938476562,76.11958582679134,74.90213579269052,75.44375372286837,7904400
2020-12-22,75.35267639160156,75.58753469571133,74.69122319579664,75.55398664386307,7453200
2020-12-23,75.51564025878906,75.75529636413988,75.04591634014415,75.36705464366739,4346000
2020-12-24,75.6738052368164,75.78883547302847,75.35266697118597,75.5875252459343,2097600
2020-12-28,76.53656005859375,76.84332685359215,76.01890937634131,76.41194153341786,5824800
2020-12-29,76.56056213378906,76.94401348913624,76.20107785947475,76.80501612110761,4862400
2020-12-30,77.02068328857422,77.13571354281102,76.7522696103894,76.83375181171522,4881400
2020-12-31,77.06382751464844,77.15968850755682,76.65640915263162,77.03027945830672,5859200
2021-01-04,76.4119644165039,77.59586635824822,75.46292812986934,77.54314171378378,18120400
2021-01-05,76.98233795166016,77.1980269935327,75.94702177420282,75.97098884857184,6262400
2021-01-06,77.76840209960938,78.61198891317314,76.76184358454104,77.06860309072091,8832000
2021-01-07,79.26864624023438,79.58019621433941,78.4442287515948,78.47298631059245,6725600
2021-01-08,80.90312194824219,80.98461147738458,79.70484116788967,80.20812055838282,9283800
2021-01-11,79.3932876586914,80.28480881328646,79.17759859029627,79.95887996570715,7421000
2021-01-12,80.60592651367188,80.90789552027329,79.71440558755064,79.81026655852344,11395200
2021-01-13,80.60115814208984,80.91270821167238,80.19853756529002,80.69222864930713,5654400
2021-01-14,80.08828735351562,81.08525777659517,79.99242635996904,80.69222550893664,6029800
2021-01-15,79.469970703125,80.20810833327799,79.15362287003471,79.95887123483506,7271400
2021-01-19,79.92052459716797,80.27521096984208,79.60896725657194,80.14580193243495,6348600
2021-01-20,81.43037414550781,81.66044202367706,80.42381529371264,80.67305976140281,6868600
2021-01-21,81.80901336669922,82.34105027006252,81.71795018044894,81.86173800806765,6688000
2021-01-22,81.531005859375,81.67959146701288,81.05648416173995,81.37762244908843,4456400
2021-01-25,81.83297729492188,82.42253662038057,80.2081090818071,81.74190679844983,11760600
2021-01-26,81.78025817871094,82.19246702855936,81.473498614665,82.11578262284156,7458000
2021-01-27,79.25906372070312,80.9031010153805,78.86123372691353,80.85517418480227,11241400
2021-01-28,79.50829315185547,80.29436469997937,78.4202526416186,78.88518596174846,7843200
2021-01-29,77.65338134765625,79.22552507128214,77.21241491919778,79.0481818646535,10833000
2021-02-01,79.67127227783203,79.7575449608718,78.07516181808435,78.55447400490142,6502600
2021-02-02,81.36326599121094,81.90009344704943,80.28002278532954,80.2896037658084,5401200
2021-02-03,80.90790557861328,81.70835612201792,80.85038313789988,81.62687392087514,4062800
2021-02-04,81.77068328857422,81.77068328857422,81.03253823298674,81.28178268287444,5142400
2021-02-05,82.55193328857422,82.82993522582227,81.89527795370068,82.05824233679402,4464200
2021-02-08,83.02167510986328,83.14150316813333,82.51359799926986,83.08877852994554,4720400
2021-02-09,82.56153869628906,82.95936875894573,82.46087990131997,82.7580584827324,3615400
2021-02-10,81.74669647216797,82.82993940194392,81.12358915476331,82.82993940194392,4883200
2021-02-11,81.52142333984375,82.24518215985415,81.12838380844833,81.96238970505446,3911600
2021-02-12,81.63646697998047,81.67480552439572,80.93666786794614,81.16673570306068,3994400
2021-02-16,81.28176879882812,81.90007835716831,81.0564914657472,81.79462908152514,4516200
2021-02-17,81.75151062011719,81.83299283935303,80.38067705059645,80.78809546050144,6441200
2021-02-18,81.77546691894531,82.03909013096944,80.83601164892973,80.89353409483262,5160000
2021-02-19,81.30094146728516,82.14453570768158,81.19070169767863,82.14453570768158,5022800
2021-02-22,79.58501434326172,80.80726222121592,79.51312042079847,80.52446970789306,5694000
2021-02-23,79.06256103515625,79.46518160479849,76.23941193023549,78.17583768394837,10768600
2021-02-24,79.89176177978516,79.99721105917087,78.11830792950882,78.96190216459446,7973600
2021-02-25,76.92003631591797,79.7671525651316,76.53658501088097,79.32618612414292,14641800
2021-02-26,77.24117279052734,78.26211031103182,76.21544478005261,77.90741658265264,12255200
2021-03-01,79.05294799804688,79.19195261478609,78.05118737746548,78.19977297115557,8697600
2021-03-02,78.14228057861328,79.3357707911264,78.10393471849007,79.16321807743444,6622400
2021-03-03,76.30651092529297,78.30045169776176,76.30651092529297,77.98890165181808,11125600
2021-03-04,74.69122314453125,76.83374932504067,73.25807699251224,76.3352605270671,18469600
2021-03-05,75.16576385498047,75.38624343330511,71.72908797833747,75.25682705506406,20626800
2021-03-08,75.2568130493164,76.79540857574345,75.12740400888498,75.46771160757801,12536200
2021-03-09,78.09915161132812,78.60722150696975,76.35924552660481,76.75228514472798,18614400
2021-03-10,78.4969711303711,79.56104493622509,77.94096715161906,79.12486902287351,14245800
2021-03-11,79.7000503540039,80.00680993997922,79.0961194761003,79.56584349224755,8458400
2021-03-12,79.93490600585938,79.93969649542008,78.63596658990595,78.85645344301511,8343400
2021-03-15,81.00858306884766,81.03255015069887,79.767165754456,80.04516781373172,8857000
2021-03-16,80.16974639892578,81.16192604544462,79.80068131472532,81.00854264910971,6873600
2021-03-17,81.296142578125,81.57893502098288,79.48434304625175,79.57061573171059,8711400
2021-03-18,79.3070068359375,80.88873138468641,79.17279267945531,80.53404500613699,10151400
2021-03-19,79.78152465820312,79.94928687562651,78.38672421854777,79.21593969884374,12121000
2021-03-22,80.30672454833984,80.99323371943922,80.00908121105729,80.34513132175421,7224200
2021-03-23,79.55299377441406,80.6571571149612,79.34655833203979,80.31150356172063,7990200
2021-03-24,78.3768310546875,80.34993429069613,78.3768310546875,79.92266898291535,9352000
2021-03-25,79.06334686279297,79.32738888970468,77.45990229986599,77.6231256163772,11319800
2021-03-26,79.72103881835938,79.77864531923832,78.33362609455811,79.37538516239874,8542600
2021-03-29,79.28416442871094,79.91786519533682,78.7032793846468,79.51460506676194,9358200
2021-03-30,80.06189727783203,80.18191570924466,78.62167610088049,78.93851919254861,7321800
2021-03-31,80.68598937988281,81.12285087477453,80.18670863523052,80.4027403327648,7937800
2021-04-01,81.33409118652344,81.46851124610069,81.06045296714969,81.41570284231364,8140000
2021-04-05,83.18238830566406,83.48963524069276,82.47667924272638,82.63029904756834,8628400
2021-04-06,83.54241943359375,83.86886600259248,83.04794415532986,83.10555064977842,6301400
2021-04-07,83.29277801513672,83.79205138642833,83.14875445551755,83.49440806846656,5049400
2021-04-08,83.68645477294922,83.87848133169837,83.14876722283303,83.75846290114423,6424800
2021-04-09,84.48336029052734,84.5025673390408,83.51841487499324,83.6096300420754,6093800
2021-04-12,85.02584838867188,85.10746003391655,84.40655657459504,84.47856469529832,6285600
2021-04-13,85.92359161376953,86.09162034445843,85.05465936011544,85.16987968904586,5351200
2021-04-14,85.07865905761719,86.49007686383568,84.9010341382438,86.11561997549319,6676400
2021-04-15,85.68836212158203,85.74117052453634,85.20828839484967,85.67396049580756,5031200
2021-04-16,86.35086059570312,86.46608092952762,85.66435866902651,85.89479201133163,5276000
2021-04-19,85.381103515625,85.95719044359883,85.11225611225068,85.87557880029229,7030800
2021-04-20,84.30574798583984,85.27549897116256,83.67685257183709,85.07866698385587,8462000
2021-04-21,85.42911529541016,85.52033047243556,83.82087276087415,83.98889416429783,5540000
2021-04-22,84.48336029052734,85.65953928765325,84.17131534293937,85.5347227736866,5960000
2021-04-23,85.36670684814453,85.71715858982961,84.48336569359972,84.75701121234698,3823800
2021-04-26,85.74115753173828,86.01479570533118,85.18427033503423,85.65474046484293,4460600
2021-04-27,85.64034271240234,85.98599634492285,85.44831617226559,85.78436628017639,4438600
2021-04-28,85.5395278930664,86.00040186575647,85.34270324437834,85.53472979321562,4761400
2021-04-29,85.56352996826172,86.13481881973665,84.80501267452838,86.0820104219026,6444600
2021-04-30,85.8947982788086,86.1684438446049,85.39552477982642,85.46273481479219,5651000
2021-05-03,85.48670959472656,86.40364460482431,85.37148929343293,86.36043973884237,7371400
2021-05-04,84.5937728881836,84.9826313349285,83.53760510030627,84.84821131198808,9207200
2021-05-05,84.32974243164062,85.18907107576558,84.1857188659113,85.18907107576558,6325000
2021-05-06,84.51216888427734,84.63699273148316,83.7056486039158,84.51216888427734,7850600
2021-05-07,85.27069091796875,85.50113157542631,84.40175866583522,84.84342560461356,6750200
2021-05-10,83.75365447998047,85.29948493570691,83.74405095562336,85.29948493570691,6976000
2021-05-11,82.80793762207031,83.12478078279248,81.52133594774115,82.34706352184986,14220800
2021-05-12,80.00426483154297,82.2510131539201,79.82663993849776,81.86215469869033,14124000
2021-05-13,80.57077026367188,81.34848731658936,79.7018380353444,80.56116673853836,14082400
2021-05-14,81.96778869628906,82.14541362664258,81.10365454464136,81.33408787663289,8211800
2021-05-17,81.81895446777344,82.0109883366258,81.0892477421637,81.7229411960188,10445000
2021-05-18,81.18048095703125,82.37106190715706,81.17087743011842,82.00140303713263,7756800
2021-05-19,80.4987564086914,80.54196860997702,79.44740113404916,79.8554593935194,14120400
2021-05-20,81.32449340820312,81.50212568368278,80.79161123245288,80.89722804749125,9068000
2021-05-21,80.91642761230469,81.86697153434122,80.88281893547341,81.86697153434122,7770600
2021-05-24,81.71814727783203,82.10220770984611,81.07485026628093,81.35329389635756,6726800
2021-05-25,81.9773941040039,82.35185105755284,81.46371898068705,82.08781634505004,7133800
2021-05-26,82.7599105834961,83.11036235767885,82.28463495044596,82.36625393140255,7473600
2021-05-27,83.0911636352539,83.27839210047289,82.81271998755881,83.0671584832322,7783600
2021-05-28,82.97593688964844,83.43681086668647,82.77910491376015,83.43681086668647,6451200
2021-06-01,82.81749725341797,83.52801148272775,82.668675603804,83.4703976673008,9361200
2021-06-02,82.43345642089844,82.90392658536226,82.12620955273017,82.89432306047924,7063200
2021-06-03,81.45411682128906,82.12622450393881,81.31489864918458,81.90538734348452,8702800
2021-06-04,82.10699462890625,82.17900274526544,81.6749312800662,81.90536457775806,6433200
2021-06-07,82.10699462890625,82.15500492337401,81.48289742753761,82.04458271116664,6389800
2021-06-08,82.76950073242188,83.03354270810979,82.20781543432723,82.65428041793734,6124800
2021-06-09,82.31343078613281,83.05274097979648,82.27982211465866,82.99993258558176,7131600
2021-06-10,82.70230102539062,82.85112270514985,82.21262378445418,82.4622641676258,5225000
2021-06-11,83.153564453125,83.16316065237615,82.70709212628674,82.84151216923219,5468400
2021-06-14,83.17756652832031,83.3359917281776,82.69269472900677,83.15836680349366,5770000
2021-06-15,82.73590850830078,83.1871790063997,82.44786865284094,83.1871790063997,5659600
2021-06-16,82.77430725097656,82.97113922790429,82.05899479414684,82.80791592645645,9414200
2021-06-17,83.08635711669922,83.38400046064817,82.38064820575822,82.5726747517879,9267000
2021-06-18,82.64948272705078,82.97113119889958,82.27502585980336,82.47665591714099,13991200
2021-06-21,83.2865219116211,83.49806883698722,82.6903522159992,82.91632212843946,9607400
2021-06-22,84.07020568847656,84.40675428286416,83.29133503629255,83.34902698498496,6740400
2021-06-23,84.71925354003906,84.88752413751557,84.19038632235228,84.23365527574272,5317800
2021-06-24,85.00775909423828,85.55104954262825,84.83948842049516,85.36354332341037,7959000
2021-06-25,85.54621124267578,85.94045910793581,85.36351763291451,85.89237759493032,9949200
2021-06-28,85.56546783447266,85.64239533972473,85.11352791138006,85.55585006226347,5584200
2021-06-29,85.77700805664062,85.95489647935494,85.52699735234825,85.61834784062104,4629200
2021-06-30,85.84430694580078,86.2337422740383,85.68084153279896,85.68084153279896,5798600
2021-07-01,86.32991027832031,86.34914582153948,85.98374386247762,86.05586614523415,6210600
2021-07-02,87.08955383300781,87.10397682248171,86.45972550527968,86.54145822436855,5803400
2021-07-06,87.19050598144531,87.44532186333761,86.40201757901819,87.21935195506195,7792000
2021-07-07,87.1424331665039,87.64244721025807,86.52702788055586,87.426095050328,6694200
2021-07-08,86.92608642578125,87.21455354493527,85.4068013217889,85.78661892968192,11283400
2021-07-09,87.73858642578125,87.79627836310995,87.20010144461841,87.30106967115135,5632800
2021-07-12,88.3395767211914,88.36361013982679,87.77224571895376,87.83955543079126,10814600
2021-07-13,87.2818603515625,88.31074178148151,87.20974540824032,88.16651189483717,12392400
2021-07-14,87.12322235107422,87.86362946169679,87.07514082317707,87.76266118759723,7484000
2021-07-15,86.65202331542969,87.3635915867194,86.04623584402168,86.96934370644733,6667600
2021-07-16,85.5846939086914,87.01262859340686,85.51738417732683,86.91166766446524,8424200
2021-07-19,84.6039047241211,84.62313293430529,83.54617709491572,84.2048515028432,16088400
2021-07-20,86.16644287109375,86.39241281338377,84.43561083147019,84.85389952050174,9838000
2021-07-21,86.95973205566406,87.0078135738839,86.45971801274221,86.48375877185214,8185400
2021-07-22,87.33473205566406,87.43570029514517,86.45008800087453,86.88760481161158,8061600
2021-07-23,88.11361694335938,88.25785415276724,87.4260894242059,87.63283113613932,7008600
2021-07-26,88.76750183105469,88.77711226684949,87.93573695354142,88.16170691029814,6895000
2021-07-27,87.86841583251953,88.70979103676947,86.92607971203695,88.70979103676947,7359800
2021-07-28,87.58475494384766,88.07996376848362,87.16647361373234,87.76745590928178,5973800
2021-07-29,88.57038116455078,88.79635112975346,87.92131724982634,87.97901654780438,7307400
2021-07-30,86.74818420410156,87.55110299994027,86.5847187818031,86.74818420410156,9327000
2021-08-02,86.99819946289062,87.68572705406737,86.90684897615574,87.45494456035505,7303000
2021-08-03,87.64244079589844,87.66648155328889,86.58471349660108,87.35397371584051,8445800
2021-08-04,86.79146575927734,87.58956471372963,86.79146575927734,87.45494525942635,7913000
2021-08-05,87.62322998046875,87.68573449484606,86.9885890732209,87.05590614175682,5401200
2021-08-06,87.02704620361328,87.79630651697934,86.93089049849505,87.7434197787328,5822200
2021-08-09,86.90685272216797,87.11839968241775,86.6953130981285,87.04628473515545,5560600
2021-08-10,87.24820709228516,87.57513794255635,86.81069021659012,87.00300895458176,5201000
2021-08-11,87.50303649902344,87.63285075016653,87.11840629991742,87.44053198250809,5500600
2021-08-12,87.5414810180664,87.58474998020348,86.83953050871368,87.4453253234698,5229400
2021-08-13,87.29147338867188,87.64725754092245,87.11358498065134,87.599176023842,4936400
2021-08-16,86.88763427734375,86.95494401442133,85.96933138590522,86.78186078533454,6657600
2021-08-17,84.82503509521484,85.79141924750682,84.1134741660027,85.79141924750682,11065200
2021-08-18,85.1279296875,86.00296333520778,84.70003063345851,84.80099887596666,9998200
2021-08-19,84.58464050292969,85.19524051029319,84.07500873938572,84.39713433830109,11334600
2021-08-20,85.39717102050781,85.49333404899325,84.64234113311882,84.71926862142354,6618400
2021-08-23,86.4981918334961,86.6953158104606,85.7673952214634,85.85394049709608,6890200
2021-08-24,87.10875701904297,87.3587676584612,86.70971130994013,86.86355893220721,5791600
2021-08-25,87.4453353881836,87.55591408288652,86.94531398079543,87.10877941404499,7266600
2021-08-26,86.63758850097656,87.19049650127778,86.45970012554298,87.14722020934926,7394200
2021-08-27,87.42608642578125,87.57994140019538,86.68567953598792,86.82991674044892,7964800
2021-08-30,88.08477783203125,88.38286270814666,87.6232201932047,87.67610692956805,7366600
2021-08-31,88.29631805419922,88.33959435604041,87.80110921763648,88.16651115730518,9555800
2021-09-01,88.29150390625,88.76267193551216,88.2289994047426,88.59920652441026,8198400
2021-09-02,88.28670501708984,88.80114204447817,88.15208557050919,88.52709793401382,6715000
2021-09-03,88.23382568359375,88.25786644454477,87.67611230885487,88.05592992152431,6889600
2021-09-07,88.4934310913086,88.70497801212281,88.23380999335139,88.27227373679115,8750600
2021-09-08,88.59441375732422,88.80596071257658,87.8684224030527,88.4694047367423,7385600
2021-09-09,88.47900390625,89.21460554113517,88.44535271746753,88.66170484486754,8714800
2021-09-10,87.93573760986328,89.03192886791511,87.89728119397601,88.95019614578614,9627200
2021-09-13,88.15208435058594,88.40208769865619,87.28666839439403,88.32997275906084,11534600
2021-09-14,87.85879516601562,88.4357366287836,87.49339328183589,88.32034540174652,8461800
2021-09-15,88.4261474609375,88.57038470733579,87.01263565141421,87.65689437383178,10294600
2021-09-16,88.82999420166016,89.05115892855147,88.07996942246284,88.24343485665504,12171400
2021-09-17,88.51747131347656,89.23384477532454,88.31554216379386,88.72420567998186,14925000
2021-09-20,86.49757385253906,87.2872419042325,85.40937499690803,86.83944569832612,16192000
2021-09-21,86.62757873535156,87.33057202173522,86.353117319347,87.01759666572917,12503600
2021-09-22,87.80725860595703,88.2117210726293,86.96943719883554,87.16685602680073,12367400
2021-09-23,88.69805908203125,89.07844488418074,88.18284509037672,88.18284509037672,8275000
2021-09-24,89.03028106689453,89.10732363844436,88.02393727277114,88.12986897185613,8033000
2021-09-27,89.5069808959961,89.7477334410224,88.64027026446443,88.67397914741673,9488000
2021-09-28,87.78318786621094,89.11214655752224,87.31131495627358,88.9773183789273,14941800
2021-09-29,87.86984252929688,88.75099748509047,87.65797917198923,88.08169853942194,12192200
2021-09-30,86.40607452392578,87.95170887364777,86.40607452392578,87.88429846461469,16489600
2021-10-01,87.05612182617188,87.46539674475947,85.94865864865702,86.84425841081612,15519600
2021-10-04,86.36756134033203,87.57614375823208,86.07384295617442,87.32094666101791,18494000
2021-10-05,86.7142562866211,87.51355655826309,86.4638789113383,86.66611018238292,10968600
2021-10-06,86.98870086669922,87.0898128090222,85.82345957062316,86.17495618686164,10272600
2021-10-07,88.34173583984375,88.67397551391576,87.64836736302986,87.73985450194063,7537800
2021-10-08,87.937255859375,88.45728211358767,87.85540089535766,88.37541980238748,7399600
2021-10-11,87.58094024658203,88.59691604511715,87.5761278417828,87.90354770051914,6637000
2021-10-12,88.2743148803711,88.63063123483754,87.87466483807565,88.11541734448133,10281800
2021-10-13,88.70767974853516,88.94843229102483,88.00949884475199,88.54396978296646,10832000
2021-10-14,89.63697052001953,89.78142348616332,89.12657640720346,89.22287593557162,7514600
2021-10-15,91.00926208496094,91.0477833686038,90.06069659840844,90.19552476475025,8717400
2021-10-18,92.12154388427734,92.18413454074582,90.79740508026583,90.81666204829071,7867000
2021-10-19,91.86154174804688,92.33823443870097,91.76524219815703,92.33823443870097,5808800
2021-10-20,91.79414367675781,92.20342600282811,91.63524609183119,91.86155410546738,9606800
2021-10-21,93.14231872558594,93.19528456398577,91.63520588063098,91.6400256323289,7130200
2021-10-22,92.81008911132812,93.32048323776587,92.40080692086141,93.0845504890446,7376600
2021-10-25,95.11168670654297,95.51614916296896,93.24344486421782,93.61901819478246,11076800
2021-10-26,95.12613677978516,97.07623370740734,94.75056342746491,95.5257868541124,15031400
2021-10-27,95.3380126953125,96.23842490855792,95.30912356398473,95.56432068696,9831000
2021-10-28,96.60436248779297,96.88844870971849,95.86766033415743,96.13730199206533,9001000
2021-10-29,96.854736328125,96.90770217666993,95.23687909197011,95.50170833469473,8508400
2021-11-01,98.63148498535156,98.65074930027197,96.98473872446098,97.56736302227685,11234200
2021-11-02,97.96703338623047,98.56409502331404,97.47107636112646,97.78405909244812,13558800
2021-11-03,99.72931671142578,99.79191471469777,97.851450085101,97.94293721382668,12816400
2021-11-04,101.07272338867188,101.4627412904248,100.08563660013664,100.2108252639142,11600000
2021-11-05,101.72276306152344,102.41613156935252,101.6264635125882,101.71313824965915,9631200
2021-11-08,100.28305053710938,101.51088978262392,100.24452925462923,100.63935954247971,11715400
2021-11-09,98.42926025390625,100.76937506261046,98.14517404115179,100.6441863961044,33102200
2021-11-10,98.0633316040039,99.44524890645847,96.81623514338955,97.78887016706751,22689600
2021-11-11,97.79849243164062,99.11781893294832,97.75515873983016,99.10818677459575,12413400
2021-11-12,98.12590026855469,98.25109627017949,97.1965991494519,97.82736952101837,10335000
2021-11-15,98.04405212402344,98.3859239290136,97.48069211905405,98.19813726069047,10612000
2021-11-16,99.58967590332031,99.81598383171371,98.14997336801507,98.1692376816391,11301200
2021-11-17,100.22527313232422,100.83197419699955,99.82081065399666,100.0134170821412,16547400
2021-11-18,101.36162567138672,101.5301553781608,100.21564864574856,100.74529979369682,14804000
2021-11-19,101.79979705810547,102.07425846397841,101.15458205272616,101.36162569812447,14988800
2021-11-22,101.54459381103516,103.55246887141651,101.12568679293061,102.45463800886532,18430800
2021-11-23,100.80790710449219,102.19464413086135,99.42598983127701,101.63609645666436,22962800
2021-11-24,101.01493835449219,101.32310128390357,99.21411422053781,99.74376535227225,16341200
2021-11-26,98.26073455810547,99.68598532609118,98.09701726478005,99.3441208707471,15329200
2021-11-29,99.78709411621094,100.5815743896883,99.30076938705994,99.55115403240586,16767600
2021-11-30,98.43890380859375,100.19158207851129,97.9140650129765,99.56081157313105,26435400
2021-12-01,96.66214752197266,100.51418827004629,96.59473710276876,99.55117808302788,25941000
2021-12-02,98.03924560546875,98.50149369604186,96.57547345515817,97.18216718605025,33287800
2021-12-03,96.1324691772461,98.6940792736799,95.14538981663526,98.40517333821425,28543200
2021-12-06,97.23031616210938,98.10665892430256,95.17429478407342,96.51769070909785,23326000
2021-12-07,99.49820709228516,99.81600220091946,98.60741977640593,98.84817231073174,13875600
2021-12-08,99.74859619140625,99.91711856456791,98.96855294964833,99.57043431204987,11988000
2021-12-09,98.01998901367188,99.49820573371262,97.98628013267808,99.34412793438374,11757200
2021-12-10,98.7037124633789,98.7374139927987,97.31216330912167,98.49184908811208,14372800
2021-12-13,96.161376953125,98.29444080207736,95.90617251672512,98.1307308480868,14995600
2021-12-14,95.60282897949219,95.87728303697581,94.54351934078433,95.09724720844089,15371800
2021-12-15,96.81622314453125,96.86436924083017,93.98978352788133,95.26577630833766,19042200
2021-12-16,94.67835998535156,97.46145916427548,94.55316394416639,97.28811701640682,18368600
2021-12-17,94.03312683105469,95.16466674391579,93.24345876862758,93.88868118020831,23480400
2021-12-20,92.51508331298828,92.7224370109726,91.5747365000854,92.52954950781572,22326800
2021-12-21,94.9117431640625,94.93584858216552,92.7802973576218,93.50363649718182,13530600
2021-12-22,96.64295196533203,96.74421534408263,95.05160407556211,95.22038618439667,11491000
2021-12-23,97.9835205078125,98.24391935908538,96.61881978868998,96.76348908747988,10588600
2021-12-27,98.9383316040039,99.23730944211184,98.12336828845255,98.16677423123161,8428000
2021-12-28,98.9817123413086,99.50734430661417,98.81293764559622,99.1601409761052,8306200
2021-12-29,99.17943572998047,99.42536837870752,98.55254036231152,99.2228343106642,7584600
2021-12-30,98.82260131835938,99.69060985938889,98.73580414334998,98.84189448493065,7140200
2021-12-31,98.58631896972656,99.24696646531014,98.5188076005296,98.89976303567227,6885600
2022-01-03,101.4169692993164,101.42661588155013,99.86902764827802,100.44287052292522,14465400
2022-01-04,100.79972076416016,102.14030872911394,100.24998330628836,101.58575165920502,13169200
2022-01-05,98.0799560546875,100.9733123558532,98.03173050639384,100.66468797805628,17275600
2022-01-06,97.82439422607422,98.51397406850317,96.28127206278313,97.944950760053,17245000
2022-01-07,96.1944580078125,98.21980610648828,95.88101399377662,97.96905383853404,15005200
2022-01-10,95.60613250732422,95.65435805483338,92.86709211870638,94.93101899130869,21271400
2022-01-11,96.52718353271484,96.72007835960721,94.73330211263477,95.46628773845525,16887400
2022-01-12,97.16374969482422,97.66044204109035,96.33432012746604,97.2071482823961,13156800
2022-01-13,95.2107162475586,97.95458375767687,94.9792497947139,97.48199691212885,16493800
2022-01-14,94.76707458496094,95.20589474074184,93.40237384830053,94.45362320719025,20715200
2022-01-18,92.97319793701172,93.87495843192647,92.63081415226011,93.42649166970256,18186600
2022-01-19,91.2950439453125,93.68206154216384,91.22270561923462,93.37825676064578,17404400
2022-01-20,89.6313705444336,93.00213392165541,89.47223503479442,91.85443335054154,18093800
2022-01-21,87.00322723388672,89.7085157985591,86.96464826505279,89.33238005016067,37394400
2022-01-24,88.04965209960938,88.13645661427049,82.9669928050726,85.19969439769248,53233800
2022-01-25,86.55957794189453,87.89051922119073,85.3443662079893,86.54993136038337,35890200
2022-01-26,86.14006042480469,89.17807931484434,85.03575840923737,88.38722871494856,43384000
2022-01-27,84.05200958251953,87.08520847353175,83.86876131233977,86.9405391738207,33723000
2022-01-28,85.88446807861328,85.88446807861328,82.69212641476634,84.3461657009569,31685800
2022-01-31,89.18770599365234,89.2552173459599,85.98090572176476,86.31846248330258,22194800
2022-02-01,89.72781372070312,89.8917688283031,87.93393204481096,89.36131717643691,22366000
2022-02-02,89.19254302978516,90.43186028519948,88.3438203813469,90.31612337181616,19294200
2022-02-03,86.46314239501953,88.49331018345597,86.27989411987068,87.11414322409298,19166600
2022-02-04,88.92249298095703,89.983396324303,87.12379162586215,88.3775824726238,20021600
2022-02-07,88.73925018310547,90.21968050388165,88.41133260441121,89.2311155138672,18764600
2022-02-08,89.98819732666016,90.18108479018605,88.02071429431876,88.47882753883155,18318200
2022-02-09,91.17930603027344,91.70493067963857,90.80317028502262,91.11661428666967,16918800
2022-02-10,89.60725402832031,91.36737628315065,89.03340381382021,89.56867505880417,25946400
2022-02-11,87.03217315673828,90.03162038684899,86.64157115405156,89.69888316731968,25319200
2022-02-14,87.52884674072266,88.67172747043897,86.69941735503056,86.92124457323517,30854800
2022-02-15,89.48668670654297,89.56866424754999,88.72958831777223,88.91283656130862,20722400
2022-02-16,89.74227905273438,89.99303132376515,88.54635304150626,88.94660158258023,17397600
2022-02-17,87.34076690673828,89.59276134426486,87.21539080122383,89.16840748657813,18136400
2022-02-18,86.80068969726562,87.85193896278119,85.93750829843339,87.5722543267378,18990400
2022-02-22,84.26901245117188,86.42456374458638,83.25633468015788,85.58548766694089,27345600
2022-02-23,81.45281219482422,85.15148549329561,81.3033232813582,84.92965825002625,27134400
2022-02-24,83.314208984375,83.44440473914891,77.87469892822092,78.10616540600563,41736000
2022-02-25,84.9634017944336,84.97786798606435,82.44136182494185,83.56494195191799,27338000
2022-02-28,85.56137084960938,85.93268699587222,83.97966987724614,84.12916614468212,32321800
2022-03-01,84.26417541503906,85.69638724963237,83.68067870687015,85.43598108433271,26997600
2022-03-02,86.03397369384766,86.41010952189434,84.3606482770454,84.56800200047658,20262800
2022-03-03,84.08577728271484,86.6222917177815,83.68070905444141,86.47280277817018,22404000
2022-03-04,82.75000762939453,83.81090365373305,81.89164569857807,83.60836956021099,21659200
2022-03-07,78.69449615478516,83.14062238650853,78.66073678825461,82.9525544594915,32146200
2022-03-08,78.85842895507812,81.36118344573696,77.98078133041085,78.6028497256068,50888400
2022-03-09,81.39493560791016,81.85787587550007,80.58961894914233,80.95611547378857,31938200
2022-03-10,81.97361755371094,82.23883602269818,80.68607474708968,81.37565453955467,25854800
2022-03-11,80.396728515625,82.85608434054242,80.33403677382644,82.62461053614115,24156400
2022-03-14,79.05613708496094,80.95128186410354,78.56426447065049,80.30510074537695,30349200
2022-03-15,81.70355987548828,81.93503368802276,79.43709880793605,79.63481326348953,27120400
2022-03-16,84.49082946777344,84.49082946777344,81.85787199687039,82.64872242463349,33778800
2022-03-17,85.89892578125,85.923031196399,83.52154760764456,83.74819443225356,26085600
2022-03-18,87.70728302001953,87.81337334776826,85.2479270341151,85.65782215116121,30129200
2022-03-21,86.9726791381836,88.32981493092939,86.17095232562893,87.79854839984138,25648000
2022-03-22,89.13156127929688,89.42133705745692,87.48464204144302,87.54259572317672,16421600
2022-03-23,88.02555847167969,89.51793202967129,87.83720164565042,88.39744510699072,15758000
2022-03-24,88.71137237548828,88.812798685038,87.43633982831504,88.42642362266916,15134000
2022-03-25,88.55682373046875,89.01081386044656,87.74543539041476,88.82728405398971,16407800
2022-03-28,90.91853332519531,90.94268314791832,89.36820608807002,89.4889478321938,23065600
2022-03-29,92.50265502929688,92.8214149701066,91.30489911262178,92.12111439916922,19373400
2022-03-30,91.09723663330078,92.24670049508956,90.64324645698113,91.76373347679066,16296000
2022-03-31,89.34889221191406,91.0779149022998,89.26678870881506,91.0779149022998,16778000
2022-04-01,89.45995330810547,90.05883489358811,88.96733239549644,89.83666688574284,9978800
2022-04-04,91.46912384033203,91.49810068248217,88.89974311996349,89.4986175097115,15424200
2022-04-05,89.32472229003906,91.4739234154897,89.06392341943514,91.00544495596016,16219800
2022-04-06,87.04513549804688,88.1124957511702,86.23858153731167,88.1124957511702,27844800
2022-04-07,87.48945617675781,87.96276907286584,85.68316458008884,86.85677067934763,22538400
2022-04-08,86.68289947509766,87.72610977577487,86.39795076512729,86.95335976723837,18595000
2022-04-11,85.07463073730469,86.71188850776768,84.98287320130683,85.37890229350734,18593800
2022-04-12,85.26298522949219,87.1610492445619,84.92490982602297,86.2627303899202,23297400
2022-04-13,87.38322448730469,87.53295046260968,85.00220047720299,85.08913100851655,16820200
2022-04-14,86.16130828857422,87.70197416973333,86.09852759096782,87.21900717849807,17839400
2022-04-18,86.42211151123047,86.91956690491737,85.53828106442498,85.87635647234455,15385600
2022-04-19,88.92871856689453,89.05428733740571,86.39796876277032,86.47041086700912,17470000
2022-04-20,87.78407287597656,89.33922709231489,87.64401569874953,89.10257799601843,13876600
2022-04-21,86.93404388427734,90.73982549700368,86.65874920795515,90.18440912827111,23446600
2022-04-22,84.91525268554688,87.0692811556115,84.82831480241248,86.74569418345348,22307400
2022-04-25,85.52861022949219,85.60105968930107,83.66919200624342,84.17147436126265,25809600
2022-04-26,81.20124816894531,85.02634611777589,81.16743693988187,84.89594295773281,29196600
2022-04-27,81.21088409423828,82.93990654034032,80.7037747273022,81.71800083066465,25103000
2022-04-28,82.87713623046875,83.71266703751833,80.26911013204656,82.3217197850265,13985600
2022-04-29,78.66565704345703,81.79528073122894,78.51110408628774,81.0708303258518,18836600
2022-05-02,79.81512451171875,79.87308556351384,77.34233580688306,78.4241845499945,33548200
2022-05-03,79.6170883178711,80.12903200070173,78.93126890444931,79.77646089351593,24068800
2022-05-04,81.95465087890625,82.03675436399976,78.18268073292977,79.4915168481419,18696600
2022-05-05,77.36164855957031,80.9114588672895,76.44401423065217,80.85833220385794,22776800
2022-05-06,76.3812255859375,77.69006935539588,75.03857795972836,76.93180765301973,25545400
2022-05-09,73.12602233886719,75.7581905506407,72.72033189911107,74.71498024599045,22095400
2022-05-10,72.90869140625,75.10618505454148,71.88479649762634,74.66669074657752,25447000
2022-05-11,70.29583740234375,73.48341468540896,70.09781919443098,72.74447587977396,25713600
2022-05-12,70.77880859375,72.4402160948903,68.5957958978686,69.06910144940574,23601200
2022-05-13,73.5655288696289,73.90843127492202,71.8268449134543,72.3822539544455,12573400
2022-05-16,71.97657012939453,73.32405216213998,71.7978747008371,73.27092549831326,11730200
2022-05-17,73.79251098632812,73.82632220740633,71.93791981934905,73.41097036974527,11210000
2022-05-18,68.96768951416016,71.78338802647343,68.4412572494776,71.78338802647343,14761600
2022-05-19,69.01597595214844,70.16061266384227,68.12249149375278,68.53784337603383,15413800
2022-05-20,67.81339263916016,69.67764540000391,65.84288655753068,69.58105348187806,15624600
2022-05-23,68.32051086425781,68.49920628503962,66.56733840375355,68.08385439578346,13607000
2022-05-24,66.56250762939453,67.37871557278773,65.68350425567627,67.20002016209386,14872000
2022-05-25,68.44125366210938,69.02563957829382,66.09886087213705,66.13266472844539,12955000
2022-05-26,71.7978744506836,72.30015687734782,69.35406266215155,69.40235493942212,16046000
2022-05-27,74.26099395751953,74.28031676201248,72.59959387616793,72.59959387616793,15248800
2022-05-31,74.63771057128906,75.38631083133642,73.20330548356719,74.33827341506651,14145400
2022-06-01,73.8601303100586,75.55534897935038,73.38682477415374,75.03857081820142,12232800
2022-06-02,76.12040710449219,76.16387235321764,73.62829633804735,73.9325678181044,11625600
2022-06-03,73.89393615722656,75.10135341469758,73.64279130421536,74.56525985760085,10714200
2022-06-06,74.63288879394531,75.58916137605387,74.17889864167911,75.20762069438906,10234800
2022-06-07,74.4493637084961,74.66670476461725,72.69136403811906,73.11155035972696,9637200
2022-06-08,74.0098648071289,75.09654054353423,73.81667358785084,74.06781848816658,8810200
2022-06-09,72.67205047607422,74.85022915480545,72.66722345873274,74.05333649342606,7728400
2022-06-10,69.77423858642578,71.61916857548533,69.55690492431937,71.17001283176481,13439000
2022-06-13,66.55284881591797,68.07419179792826,66.05055904868588,67.34974135516318,20171800
2022-06-14,66.49971008300781,67.38354034707,65.91048990696636,66.89091207196377,13355400
2022-06-15,68.36880493164062,69.13672066590215,66.85228889986062,66.96820362879289,18120800
2022-06-16,65.0218505859375,66.51421687061753,64.25392744310463,66.43694038073005,24019400
2022-06-17,65.73180389404297,66.30170134946165,64.79967386186183,65.03149593105836,22390000
2022-06-21,67.61199188232422,68.36716152255364,66.91007176218962,67.0310927272657,12856600
2022-06-22,67.48129272460938,68.85125104838373,66.65351339183267,66.65351339183267,12021800
2022-06-23,68.54141998291016,68.72537418124386,67.03108096742316,67.96052092976379,11777400
2022-06-24,71.15547180175781,71.17967007960048,68.70600186578615,69.0303444726457,13404600
2022-06-27,70.40998840332031,71.87192357185538,70.18246842261499,71.50402253689043,14574200
2022-06-28,67.59747314453125,71.41205650727065,67.57326747306807,70.57458607115484,11367800
2022-06-29,67.5442123413086,68.00893604157245,66.81808663788749,67.5635798298581,11919200
2022-06-30,66.55182647705078,67.38929661484217,65.23511819305904,66.66317104881132,12569200
2022-07-01,67.77658081054688,67.86371974921278,66.40178437565878,66.65834823898177,11335400
2022-07-05,69.291748046875,69.33531381183832,66.33399602323381,66.80355785414564,11515800
2022-07-06,69.06424713134766,69.78068921442006,68.28003359969453,69.17074617719362,15889800
2022-07-07,70.84566497802734,70.98120784707439,69.23366508557602,69.24334144298483,8559000
2022-07-08,70.85533142089844,71.37814272258149,69.93557531155854,70.25991051614749,6196600
2022-07-11,68.91416931152344,70.59877884891316,68.74473702875912,70.40514828563894,7615200
2022-07-12,68.49786376953125,69.9936810713064,68.05734569972954,68.9141761698816,14874400
2022-07-13,69.05939483642578,69.66933774898455,66.87133405063233,67.14241978954733,14236200
2022-07-14,69.00129699707031,69.1174797604685,67.46675233986326,68.29937701122002,10515200
2022-07-15,70.11470031738281,70.43419741864771,69.43698590851764,69.86782022269615,7519600
2022-07-18,70.3180160522461,71.92033976990885,70.04693028325579,71.07319304854752,8042600
2022-07-19,72.47216796875,72.58350514229086,70.74398575749048,71.34909033232412,8840000
2022-07-20,73.66303253173828,73.80342097319271,72.42861733808678,72.61257154970318,9340400
2022-07-21,75.3476333618164,75.39604469183323,73.5081210056874,73.92927150801258,10763200
2022-07-22,74.91194915771484,76.38840585266901,74.45207114099948,75.82686701351747,7794600
2022-07-25,74.26812744140625,75.01362054686936,73.81308753822026,74.97489296079696,9123400
2022-07-26,71.87676239013672,72.90302509517012,71.74606507910467,72.57384426177215,8196400
2022-07-27,74.5973129272461,74.9845740392929,72.61740466722547,72.96594557729338,10402600
2022-07-28,75.88013458251953,76.00599370959722,73.85666787252127,75.03298794443718,11074600
2022-07-29,78.82337188720703,79.13802342593367,77.0903508682741,77.61316229743821,13605400
2022-08-01,79.21546173095703,80.3530614575208,78.4506085468359,78.83787701033833,17921800
2022-08-02,78.67330932617188,80.05778943185788,78.41189991085959,78.72171327922476,13815400
2022-08-03,80.59027099609375,80.95817942078904,79.22999666550058,79.53497183091214,12027600
2022-08-04,80.91944885253906,81.2583060313455,80.32402046706576,80.78874415980926,9827600
2022-08-05,79.53980255126953,80.71612994574116,79.12833578135599,80.01420257456542,8788200
2022-08-08,79.89804077148438,81.60685616788948,79.59306558285985,80.36760269603535,7294000
2022-08-09,78.62488555908203,79.67050828199264,78.16016927325434,79.41394447311164,6639400
2022-08-10,80.84200286865234,81.1808600860047,79.94160661309704,80.91945805734241,7246800
2022-08-11,80.43049621582031,81.93115849892082,80.17877803385961,81.5535738394494,7822000
2022-08-12,82.25068664550781,82.27489231470214,80.31435129449281,81.01143320270351,5897800
2022-08-15,82.81706237792969,83.07846439559793,81.9408718290075,82.0425252966712,7714800
2022-08-16,83.73197174072266,84.59847845398397,82.70087092904092,82.94775838340543,7224600
2022-08-17,82.83159637451172,83.69326512506937,82.28942477052958,82.8122362685984,7495400
2022-08-18,82.807373046875,82.9961654320474,82.27488530264819,82.73476343201352,5669000
2022-08-19,81.09855651855469,82.18774504297613,80.8274707787661,82.08124601855455,7149600
2022-08-22,78.84756469726562,79.8689817199116,78.678132427717,79.8689817199116,8369400
2022-08-23,79.07024383544922,79.65598846660552,78.65393148401225,78.91049529967931,8787000
2022-08-24,79.40911102294922,80.2030082366793,78.71687466717806,78.91050525139191,6664000
2022-08-25,80.35791015625,80.45472543816788,79.30261102623967,79.90287020605012,6090000
2022-08-26,77.2984848022461,80.76937157201789,77.27912470353537,80.50312404892455,7893800
2022-08-29,76.88701629638672,77.53084851498292,76.22382397952704,76.22382397952704,7051400
2022-08-30,76.03018951416016,77.709960649557,75.2653363337506,77.53569021115317,7334400
2022-08-31,75.27986907958984,76.65467268536815,75.260508977664,76.4223071430624,8862800
2022-09-01,75.96727752685547,76.0302107931105,74.03094206333947,74.78611909879893,11943800
2022-09-02,75.27020263671875,77.06131145536031,74.83936829342497,76.72729240751377,16482600
2022-09-06,75.11528778076172,75.77848027093457,73.99221712470553,75.59937161569853,17922000
2022-09-07,77.41951751708984,77.52601654253866,75.03298796165161,75.03298796165161,12633200
2022-09-08,78.14081573486328,78.19890343432799,76.38358896072077,76.62563089053508,9391400
2022-09-09,79.62210083007812,79.7528055234443,78.51355218547148,78.51355218547148,8950800
2022-09-12,80.64836883544922,80.93397652168305,80.06262415250667,80.06262415250667,8791600
2022-09-13,76.49008178710938,78.46030648128313,76.27709111086318,78.0778761267844,13350800
2022-09-14,77.4727554321289,77.79709802523502,76.3690451395509,76.75631359352403,14924800
2022-09-15,77.07582092285156,78.63457130317757,76.69823616106152,77.37111232748555,11364000
2022-09-16,76.45619201660156,76.5868967030741,75.36700353123875,75.91402055646681,17364200
2022-09-19,77.53795623779297,77.55250856568085,75.75280159823117,75.80130689052484,10028600
2022-09-20,76.22335815429688,77.02861422676139,75.58302602221771,76.73756022290642,9142000
2022-09-21,74.41879272460938,77.14503770052676,74.40424039500118,76.43679965293198,10222400
2022-09-22,72.70154571533203,74.30721694148758,72.32802604293866,74.04041929034916,11338800
2022-09-23,71.02796173095703,71.85262584578079,70.1208319448508,71.73620720491097,11213000
2022-09-26,70.86786651611328,72.41047986046628,70.72719154857685,70.73689556764765,12839600
2022-09-27,71.09101104736328,72.63847262416745,70.3245564224071,71.9108266715885,14563400
2022-09-28,73.01200103759766,73.39523209737241,71.03280291923726,71.39177763059615,13861400
2022-09-29,70.48950958251953,71.95450596046693,69.81037611035832,71.85748795044385,12313600
2022-09-30,69.10211181640625,71.08615808053008,68.8983718300608,69.66482648459714,12232400
2022-10-03,69.17002868652344,69.81036073524774,68.01064632739208,69.03905773273735,17291600
2022-10-04,71.5858154296875,72.28434935636457,70.68353411381553,70.88727410101272,19663800
2022-10-05,71.16380310058594,71.63434827654665,69.69880655062579,70.45070917008881,12541200
2022-10-06,70.65928649902344,71.71194693062378,70.35367277946254,71.01340551562664,14429000
2022-10-07,68.22893524169922,69.76670026311392,67.83115928749558,69.61146556742628,11195400
2022-10-10,67.8069076538086,68.52484966626865,67.13747093562391,68.33081368517075,9728400
2022-10-11,67.25389862060547,68.62672505655316,66.80760993149855,67.47219095521234,12003400
2022-10-12,67.42854309082031,67.94760089634964,66.71544927316751,67.25875602871274,19440000
2022-10-13,68.1658935546875,68.5491172709851,64.78476384474766,65.41053627824611,19564200
2022-10-14,65.6191177368164,69.20398670043087,65.51239573232468,68.84501201241345,13421400
2022-10-17,68.28229522705078,68.46663457493747,66.99194199783672,67.02104665234566,13131000
2022-10-18,69.22338104248047,70.6156152828509,68.54909611286448,70.41186790953063,10368000
2022-10-19,68.44723510742188,69.10696776154153,67.72443743279152,68.66067171146254,7144800
2022-10-20,67.12290954589844,68.77709307874528,66.8997689379585,67.51583716587733,10195200
2022-10-21,69.07786560058594,69.14093063013131,66.67663499265102,67.04531374753313,15575800
2022-10-24,69.36407470703125,69.6599843949974,67.53525557314214,68.76255131126445,9081200
2022-10-25,71.1007308959961,71.2947668990855,69.3980342505905,69.3980342505905,7455000
2022-10-26,70.5282974243164,71.94963638801747,70.0480484239264,70.2420917886283,6864600
2022-10-27,70.25663757324219,71.32385007272963,70.00924063353274,70.87271317055414,12722200
2022-10-28,70.31970977783203,70.4167277600718,67.87966348261627,68.3696165062231,14082600
2022-10-31,69.86857604980469,70.39733042509714,69.27675664556955,69.94619340819588,9367400
2022-11-01,69.16033172607422,71.26079670694729,69.02449766023216,71.05705671118123,12514600
2022-11-02,66.54564666748047,69.49503925524104,66.52624603159943,69.09240759223121,19853200
2022-11-03,66.14788055419922,66.90947960927578,65.71129586295775,66.07026319513446,11117400
2022-11-04,66.70089721679688,68.37933759636839,65.44449663842944,67.71474907801233,12628800
2022-11-07,66.2352066040039,67.16174456646817,65.58517775785624,67.10353523755947,7424600
2022-11-08,66.07026672363281,66.86097788208586,65.15828861291308,66.3128154321645,9535600
2022-11-09,64.05225372314453,66.02660357956258,63.98434038716446,65.72098986665303,10155400
2022-11-10,68.73343658447266,68.81105392778116,66.55534707561017,67.2635923798051,15516000
2022-11-11,70.38277435302734,70.7708537223484,68.62672427429749,68.83531258663355,11350400
2022-11-14,69.26703643798828,70.38761735764166,69.19427480774966,69.77154174763254,15841000
2022-11-15,70.21299743652344,71.28991421213921,69.43683866782787,70.91153144595114,8739400
2022-11-16,69.14092254638672,69.7133412505683,68.63642457500447,68.9226302260963,9573600
2022-11-17,68.30170440673828,68.59275835869167,67.66137238884495,68.14162140226495,7565000
2022-11-18,68.39388275146484,69.20884280263154,67.60317164786964,69.1845864530614,7414000
2022-11-21,67.40426635742188,68.20468131990413,67.0404433932019,68.01063796445517,6752800
2022-11-22,68.1658935546875,68.19984652605592,67.20539530513254,67.67109209903792,5520800
2022-11-23,69.15062713623047,69.29615781829088,68.26774642652917,68.40842879992015,6177000
2022-11-25,69.18944549560547,69.38348149751207,68.82562244053133,69.18458978425845,2728400
2022-11-28,68.76254272460938,69.53384566017323,68.61216374494569,68.81590372403818,6041000
2022-11-29,68.54425811767578,69.07786076990219,68.28230139942067,68.82561547335803,10423000
2022-11-30,70.90667724609375,70.93093359347506,68.13677558190125,68.57820853544992,16408600
2022-12-01,70.89697265625,71.46454305281314,70.35851431750895,71.16863338193747,9654000
2022-12-02,70.80481719970703,71.01825383030747,69.88312773184731,69.89768006116101,11972400
2022-12-05,68.76254272460938,70.0820079813966,68.5782033807649,69.86371567536875,11580000
2022-12-06,67.69046783447266,68.85955399772381,67.10350429992523,68.56364437553154,7899800
2022-12-07,67.28300476074219,68.00094680668937,67.02105543384205,67.2296437531516,10852600
2022-12-08,67.93302917480469,68.19013757839323,67.07441220058664,67.39457082388923,6407000
2022-12-09,67.63713073730469,68.31142326718923,67.41399006586028,67.52071209202911,7218400
2022-12-12,67.8069076538086,67.8069076538086,67.0550052735574,67.49644564285305,6545600
2022-12-13,67.8069076538086,70.49435114420349,67.07441331286611,70.05775908373592,10744000
2022-12-14,67.30240631103516,68.22408827836057,66.54564825763366,67.66622930897906,10903800
2022-12-15,66.1963882446289,66.57961189776232,65.70643517935923,66.25944586734815,11947800
2022-12-16,64.95938873291016,66.07511413235835,64.61982206403415,65.8180057237827,13371800
2022-12-19,63.91647720336914,65.08390595212357,63.6635406167469,64.94770704477811,8675800
2022-12-20,63.17225646972656,64.05268793411437,63.084703194107625,63.52248441677262,7710200
2022-12-21,64.17914581298828,64.53423525799109,63.697580664240824,63.940794036324434,10670200
2022-12-22,62.53017044067383,63.49815508148822,61.596228107207416,63.454378448164675,12894200
2022-12-23,62.958221435546875,63.13333539232675,61.94159113587584,62.36478752775978,6550800
2022-12-27,61.93672561645508,62.78311092432792,61.89781058160396,62.666365819774576,8536000
2022-12-28,61.41625213623047,62.56908505073169,61.289780122255216,61.965913114014114,10073800
2022-12-29,62.997135162353516,63.13820309747505,62.053469649495234,62.29668677208968,7492200
2022-12-30,62.82688903808594,62.84148124871403,62.10697572091607,62.37450824176261,7531000
2023-01-03,62.45234298706055,63.381420052094114,61.6935182884748,63.20143707040464,9567000
2023-01-04,63.357086181640625,63.82405914214302,62.24316844374349,63.03604273518794,8079600
2023-01-05,62.76852035522461,63.186847762423554,62.345331351323765,62.9144499014168,7776200
2023-01-06,64.24238586425781,64.49046084025426,62.150745597131376,62.59339201968435,9239400
2023-01-09,64.63153076171875,65.68221449968321,64.58289253191272,65.02067371158904,9387800
2023-01-10,65.4438705444336,65.45360116047789,64.31536401871087,64.66559197345231,8830800
2023-01-11,67.20957946777344,67.21444106298465,65.94487444056146,66.00324327222707,12708000
2023-01-12,67.32147979736328,67.70576120373734,66.24161148868785,67.62793111861279,9572200
2023-01-13,67.9538345336914,68.01707240404359,66.18810998352342,66.28052485720357,7969400
2023-01-17,68.00247955322266,68.54727528565232,67.80790434715122,68.15327069899979,7499800
2023-01-18,67.11717987060547,69.08721024977787,67.08799544491607,68.69320565840044,9596800
2023-01-19,66.00325012207031,66.83503574875907,65.6627528648795,66.62587579872883,12957200
2023-01-20,67.60359954833984,67.64251458587056,65.82328297058788,66.14918805983754,7502600
2023-01-23,68.65914154052734,68.91694715708825,67.38956726439659,67.78357921681022,9168000
2023-01-24,68.5813217163086,68.90722680307734,67.97814977260087,68.42079997107304,6373000
2023-01-25,68.93154907226562,69.02396393488095,67.02961839314544,67.54036804708072,7540400
2023-01-26,70.34217071533203,70.54646905414252,69.45687049153696,70.15246458484494,9641200
2023-01-27,71.93766784667969,72.49219416878668,70.38596497963617,70.4005571916165,10945200
2023-01-30,70.71187591552734,71.86957431000083,70.6535070627927,71.39773962430124,9578400
2023-01-31,72.3316650390625,72.3316650390625,70.78969294466896,70.78969294466896,6975600
2023-02-01,73.70337677001953,74.28222573928497,71.39771150534314,72.14194377374653,13913800
2023-02-02,75.96040344238281,76.87001909431504,74.95836551992166,75.30372435767549,14039600
2023-02-03,73.62069702148438,75.37182899751127,73.29478454329245,73.68392745650412,13593800
2023-02-06,73.51367950439453,73.96119123834119,72.90077702910918,73.34342716741895,8770000
2023-02-07,73.68394470214844,73.86878929920049,71.82579780453406,73.19265620538198,9833200
2023-02-08,73.05644226074219,73.62069912994495,72.55055423239352,73.44071616683824,11128000
2023-02-09,72.92024993896484,74.51572939292394,72.56029140251282,74.0293025491002,8316200
2023-02-10,72.06411743164062,72.62837422253725,71.48040683725371,72.28301539903326,6433000
2023-02-13,73.11968231201172,73.153728329436,71.57284118244776,72.05926799690567,6721400
2023-02-14,73.99525451660156,74.194691318497,72.15169990954568,72.60407334467494,8722600
2023-02-15,74.86109924316406,74.87569145682995,73.49910981910945,73.78609991758626,6820200
2023-02-16,73.22669219970703,74.75894117756529,73.21209998849466,73.7131190328777,11257600
2023-02-17,73.24128723144531,73.27533324804023,72.01062059234476,72.8083602517312,7480200
2023-02-21,70.79454803466797,72.3413890052592,70.775094229894,72.1468212683859,8837200
2023-02-22,71.15451049804688,71.62148348389657,70.63889928639612,70.95507373209628,9928400
2023-02-23,71.09615325927734,71.49501943397965,69.89467829391214,71.4025971409077,10568600
2023-02-24,69.97737884521484,70.11357779260763,69.40339120495729,69.77794202143042,11914600
2023-02-27,70.84320068359375,71.37340412793033,70.55134162714721,70.77023963062418,11244400
2023-02-28,70.79454803466797,71.31502823534329,70.51728863850936,70.79941705257401,11185000
2023-03-01,69.90441131591797,70.77511217932893,69.4958070892036,70.54162935141021,12688800
2023-03-02,69.6709213256836,69.77793583518843,68.60078365292058,68.78562824611716,10982800
2023-03-03,71.16911315917969,71.29071987496594,70.11842935343812,70.27895110895015,10035200
2023-03-06,70.64863586425781,71.5971667037121,70.62431303816219,71.34908426873483,9854400
2023-03-07,69.68548583984375,70.89182939070979,69.65143983068961,70.54160157559156,11941800
2023-03-08,69.55905151367188,69.70498107822769,68.8440033274058,69.55905151367188,10816600
2023-03-09,67.90032196044922,70.15734223925767,67.84195311379497,69.43743258214484,13337400
2023-03-10,67.22417449951172,68.82938423828885,66.99555333617432,68.1240669443319,29058600
2023-03-13,67.36527252197266,68.22624289916561,66.01300616375282,66.23189681181398,23628200
2023-03-14,68.50835418701172,68.70292937587905,67.65224562284902,68.27973297902042,15038200
2023-03-15,68.40619659423828,68.44511162512082,67.1220302642474,67.49171192420668,18002800
2023-03-16,69.64173126220703,69.93845193776194,67.92464507454348,67.97815232496436,21495600
2023-03-17,68.7515640258789,69.66604881021874,68.19217615937222,69.62227217836012,16880000
2023-03-20,69.04918670654297,69.47366701651248,68.18558190304653,68.6686166124462,11729600
2023-03-21,70.9569320678711,71.06427314232938,69.9128022530873,69.94208318288649,12776800
2023-03-22,69.3760986328125,71.5082683147129,69.3468251503506,70.99108360472708,10983600
2023-03-23,69.30290985107422,70.72761723569474,68.61496065489591,70.21530894029277,12255600
2023-03-24,69.0784683227539,69.20044612228308,68.20022667715703,69.14189916088797,9434600
2023-03-27,69.21996307373047,70.00062401131358,68.9320972379088,69.74203165778775,8414400
2023-03-28,69.13703155517578,69.38587108953612,68.66864086391361,69.20046240823795,5719600
2023-03-29,70.4494857788086,70.4738828236081,69.64443541495471,69.88839097308411,7725400
2023-03-30,71.06425476074219,71.42043525428504,70.78127285029606,71.12280916025965,6478400
2023-03-31,72.96224212646484,73.00615979535604,71.41556441931473,71.51802905348148,10453800
2023-04-03,72.29380798339844,72.6451046739604,71.79125999869292,72.30356829284037,11338400
2023-04-04,72.17670440673828,72.6987729944279,71.5473021981953,72.53288496364101,9383000
2023-04-05,70.69833374023438,71.89859863316767,70.5470824512124,71.87420158285634,8861600
2023-04-06,70.71295928955078,70.83982095311725,69.71762382081883,70.37142297405126,7636200
2023-04-10,71.02523803710938,71.04962764153281,69.5712572786572,69.9908612148323,7276800
2023-04-11,71.137451171875,71.53753446607851,70.81542800792556,71.06426002828627,8808000
2023-04-12,70.03475952148438,71.75220876397515,69.95669939972842,71.72781171876825,9062600
2023-04-13,71.58145904541016,71.64488244206032,70.31288688332444,70.54220575450866,13140000
2023-04-14,71.67414855957031,72.11327308360194,71.0788963310566,71.4204401091702,10801600
2023-04-17,72.18157196044922,72.33769964678432,71.49361549754897,71.85467240490642,9102400
2023-04-18,72.29867553710938,72.70852658905696,71.98641267772739,72.54263112865573,9058800
2023-04-19,72.2303695678711,72.64509705892962,71.55705718565298,71.62536445471667,7600400
2023-04-20,71.11793518066406,71.72782419223137,70.71785186044171,71.04475147724968,8287000
2023-04-21,71.90347290039062,72.19134617350187,71.1472164780501,71.69855108482729,8870200
2023-04-24,71.89371490478516,72.43529660902134,71.23503183789958,72.01080882250083,7750000
2023-04-25,70.4690170288086,71.5473041481806,70.45926416433262,71.42044990558054,8494400
2023-04-26,70.10795593261719,71.05450477638063,69.96645752672944,70.82518593505924,7706000
2023-04-27,71.9571304321289,72.04007442975839,70.55195145855551,70.6007381039613,9630800
2023-04-28,72.14254760742188,72.24012835475274,70.95204313315737,71.62047906955432,8271000
2023-05-01,71.4301986694336,72.12303914405854,71.3277414837747,71.96690398218975,8547800
2023-05-02,71.50337219238281,71.65949987083089,70.63489104214291,71.32284002535754,9217200
2023-05-03,70.9374008178711,72.15717867597117,70.88373029431736,71.20575343563975,8512000
2023-05-04,70.39095306396484,71.25455055405581,70.27872812417596,70.94717155119899,10663000
2023-05-05,71.81563568115234,71.95225019295084,70.92763390952962,71.05449555972287,7371800
2023-05-08,72.05960083007812,72.08887430865877,71.58144997508262,72.03520378294975,6850000
2023-05-09,72.04008483886719,72.09375536802149,71.54729721294787,71.66439857972107,8465000
2023-05-10,72.406005859375,73.07444914367565,71.57655846006308,72.70363193473823,9028000
2023-05-11,72.74268341064453,72.83538773542793,72.17670459770814,72.44994113994036,8288600
2023-05-12,72.1279067993164,73.18179667888806,71.69854260135757,72.99151162659874,7557800
2023-05-15,72.22061157226562,72.36698640841017,71.59120201032414,72.21085126454041,6412000
2023-05-16,71.92787170410156,72.57191809295087,71.62536912778809,71.72782631560129,6948800
2023-05-17,73.4257583618164,73.50381849480925,72.36699196283584,72.38162870308037,9331800
2023-05-18,74.5674819946289,74.59675548030947,73.5770226894483,73.58678299965358,8606600
2023-05-19,73.94294738769531,74.42597473405387,73.57213009319119,74.38694838772817,7150200
2023-05-22,73.71363067626953,74.1966654817111,73.45991474811424,73.97709946882469,7120000
2023-05-23,73.0403060913086,74.084435774953,72.8939312404374,73.14764715228519,8583200
2023-05-24,72.77194213867188,73.15739610094299,72.20597088542098,72.88416705904262,6952400
2023-05-25,72.44505310058594,73.08909946001383,72.20109749988158,72.99639514055671,7997800
2023-05-26,74.14786529541016,74.68457059074771,72.4938466333314,72.6158244327323,10410200
2023-05-30,74.6455307006836,75.2115019854964,74.16249597435878,74.95779354383092,10981400
2023-05-31,73.97220611572266,74.30398210785755,72.94758977307932,74.15273084997646,12489800
2023-06-01,74.84556579589844,75.21149915039912,73.39646911648111,73.9087773017687,10168800
2023-06-02,76.60205841064453,76.88992423190035,75.69454328072106,75.73845350194298,10824600
2023-06-05,76.83139038085938,77.08998276542705,76.38251289359216,76.58743473919662,7854800
2023-06-06,77.63154602050781,77.7388870727614,76.6410869478409,76.6898735975439,9799200
2023-06-07,77.1045913696289,78.44147047823415,76.95821654906251,78.17799431222811,9206400
2023-06-08,78.24632263183594,78.38293718249034,77.1777958324832,77.22658993411747,6720000
2023-06-09,78.65128326416016,79.70029680195968,78.46588207233442,79.05137401823457,11579000
2023-06-12,80.00279235839844,80.11013340766034,78.9001158327201,79.13431110159455,9410800
2023-06-13,80.83226013183594,80.88593066994707,79.99305214224466,80.6419750321574,10836400
2023-06-14,80.7737045288086,81.20306134287681,79.69541744924399,80.9737499172016,13420200
2023-06-15,81.3006362915039,81.5836256483616,79.91008655339735,80.0515849542928,10713600
2023-06-16,81.17865753173828,81.90564036268096,81.12498700875506,81.87636688558703,13295000
2023-06-20,81.78684997558594,81.87974077476069,80.75528616248891,81.00462619393905,10973400
2023-06-21,80.8041763305664,81.95796327918404,80.66728698580752,81.75751550296218,10916000
2023-06-22,81.83573150634766,81.855283927866,80.21261196360089,80.30549529069927,10753000
2023-06-23,80.88728332519531,81.62551596338709,80.55483992090694,80.87261714323608,11690400
2023-06-26,79.85082244873047,81.55216646297653,79.81659638889069,80.39349348688332,8673400
2023-06-27,81.56684112548828,81.67439809630098,80.21750020971423,80.32016348009323,10957000
2023-06-28,81.88951873779297,82.48108212566213,81.28328916724118,81.35173383973012,8715400
2023-06-29,81.97750091552734,82.22684089557669,81.48860835531573,82.03127939554696,7752600
2023-06-30,83.01886749267578,83.2828737259973,82.45664387638558,82.6668641548541,9479000
2023-07-03,84.02108764648438,84.48553415276083,83.84997224210959,83.84997224210959,9303200
2023-07-05,84.05531311035156,84.18731621992904,83.55664795845463,83.88909139305258,14528600
2023-07-06,82.70105743408203,83.1508376407624,82.31482817992865,82.9943884593566,11474400
2023-07-07,82.80374145507812,83.62508494369538,82.59352120722176,82.7450767272874,10563600
2023-07-10,83.0579605102539,83.12151893312502,82.34906775788612,82.86729270154935,10638800
2023-07-11,83.752197265625,83.89398030928366,83.21441983563929,83.2877507479388,9633200
2023-07-12,84.50508880615234,85.00375388649965,84.30952729041012,84.89131067739102,10131800
2023-07-13,85.29708099365234,85.50730120249155,84.69574526567794,85.29219475387983,7390000
2023-07-14,85.51710510253906,85.89355454792407,85.14065565715406,85.29221865146448,7919800
2023-07-17,85.86421966552734,86.06955368610943,85.47799028926515,85.565994846606,8363400
2023-07-18,86.2162094116211,86.41664969976178,85.30197521487,85.55620144508126,9365200
2023-07-19,86.51933288574219,86.9251146805179,86.34821747424178,86.43622203041365,13090400
2023-07-20,83.57130432128906,85.64420422263139,83.45396740879622,85.52687477004778,19470600
2023-07-21,83.59086608886719,84.33887127235157,83.22909028974225,84.31931884803808,10484000
2023-07-24,84.13842010498047,84.27041573688295,83.12152259380233,83.4735258653605,9651200
2023-07-25,83.94285583496094,84.27041297360444,83.72774190273921,84.09930504381633,6483600
2023-07-26,83.92330932617188,84.28997879286094,83.33663967145125,83.41485682148044,8834600
2023-07-27,83.05308532714844,84.93043130277853,82.89174985831792,84.769095833948,9464000
2023-07-28,84.46109008789062,84.68598398541522,83.69353251963496,83.95753126377195,7943000
2023-07-31,84.9402084350586,84.94998091654828,84.39264361534515,84.67131599590148,6943600
2023-08-01,83.97708892822266,84.63220326036205,83.91841674003486,84.51486634389595,6900200
2023-08-02,82.4712905883789,83.30240648314889,82.30017520126063,83.00418171068279,9707000
2023-08-03,82.66685485839844,82.87218887238478,81.80640649599238,82.00196056838612,8049600
2023-08-04,83.8695297241211,85.37042617532482,83.77175269295269,84.993984232331,13507200
2023-08-07,84.72997283935547,84.74463902013467,83.45885659240165,84.16285564953004,7369000
2023-08-08,84.05531311035156,84.1824299788003,83.23886324724292,83.87442520975621,7255400
2023-08-09,83.0579605102539,84.177521241384,82.91618494374386,84.17263500112806,9045000
2023-08-10,83.2584228515625,84.53443301342634,82.85752728304959,83.68375708554709,8723000
2023-08-11,82.974853515625,83.2241860586024,82.36373775938802,82.69618115002456,6302200
2023-08-14,83.22907257080078,83.23884505092198,82.30506592556993,82.46639390656316,5639400
2023-08-15,82.09484100341797,83.28774009024183,81.97261785861895,82.92107065584476,6628600
2023-08-16,81.07795715332031,82.28063638238535,81.05351102827521,81.7428514710331,6715400
2023-08-17,79.70415496826172,81.38594660007188,79.65526272737314,81.3077219986136,8709200
2023-08-18,79.5232925415039,79.73351283276793,78.67750275502651,78.84373195127337,8249000
2023-08-21,80.4375,80.56460939220068,79.53304569345646,79.98771969693315,6645200
2023-08-22,80.55482482910156,81.219718973021,80.2517063856109,81.05838354178599,8006600
2023-08-23,81.20018005371094,81.43485390148626,80.10506527039928,80.18328242641442,7728600
2023-08-24,79.61127471923828,81.44951579716772,79.58682859555972,81.34195882090974,7949000
2023-08-25,80.50106811523438,80.73573450596844,79.24950408477267,79.9681769000614,10093000
2023-08-28,80.82371520996094,81.10238006797705,80.33970892825987,81.01926923453689,5962800
2023-08-29,82.84286499023438,82.8770910593582,80.80418336414394,80.80418336414394,8913800
2023-08-30,83.19974517822266,83.51264362664237,82.4859661075166,82.69130011935984,7289000
2023-08-31,83.45886993408203,83.91353653073779,83.13619898553986,83.25352845052971,7872600
2023-09-01,82.95040893554688,84.14819434805787,82.46640256204161,83.93308040427776,10618400
2023-09-05,83.00907135009766,83.20463286622793,82.32462469341436,82.80373735309267,9426200
2023-09-06,82.27084350585938,82.70107136730125,81.67439395609998,82.57395452101589,11155000
2023-09-07,82.50062561035156,82.59840263761166,81.19039703326645,81.40061726888021,10439400
2023-09-08,82.50062561035156,83.06284911202887,82.27084549334037,82.3881824019979,5709400
2023-09-11,84.72019958496094,84.85220268230027,83.68863584926265,83.72774815439688,10648600
2023-09-12,83.95262908935547,84.98419266587494,83.95262908935547,84.41707551880366,9908200
2023-09-13,84.61753845214844,84.85709852969019,83.93797798555653,84.2166429093124,7984800
2023-09-14,85.44866180419922,85.66866201767802,84.50020881373794,84.89621068998181,9777000
2023-09-15,83.9868392944336,85.17485194861086,83.79617151782583,85.05751506304165,11981600
2023-09-18,83.07345581054688,83.84728092592918,82.96081260539214,83.7493299878304,7442400
2023-09-19,82.65716552734375,82.81878794414347,81.89803265080367,82.64247325974176,8324000
2023-09-20,81.83436584472656,83.40160342150467,81.82947091297255,82.92654095330637,8857400
2023-09-21,79.6010513305664,80.84505152796355,79.58635906213227,80.80096724948291,12236000
2023-09-22,78.81742095947266,80.2524279768338,78.74885455587989,80.08591063570528,14209400
2023-09-25,79.30228424072266,79.46880157356054,78.29827036632017,78.49417970481514,9486800
2023-09-26,77.85749816894531,79.06721141069838,77.68607840827138,78.5823441383867,11667000
2023-09-27,77.5587387084961,78.31787157806744,76.76532637256074,78.06319315334115,12485000
2023-09-28,78.42562866210938,78.65091510402324,77.07878252306982,77.27468442674959,10291800
2023-09-29,78.8419189453125,79.87042258174114,78.4060308747301,79.56677240114031,13116600
2023-10-02,78.90557861328125,79.54716582047652,78.18073273913164,78.37173967465678,14663600
2023-10-03,76.98571014404297,78.38152772580732,76.71633947883957,78.29826906077663,14613800
2023-10-04,78.50396728515625,78.67538701720993,77.3432334468714,77.36282811673993,15340600
2023-10-05,78.11217498779297,78.60683211323936,77.49506984070558,78.39623795700847,13922000
2023-10-06,78.66071319580078,78.96436339137111,76.86328668251107,77.28937743735055,15265000
2023-10-09,78.74397277832031,78.90070028309991,77.21591697261309,77.7105741473635,10496000
2023-10-10,79.6059341430664,80.36017201602483,78.83211654608095,78.86639600948246,13458600
2023-10-11,79.89000701904297,80.31610521131839,79.18474826110383,79.92918889150381,7974400
2023-10-12,79.01822662353516,80.04673016862563,78.47949272106013,79.90469495450918,9181200
2023-10-13,77.85749816894531,79.25821837133422,77.64200160347346,79.13577782033232,11327000
2023-10-16,79.11617279052734,79.37085119576263,78.08277437642067,78.27868371628519,11071400
2023-10-17,79.30228424072266,79.69409544453548,78.24929863657927,78.39622877215622,13419800
2023-10-18,77.44119262695312,78.82232554592642,77.28936754859316,78.69988500232287,10414600
2023-10-19,75.46255493164062,77.12774329568296,75.1050306453307,76.77511394065652,21134800
2023-10-20,74.2920150756836,75.32541341856049,74.25283321041141,75.28623155328829,13357800
2023-10-23,74.38018035888672,75.32052285369413,73.20475410867192,73.99327152242086,15707200
2023-10-24,75.173583984375,75.65354872795413,74.62504537567976,74.94829014047185,9960400
2023-10-25,73.65534210205078,74.71323032148048,73.57208341901863,74.58588735775479,11201000
2023-10-26,72.50438690185547,73.97857578677,72.40154103320131,73.57696722831378,16921600
2023-10-27,73.2635269165039,74.38998148977551,73.0235482173677,73.76798139299532,15226600
2023-10-30,73.93449401855469,74.39976654481117,73.28800442345364,74.10590627918761,13858000
2023-10-31,74.49283599853516,74.72302483777241,73.67492652190501,73.96878684060145,10168600
2023-11-01,75.41357421875,75.46255342331595,74.34099390808115,74.92871447016304,21669800
2023-11-02,77.3824234008789,77.42650020292436,76.48615772673297,76.72614388205434,20069600
2023-11-03,78.4697036743164,78.89089948345298,77.99463372192358,78.01912332761795,13727200
2023-11-06,78.56764221191406,79.02801982279618,78.02890833763836,78.76355155334116,11280600
2023-11-07,79.44432830810547,79.54227925169182,78.54806260159333,78.70968502144089,8773600
2023-11-08,79.23371887207031,79.60593541029088,78.76355139991563,79.46880260814766,8334600
2023-11-09,77.754638671875,79.22392516775972,77.48037305501826,79.12597422933625,11497200
2023-11-10,79.04759979248047,79.07699179588995,77.45587297066702,77.85258654834114,10312200
2023-11-13,79.38553619384766,79.65490684076302,78.34724294374826,78.69987225004174,9880000
2023-11-14,82.05966186523438,82.31434031339555,81.25154971429366,81.36909533802462,15258400
2023-11-15,82.1575927734375,82.84325672832668,81.89801945671682,82.46124288586319,12388800
2023-11-16,81.31521606445312,82.0155798844158,80.9576917571147,81.44745394866025,12287400
2023-11-17,81.85883331298828,82.07922475317032,81.08011340352948,81.58946267579857,8921000
2023-11-20,82.28004455566406,82.45635923578187,81.58947810243782,81.83926159195835,9285000
2023-11-21,82.06944274902344,82.15270141336606,81.4033659611056,81.66783422000702,7603600
2023-11-22,82.31922912597656,82.95101905776676,81.99598428962906,82.42207500006484,8963400
2023-11-24,82.39759826660156,82.53962602165744,82.12332514698537,82.26536037521963,3483000
2023-11-27,82.52981567382812,82.96080874924264,82.09392766734834,82.44655700665527,7299600
2023-11-28,83.00489807128906,83.04898235023632,81.98129683592633,82.43187717675808,11974000
2023-11-29,82.77960205078125,84.043189315403,82.72082551005126,83.62199356052908,7659400
2023-11-30,82.66206359863281,82.81388868507214,82.01558138005595,82.77960921709138,13023000
2023-12-01,83.79340362548828,83.8178932273828,82.14780251875237,82.30942492344343,14955800
2023-12-04,83.47505950927734,83.83747870644893,82.98529737413554,83.18610164310618,18477600
2023-12-05,83.62200164794922,84.44969349768087,82.95592474961748,83.0244911594526,7822600
2023-12-06,83.74443054199219,84.66028334726877,83.68075907273051,84.24888494552522,12228000
2023-12-07,84.43498992919922,84.58682247003654,83.81299739221593,84.08236059061825,7380200
2023-12-08,84.8219223022461,84.98354473586659,83.94524372047238,84.00891520215946,8096400
2023-12-11,85.04718780517578,85.15493606772775,84.46437716905145,84.72395049069662,18892400
2023-12-12,85.3116683959961,85.3704374614026,84.61620705370274,84.95414412614453,7411400
2023-12-13,86.42832946777344,86.52138547441449,84.6162109600363,85.28228780037604,10898400
2023-12-14,87.58906555175781,87.93679998408024,86.84952735811926,87.18256204987351,15288800
2023-12-15,87.77027893066406,87.98576800101428,87.31969117246409,87.60865652301834,11258200
2023-12-18,88.31489562988281,88.5945630595864,87.87332414635199,88.0499542370736,7719400
2023-12-19,89.00667572021484,89.23727626811598,88.59454143796184,88.61416367145475,7194000
2023-12-20,87.38267517089844,89.38938381321222,87.36304544846634,88.60927079381085,8621600
2023-12-21,88.71228790283203,88.74172499571021,87.80951545069364,88.30505731608011,7855000
2023-12-22,88.05976104736328,88.73684430520524,87.69669349238424,88.3590507134264,8522800
2023-12-26,88.43264770507812,88.5454924150607,88.08429122659345,88.25601762197464,5480800
2023-12-27,88.73683166503906,88.9674322348895,88.50132740798482,88.54548305245524,7495800
2023-12-28,88.275634765625,89.03122187784702,88.20694570874534,88.86439917981437,5608800
2023-12-29,87.73103332519531,88.45717591379038,87.43174366239217,88.3099904128596,8268600
2024-01-02,86.91655731201172,87.49551430217475,86.58292691735969,87.4562623463548,15369600
2024-01-03,85.16009521484375,86.38177981757188,85.12574693953908,86.33762416636287,15522800
2024-01-04,84.56151580810547,85.61148149309885,84.53207122077683,84.81664233924842,11915000
2024-01-05,84.6939926147461,85.3857945097953,84.31129528696299,84.34564356623582,12084400
2024-01-08,86.13645935058594,86.23458551396068,84.82155229096233,84.84117452901873,8142600
2024-01-09,85.81754302978516,85.94020259932522,85.28765279098654,85.50843851884946,8330000
2024-01-10,86.50444030761719,86.71541867652947,85.93039437620642,85.95001661476854,7624400
2024-01-11,86.3915786743164,86.68105342733999,85.48880614630467,86.40629722199252,8592000
2024-01-12,85.35143280029297,86.42592427325607,85.18952128028731,86.03341966462533,7444400
2024-01-16,85.2532958984375,85.58693378685794,84.58602760814186,84.8362578960935,8976200
2024-01-17,84.50753021240234,84.53696730793084,83.87951388597718,84.35542607459651,7961800
2024-01-18,84.98835754394531,85.09138738310698,84.05614787146074,84.90985362783942,9926000
2024-01-19,85.80773162841797,85.97945802731779,84.61057298358087,85.12084100591126,9782800
2024-01-22,85.42992401123047,86.23948156180342,85.04722680061236,85.99416245312284,11184200
2024-01-23,85.22386932373047,85.79791522362136,84.79211272015172,85.51334411754324,7107200
2024-01-24,84.90003204345703,85.87640477052315,84.83625416739888,85.78809348680652,8622200
2024-01-25,83.8500747680664,84.16899412567984,83.27112522082442,84.10030506945544,11092800
2024-01-26,84.23278045654297,84.65964087197264,83.9138685534882,84.20825453057444,6977800
2024-01-29,85.46427154541016,85.47899009288088,84.25729824699599,84.4044912082482,7381200
2024-01-30,85.41521453857422,85.82244520063561,85.25330301125733,85.6065631642131,6274400
2024-01-31,83.85989379882812,85.32690494907871,83.78630105155219,84.87060745632982,13663800
2024-02-01,85.4740982055664,85.4986241303734,83.9580202278832,84.25240619102748,14682200
2024-02-02,86.9999771118164,87.35322976024892,85.64581076555228,86.05794509417811,20763800
2024-02-05,85.77339172363281,86.10702217612912,84.76267053075821,86.10702217612912,13346200
2024-02-06,86.29345703125,86.31307926699385,85.40540300456718,85.40540300456718,9373600
2024-02-07,87.26001739501953,87.58383295632304,86.56821565276323,86.77428282324573,7796400
2024-02-08,87.64271545410156,87.69668596257881,87.152077190325,87.31889240323804,8100000
2024-02-09,88.26583099365234,88.40812029927355,87.36796945397273,87.56912547589928,9584800
2024-02-12,88.19223022460938,88.74665387289829,88.0254150073255,88.29526755678232,6040200
2024-02-13,86.43574523925781,86.92638352124477,85.9745440563427,86.4161230020586,14801400
2024-02-14,87.34833526611328,87.38758722819148,86.28855474964055,86.76447449583766,11561000
2024-02-15,88.35904693603516,88.36395811027394,87.29436275612545,87.52496334896561,10567600
2024-02-16,87.83406066894531,88.34923232322764,87.29435560511706,87.97634246583885,8512200
2024-02-20,87.00486755371094,87.33849791565164,86.45535519919949,87.02940095951112,8756400
2024-02-21,87.64761352539062,88.05974784378364,87.07356769194065,87.2894497120166,8886200
2024-02-22,89.35012817382812,89.49240996614417,88.275629254577,88.4326370813832,8800000
2024-02-23,88.94779205322266,89.39918576543451,88.80551027558995,89.00176255229944,7575800
2024-02-26,89.22256469726562,89.65432124676863,89.08518659244032,89.207846149359,7051600
2024-02-27,89.5169448852539,89.93399038151732,89.18331447747947,89.62488589636807,5852400
2024-02-28,89.8702163696289,90.29706929425495,89.32070387019802,89.36976320819217,7408800
2024-02-29,90.47859954833984,90.68957039779558,89.7279236407839,90.18912478378856,8270400
2024-03-01,90.77788543701172,90.91035236591884,89.93889078787441,90.40009191189357,11065800
2024-03-04,89.55130004882812,90.6356064441075,89.52676663776904,90.33141310930357,11336800
2024-03-05,88.43754577636719,89.13915488995539,88.1333524528865,88.97725085339324,12941800
2024-03-06,88.12354278564453,89.02141174677554,87.87331995511796,88.78590746589488,9299600
2024-03-07,88.79571533203125,89.15879036057783,88.34432900512115,88.36395872912159,6713400
2024-03-08,88.46697998046875,89.35994517206132,88.17260152798366,89.00177386604693,12463600
2024-03-11,88.2265853881836,88.57493439933333,88.00579215721802,88.22167421364428,8306400
2024-03-12,88.987060546875,89.33051332477464,87.92728757448991,88.5209556881416,7906400
2024-03-13,88.80062866210938,89.35995602496216,88.6632505369558,88.76628038754781,5717000
2024-03-14,88.23637390136719,88.99196093733288,87.76045423868028,88.90364216651774,10810400
2024-03-15,87.35814666748047,88.23638588873081,87.12264239088726,87.64271776636416,9868800
2024-03-18,88.02538299560547,88.44332941424112,87.62217968284216,88.23681338923535,8512800
2024-03-19,88.78753662109375,88.83178845042374,87.88279003862228,88.00571678866343,7624200
2024-03-20,90.1102294921875,90.12498010316618,88.88588376383233,88.95963681872577,8497400
2024-03-21,90.6363525390625,91.07397147053553,90.59210070958683,90.73960680783908,7146400
2024-03-22,89.84471130371094,90.08565045528954,89.50543224431492,89.69228332116583,5718600
2024-03-25,89.54967498779297,90.01188076075874,89.49558691855542,89.49558691855542,5664600
2024-03-26,89.66279602050781,90.49869662102218,89.60378606437202,90.12499440929784,5387800
2024-03-27,90.70028686523438,90.71011560430085,89.91846694390259,90.36100779608451,5812000
2024-03-28,90.41999816894531,90.85270272143143,90.3904969499764,90.58717674500467,5958200
2024-04-01,89.74637603759766,90.6166921447915,89.41693320280072,90.51835223188793,9941800
2024-04-02,88.42367553710938,88.46792736884012,88.025394045825,88.30074878039919,12270400
2024-04-03,88.48759460449219,88.7973649110929,87.9270489272464,87.9270489272464,10165200
2024-04-04,87.4500961303711,89.49067725341463,87.44025988921454,89.15632008262877,9650600
2024-04-05,87.93687438964844,88.50725628640109,87.5582654175886,87.74019459904211,10081800
2024-04-08,88.77278137207031,89.06289421369439,88.38925049979837,88.45808918192785,8295800
2024-04-09,89.19072723388672,89.23990093216335,88.44825240816841,89.2103922114856,8559800
2024-04-10,87.81395721435547,88.17290875046582,87.40583947666218,87.7402041605541,10806000
2024-04-11,88.52201843261719,88.84162500972002,87.37634012102919,88.11390068620871,8433400
2024-04-12,87.08623504638672,87.89263430013109,86.80104405992353,87.83363185564012,10729000
2024-04-15,85.63568878173828,87.78444586697141,85.55701386485599,87.72052155914791,11136800
2024-04-16,85.14889526367188,85.62585162574739,84.74569944895461,85.19314709037505,12870800
2024-04-17,84.73587036132812,85.65044570465838,84.38675508121048,85.5619345409278,12416800
2024-04-18,84.2097396850586,85.24232740540344,83.97863679053239,84.89321212765529,9411800
2024-04-19,83.47218322753906,84.40150921986712,83.14274041574593,84.20974377709638,13580800
2024-04-22,83.8409652709961,84.26383362844379,83.04931663099009,83.64919982417993,8950200
2024-04-23,84.83911895751953,85.08497244731545,83.89996432866748,84.31791075960868,7889400
2024-04-24,85.65043640136719,86.35849562288863,85.03580270252604,86.10772027193566,8948600
2024-04-25,85.72419738769531,85.90613408135128,83.99830850244739,84.35233814601416,10701200
2024-04-26,86.49617767333984,87.08131018690226,85.89629455043159,86.0192212968824,6665800
2024-04-29,88.50725555419922,88.64493290705529,87.64185397869636,88.27615267557947,10308400
2024-04-30,86.35357666015625,88.05488609710967,86.28473798368142,87.64185403826076,7218400
2024-05-01,85.81271362304688,87.4943507779765,85.37509466316332,86.3978461936128,14336800
2024-05-02,86.89445495605469,87.06163352251001,85.76352744247824,86.61910025769231,8238600
2024-05-03,87.47959899902344,88.50235051581546,87.32717102106689,87.98605663674853,9013000
2024-05-06,88.41383361816406,88.41383361816406,87.76969865482329,88.02538839316009,6229000
2024-05-07,87.779541015625,88.39417480255942,87.64677801684809,88.35483733985316,6300600
2024-05-08,87.4500961303711,87.58285162314294,86.94855287133863,87.01247718457569,5763200
2024-05-09,88.04505920410156,88.26141149680662,87.2927480517387,87.48942786173212,5046000
2024-05-10,87.57301330566406,88.18764701077723,87.39107662701063,88.11880833591867,5654400
2024-05-13,87.45990753173828,88.15321609019556,87.15505164199914,87.95161445214448,8142800
2024-05-14,87.85820770263672,88.00080694160982,87.27799701399799,87.31733447637491,6044600
2024-05-15,87.990966796875,88.31549521994772,87.42058487199327,88.25157090856428,7182800
2024-05-16,87.42059326171875,88.07456453963455,87.391092039127,87.94180903797167,6589200
2024-05-17,87.8680419921875,87.88279260239447,87.24357198296205,87.49926173130575,5577400
2024-05-20,87.21406555175781,87.90737420147717,87.0075495183452,87.66152070891171,4002000
2024-05-21,87.77462005615234,87.79429253913695,86.80595659764357,87.13540691337731,4375400
2024-05-22,86.86003875732422,87.65168732933832,86.50600911624626,87.56318367049555,6332200
2024-05-23,85.4537582397461,87.09606536056344,85.3259171177648,87.09606536056344,7354600
2024-05-24,86.31424713134766,86.5846874933627,85.79796076178242,86.03889240015187,5150200
2024-05-28,86.10281372070312,86.28474291116468,85.64060793675418,85.99955194866739,5344200
2024-05-29,85.537353515625,85.87171067618782,85.45867859448548,85.45867859448548,4344000
2024-05-30,86.04381561279297,86.28474725491625,85.6209472681956,85.78812585719008,4496600
2024-05-31,86.52568817138672,86.5453531516724,85.16857944605513,86.1028198181317,6840400
2024-06-03,86.4863510131836,86.86988190436679,85.67995176725302,86.58469092066703,7929000
2024-06-04,86.57486724853516,86.92888943562315,86.09298891881356,86.12249014249969,5779800
2024-06-05,87.08130645751953,87.08130645751953,85.99463076417734,86.77644303743755,4581800
2024-06-06,87.71561431884766,87.75003741135103,87.1157311588619,87.15506862049992,4455600
2024-06-07,87.35668182373047,87.88772637162953,87.19441758663453,87.219004441259,4548600
2024-06-10,87.63693237304688,87.72544353035323,87.10097356902706,87.10097356902706,3731000
2024-06-11,87.40584564208984,87.59761109835402,86.63386944738437,87.59761109835402,5566000
2024-06-12,88.31549072265625,88.88587261849243,87.90737303009347,88.17289900012375,7957600
2024-06-13,88.38433837890625,89.0874758283394,88.06964618075892,88.91538287006495,5227000
2024-06-14,87.68612670898438,88.25158686423755,87.15999651862036,88.25158686423755,6105600
2024-06-17,89.22515869140625,89.44642534869713,87.41075859648447,87.57302281259209,7353200
2024-06-18,88.92521667480469,89.25957384367598,88.62527509550374,89.15139770013441,4483800
2024-06-20,89.0383071899414,89.25465947703054,88.57118702619184,88.8367055130762,4722800
2024-06-21,89.79061889648438,89.90863128188346,89.06780897947898,89.49067731525865,8623200
2024-06-24,89.4072494506836,90.392779083043,89.3727523044337,89.99856572630036,5077800
2024-06-25,89.04752349853516,89.50086617754619,88.76171903413815,89.50086617754619,4712800
2024-06-26,90.33857727050781,90.52089785169973,88.71245182619094,88.8307180923394,5031800
2024-06-27,90.89046478271484,90.90032218391677,90.1808822760565,90.5455309305876,4228200
2024-06-28,89.88029479980469,91.0185877820705,89.4220271536538,90.43712141927293,7914600
2024-07-01,90.18582916259766,90.6046747932543,89.71770403704247,90.23017619660921,6393200
2024-07-02,91.94004821777344,91.94990561811952,90.59972749245642,90.68349659791457,5884600
2024-07-03,92.52645111083984,92.87138497639639,92.1273128150534,92.26035390098599,4379600
2024-07-05,93.28038024902344,93.33950962027978,92.52151822926012,92.98471835475306,3996400
2024-07-08,93.32472229003906,93.7337179636915,93.06848249663156,93.1621090087801,3676800
2024-07-09,93.63516998291016,94.22648624278415,93.15718752242175,93.22124183390359,3656000
2024-07-10,94.33982849121094,94.42853007358292,93.29516942124113,93.84213870238463,4557800
2024-07-11,93.14241027832031,95.42883878891767,92.8615307160836,94.78331806461244,8996000
2024-07-12,94.35954284667969,95.15781948925425,92.88617325374763,93.01922186717499,5453600
2024-07-15,94.25111389160156,95.54708004442531,93.9554520401094,94.88677709761849,5080200
2024-07-16,95.9413070678711,95.98565409624236,94.64534072961366,94.79809661777755,4123200
2024-07-17,94.33982849121094,95.47318914355273,94.17229024772425,95.23173166159025,5797200
2024-07-18,93.37894439697266,95.14304356279385,93.10299726828471,94.53694486806887,4375200
2024-07-19,92.54615020751953,93.40848855461753,92.17165168933184,93.02905757657618,3872200
2024-07-22,93.5661849975586,93.89140405935197,92.85660246456514,93.21631867234859,4808400
2024-07-23,93.14733123779297,94.0737314847319,93.10298420954443,93.92590053824249,4823600
2024-07-24,89.33826446533203,91.12207072952819,89.29391743554689,91.08264864116543,8200800
2024-07-25,88.98839569091797,90.55045924437076,88.71737354022552,89.32347967331799,10240800
2024-07-26,89.9837875366211,90.45684509034555,89.41711097945671,89.64377859472457,4529400
2024-07-29,91.48670959472656,91.82178603137771,90.54060213248398,90.58987409840658,7145600
2024-07-30,90.97917938232422,91.81687814857675,90.12669075265408,91.6936869323927,4281000
2024-07-31,92.38847351074219,93.16211032390189,91.86613651553958,92.0681718847128,4993600
2024-08-01,90.12176513671875,92.70385571546024,89.3481282147473,92.42790859631131,7295800
2024-08-02,86.80545043945312,87.18487392818908,85.76571639312326,87.18487392818908,12738400
2024-08-05,84.35147094726562,85.22366670817915,82.0354779983538,82.32128247139309,16391800
2024-08-06,85.28280639648438,86.49992851861694,84.02132220951962,84.79989148531274,9523400
2024-08-07,83.7946548461914,86.13528762111856,83.6911709309425,85.98253173779395,8404400
2024-08-08,85.622802734375,85.85440277510587,84.08537907590079,84.54857915736252,5935200
2024-08-09,85.90861511230469,86.30775340509364,85.39614301861137,85.60802827764972,6379600
2024-08-12,85.56861114501953,86.07615832684112,85.04628161957164,86.07615832684112,4929800
2024-08-13,87.7121353149414,87.79097948832244,85.80020546491959,85.96775121310284,5847000
2024-08-14,87.24400329589844,87.96836810320379,86.89413700379433,87.70227091901337,4779800
2024-08-15,90.02812194824219,90.16117054142057,88.90461887449811,88.90461887449811,6288000
2024-08-16,90.2400131225586,90.61451163422431,89.60927482975659,89.60927482975659,4767800
2024-08-19,91.34873962402344,91.39801159186855,90.38291732253211,90.47161889504376,4570000
2024-08-20,91.26497650146484,91.80208835589048,90.99887928545952,91.35859550221313,4679000
2024-08-21,92.41803741455078,92.60528292091554,91.80700637111295,92.01396667961755,4532200
2024-08-22,90.82147979736328,92.66934781185793,90.6539415686077,92.5806537562794,5709800
2024-08-23,92.57572937011719,92.67921329631173,91.51628795700495,91.53107030089062,6304200
2024-08-26,91.85628509521484,92.68412632236355,91.57048061851049,92.48702341656448,3211000
2024-08-27,91.61483001708984,91.74787861739651,90.99394908064886,91.62961235945791,3328200
2024-08-28,90.72784423828125,91.78729297238736,90.00347944728095,91.56061787684577,5668600
2024-08-29,90.83627319335938,91.9154294481803,90.75250406878816,91.52614851411461,4616000
2024-08-30,92.20614624023438,92.28991535329216,90.80669602386773,91.17134467981992,4672200
2024-09-03,90.93975830078125,92.36877341678787,90.52090515350592,91.94007038578494,9876400
2024-09-04,91.17626190185547,91.59018249097825,90.56523089958365,90.68349714747308,10007600
2024-09-05,92.2110824584961,92.84182082169141,91.51628226311871,91.60497632091443,7264200
2024-09-06,89.88029479980469,92.72354974694709,89.84088023327055,92.38847329844889,7714000
2024-09-09,91.1910400390625,91.54583124738144,90.5800165839523,90.82146649031304,4297400
2024-09-10,92.23571014404297,92.2948470319903,90.99887322314049,91.5458424429408,9424600
2024-09-11,93.15718841552734,93.28530455871348,90.18088476586998,92.09773956739333,7511200
2024-09-12,94.20677185058594,94.25112639749028,93.04385412852905,93.15225546820017,4748600
2024-09-13,94.84736633300781,95.08389885002104,94.17228096497689,94.29054722348351,3926200
2024-09-16,94.68475341796875,95.00012258956059,94.1722813337548,94.79809473577089,3077200
2024-09-17,95.16766357421875,96.10883858173837,94.87200170108567,95.2465002239263,4307800
2024-09-18,94.98041534423828,96.60654069050656,94.86708154538452,95.30564191729076,6634600
2024-09-19,97.1436538696289,97.36047158801226,96.49813317471116,96.8135023508158,5865400
2024-09-20,96.92192077636719,97.0697517370374,96.20248077790284,96.97119275059393,5552400
2024-09-23,98.0995864868164,98.13908991771683,97.12683616260712,97.32928842053087,7271200
2024-09-24,98.9587631225586,98.98345370717955,98.00082570153053,98.58348431914058,4059200
2024-09-25,98.60323333740234,98.81555577530644,98.30696141038798,98.61804618030226,3389800
2024-09-26,99.02294921875,99.6944924315004,98.4353555002884,99.47723487739727,4266400
2024-09-27,99.17108154296875,99.57104338024025,98.88468734892672,99.39822436393598,3441800
2024-09-30,98.93901062011719,99.21552709337728,97.9909509112931,98.89950719043591,4572400
2024-10-01,98.53904724121094,98.96863478882048,97.25521970157588,98.87975772428418,8229000
2024-10-02,97.70455169677734,97.9761330528694,96.97375712134557,97.37371896645007,7482400
2024-10-03,96.57379913330078,97.23052951716768,96.18370747865002,96.85525070666733,7101400
2024-10-04,97.8526840209961,98.07982683794869,96.84043038664565,97.64036158155855,7828200
2024-10-07,96.33184051513672,97.13177174739299,95.98619493799313,97.13177174739299,5202000
2024-10-08,97.27002716064453,97.42803333368673,96.60341907549191,96.7614327830424,4733200
2024-10-09,97.96625518798828,98.16377232603564,97.1712666018051,97.5909839274609,5537400
2024-10-10,97.48234558105469,98.00575278032679,97.19595139881925,97.78848770866487,3259000
2024-10-11,97.06758117675781,97.45766529882783,96.48491501076316,96.49972785498679,4991600
2024-10-14,97.49224090576172,97.6551897388994,96.8651361602639,97.26509805318848,3566600
2024-10-15,97.70455169677734,98.3415341078395,97.5218549365465,97.5218549365465,6855200
2024-10-16,98.21809387207031,98.24278445746582,97.66999602812898,97.79837652387324,4607000
2024-10-17,98.12919616699219,98.54891345913857,97.80330610062218,98.39089976131618,3488800
2024-10-18,98.51435852050781,98.77606215038433,97.95144783093262,98.33659685356255,3797000
2024-10-21,97.74899291992188,98.29709070797253,97.37865678027975,98.29709070797253,3304800
2024-10-22,97.35397338867188,97.704554074105,96.74168154681236,96.99845006559327,3157600
2024-10-23,95.82324981689453,96.79600010796895,95.31465540495314,96.57379990941834,4339000
2024-10-24,98.84518432617188,98.97850745064356,97.62060822573336,97.91688016133529,6991400
2024-10-25,99.1562728881836,100.03026835049705,98.79087935944322,99.02294975862526,5440000
2024-10-28,99.38835906982422,100.2771674497917,99.34392053445315,99.9364569429284,4102400
2024-10-29,98.86988067626953,99.07726802948298,98.25265371985734,98.56373851693188,4247000
2024-10-30,98.73162078857422,99.55129998125484,98.6526139311935,99.10689959387835,4879800
2024-10-31,97.22064971923828,98.73162006668097,97.16139834389028,98.50941987461738,6197400
2024-11-01,98.80075073242188,99.81793954256268,98.70693103031027,99.00813808390127,7607600
2024-11-04,98.46004486083984,99.2747889953525,98.21809670670409,98.38598063702462,4769200
2024-11-05,100.20309448242188,100.23272770682145,98.59830431427667,98.68225381497845,4424200
2024-11-06,103.4077377319336,103.49167969651629,101.66962445810823,102.48436858701496,9398600
2024-11-07,104.73600769042969,105.1557250330281,103.57561800289905,103.6101863288934,8021000
2024-11-08,106.22228240966797,106.79013570103038,104.60762219968821,104.72118984415734,7785800
2024-11-11,108.36529541015625,108.82450860598793,107.4024154210753,107.89126183701603,9210000
2024-11-12,106.91851806640625,108.10359076869763,106.53336906143613,108.08877792500712,10535200
2024-11-13,107.83201599121094,108.40479685603223,107.26910533242372,107.6394414904287,5883400
2024-11-14,106.30130004882812,108.08878699285187,106.21242297922896,107.65426431729634,4620200
2024-11-15,105.39273834228516,106.21241754771413,104.90883451869222,105.70382313899212,7824800
2024-11-18,106.36549377441406,107.18023038153851,105.68407277132222,106.66175820677336,4752200
2024-11-19,106.44449615478516,106.7703862632072,104.89401479923703,105.38286126363327,3935800
2024-11-20,105.97538757324219,106.19759528518807,104.86932178883775,106.12845863915472,5979200
2024-11-21,106.16303253173828,106.42967125175055,105.3433533560019,106.29635565899865,5468400
2024-11-22,107.69375610351562,108.0048333479845,106.46917246838773,106.46917246838773,4550600
2024-11-25,108.79489135742188,109.7528287835186,108.74057508477179,108.97758812246823,7360400
2024-11-26,109.1899185180664,109.37755038696099,108.5677489318383,108.74057549123691,3979600
2024-11-27,108.65168762207031,109.54543854566033,108.38998400652184,109.3923599380396,3829000
2024-11-29,109.76763916015625,109.79232974435287,108.82944970224388,108.8936437142534,1771400
2024-12-02,110.72557830810547,110.98728192879159,110.33548666137882,110.54287400978055,8134800
2024-12-03,110.64163970947266,110.71076882770674,110.04416069619256,110.50831657626806,7051400
2024-12-04,111.66869354248047,111.77732608529148,110.76013730670518,110.87864759009221,5539400
2024-12-05,112.58219146728516,113.09078585229335,111.72795151011239,111.77732514355968,7321000
2024-12-06,114.95235443115234,114.97704501729045,113.49075762517892,113.50063536653597,4889200
2024-12-09,114.58694458007812,116.32012263196384,114.17710499196724,115.61401110187857,6513800
2024-12-10,114.77459716796875,115.8411672402283,114.39438322346237,114.6067132309953,7630800
2024-12-11,116.78921508789062,116.82871851629285,115.6633937492072,115.72758022766583,5734800
2024-12-12,115.82139587402344,116.85834011338544,115.67325990632769,116.72995209194524,4871800
2024-12-13,116.28062438964844,116.32999802584037,115.4955059687562,115.7868428206764,5382400
2024-12-16,117.85578155517578,117.93973105247498,116.65589595619062,116.88303879365958,6013600
2024-12-17,118.22611236572266,118.47300313960706,117.24842701080279,118.38906118062738,10221000
2024-12-18,112.8982162475586,118.6458333387152,112.43900301059534,117.2879340406502,14405000
2024-12-19,112.74514770507812,114.76471253462647,112.07360446300109,114.43881488747682,13205200
2024-12-20,113.03153991699219,114.80914903130225,111.34774297109836,111.6143817011668,10915800
2024-12-23,113.37437438964844,113.48815726668458,111.8951667930276,113.23585413531197,5922400
2024-12-24,115.99637603759766,116.01121695398727,113.76025153318224,113.85424903617485,2552600
2024-12-26,115.56597900390625,115.98648423313837,115.05642072397399,115.74902201258448,4109600
2024-12-27,113.65636444091797,114.79916028883125,113.10722789141305,114.79916028883125,6097200
2024-12-30,111.83085632324219,112.55313941300892,111.12835860562778,111.92979828157888,5413000
2024-12-31,110.98983764648438,112.77081553155148,110.80184264269208,112.43935582140388,5250800
2025-01-02,109.5304183959961,111.37076754400798,108.83287266877542,111.03436336904058,9166400
2025-01-03,111.74674987792969,111.81601000029521,109.58978207582012,110.14386305474424,6501000
2025-01-06,112.18705749511719,113.03797195559783,111.57854970906527,112.95387091051155,6785400
2025-01-07,110.01524353027344,112.42451453955758,109.61452369615625,112.09305483048797,5554000
2025-01-08,110.32691192626953,110.76226560364817,109.42157828287763,109.97566684011979,5309200
2025-01-10,109.24348449707031,110.09439136027704,108.64981766169775,109.90640390794395,6869400
2025-01-13,109.86188507080078,109.87672598733467,107.99679855557032,108.41235931609437,5422000
2025-01-14,109.64915466308594,111.54392304555161,109.23853835107285,110.96510464392964,6762200
2025-01-15,112.4393539428711,112.5333514431968,111.40044453234846,112.1771543623769,6197400
2025-01-16,111.83085632324219,112.24641707752887,111.3856061875457,112.24641707752887,4851800
2025-01-17,113.39910888671875,114.11150306166223,113.1220683850824,113.30511138463767,3884600
2025-01-21,114.230224609375,114.52705801683845,112.97859041076133,114.4231640595901,6036600
2025-01-22,113.7998275756836,114.47264345092657,113.6068881176471,113.98782257795054,4948800
2025-01-23,114.48748016357422,114.48748016357422,113.32984345785827,113.63162132204444,3888800
2025-01-24,113.78992462158203,114.63095007923059,113.57225534833232,114.51221520845047,3543400
2025-01-27,114.43801879882812,114.48748600359303,112.07821497158164,112.08315942742188,7069800
2025-01-28,114.5765380859375,114.89315687916093,113.56236603694786,114.10655057750726,5211000
2025-01-29,114.25001525878906,115.02177304431274,113.87402527696894,114.67052043742082,6538000
2025-01-30,115.36808013916016,116.04584801615643,114.50232480946202,115.7687999696716,5386400
2025-01-31,114.8585205078125,116.67908419026634,114.63589922118734,115.51155100061939,5092600
2025-02-03,113.33973693847656,113.82950223636584,111.41528693512572,112.37008770482713,7460000
2025-02-04,114.67547607421875,114.78925894394844,113.39416002949129,113.40900094516094,3987000
2025-02-05,113.37437438964844,114.22034438107754,113.10723034165318,113.93835186767194,5902800
2025-02-06,113.8245620727539,114.12633994038607,113.12700883873391,113.69593828691244,6045800
2025-02-07,111.59834289550781,113.91361651524764,111.5092898454013,113.05281314068235,5536400
2025-02-10,111.9792709350586,112.58282668301709,111.52907635196397,112.04357905493826,5963800
2025-02-11,110.70783996582031,111.57853972123358,110.43574393325768,111.26687294646834,5538200
2025-02-12,110.68805694580078,111.2619233053737,109.58978388106519,109.88166529092886,7903000
2025-02-13,112.35031127929688,112.46409415418655,111.20750787939812,111.4053993452797,6484400
2025-02-14,112.30083465576172,113.250691029815,111.9149557397022,113.15174907291542,3425600
2025-02-18,111.98917388916016,112.41958315444363,111.27183517873883,112.2711664267179,7567200
2025-02-19,111.92486572265625,111.98422939421076,111.25204976614793,111.46972662689892,3996400
2025-02-20,110.96015167236328,111.61812665705233,110.10924477093567,111.61812665705233,4732400
2025-02-21,108.04132080078125,111.25698354709638,107.61091912573265,111.22235725827487,9043000
2025-02-24,107.63565063476562,108.68444893462028,107.18545606311586,108.5261357692452,5953400
2025-02-25,107.07166290283203,107.82363532153282,105.57762207399678,107.57627666855899,8006400
2025-02-26,106.63137817382812,108.39752280094962,106.40381241187669,107.79396700810597,6143600
2025-02-27,105.09281158447266,107.42293381395235,105.00871053398708,107.12610036029527,6799000
2025-02-28,106.83916473388672,106.90842486256004,104.71187856922359,105.13238379731591,7696400
2025-03-03,104.87018585205078,108.0314295405743,103.75212731476726,107.46250758527786,10983600
2025-03-04,103.01994323730469,104.81081762096973,101.65947053067153,103.08425135935174,13842600
2025-03-05,104.58819580078125,104.77618325885419,102.63900825213543,103.09414730404046,10128200
2025-03-06,101.93650817871094,103.78674617661528,101.48631359306967,103.03972571985156,9755400
2025-03-07,101.7485122680664,102.03544922507504,99.07704170787031,101.30821414669515,9798800
2025-03-10,98.1172866821289,100.53645406759729,97.25153137477007,100.39793382232286,14412600
2025-03-11,97.15754699707031,98.90389876327544,96.16811222647077,98.06288071802348,14379600
2025-03-12,97.72151947021484,98.93852749670013,96.52924882147532,98.83957798571713,8548200
2025-03-13,95.28256225585938,97.57309839612248,94.83236766686547,97.57309839612248,9992800
2025-03-14,97.31089782714844,97.41479178847638,95.900957958301,96.74197591408871,6295600
2025-03-17,97.46426391601562,98.01835248977612,96.62324591774271,97.32079920375942,6053200
2025-03-18,95.72779846191406,96.55891991041369,95.33202310838648,96.55397545492988,8246200
2025-03-19,97.5632095336914,98.11729053655561,96.16315856150865,96.39567631423648,9831400
2025-03-20,97.3306884765625,98.57737069068178,96.76671103242647,96.84586006672886,8586400
2025-03-21,97.68193054199219,97.73634974759368,95.66843503231145,96.1680967937163,9794800
2025-03-24,101.34398651123047,101.43328467703665,99.0917909388977,99.0917909388977,8567600
2025-03-25,102.15259552001953,102.21212258285671,100.9768906115927,101.58706571437006,7421400
2025-03-26,100.8181381225586,102.1575499760298,100.23772657170657,101.93431592871212,6187000
2025-03-27,100.88262939453125,102.4055880434856,100.24764885711141,100.50064643122609,6736800
2025-03-28,97.7474136352539,100.46096667079921,97.4547288095935,100.30222530942424,9886600
2025-03-31,97.95577239990234,98.28814445456688,95.15292122977493,95.83751274003158,10221000
2025-04-01,98.97769927978516,99.77638689425632,97.30094958205373,97.83175782631913,11097400
2025-04-02,100.85783386230469,101.44321109731642,97.1124353939651,97.19676792697514,9356000
2025-04-03,94.76597595214844,96.70068113023285,94.31950785553364,95.38607473609412,13795600
2025-04-04,90.67829132080078,93.93257643033448,90.13260887683793,91.58611694172642,25286000
2025-04-07,89.60676574707031,93.86808318498397,85.87129091757046,87.23550837393556,41234000
2025-04-08,87.47858428955078,93.49106796474341,86.29792121108244,92.98506517707632,17407400
2025-04-09,97.0032958984375,97.30590442731054,87.18589464817893,87.32975424472774,29318600
2025-04-10,93.2132568359375,94.72629955572874,90.18717896592112,94.66677248792256,16600400
2025-04-11,94.11611938476562,94.30463184885723,91.34799733585302,93.00986520613303,8266800
2025-04-14,94.38896179199219,96.02602415059597,93.12395871627265,95.52002140639506,7720600
2025-04-15,93.70933532714844,95.0239494328938,93.17853464691292,94.23518551118622,6676400
2025-04-16,91.39761352539062,93.53074753943751,90.22686657970297,92.80647631286857,8579600
2025-04-17,91.97305297851562,92.56835389505056,91.17933103907835,91.92840768064518,7623600
2025-04-21,89.51747131347656,90.7576690528419,88.28719727550471,90.64853104621245,9802000
2025-04-22,92.35008239746094,93.23806061089773,90.5344311666826,90.54435486765878,8564800
2025-04-23,94.41377258300781,96.71061353824987,94.1905309450341,95.68373379574767,8957400
2025-04-24,96.29390716552734,96.38816339857287,94.17068938269145,94.40384714773067,5341200
2025-04-25,98.02523040771484,98.08971554158086,96.0508301956234,96.28895360695772,5968800
2025-04-28,98.05995178222656,99.16620602183129,96.69573429905219,98.40720562766683,5562000
2025-04-29,98.75445556640625,98.88839145364743,97.19676015440001,97.31086378072946,5136600
2025-04-30,97.85655212402344,98.1293971194685,95.06363217855589,96.33855141972181,5881800
2025-05-01,98.39728546142578,99.68212842165474,98.18396752753819,98.3476745271545,7359000
2025-05-02,99.92520141601562,100.49569687671857,98.78918369929723,99.43904605672513,7457000
2025-05-05,98.86359405517578,99.4390475903096,98.5361876234173,99.12155728981608,4677000
2025-05-06,98.00041198730469,98.71972505292301,97.56881809228159,97.65811625212142,4811200
2025-05-07,98.7643814086914,99.20589148347969,97.85159772569006,98.20877526591944,5359400
2025-05-08,99.93016052246094,100.9620058081299,99.08186205472767,99.71684260443698,6464400
2025-05-09,100.41136932373047,101.16044601638156,99.92520637076804,100.18813524958892,5159600
2025-05-12,105.40191650390625,105.76405209142553,104.37007117014043,105.75412839093352,9569400
2025-05-13,106.7958984375,107.24236655951933,105.69956796405816,106.04682178891382,11431000
2025-05-14,107.20764923095703,107.73844990518089,106.76118109115879,107.06874769548354,7117000
2025-05-15,106.96952819824219,107.25725495619386,105.86326646433342,106.19564608974865,8393000
2025-05-16,107.98152160644531,108.05593800272217,107.04393254205304,107.33165928794661,5973200
2025-05-19,107.72852325439453,107.88726460676392,106.00216279139916,106.22540440906535,6935000
2025-05-20,107.16796112060547,108.23452809560865,106.65700028295473,107.92696149379796,7046800
2025-05-21,104.9951400756836,106.68677164897284,104.57347737604391,106.31967795394141,10325600
2025-05-22,105.44657135009766,106.22541916358512,104.5337876308853,104.811590713292,8992400
2025-05-23,104.4990463256836,104.97032746743055,103.5217700152695,103.69044264105727,7497000
2025-05-27,107.58467102050781,107.67396919387367,105.6797291104539,105.6797291104539,7886800
2025-05-28,106.59747314453125,107.70868541848397,106.41888437627944,107.67892188536965,7542400
2025-05-29,106.6421127319336,107.7334851152062,106.09642275551454,107.66899241720245,8031600
2025-05-30,106.06170654296875,106.9695321482445,105.3572751728262,106.23037160985515,10233200
2025-06-02,106.30975341796875,106.3246351855118,104.4544148454159,105.75910531017675,8783800
2025-06-03,106.87527465820312,107.76325285131429,106.37919559467234,106.40400106176203,7855400
2025-06-04,106.5925064086914,107.02410034309035,105.81366621183359,106.96456570791054,7581000
2025-06-05,103.90375518798828,106.87030577835652,103.04058248817361,106.3196653013385,12096600
2025-06-06,105.25309753417969,105.74917661436317,104.89096192512424,105.406880837906,9948800
2025-06-09,106.09642791748047,106.29486408654451,104.29566604681517,104.89095941487558,10596400
2025-06-10,107.36637878417969,107.38622618395816,106.12618123280545,106.25020098794288,8594800
2025-06-11,106.51809692382812,108.0311395786257,106.12123215984693,107.991452345271,6888600
2025-06-12,106.01705932617188,106.59250528335222,105.73429062835903,105.92776115912781,5413800
2025-06-13,105.03977966308594,106.16091557920593,104.53873498335373,104.6627547445444,10292200
2025-06-16,106.17083740234375,106.34942615808325,105.56065473798735,105.86822888760642,4764600
2025-06-17,104.34031677246094,105.83847775615106,104.14684622854077,105.58051450773542,8473200
2025-06-18,104.3899154663086,105.51105901332245,104.29566680108316,104.5486644027079,7405800
2025-06-20,104.51392364501953,105.54576890849879,103.98808109824641,105.30269503474427,9704800
2025-06-23,106.58548736572266,106.77936925099026,104.2539361351774,104.72621174435129,12557200
2025-06-24,107.17707824707031,107.72392848238444,106.84896810588182,107.68415686657431,8652000
2025-06-25,105.91436004638672,107.53998973381044,105.47191125762332,107.51513152610599,9302000
2025-06-26,106.88874053955078,107.11245682840202,105.7801342383788,106.00881913462179,7543000
2025-06-27,108.6684799194336,108.67842471982082,107.17707845907412,107.41073196138325,8902000
2025-06-30,108.0420913696289,108.87230391845391,107.74380805065685,108.6336818146722,7003400
2025-07-01,108.50443267822266,108.96179491545706,106.74458216569766,107.00309389479906,13085400
2025-07-02,109.3744125366211,109.60806604641336,108.50442832354872,109.19544405221978,12436200
2025-07-03,109.97097778320312,110.2841669376013,109.57823780985048,109.8665763412969,6904800
2025-07-07,108.57402038574219,109.02144536331947,107.88798089051285,108.46962653426941,10081600
2025-07-08,108.2061538696289,109.02642167465982,108.12164202676867,108.82259497888253,6855000
2025-07-09,108.84744262695312,109.16063934443399,108.28071040549138,108.68836375749248,4864800
2025-07-10,110.0505142211914,110.31897073907238,108.96676610600012,109.08110476364409,7566000
2025-07-11,110.08033752441406,110.31399102539955,109.30480998312609,109.75720357743076,6690400
2025-07-14,110.48799133300781,110.52279434147363,109.7870308272771,110.10519616818422,7292200
2025-07-15,108.90711212158203,110.82107282170269,108.86236431163957,110.55759249782723,10133200
2025-07-16,109.10595703125,109.33463433408569,108.11168941905338,109.09601223114326,13982600
2025-07-17,109.47881317138672,109.65281304698036,108.99659274713494,109.18052983770058,7742400
2025-07-18,110.4482192993164,110.50290432265574,109.866573643249,110.03062871326699,11246400
2025-07-21,110.97020721435547,111.38779778493726,110.7365537219838,110.8210655575306,9807800
2025-07-22,112.09373474121094,112.3025300411649,111.00998662445079,111.32317578155158,10980000
2025-07-23,112.62567138671875,112.79469506938544,112.21801800252936,112.35224626142835,10083200
2025-07-24,110.76141357421875,111.76562598705142,110.52776007837659,111.11935052165099,15148400
2025-07-25,111.79047393798828,111.95950519321389,111.0398046391564,111.31819835036134,12268000
2025-07-28,112.44171905517578,113.01839608277143,111.87001822039407,112.22298655549515,11332600
2025-07-29,111.66619873046875,112.4814979101646,111.4176318148827,112.46161589460824,11012600
2025-07-30,110.96027374267578,112.03408467865181,110.33885643051288,111.83025797970384,13746000
2025-07-31,110.08033752441406,111.68608521597986,109.93120344775103,111.49717193799327,13728200
2025-08-01,107.42564392089844,108.0271791728244,106.75948643147696,107.64438401250789,22660400
2025-08-04,108.68836975097656,108.85739342961774,107.90786601061441,108.25088956093101,12640200
2025-08-05,108.82757568359375,109.51361525574045,108.50941031495246,108.84745770040725,11021600
2025-08-06,111.08953094482422,111.13923977730302,109.0015627535448,109.15070442230197,11728800
2025-08-07,111.05472564697266,111.87499342974674,110.12011162196637,111.36792238634396,12127600
2025-08-08,111.24860382080078,111.79545404815806,111.054721937585,111.12432036782502,10108600
2025-08-11,111.53694152832031,112.10367376632902,111.34802825376411,111.52699672817,9686400
2025-08-12,112.72013092041016,112.84938298947222,111.58666635891059,112.38207596074406,9791400
2025-08-13,114.26622009277344,114.4302675902409,113.02338544997912,113.14269272086455,12555400
2025-08-14,114.13695526123047,114.320899938275,113.49565595230962,113.61496321778681,11244600
2025-08-15,113.86353302001953,114.85283210674206,113.46085581751082,114.73351725258149,9346800
2025-08-18,114.32089233398438,114.4948846131186,113.63484526048312,113.63484526048312,9293000
2025-08-19,114.26622009277344,115.36488166903364,114.00770836308723,114.34078713707683,11843000
2025-08-20,113.1377182006836,114.77826136057132,112.44172628569413,114.50483623631332,15303600
2025-08-21,112.46658325195312,112.7648665816049,111.83025256197881,112.57595330044809,10117000
2025-08-22,115.88189697265625,115.9365819965169,112.85434623078575,113.0184013023677,14933800
2025-08-25,115.64824676513672,116.08075077530363,115.16105014389039,115.46430208745787,9851400
2025-08-26,116.18017578125,116.21497879083459,115.3996796044478,115.48419144616139,10809600
2025-08-27,116.20503234863281,116.59279612779896,116.05589068303193,116.17520553264468,8764400
2025-08-28,116.40388488769531,116.58285337242391,115.67807373371738,116.43371928986704,8211400
2025-08-29,115.20579528808594,116.57788191367361,114.90254335153654,116.39891343332215,11766000
2025-09-02,114.34574890136719,114.47997715874057,113.50062291197887,113.74918982566132,14705400
2025-09-03,114.8080825805664,115.44938185378473,114.30100397353756,114.57442908446781,13839000
2025-09-04,116.90599060058594,116.96067562405743,115.54384120680702,115.69298286951654,24662400
2025-09-05,116.88113403320312,118.24825205352079,116.45856724720451,117.52243333049803,30997000
2025-09-08,117.33352661132812,117.67157396864951,116.94576283761943,117.48763688220465,18769200
2025-09-09,117.16947174072266,117.2937551962437,116.39394419197697,117.24901497281455,13340200
2025-09-10,115.76754760742188,117.35340567091968,115.46429568068098,117.35340567091968,16330400
2025-09-11,118.01956176757812,118.09910499659603,116.08571157783196,116.23485323582555,16448800
2025-09-12,118.63105010986328,118.80504240165048,117.78591651730126,117.8356329353321,9002800
2025-09-15,119.66010284423828,120.68917344018682,119.06851241495303,120.52511837768809,13760200
2025-09-16,120.39586639404297,120.53507084419333,119.73468508054474,120.09262204227953,8687400
2025-09-17,120.09261322021484,121.002361379995,118.81497573955572,120.31632190845029,15324000
2025-09-18,119.55074310302734,120.62952261998787,119.55074310302734,120.56986898690666,10819800
2025-09-19,120.00313568115234,120.54004113123581,119.78439558085978,120.17713555701968,12576200
2025-09-22,119.61219787597656,120.52854327487596,119.56240136889879,119.9209696556334,12283600
2025-09-23,118.4866943359375,119.97574893268364,118.28749311319989,119.88610306312404,9696400
2025-09-24,119.32335662841797,119.53252019277402,118.64107685999986,119.0195698232495,9862000
2025-09-25,117.64007568359375,118.62613463726916,117.10720064357763,118.58131550279286,11590800
2025-09-26,119.37814331054688,119.44786450170595,117.76458597352844,118.17295077916305,9749400
2025-09-29,119.90103912353516,120.31438886721556,119.14904579170562,120.00562470166317,11244600
2025-09-30,119.34327697753906,119.8960691266954,118.40701448371472,119.78650617107596,12982000
2025-10-01,120.09028625488281,120.45881686668174,118.92992054378557,119.13908410214516,11258000
2025-10-02,119.22374725341797,120.86718392764112,119.1490486951058,120.6779450469038,13191400
2025-10-03,118.4568099975586,119.96578161435419,117.79943231152842,119.7665803998816,13934400
2025-10-06,119.4727554321289,119.64208483341154,118.12812815713188,119.24865215280268,10462800
2025-10-07,117.381103515625,119.16398247599017,117.34126175349493,119.15900510536359,14624000
2025-10-08,117.72972106933594,118.0882893649006,116.70382028998587,117.89406550472307,7910200
2025-10-09,117.1420669555664,117.3163737245491,116.32035241388127,117.27653196023763,9757600
2025-10-10,113.91993713378906,117.73967793913344,113.88507274046052,117.19684814989384,17978200
2025-10-13,116.46477508544922,116.64405922983386,114.77651922542704,114.96576571089965,10860200
2025-10-14,116.70879364013672,117.37114108781778,114.45778347522055,114.93089205172379,12533600
2025-10-15,116.87812042236328,118.0235464347997,115.91695591835274,117.24166606837954,10836000
2025-10-16,115.74762725830078,117.29644058871995,114.87610867428123,116.96775175612035,13036800
2025-10-17,116.74365234375,117.02253708397895,115.41396485791888,115.68787222744348,11769800
2025-10-20,117.66995239257812,117.8143797323898,117.11218291229946,117.28150470466416,8356400
2025-10-21,119.10920715332031,119.55742130114844,117.82932372459935,117.89405994224423,8674600
2025-10-22,118.17793273925781,118.95482816353932,117.52055501161055,118.87514463309,12749600
2025-10-23,118.7107925415039,118.86019725169628,116.8083958687747,117.19684355585133,11286800
2025-10-24,118.35720825195312,119.43789040810326,118.23768296499563,119.1540207012189,6481600
2025-10-27,120.06040954589844,120.49367638379096,119.33331064646548,119.59227831463826,7407800
2025-10-28,120.09028625488281,120.9717672215006,119.46279557980404,119.88112269652322,8999400
2025-10-29,119.0992431640625,120.13510622147787,118.41697100951619,120.11518913917962,11064000
2025-10-30,116.40998840332031,118.1829050857235,116.39504869187618,117.26656732163367,11853400
2025-10-31,119.4876937866211,120.15503384506451,118.72076071520829,119.70681969246465,13414400
2025-11-03,120.60821533203125,121.01161034093028,120.27953407894829,120.72276325261417,10730800
2025-11-04,118.60621643066406,119.96578335683303,118.44187200676944,119.07434765041731,9312600
2025-11-05,120.05045318603516,120.23471470575986,118.17295079656377,119.0892962221264,11716200
2025-11-06,117.27653503417969,119.5574248072783,116.6639764407547,119.39805774585528,14726000
2025-11-07,117.4607925415039,117.83927790090833,115.96178321646532,117.03250307734437,11502000
2025-11-10,119.00463104248047,119.19386992654623,118.14306712658245,118.6211607053078,10434800
2025-11-11,119.29845428466797,119.4080172370214,118.49665682373947,118.80044362816678,12775400
2025-11-12,118.49665832519531,119.77654177712003,118.19287151691876,119.64706174044335,9314200
2025-11-13,115.5384750366211,118.38211929597058,115.32931146783612,117.99864895367826,15268400
2025-11-14,114.98567962646484,116.04644475143918,113.84025360217437,114.21874656269304,14662200
2025-11-17,113.90499877929688,115.68289288424872,113.25758340139701,114.38806972748863,20233600
2025-11-18,111.80339050292969,113.16794241443256,111.62908373647193,112.5753085273235,27057400
2025-11-19,111.8083724975586,112.66495145567163,111.22072355601392,112.66495145567163,15912200
2025-11-20,110.1400375366211,114.293444547384,110.02548961543947,113.06335762995305,24924400
2025-11-21,112.30139923095703,113.39204374753857,110.53844491033216,110.87708849772478,19013200
2025-11-24,113.80040740966797,114.47770217688121,113.04841408685886,113.17291674554481,11181800
2025-11-25,116.23567962646484,116.42492610020159,113.63606349361908,113.84523464829614,10395400
2025-11-26,117.03250122070312,117.27154420184844,116.185884646574,116.64405352670224,8122200
2025-11-28,117.75960540771484,117.9289272103591,117.3014289079108,117.3014289079108,4827200
2025-12-01,117.8293228149414,118.48669292135902,117.14704305717954,117.19186979094395,11579800
2025-12-02,117.7496337890625,118.1928629428499,117.01755755991358,118.11317941881103,11105800
2025-12-03,119.01956939697266,119.33331094286326,117.76458041629157,117.76458041629157,9369800
2025-12-04,118.59625244140625,119.31836634311844,117.92393504382362,119.19386368423568,11828800
2025-12-05,119.25363159179688,119.61219226266482,118.70581684637207,118.70581684637207,4556800
2025-12-08,117.52055358886719,118.88510553489301,117.2815105994529,118.77554258161155,6400100
2025-12-09,117.5105972290039,118.01856262463534,116.86318185917457,117.04246599852671,5153900
2025-12-10,119.23371124267578,119.80144309081594,117.64007865132092,117.65004099224677,9440800
2025-12-11,119.70183563232422,119.88111976353746,119.03450321021242,119.24366676345467,5863400
2025-12-12,120.21976470947266,120.87714239772731,119.18390927186289,120.0305258347951,7865600
2025-12-15,121.24567413330078,121.91300656919712,120.73770115119731,121.23571179273894,12137500
2025-12-16,121.44487762451172,121.7337247138996,120.57833635634805,121.17595521662064,12052000
2025-12-17,120.04048156738281,122.16201176150433,120.04048156738281,121.54447583098795,10597600
2025-12-18,121.85324096679688,123.13810934273664,121.59428090271429,121.73372327538627,11598200
2025-12-19,121.36518859863281,121.93292041094135,121.25562565248212,121.88312390753411,9728700
2025-12-22,122.0947265625,122.57376759869577,121.84522776771239,122.11469072997843,8073400
2025-12-23,121.9250717163086,122.40411276235385,121.64563427865683,122.02486971345579,9766400
2025-12-24,122.34423065185547,122.38415137444096,121.68555776444289,122.03485456944193,2250000
2025-12-26,121.8053207397461,122.5338529929885,121.63565576410804,122.1845561856737,4197000
2025-12-29,120.60771942138672,121.31629510571209,120.46800070132815,121.31629510571209,6535400
2025-12-30,120.11870574951172,120.5378619161372,120.02888222003523,120.36820455546965,4180500
2025-12-31,119.17060852050781,120.21849889475862,119.12070571569153,120.19854234129151,4356100
2026-01-02,118.11273193359375,119.87918772446736,117.47401560641323,119.83926700225618,16200700
2026-01-05,120.05882263183594,120.90711700800424,118.3522441816999,118.71152305392864,17653800
2026-01-06,120.82727813720703,121.01689966105613,119.2005487079673,119.29036462088585,17759400
2026-01-07,120.65762329101562,121.88515314436471,120.65762329101562,121.01690217836152,11327700
2026-01-08,122.67356872558594,122.89312888886013,120.15862416012504,120.33826360152219,12565400
2026-01-09,124.16058349609375,124.31027668120878,121.93505090349686,122.67356520176041,13817800
2026-01-12,124.27035522460938,124.75937834008582,123.09272061938465,123.62166445535502,8773100
2026-01-13,123.96098327636719,124.44999879398975,123.17256615214356,124.28034143682873,9033300
2026-01-14,122.00491333007812,123.16259141807998,121.39613564830113,123.14262725016319,10758100
2026-01-15,122.45401000976562,123.00291042443934,122.15461601329754,122.62367498327339,7447900
2026-01-16,122.05481719970703,122.7933315229842,121.635653424891,122.51389408250631,7058700
2026-01-20,118.88118743896484,120.32827739040336,118.66162728322132,120.03885787729587,9720000
2026-01-21,121.1566162109375,121.65561380026253,119.17060793737159,119.17060793737159,11017600
2026-01-22,122.37417602539062,122.83325291067756,121.47597880891654,121.8851528878052,6594200
2026-01-23,122.88314819335938,123.14262908144256,121.98495859032388,122.23445739430024,6470900
2026-01-26,122.07477569580078,123.15261236687653,122.05481914149168,122.81329003082706,4812700
2026-01-27,122.44403076171875,122.67356538864409,121.57577221623421,122.49392595213347,4269700
2026-01-28,121.52587127685547,123.44202783374365,121.3462318375878,122.84322462678537,8732200
2026-01-29,120.94703674316406,122.35420596951117,120.16860173104452,122.22446933885753,12410400
2026-01-30,120.92707824707031,121.75541610203354,120.29834400335685,121.01690177565752,11706400
2026-02-02,121.72547912597656,122.16459946262279,119.87918947777663,120.4979416458516,8483000
2026-02-03,120.7474365234375,122.51389228266343,119.579783972552,121.83525524543015,12467800
2026-02-04,119.85922241210938,121.29633794159611,119.11072600951823,120.85721761556424,13915400
2026-02-05,117.2744140625,118.59176737676277,116.83529375304612,118.3123299486008,13290000
2026-02-06,117.75344848632812,117.92311345267808,115.16864463960113,115.45806415384644,20971100
2026-02-09,117.31433868408203,117.97301155606799,116.16664268245141,117.19457651913044,10975700
2026-02-10,118.0927734375,118.98098855331928,117.46403159063753,117.52391648001911,9920700
2026-02-11,117.52391815185547,118.64166791489087,117.05485918453915,118.21252966969715,10214100
2026-02-12,115.89717864990234,118.96102357801126,115.59778466142305,118.1726140784798,16374300
2026-02-13,115.94708251953125,116.9151390807766,115.29838411738858,115.7674430791548,10836200
2026-02-17,115.80736541748047,116.08680285883386,114.20059251559917,115.7474881412188,9623000
2026-02-18,116.78539276123047,117.52391467751659,115.7075637521813,115.8772211056123,9719500
2026-02-19,116.0069580078125,116.31634169231073,115.34828514597878,116.0967815336665,9482400
2026-02-20,117.21453094482422,117.41413454945298,115.3782234668335,115.69758162014054,16652900
2026-02-23,114.75946807861328,116.535898349833,113.63173622243767,116.40616171246388,14604800
2026-02-24,116.5059585571289,116.82531671941867,115.08880718784928,115.16864863194651,11320500
2026-02-25,116.85525512695312,117.35425273042789,116.27642369363777,116.74548265915992,8776100
2026-02-26,116.81533813476562,117.42411579988983,115.90715887187251,116.99497757060718,9560900
2026-02-27,116.62571716308594,116.70555860474589,115.41814391085029,115.7774227842211,9636200
2026-03-02,115.18860626220703,115.49798995744982,113.49201743683388,113.8013935179774,18205600
2026-03-03,114.13072967529297,114.53990374077023,111.5858389143795,112.87325361344521,20773100
2026-03-04,116.15666198730469,116.39617870597246,114.64968708690074,114.85926516749744,11496700
2026-03-05,116.31634521484375,116.84528145990558,115.2884037487792,115.68760335712184,14880400
2026-03-06,114.2105712890625,114.7594640717819,113.41217209625373,114.54988599684188,16348500
2026-03-09,114.36026763916016,114.6995899704259,110.76748640032417,112.71358163134727,16278500
2026-03-10,114.2105712890625,115.49798599006468,113.7215481667701,114.38022864295219,11784400
2026-03-11,113.91117095947266,115.46804102731541,113.3423140028302,114.59979008060267,10959300
2026-03-12,111.29642486572266,113.20259941263902,111.2465296726077,112.89322332738847,12088200
2026-03-13,110.63774871826172,112.26447815667267,110.49802999909019,111.94511999655214,11708600
2026-03-16,111.97505950927734,112.64372208665044,111.39622807422934,111.56588543253481,9307600
2026-03-17,112.95309448242188,113.42215343405456,112.49401761451087,112.55389488864306,6767000
2026-03-18,110.34832763671875,112.76347416438522,110.21859100334954,112.27445865419466,10979200
2026-03-19,109.48007202148438,110.11878834984923,108.65174177988882,109.41021266101006,12496400
2026-03-20,107.52400207519531,109.21061642102646,106.93518855452007,109.21061642102646,12297000
2026-03-23,110.12000274658203,111.43000030517578,109.58999633789062,109.77999877929688,14779100
2026-03-24,109.68000030517578,110.31999969482422,108.94999694824219,109.04000091552734,9032200
2026-03-25,110.7300033569336,111.91000366210938,110.0999984741211,111.16000366210938,9412900
2026-03-26,108.83000183105469,110.9000015258789,108.73999786376953,110.05000305175781,7981000
2026-03-27,105.68000030517578,108.30999755859375,105.44999694824219,108.30999755859375,10454700
2026-03-30,105.66000366210938,107.16999816894531,105.19000244140625,106.61000061035156,10192000
2026-03-31,108.9800033569336,109.41000366210938,106.70999908447266,107.2300033569336,19487500
2026-04-01,109.80000305175781,110.5,108.73999786376953,109.69000244140625,14467600
2026-04-02,108.1500015258789,109.52999877929688,107.0999984741211,107.45999908447266,9684700
2026-04-06,109.04000091552734,109.2300033569336,107.93000030517578,107.93000030517578,6908800
2026-04-07,107.7699966430664,108.18000030517578,106.44999694824219,108.11000061035156,8956400
2026-04-08,110.81999969482422,112.61000061035156,110.27999877929688,112.25,14442400
2026-04-09,112.73999786376953,112.88999938964844,110.4000015258789,110.81999969482422,6660500
2026-04-10,112.88999938964844,113.45999908447266,112.23999786376953,113.0,5607400
2026-04-13,113.91999816894531,113.94999694824219,112.0,112.33999633789062,5992600
2026-04-14,116.44000244140625,116.83000183105469,114.58000183105469,114.6500015258789,8128600
2026-04-15,118.18000030517578,118.44000244140625,116.1500015258789,116.52999877929688,8034700
2026-04-16,117.62999725341797,118.55000305175781,117.0999984741211,118.4000015258789,5671900
2026-04-17,120.41000366210938,121.8499984741211,119.45999908447266,119.69000244140625,9839500
2026-04-20,119.87000274658203,120.4000015258789,118.8499984741211,120.13999938964844,5450100
2026-04-21,118.97000122070312,120.91000366210938,118.68000030517578,120.83999633789062,7208300
2026-04-22,118.93000030517578,119.76000213623047,118.66000366210938,119.52999877929688,5289900
2026-04-23,117.73999786376953,118.8499984741211,116.66999816894531,118.22000122070312,7530900
2026-04-24,118.69000244140625,118.9000015258789,117.66999816894531,118.13999938964844,5546000
2026-04-27,117.83999633789062,118.44999694824219,117.27999877929688,118.08999633789062,6915900
2026-04-28,117.01000213623047,117.79000091552734,116.87000274658203,117.44999694824219,6740900
2026-04-29,116.83999633789062,117.12999725341797,116.12999725341797,116.20999908447266,8155400
2026-04-30,118.3499984741211,118.66999816894531,116.43000030517578,118.5,10280700
2026-05-01,118.62999725341797,119.7699966430664,117.81999969482422,118.61000061035156,13071300
2026-05-04,117.72000122070312,119.30000305175781,117.19000244140625,118.3499984741211,10737700
2026-05-05,118.06999969482422,119.29000091552734,118.05000305175781,118.58999633789062,6216900
2026-05-06,119.87000274658203,120.54000091552734,118.7699966430664,118.97000122070312,10430700
2026-05-07,119.87999725341797,121.0999984741211,119.31999969482422,120.58999633789062,7928000
2026-05-08,120.19999694824219,121.12999725341797,119.94000244140625,120.25,6054100
